date_tirage;regime;jour;boule_1;boule_2;boule_3;boule_4;boule_5;etoile_1;etoile_2;gagnants_5b_2e;gagnants_5b_1e;gagnants_5b_0e;gagnants_4b_2e;gagnants_4b_1e;gagnants_4b_0e;gagnants_3b_2e;gagnants_3b_1e;gagnants_3b_0e;gagnants_2b_2e;gagnants_2b_1e;gagnants_2b_0e;gagnants_1b_2e;rapport_5b_2e;rapport_5b_1e;rapport_5b_0e;rapport_4b_2e;rapport_4b_1e;rapport_4b_0e;rapport_3b_2e;rapport_3b_1e;rapport_3b_0e;rapport_2b_2e;rapport_2b_1e;rapport_2b_0e;rapport_1b_2e;gagnants_non_publies;id_fdj;source
2004-02-13;2004-2011 : 50 boules / 9 etoiles;VENDREDI;32;16;29;41;36;9;7;1;1;5;69;1013;1512;2645;41966;62208;38093;600554;;222455;15000000.0;2236394.8;143957.9;10431.7;319.8;214.3;179.7;50.6;22.8;37.3;11.1;;13.2;False;2004001;euromillions.csv
2004-02-20;2004-2011 : 50 boules / 9 etoiles;VENDREDI;13;50;47;7;39;2;5;0;2;2;44;609;933;2026;27546;38690;30353;398784;;161756;0.0;593567.9;191041.4;8683.7;282.4;184.3;124.5;40.9;19.5;24.8;8.8;;9.6;False;2004002;euromillions.csv
2004-02-27;2004-2011 : 50 boules / 9 etoiles;VENDREDI;37;19;18;14;31;5;4;0;3;1;17;489;627;1407;24520;32967;21225;368594;;114565;0.0;386709.2;373390.3;21964.1;343.7;268.0;175.2;44.9;22.4;34.7;9.3;;13.3;False;2004003;euromillions.csv
2004-03-05;2004-2011 : 50 boules / 9 etoiles;VENDREDI;39;37;4;7;33;5;1;1;2;2;32;486;675;1627;22975;35012;25374;379556;;141099;20678070.0;615169.7;197994.0;12374.6;366.8;264.1;160.7;50.8;22.3;30.8;9.6;;11.4;False;2004004;euromillions.csv
2004-03-12;2004-2011 : 50 boules / 9 etoiles;VENDREDI;44;47;15;28;24;4;5;0;1;2;31;526;717;1322;23112;30541;20265;344383;;110779;0.0;1077922.3;173466.1;11191.3;296.9;217.8;173.3;44.3;22.4;33.8;9.3;;12.7;False;2004005;euromillions.csv
2004-03-19;2004-2011 : 50 boules / 9 etoiles;VENDREDI;42;45;33;37;36;9;4;0;2;2;25;368;569;1190;16888;26253;19264;262760;;108909;0.0;521189.7;167746.3;13419.7;410.4;265.4;186.2;58.6;25.2;34.4;11.8;;12.5;False;2004006;euromillions.csv
2004-03-26;2004-2011 : 50 boules / 9 etoiles;VENDREDI;23;43;3;4;10;2;4;0;1;2;42;559;830;1925;26146;41468;25183;352910;;129560;0.0;1111400.5;178853.6;8516.8;288.0;194.0;122.7;40.3;17.0;28.0;9.4;;11.2;False;2004007;euromillions.csv
2004-04-02;2004-2011 : 50 boules / 9 etoiles;VENDREDI;4;24;12;36;27;2;9;0;10;3;47;672;1034;1877;29456;44586;24588;387579;;121914;0.0;117258.6;125800.0;8029.7;252.8;164.3;132.8;37.8;16.7;30.3;9.0;;12.6;False;2004008;euromillions.csv
2004-04-09;2004-2011 : 50 boules / 9 etoiles;VENDREDI;23;19;10;1;4;2;8;1;4;6;61;844;1590;2567;32958;55189;31708;369527;;146908;25556285.0;279457.2;59962.7;5897.9;191.9;101.8;92.5;32.2;12.8;22.4;9.0;;10.0;False;2004009;euromillions.csv
2004-04-16;2004-2011 : 50 boules / 9 etoiles;VENDREDI;28;40;14;15;35;3;1;0;2;3;31;528;977;1388;22142;36985;18905;310418;;100386;0.0;524993.3;112647.0;10901.3;288.1;155.7;160.8;45.0;18.0;35.3;10.0;;13.7;False;2004010;euromillions.csv
2004-04-23;2004-2011 : 50 boules / 9 etoiles;VENDREDI;45;21;6;49;10;5;3;0;2;4;36;539;702;1800;22987;31169;28618;341516;;157256;0.0;524877.4;84466.6;9385.1;282.1;216.6;123.9;43.3;21.4;23.3;9.1;;8.7;False;2004011;euromillions.csv
2004-04-30;2004-2011 : 50 boules / 9 etoiles;VENDREDI;27;16;6;5;23;7;6;0;6;5;43;871;1033;1937;32963;45716;26899;434362;;129681;0.0;199240.8;76951.4;8947.8;198.8;167.6;131.2;34.4;16.6;28.2;8.2;;12.1;False;2004012;euromillions.csv
2004-05-07;2004-2011 : 50 boules / 9 etoiles;VENDREDI;38;36;15;16;21;1;5;0;3;3;34;640;889;2085;29235;42735;31309;440243;;168356;0.0;466280.2;150073.5;13241.7;316.6;227.9;142.6;45.4;20.8;28.4;9.4;;10.9;False;2004013;euromillions.csv
2004-05-14;2004-2011 : 50 boules / 9 etoiles;VENDREDI;32;3;1;39;21;2;6;1;5;5;46;670;1051;2429;32450;53664;35178;481298;;186414;33816137.0;321318.7;103417.3;11241.0;347.4;221.4;140.6;47.0;19.0;29.0;9.9;;11.3;False;2004014;euromillions.csv
2004-05-21;2004-2011 : 50 boules / 9 etoiles;VENDREDI;37;39;29;15;49;4;9;1;0;2;27;554;810;1736;24007;34163;23860;310459;;131323;10000000.0;0.0;735924.1;13273.1;291.2;199.1;136.3;44.0;20.7;29.7;10.7;;11.1;False;2004015;euromillions.csv
2004-05-28;2004-2011 : 50 boules / 9 etoiles;VENDREDI;41;44;6;35;11;6;5;0;2;0;22;408;578;1316;20801;27868;21038;329379;;112952;0.0;530582.3;0.0;31048.9;376.8;266.0;171.4;48.4;24.2;32.1;9.6;;12.3;False;2004016;euromillions.csv
2004-06-04;2004-2011 : 50 boules / 9 etoiles;VENDREDI;41;42;34;13;9;7;3;1;2;1;41;413;622;2252;20362;29352;34237;309993;;185291;12488171.0;523759.9;337147.1;8223.1;367.5;244.0;98.8;48.8;22.7;19.4;10.0;;7.4;False;2004017;euromillions.csv
2004-06-11;2004-2011 : 50 boules / 9 etoiles;VENDREDI;7;2;47;10;8;1;7;0;0;3;37;630;869;1545;27462;37718;21669;345036;;99820;0.0;0.0;431874.6;8526.1;225.4;163.4;134.8;33.9;16.5;28.7;8.4;;12.9;False;2004018;euromillions.csv
2004-06-18;2004-2011 : 50 boules / 9 etoiles;VENDREDI;28;2;40;23;43;6;2;1;0;2;26;347;514;1393;17205;25528;20703;268251;;114021;12286876.0;0.0;636323.2;11918.1;402.0;271.3;146.9;53.1;24.0;29.6;10.7;;11.1;False;2004019;euromillions.csv
2004-06-25;2004-2011 : 50 boules / 9 etoiles;VENDREDI;30;21;35;3;34;1;2;0;0;3;22;299;486;1013;17322;29106;15047;265143;;81496;0.0;0.0;402598.8;13367.3;442.7;272.4;191.7;50.1;19.9;38.6;10.2;;14.7;False;2004020;euromillions.csv
2004-07-02;2004-2011 : 50 boules / 9 etoiles;VENDREDI;4;28;24;23;34;1;3;0;2;2;19;333;660;1169;18983;33854;17573;277983;;94629;0.0;466182.2;150042.0;15793.8;405.6;204.6;169.5;46.6;17.5;33.7;10.0;;12.9;False;2004021;euromillions.csv
2004-07-09;2004-2011 : 50 boules / 9 etoiles;VENDREDI;44;19;5;12;2;8;9;0;0;4;34;631;1040;1346;25431;41140;17484;331923;;87803;0.0;0.0;327833.9;9390.9;227.7;138.2;156.6;37.0;15.3;36.1;8.9;;14.8;False;2004022;euromillions.csv
2004-07-16;2004-2011 : 50 boules / 9 etoiles;VENDREDI;26;50;31;24;38;8;5;0;2;3;38;440;572;1518;19355;25258;22211;283615;;127541;0.0;502395.5;107798.2;8510.3;330.8;254.5;140.7;49.3;25.3;28.7;10.5;;10.3;False;2004023;euromillions.csv
2004-07-23;2004-2011 : 50 boules / 9 etoiles;VENDREDI;10;27;7;34;31;8;3;0;1;5;38;572;907;1631;23626;37799;23022;330772;;114228;0.0;1004100.4;64634.4;8504.5;254.3;160.4;130.8;40.3;16.9;27.7;9.0;;11.5;False;2004024;euromillions.csv
2004-07-30;2004-2011 : 50 boules / 9 etoiles;VENDREDI;50;10;9;19;37;6;1;0;1;0;20;421;669;1455;21758;35712;21197;317139;;112521;0.0;1115632.5;0.0;35906.9;383.9;241.6;163.0;48.7;19.8;33.5;10.5;;13.0;False;2004025;euromillions.csv
2004-08-06;2004-2011 : 50 boules / 9 etoiles;VENDREDI;5;35;44;15;24;6;5;1;4;3;50;759;880;2269;34119;38123;26415;412852;;126925;24746858.0;289873.6;124395.4;7463.7;221.3;190.9;108.6;32.2;19.3;27.9;8.3;;12.0;False;2004026;euromillions.csv
2004-08-13;2004-2011 : 50 boules / 9 etoiles;VENDREDI;20;27;41;43;50;5;8;0;2;2;36;351;466;1348;16993;23994;21423;273485;;129864;0.0;519215.5;167110.9;9283.9;428.6;322.8;163.7;58.0;27.5;30.8;11.3;;10.5;False;2004027;euromillions.csv
2004-08-20;2004-2011 : 50 boules / 9 etoiles;VENDREDI;27;10;35;9;6;6;8;0;0;1;40;568;859;1516;23264;36504;19860;296593;;93682;0.0;0.0;1000876.3;3950.8;185.4;85.8;69.4;23.0;13.5;23.3;8.5;;11.3;False;2004028;euromillions.csv
2004-08-27;2004-2011 : 50 boules / 9 etoiles;VENDREDI;28;1;44;22;11;1;9;0;0;2;82;608;1070;1983;20831;35012;25234;275238;;121801;0.0;0.0;516451.4;1988.9;178.8;71.1;54.8;26.6;14.5;18.9;9.4;;9.0;False;2004029;euromillions.csv
2004-09-03;2004-2011 : 50 boules / 9 etoiles;VENDREDI;14;12;15;34;8;7;6;0;1;1;31;469;724;1478;24408;36977;19153;343120;;96425;0.0;864768.5;245407.2;5654.5;249.1;112.9;79.0;24.4;14.8;26.8;8.1;;12.2;False;2004030;euromillions.csv
2004-09-10;2004-2011 : 50 boules / 9 etoiles;VENDREDI;5;38;36;25;33;5;2;0;1;0;36;428;552;1906;22618;28266;29271;348142;;156475;0.0;935252.5;0.0;12638.5;295.2;160.2;66.3;28.4;21.0;18.9;8.7;;8.1;False;2004031;euromillions.csv
2004-09-17;2004-2011 : 50 boules / 9 etoiles;VENDREDI;41;39;15;18;29;8;5;0;4;2;48;592;854;2067;25098;34850;28734;353791;;153028;0.0;249783.5;141769.0;4219.3;228.0;110.6;65.3;27.4;18.2;20.6;9.1;;8.9;False;2004032;euromillions.csv
2004-09-24;2004-2011 : 50 boules / 9 etoiles;VENDREDI;48;21;26;27;44;1;7;0;2;1;28;385;591;1248;20948;31845;21100;345187;;118441;0.0;523302.3;297009.4;7576.7;367.3;167.5;113.3;34.4;20.8;29.4;9.8;;12.0;False;2004033;euromillions.csv
2004-10-01;2004-2011 : 50 boules / 9 etoiles;VENDREDI;48;20;45;21;12;6;5;1;2;1;39;554;831;1827;27520;38593;27785;443463;;156420;29785269.0;612539.1;347657.3;6367.3;298.8;139.4;90.6;30.6;20.1;26.2;8.9;;10.6;False;2004034;euromillions.csv
2004-10-08;2004-2011 : 50 boules / 9 etoiles;VENDREDI;12;10;48;1;16;2;6;0;0;2;54;782;1196;2736;34915;56457;38727;490426;;198885;0.0;0.0;860114.8;5029.9;231.5;105.9;66.1;26.4;15.0;20.5;8.8;;9.1;False;2004035;euromillions.csv
2004-10-15;2004-2011 : 50 boules / 9 etoiles;VENDREDI;37;21;14;43;22;5;8;0;2;2;54;655;878;2704;32569;42590;45712;516956;;253871;0.0;719157.6;204085.2;5399.0;296.7;154.9;71.8;30.4;21.4;18.7;9.0;;7.7;False;2004036;euromillions.csv
2004-10-22;2004-2011 : 50 boules / 9 etoiles;VENDREDI;9;25;1;40;23;3;9;1;13;13;70;1321;1689;3118;48148;66448;41664;633988;;204472;25059130.0;123757.4;35120.3;4658.8;164.5;90.1;69.7;23.0;15.3;22.9;8.2;;10.7;False;2004037;euromillions.csv
2004-10-29;2004-2011 : 50 boules / 9 etoiles;VENDREDI;32;1;38;35;8;9;4;0;4;4;42;426;710;1920;25708;42192;31087;430565;;179515;0.0;349475.0;99175.3;6746.6;443.4;186.2;98.3;37.4;21.0;26.7;10.5;;10.6;False;2004038;euromillions.csv
2004-11-05;2004-2011 : 50 boules / 9 etoiles;VENDREDI;25;42;49;19;6;1;7;0;0;2;36;637;958;1961;29878;45614;29744;459329;;158141;0.0;0.0;918290.1;8055.1;303.4;141.2;98.5;32.9;19.9;28.5;10.1;;12.3;False;2004039;euromillions.csv
2004-11-12;2004-2011 : 50 boules / 9 etoiles;VENDREDI;12;13;4;32;11;9;3;0;4;6;69;1004;1654;3092;48478;74587;41634;652155;;204365;0.0;384714.2;72783.7;4520.7;207.1;88.0;67.2;21.8;13.1;21.9;7.6;;10.2;False;2004040;euromillions.csv
2004-11-19;2004-2011 : 50 boules / 9 etoiles;VENDREDI;37;29;34;18;1;6;2;0;0;3;54;736;1192;3032;35974;57097;48395;574251;;287906;0.0;0.0;807419.9;7082.6;346.4;149.7;84.0;36.1;20.9;23.1;10.6;;8.9;False;2004041;euromillions.csv
2004-11-26;2004-2011 : 50 boules / 9 etoiles;VENDREDI;24;1;34;4;36;8;6;1;5;8;76;1049;1765;3506;53743;87104;53428;805386;;287058;43756502.0;492365.3;87328.3;6566.0;317.1;131.9;94.8;31.5;17.9;27.3;9.9;;11.7;False;2004042;euromillions.csv
2004-12-03;2004-2011 : 50 boules / 9 etoiles;VENDREDI;15;42;11;1;49;4;3;0;4;4;46;692;1070;2019;35174;54648;33954;561512;;186692;0.0;400964.3;113787.1;7067.5;313.2;141.7;107.3;31.4;18.6;28.0;9.2;;11.7;False;2004043;euromillions.csv
2004-12-10;2004-2011 : 50 boules / 9 etoiles;VENDREDI;3;13;43;1;16;7;2;0;2;8;68;960;1637;3473;50766;79864;47651;657275;;240983;0.0;822799.3;58374.2;4905.4;231.6;95.0;64.0;22.3;13.0;20.5;8.1;;9.3;False;2004044;euromillions.csv
2004-12-17;2004-2011 : 50 boules / 9 etoiles;VENDREDI;49;22;19;15;46;9;2;1;6;2;48;741;1122;2323;36694;55916;36898;604315;;203660;26215627.0;298427.7;254066.8;7561.5;326.5;150.9;104.1;33.6;20.3;28.8;9.6;;11.9;False;2004045;euromillions.csv
2004-12-24;2004-2011 : 50 boules / 9 etoiles;VENDREDI;3;27;29;4;37;6;5;1;0;5;54;817;1155;2517;43118;57468;39186;681686;;205382;10000000.0;0.0;431942.2;6314.9;278.2;137.7;90.3;26.8;18.5;25.5;8.0;;11.1;False;2004046;euromillions.csv
2004-12-31;2004-2011 : 50 boules / 9 etoiles;VENDREDI;8;7;47;25;24;8;9;0;8;8;42;780;1224;2039;39329;59237;30009;617491;;156286;0.0;213961.6;60718.8;8261.0;296.5;132.2;113.4;29.9;18.3;33.9;8.9;;14.9;False;2004047;euromillions.csv
2005-01-07;2004-2011 : 50 boules / 9 etoiles;VENDREDI;50;27;47;3;23;3;2;0;5;1;49;858;1177;2032;41342;52455;31289;613595;;158116;0.0;318258.5;451583.0;6582.8;250.6;127.8;105.8;26.5;19.2;30.2;8.4;;13.7;False;2005001;euromillions.csv
2005-01-14;2004-2011 : 50 boules / 9 etoiles;VENDREDI;11;14;29;6;19;3;1;2;7;10;78;1376;2139;3202;54845;86756;42445;700935;;203237;13003681.0;253545.6;50366.5;4612.3;174.3;78.4;74.9;22.3;12.9;24.8;8.2;;11.9;False;2005002;euromillions.csv
2005-01-21;2004-2011 : 50 boules / 9 etoiles;VENDREDI;12;14;10;26;24;8;5;0;19;16;164;1664;2233;4895;55286;74141;59755;664418;;276854;0.0;80527.5;27137.2;1891.0;124.2;64.8;42.2;19.0;13.1;15.2;7.4;;7.5;False;2005003;euromillions.csv
2005-01-28;2004-2011 : 50 boules / 9 etoiles;VENDREDI;26;21;7;43;45;5;7;0;6;3;72;802;890;3867;39398;46692;59278;604496;;298174;0.0;263505.2;149557.0;4451.1;266.4;168.0;55.2;27.6;21.5;15.8;8.4;;7.2;False;2005004;euromillions.csv
2005-02-04;2004-2011 : 50 boules / 9 etoiles;VENDREDI;11;1;40;30;8;7;8;0;1;7;55;1162;1684;2363;49048;73635;33511;666511;;165573;0.0;1738214.5;70468.1;6406.1;202.1;97.6;99.4;24.4;14.9;30.8;8.4;;14.3;False;2005005;euromillions.csv
2005-02-11;2004-2011 : 50 boules / 9 etoiles;VENDREDI;11;13;25;32;50;7;4;1;6;9;92;1166;1676;3841;52069;79867;52393;733118;;263612;34776948.0;331257.5;62670.3;4379.1;230.3;112.1;69.9;26.3;15.8;22.5;8.7;;10.2;False;2005006;euromillions.csv
2005-02-18;2004-2011 : 50 boules / 9 etoiles;VENDREDI;32;46;20;21;26;8;9;1;1;2;42;521;791;1570;28677;46612;23933;481284;;136043;10000000.0;1544014.8;219083.1;7451.8;400.4;184.6;132.8;37.1;21.0;38.3;10.4;;15.4;False;2005007;euromillions.csv
2005-02-25;2004-2011 : 50 boules / 9 etoiles;VENDREDI;43;3;27;44;30;8;4;0;4;6;45;595;1005;2115;29795;50104;33143;459908;;189642;0.0;375182.4;70980.4;6760.0;340.8;141.2;95.8;34.7;19.0;26.9;10.5;;10.8;False;2005008;euromillions.csv
2005-03-04;2004-2011 : 50 boules / 9 etoiles;VENDREDI;12;32;37;39;24;7;9;0;2;3;63;912;1401;2415;37996;57013;33900;542310;;186629;0.0;821204.7;155363.0;5284.4;243.3;110.8;91.9;29.7;18.2;28.8;9.8;;12.0;False;2005009;euromillions.csv
2005-03-11;2004-2011 : 50 boules / 9 etoiles;VENDREDI;40;12;43;23;8;1;4;0;3;8;55;1010;1855;2366;42636;74524;35906;611614;;190039;0.0;615432.1;65493.6;6804.5;247.0;94.1;105.4;29.8;15.7;30.5;9.7;;13.2;False;2005010;euromillions.csv
2005-03-18;2004-2011 : 50 boules / 9 etoiles;VENDREDI;48;39;23;6;43;5;7;0;2;5;77;944;1223;3892;44757;59959;60619;672573;;345484;0.0;1018790.5;115646.4;5363.9;291.6;157.5;70.7;31.3;21.5;19.9;9.8;;8.0;False;2005011;euromillions.csv
2005-03-25;2004-2011 : 50 boules / 9 etoiles;VENDREDI;29;33;38;4;37;9;6;0;3;2;47;779;1202;2901;46771;72264;44970;717630;;256185;0.0;761236.6;324039.9;9849.2;396.1;179.7;106.3;33.6;20.0;30.1;10.3;;12.1;False;2005012;euromillions.csv
2005-04-01;2004-2011 : 50 boules / 9 etoiles;VENDREDI;26;44;47;25;41;3;7;0;2;2;85;1048;1396;4730;52359;77931;80599;832110;;498976;0.0;1442087.4;409241.0;6878.0;371.9;195.4;82.4;37.9;23.5;21.2;11.2;;7.8;False;2005013;euromillions.csv
2005-04-08;2004-2011 : 50 boules / 9 etoiles;VENDREDI;31;50;25;11;7;3;1;1;10;10;128;1995;3053;5758;87391;137270;79817;1213222;;400597;64040749.0;344680.7;97814.7;5458.4;233.4;106.7;80.8;27.1;15.9;25.6;9.2;;11.7;False;2005014;euromillions.csv
2005-04-15;2004-2011 : 50 boules / 9 etoiles;VENDREDI;6;31;42;38;28;9;3;0;1;5;58;913;1398;2549;40327;62875;38074;599483;;216983;0.0;1885108.7;106992.6;6588.2;279.0;127.5;99.9;32.2;19.0;29.4;10.1;;11.8;False;2005015;euromillions.csv
2005-04-22;2004-2011 : 50 boules / 9 etoiles;VENDREDI;13;10;24;47;3;9;5;2;23;28;110;1511;2142;5018;61602;85606;67466;816173;;321796;11874779.0;84084.4;19600.7;3563.7;172.9;85.4;52.0;21.6;14.3;17.0;7.6;;8.2;False;2005016;euromillions.csv
2005-04-29;2004-2011 : 50 boules / 9 etoiles;VENDREDI;42;35;9;3;39;1;8;0;1;2;43;706;1205;2053;35963;65293;31176;554364;;168303;0.0;1737261.5;246503.3;8189.4;332.5;136.3;114.3;33.2;16.8;33.1;10.1;;14.0;False;2005017;euromillions.csv
2005-05-06;2004-2011 : 50 boules / 9 etoiles;VENDREDI;44;21;12;7;26;6;8;0;6;6;69;1148;2047;3170;49090;86798;45588;682587;;223648;0.0;305299.6;86639.1;5381.3;215.6;84.6;78.0;25.7;13.4;23.8;8.7;;11.1;False;2005018;euromillions.csv
2005-05-13;2004-2011 : 50 boules / 9 etoiles;VENDREDI;12;40;31;17;32;9;2;0;6;4;59;960;1441;3228;51894;78625;48856;794752;;264813;0.0;375587.4;159878.4;7742.2;317.2;147.9;94.3;29.9;18.2;27.4;9.1;;11.6;False;2005019;euromillions.csv
2005-05-20;2004-2011 : 50 boules / 9 etoiles;VENDREDI;28;6;47;7;13;8;5;1;6;7;149;1615;2374;5999;70792;104209;81918;951144;;405456;43020745.0;385427.3;93752.5;3146.0;193.5;92.1;52.0;22.5;14.0;16.7;7.8;;7.7;False;2005020;euromillions.csv
2005-05-27;2004-2011 : 50 boules / 9 etoiles;VENDREDI;50;48;31;2;24;9;4;0;0;9;67;758;1147;2507;33664;52377;37258;509866;;212080;0.0;0.0;248346.9;5267.3;310.3;143.5;93.8;35.6;21.1;27.7;11.0;;11.2;False;2005021;euromillions.csv
2005-06-03;2004-2011 : 50 boules / 9 etoiles;VENDREDI;8;11;3;17;50;5;1;0;10;5;88;1135;1655;3694;53340;75289;54106;755858;;264460;0.0;185245.4;105139.3;4267.0;220.5;105.8;67.7;23.9;15.6;20.3;7.9;;9.5;False;2005022;euromillions.csv
2005-06-10;2004-2011 : 50 boules / 9 etoiles;VENDREDI;37;32;47;7;6;7;1;0;5;4;61;818;1175;3651;49202;67800;41672;664832;;228757;0.0;395836.4;140414.9;6576.8;326.9;159.3;73.2;27.7;18.5;28.2;9.6;;11.8;False;2005023;euromillions.csv
2005-06-17;2004-2011 : 50 boules / 9 etoiles;VENDREDI;8;4;10;21;18;7;1;0;9;19;93;1766;3209;4054;68208;119726;51042;838740;;249349;0.0;241670.0;32486.2;4740.6;166.4;64.1;72.5;21.9;11.5;25.3;8.4;;11.9;False;2005024;euromillions.csv
2005-06-24;2004-2011 : 50 boules / 9 etoiles;VENDREDI;6;15;8;14;45;7;8;0;5;9;64;1186;1641;3300;58689;83955;47324;890457;;235655;0.0;471893.5;74397.6;7472.9;268.8;136.0;96.6;27.7;17.8;29.6;8.5;;13.6;False;2005025;euromillions.csv
2005-07-01;2004-2011 : 50 boules / 9 etoiles;VENDREDI;23;28;5;4;25;3;4;0;9;4;119;1654;2303;4899;77671;109021;72470;1152521;;361831;0.0;317190.3;202530.3;4862.6;233.2;117.2;78.7;25.3;16.6;23.4;8.0;;10.7;False;2005026;euromillions.csv
2005-07-08;2004-2011 : 50 boules / 9 etoiles;VENDREDI;42;46;36;35;49;8;2;0;7;16;101;1402;1950;4336;59808;89362;74153;922699;;460419;0.0;492098.0;61096.6;6913.3;332.0;167.1;107.3;39.6;24.4;27.6;12.1;;10.2;False;2005027;euromillions.csv
2005-07-15;2004-2011 : 50 boules / 9 etoiles;VENDREDI;42;23;1;11;12;6;3;0;10;18;159;2412;3683;7768;114828;170888;108841;1585217;;550489;0.0;416172.7;65612.8;5305.6;233.1;106.8;72.3;24.9;15.4;22.7;8.5;;10.3;False;2005028;euromillions.csv
2005-07-22;2004-2011 : 50 boules / 9 etoiles;VENDREDI;49;14;41;3;48;1;4;0;4;16;105;1740;2741;6051;90208;142700;94253;1446120;;529733;0.0;1228549.9;87160.6;9486.8;381.6;169.5;109.7;37.5;21.8;31.0;11.0;;12.6;False;2005029;euromillions.csv
2005-07-29;2004-2011 : 50 boules / 9 etoiles;VENDREDI;50;3;19;49;26;5;4;1;9;16;192;2814;4259;8648;135082;191623;128348;2101652;;700001;115436126.0;667248.2;106511.7;6339.9;288.3;133.3;93.8;30.6;19.9;27.8;9.2;;11.7;False;2005030;euromillions.csv
2005-08-05;2004-2011 : 50 boules / 9 etoiles;VENDREDI;21;11;2;22;30;4;6;0;8;15;117;1636;2734;5151;64955;110961;73673;876702;;352278;0.0;297880.4;45084.6;4128.6;196.8;82.4;62.5;25.2;13.6;19.2;8.8;;9.2;False;2005031;euromillions.csv
2005-08-12;2004-2011 : 50 boules / 9 etoiles;VENDREDI;37;23;40;15;30;7;9;0;3;10;84;1254;1936;3782;56539;86735;54737;821235;;300004;0.0;805550.9;68580.6;5831.6;260.4;118.0;86.3;29.4;17.6;26.2;9.5;;10.9;False;2005032;euromillions.csv
2005-08-19;2004-2011 : 50 boules / 9 etoiles;VENDREDI;41;29;11;24;31;3;1;0;7;6;55;1224;1891;4312;62371;93143;55997;813868;;280043;0.0;347334.2;114995.7;8960.7;268.4;121.6;76.1;26.8;16.5;25.8;9.6;;11.8;False;2005033;euromillions.csv
2005-08-26;2004-2011 : 50 boules / 9 etoiles;VENDREDI;29;35;40;41;9;6;1;0;3;8;62;952;1550;3128;49596;83359;52134;787911;;296149;0.0;869806.1;92563.8;8531.2;370.4;159.2;112.7;36.2;19.8;29.7;10.7;;12.0;False;2005034;euromillions.csv
2005-09-02;2004-2011 : 50 boules / 9 etoiles;VENDREDI;43;3;4;50;14;3;6;0;0;9;84;1157;1741;3727;57929;89966;65076;950697;;355757;0.0;0.0;401514.0;6792.5;328.7;152.9;102.0;33.4;19.8;25.7;9.6;;10.7;False;2005035;euromillions.csv
2005-09-09;2004-2011 : 50 boules / 9 etoiles;VENDREDI;31;12;50;19;8;7;6;0;8;10;118;1708;2704;4194;75723;116726;59950;1074223;;312411;0.0;375440.1;85235.0;5159.5;237.6;105.0;96.7;27.3;16.3;29.7;9.0;;13.1;False;2005036;euromillions.csv
2005-09-16;2004-2011 : 50 boules / 9 etoiles;VENDREDI;19;38;12;13;21;3;9;1;7;10;140;1929;2989;6252;91259;135569;88129;1266599;;422847;75888514.0;452651.6;89918.6;4587.6;221.9;100.2;68.4;23.9;14.8;21.3;8.1;;10.2;False;2005037;euromillions.csv
2005-09-23;2004-2011 : 50 boules / 9 etoiles;VENDREDI;1;31;34;26;47;4;9;0;2;3;43;787;1289;3040;41936;66844;49066;684024;;284489;0.0;1150014.9;217570.3;10842.3;394.9;168.7;102.2;37.7;21.8;27.8;10.9;;11.0;False;2005038;euromillions.csv
2005-09-30;2004-2011 : 50 boules / 9 etoiles;VENDREDI;11;50;48;6;47;1;6;4;2;5;73;1031;1486;3328;50737;77289;53458;743875;;281360;6266595.0;1188436.3;134903.5;6599.9;311.5;151.3;96.5;32.2;19.5;26.4;10.3;;11.5;False;2005039;euromillions.csv
2005-10-07;2004-2011 : 50 boules / 9 etoiles;VENDREDI;26;44;21;13;2;3;9;2;4;8;97;1200;1854;4222;59069;91671;64063;849847;;301671;7500000.0;560592.5;79543.5;4685.9;252.5;114.4;71.7;26.1;15.5;20.8;8.5;;10.1;False;2005040;euromillions.csv
2005-10-14;2004-2011 : 50 boules / 9 etoiles;VENDREDI;10;19;11;23;20;6;1;1;2;16;95;1600;2692;4504;66266;112618;60800;864074;;281944;15000000.0;1099329.3;38996.4;4691.3;185.6;77.2;65.9;22.8;12.3;21.5;8.2;;10.6;False;2005041;euromillions.csv
2005-10-21;2004-2011 : 50 boules / 9 etoiles;VENDREDI;19;14;33;1;29;1;8;0;3;8;69;1148;1834;3134;54918;86783;44765;774843;;223335;0.0;712536.9;75827.4;6279.7;251.6;110.2;92.1;26.8;15.6;28.3;8.9;;13.0;False;2005042;euromillions.csv
2005-10-28;2004-2011 : 50 boules / 9 etoiles;VENDREDI;14;50;47;44;36;3;5;0;5;4;66;847;1202;3454;42750;59563;56512;673528;;355384;0.0;441566.3;156636.7;6780.8;352.2;173.7;86.3;35.5;23.5;23.2;10.6;;8.4;False;2005043;euromillions.csv
2005-11-04;2004-2011 : 50 boules / 9 etoiles;VENDREDI;38;42;36;37;26;2;6;0;4;6;55;794;1316;3079;40888;62207;53333;661186;;320623;0.0;592653.2;112123.5;8736.9;403.4;170.4;104.0;39.9;24.2;26.4;11.6;;10.0;False;2005044;euromillions.csv
2005-11-11;2004-2011 : 50 boules / 9 etoiles;VENDREDI;41;16;36;42;15;5;3;1;2;7;84;955;1387;4097;47759;68691;74135;813259;;449135;45117030.0;1262278.0;102346.8;6092.0;357.2;172.1;83.2;36.4;23.3;20.2;10.0;;7.6;False;2005045;euromillions.csv
2005-11-18;2004-2011 : 50 boules / 9 etoiles;VENDREDI;34;17;18;48;25;3;2;0;4;5;54;1053;1471;2629;50389;70932;38407;761628;;209712;0.0;546924.5;124166.6;8212.0;280.7;140.6;112.4;29.9;19.5;33.8;9.3;;14.2;False;2005046;euromillions.csv
2005-11-25;2004-2011 : 50 boules / 9 etoiles;VENDREDI;27;39;47;6;1;6;1;0;3;12;128;1095;1846;5049;50879;81703;65311;747406;;276033;0.0;735259.1;52163.6;3493.1;272.2;113.0;59.0;29.8;17.1;20.0;9.5;;10.9;False;2005047;euromillions.csv
2005-12-02;2004-2011 : 50 boules / 9 etoiles;VENDREDI;1;30;20;9;23;4;7;0;7;7;126;1563;2694;4716;66992;109642;63597;877657;;322685;0.0;336082.2;95374.6;3784.7;203.4;82.6;67.4;24.2;13.6;21.9;8.6;;9.9;False;2005048;euromillions.csv
2005-12-09;2004-2011 : 50 boules / 9 etoiles;VENDREDI;11;42;38;35;18;1;5;0;6;6;66;1168;1746;3886;56818;83483;60244;861557;;341441;0.0;422158.7;119801.8;7779.3;293.0;137.2;88.0;30.7;19.2;24.9;9.5;;10.1;False;2005049;euromillions.csv
2005-12-16;2004-2011 : 50 boules / 9 etoiles;VENDREDI;2;18;3;15;32;7;6;0;8;11;94;1458;2425;3691;71132;112057;58029;1029407;;288657;0.0;346861.3;71588.0;5983.8;257.1;108.2;101.5;26.8;15.7;28.4;8.7;;13.1;False;2005050;euromillions.csv
2005-12-23;2004-2011 : 50 boules / 9 etoiles;VENDREDI;31;42;37;36;15;1;7;0;3;8;85;1397;2082;4172;63659;107300;63603;977130;;367715;0.0;1107020.1;117807.8;7919.8;321.2;150.8;107.5;35.9;19.6;31.0;11.0;;12.3;False;2005051;euromillions.csv
2005-12-30;2004-2011 : 50 boules / 9 etoiles;VENDREDI;19;45;43;8;16;1;4;0;8;10;82;1660;2744;4715;77955;125541;75338;1201474;;403008;0.0;466812.7;105979.1;9231.6;304.0;128.7;107.0;33.0;18.8;29.4;10.0;;12.6;False;2005052;euromillions.csv
2006-01-06;2004-2011 : 50 boules / 9 etoiles;VENDREDI;6;26;14;9;2;4;5;0;21;30;186;3639;5367;7784;138042;196048;100522;1725779;;495725;0.0;195331.7;38802.3;4470.3;152.3;72.2;71.2;20.4;13.2;24.2;7.7;;11.2;False;2006001;euromillions.csv
2006-01-13;2004-2011 : 50 boules / 9 etoiles;VENDREDI;12;19;33;34;8;1;6;0;21;19;273;3662;5685;11667;159178;259194;162562;2186008;;824030;0.0;288088.1;90360.5;4492.0;223.2;100.6;70.0;26.1;14.8;22.1;8.9;;10.0;False;2006002;euromillions.csv
2006-01-20;2004-2011 : 50 boules / 9 etoiles;VENDREDI;15;12;50;33;44;6;2;0;18;23;261;3645;5539;12248;157305;244081;180780;2330229;;971110;0.0;373221.4;82889.3;5217.4;249.0;114.7;74.1;29.4;17.4;22.0;9.3;;9.4;False;2006003;euromillions.csv
2006-01-27;2004-2011 : 50 boules / 9 etoiles;VENDREDI;9;21;15;40;49;4;1;0;13;25;238;3942;6576;12493;195695;318416;187791;2914433;;1008632;0.0;657741.4;97061.3;7282.5;293.1;122.9;92.4;30.1;17.0;27.0;9.5;;11.5;False;2006004;euromillions.csv
2006-02-03;2004-2011 : 50 boules / 9 etoiles;VENDREDI;30;39;9;21;50;3;1;3;46;67;436;6443;9281;16508;261237;381199;237895;3747671;;1258026;61191026.0;224419.2;43725.0;4799.4;216.5;105.2;84.5;27.2;17.2;25.8;8.9;;11.2;False;2006005;euromillions.csv
2006-02-10;2004-2011 : 50 boules / 9 etoiles;VENDREDI;5;38;6;48;50;6;7;0;10;6;75;1281;2001;4180;73925;109350;65605;1135640;;365503;0.0;350342.4;165702.5;9468.7;369.5;165.6;113.2;32.6;20.3;31.7;10.0;;13.0;False;2006006;euromillions.csv
2006-02-17;2004-2011 : 50 boules / 9 etoiles;VENDREDI;4;23;38;24;26;4;2;1;9;10;128;1602;2331;6514;80450;114096;95427;1173783;;460514;27813382.0;366762.7;93673.1;5227.2;278.4;133.9;68.4;28.2;18.3;20.5;9.1;;9.7;False;2006007;euromillions.csv
2006-02-24;2004-2011 : 50 boules / 9 etoiles;VENDREDI;18;19;1;47;11;7;3;0;4;18;165;1787;2965;7605;77167;119990;109371;1075859;;562765;0.0;742185.5;46804.4;3647.1;224.4;94.7;52.7;26.5;15.7;16.1;8.9;;7.2;False;2006008;euromillions.csv
2006-03-03;2004-2011 : 50 boules / 9 etoiles;VENDREDI;5;44;10;8;3;3;5;0;10;10;447;2682;3287;12387;98219;120180;131129;1281199;;578030;0.0;297436.9;84407.7;1348.7;149.8;85.5;32.4;20.8;15.7;13.4;7.5;;7.0;False;2006009;euromillions.csv
2006-03-10;2004-2011 : 50 boules / 9 etoiles;VENDREDI;1;33;21;45;49;4;8;0;3;16;115;1731;2919;4892;71795;120296;69856;1008281;;381242;0.0;1035730.1;55110.6;5476.8;242.5;100.6;85.8;29.8;16.4;26.4;9.9;;11.1;False;2006010;euromillions.csv
2006-03-17;2004-2011 : 50 boules / 9 etoiles;VENDREDI;50;44;5;45;32;7;1;0;4;7;89;1246;1902;4271;65902;101319;67413;1031433;;389072;0.0;822820.2;133430.3;7496.0;356.9;163.6;104.1;34.4;20.6;29.0;10.3;;11.5;False;2006011;euromillions.csv
2006-03-24;2004-2011 : 50 boules / 9 etoiles;VENDREDI;17;47;28;33;35;4;9;0;11;5;117;1600;2653;5399;76058;124749;79089;1117509;;426425;0.0;313510.4;195732.1;5974.7;291.2;122.9;86.3;31.2;17.5;25.9;10.0;;11.0;False;2006012;euromillions.csv
2006-03-31;2004-2011 : 50 boules / 9 etoiles;VENDREDI;50;3;45;20;31;7;6;1;5;11;98;1927;2872;4766;83615;126307;70602;1227475;;382201;75753123.0;715464.3;92289.6;7399.3;250.8;117.8;101.4;29.4;17.9;30.1;9.4;;12.7;False;2006013;euromillions.csv
2006-04-07;2004-2011 : 50 boules / 9 etoiles;VENDREDI;13;12;29;50;44;4;5;0;3;14;90;1518;2258;4368;72311;104847;64685;1088975;;337524;0.0;915222.8;55655.4;6183.9;244.4;115.0;84.9;26.1;16.6;25.2;8.1;;11.1;False;2006014;euromillions.csv
2006-04-14;2004-2011 : 50 boules / 9 etoiles;VENDREDI;34;35;26;16;49;6;2;1;3;2;113;1186;1720;5240;56696;86170;71956;820135;;389658;25915863.0;887536.1;377802.5;4776.2;303.3;146.4;68.6;32.3;19.6;22.0;10.5;;9.3;False;2006015;euromillions.csv
2006-04-21;2004-2011 : 50 boules / 9 etoiles;VENDREDI;46;1;22;20;37;1;9;0;5;7;100;987;1444;4446;49460;78631;69853;766439;;371642;0.0;502185.1;101794.2;5089.7;343.7;164.4;76.3;34.9;20.2;21.3;10.6;;9.2;False;2006016;euromillions.csv
2006-04-28;2004-2011 : 50 boules / 9 etoiles;VENDREDI;17;5;33;22;10;7;5;4;20;24;304;2949;3424;9544;98689;121502;107999;1181143;;471501;6452983.0;131382.4;31070.1;1752.0;120.4;72.5;37.2;18.3;13.7;14.4;7.2;;7.6;False;2006017;euromillions.csv
2006-05-05;2004-2011 : 50 boules / 9 etoiles;VENDREDI;8;50;16;4;14;9;3;0;4;4;108;1447;2292;4147;66046;109050;59092;916458;;307219;0.0;615969.3;174802.1;4624.3;230.1;101.6;80.2;25.7;14.3;24.7;8.7;;10.9;False;2006018;euromillions.csv
2006-05-12;2004-2011 : 50 boules / 9 etoiles;VENDREDI;23;5;20;34;50;1;5;2;11;15;159;2022;2543;6236;77618;98291;82046;1044778;;387938;12820188.0;233631.2;48620.5;3276.3;171.7;95.5;55.6;22.8;16.6;18.6;7.9;;9.0;False;2006019;euromillions.csv
2006-05-19;2004-2011 : 50 boules / 9 etoiles;VENDREDI;49;34;25;3;5;8;5;1;2;3;80;1302;1668;4924;63577;85053;76464;950305;;400849;15000000.0;1248252.6;236155.9;6325.6;259.1;141.5;68.5;27.0;18.6;19.4;8.5;;8.5;False;2006020;euromillions.csv
2006-05-26;2004-2011 : 50 boules / 9 etoiles;VENDREDI;21;41;12;2;49;3;7;2;9;17;120;1268;2042;5654;53374;83496;84289;804594;;452315;7500000.0;263416.6;39575.3;4004.6;252.6;109.8;56.6;30.6;18.0;16.7;9.5;;7.1;False;2006021;euromillions.csv
2006-06-02;2004-2011 : 50 boules / 9 etoiles;VENDREDI;41;7;48;27;8;6;1;0;6;6;83;1020;1691;3909;51821;88986;58332;781747;;326780;0.0;394788.8;112034.6;5784.9;313.8;132.5;81.8;31.5;16.9;24.1;9.8;;9.8;False;2006022;euromillions.csv
2006-06-09;2004-2011 : 50 boules / 9 etoiles;VENDREDI;3;34;39;15;12;4;6;0;9;8;116;1418;2370;5446;64911;107098;72578;883155;;363887;0.0;268609.0;85755.2;4224.3;230.3;96.4;59.9;25.6;14.3;19.8;8.8;;9.0;False;2006023;euromillions.csv
2006-06-16;2004-2011 : 50 boules / 9 etoiles;VENDREDI;26;36;1;16;30;9;3;0;12;12;101;1440;2210;4216;61545;93201;57670;836885;;318596;0.0;209527.7;59460.5;5046.1;235.9;107.6;80.5;28.1;17.1;25.9;9.7;;10.7;False;2006024;euromillions.csv
2006-06-23;2004-2011 : 50 boules / 9 etoiles;VENDREDI;44;30;9;21;43;9;1;0;7;8;115;1558;2545;4749;61545;94208;72633;868232;;401754;0.0;391601.0;97238.7;4831.7;237.7;101.8;78.0;30.6;18.4;22.4;10.2;;9.3;False;2006025;euromillions.csv
2006-06-30;2004-2011 : 50 boules / 9 etoiles;VENDREDI;16;6;15;40;43;1;2;0;3;7;97;1354;1941;3806;66396;97889;55809;1054483;;300685;0.0;1003962.5;122103.5;6293.9;300.5;146.7;106.9;31.2;19.5;32.0;9.2;;13.6;False;2006026;euromillions.csv
2006-07-07;2004-2011 : 50 boules / 9 etoiles;VENDREDI;35;9;7;43;18;7;5;2;13;9;189;2118;2638;7680;88116;110796;114047;1263885;;577658;34204133.0;249486.5;102267.0;3478.4;206.9;116.3;57.0;25.3;18.5;16.9;8.3;;7.6;False;2006027;euromillions.csv
2006-07-14;2004-2011 : 50 boules / 9 etoiles;VENDREDI;1;31;7;17;36;8;2;0;0;8;99;1039;2138;4538;50606;94232;66386;758390;;355221;0.0;0.0;370709.4;4729.9;300.4;102.2;68.7;31.4;15.5;20.6;9.8;;8.8;False;2006028;euromillions.csv
2006-07-21;2004-2011 : 50 boules / 9 etoiles;VENDREDI;50;4;38;2;9;8;6;1;4;9;74;1052;1908;3418;55502;95427;49401;824782;;264292;25042525.0;592212.2;74693.4;6488.8;304.2;117.4;93.6;29.4;15.7;28.5;9.3;;12.2;False;2006029;euromillions.csv
2006-07-28;2004-2011 : 50 boules / 9 etoiles;VENDREDI;3;43;29;8;12;6;7;0;2;13;92;1583;2228;3669;65170;97551;50072;896753;;248311;0.0;1135174.4;49560.6;5002.2;193.8;96.3;83.6;24.0;14.7;26.9;8.2;;12.4;False;2006030;euromillions.csv
2006-08-04;2004-2011 : 50 boules / 9 etoiles;VENDREDI;26;15;32;14;1;7;3;0;4;3;118;1121;1590;5306;54067;84763;83882;832244;;455706;0.0;586750.7;222013.7;4031.7;282.9;139.6;59.7;29.9;17.5;16.6;9.1;;7.0;False;2006031;euromillions.csv
2006-08-11;2004-2011 : 50 boules / 9 etoiles;VENDREDI;47;31;46;28;27;5;2;0;0;7;77;897;1375;3821;46056;64830;65710;781822;;393400;0.0;0.0;445391.9;6393.1;365.8;167.0;85.8;36.3;23.7;21.9;10.0;;8.4;False;2006032;euromillions.csv
2006-08-18;2004-2011 : 50 boules / 9 etoiles;VENDREDI;37;40;50;12;39;1;2;0;3;10;60;982;1592;3337;54231;82116;47840;863346;;260450;0.0;866860.3;73800.2;8785.7;357.8;154.5;105.3;33.0;20.1;32.3;9.7;;13.6;False;2006033;euromillions.csv
2006-08-25;2004-2011 : 50 boules / 9 etoiles;VENDREDI;47;10;28;48;40;8;6;1;6;8;77;1271;1830;3910;58648;88704;59632;893467;;323239;57414511.0;475698.8;101246.7;7513.6;303.4;147.5;98.6;33.5;20.4;28.4;10.3;;12.0;False;2006034;euromillions.csv
2006-09-01;2004-2011 : 50 boules / 9 etoiles;VENDREDI;25;50;7;45;3;9;6;0;7;12;95;1348;2314;3712;63942;103584;52920;878940;;263868;0.0;337100.5;55803.8;5034.9;236.5;96.4;85.9;25.4;14.4;26.5;8.7;;12.2;False;2006035;euromillions.csv
2006-09-08;2004-2011 : 50 boules / 9 etoiles;VENDREDI;12;10;32;33;1;8;1;0;6;3;80;1340;1971;3867;64022;96161;55137;941652;;268461;0.0;406808.3;230891.2;6184.5;246.1;117.1;85.2;26.2;16.1;26.3;8.4;;12.4;False;2006036;euromillions.csv
2006-09-15;2004-2011 : 50 boules / 9 etoiles;VENDREDI;10;49;26;6;16;7;9;0;4;11;96;1606;2565;4129;70567;113465;57017;922989;;301136;0.0;649507.8;67025.3;5485.7;218.6;95.8;85.0;25.3;14.5;27.0;9.1;;11.7;False;2006037;euromillions.csv
2006-09-22;2004-2011 : 50 boules / 9 etoiles;VENDREDI;30;45;49;29;10;8;3;0;5;3;93;1259;1911;3821;56705;87665;62140;889066;;344443;0.0;553842.3;261952.4;6035.7;297.2;137.0;97.9;33.6;20.0;26.4;10.1;;10.9;False;2006038;euromillions.csv
2006-09-29;2004-2011 : 50 boules / 9 etoiles;VENDREDI;1;3;24;6;18;5;8;0;12;29;192;2460;4121;7185;91706;147796;91352;1168200;;461131;0.0;250022.4;29359.5;3167.5;164.8;68.8;56.4;22.5;12.8;19.5;8.3;;8.8;False;2006039;euromillions.csv
2006-10-06;2004-2011 : 50 boules / 9 etoiles;VENDREDI;5;35;11;22;38;7;8;0;17;26;110;2734;4137;4394;97246;149691;61911;1272231;;329703;0.0;199361.7;36991.7;6245.3;167.5;77.4;104.2;24.0;14.3;32.5;8.6;;14.0;False;2006040;euromillions.csv
2006-10-13;2004-2011 : 50 boules / 9 etoiles;VENDREDI;2;32;38;41;25;5;3;0;7;6;129;1785;2495;7591;91196;126213;129552;1459326;;770741;0.0;649447.2;215019.6;7143.5;344.1;172.3;80.9;34.3;22.8;20.8;10.1;;8.0;False;2006041;euromillions.csv
2006-10-20;2004-2011 : 50 boules / 9 etoiles;VENDREDI;10;34;47;19;45;6;3;0;3;21;161;2344;3437;7506;107061;160082;109914;1605189;;604479;0.0;1582400.4;64151.3;5976.8;273.6;130.6;85.4;30.5;18.8;25.6;9.5;;10.7;False;2006042;euromillions.csv
2006-10-27;2004-2011 : 50 boules / 9 etoiles;VENDREDI;3;50;44;4;8;8;7;0;14;16;150;2950;4437;7814;139139;211581;113863;2080966;;575492;0.0;393862.2;97800.2;7451.4;252.5;117.5;95.3;27.3;16.5;28.7;8.5;;13.0;False;2006043;euromillions.csv
2006-11-03;2004-2011 : 50 boules / 9 etoiles;VENDREDI;13;11;44;24;49;9;3;0;12;15;228;3303;4914;10924;156268;227785;156019;2239412;;786547;0.0;512739.2;116405.6;5470.1;251.7;118.4;76.1;27.1;17.1;23.4;8.9;;10.6;False;2006044;euromillions.csv
2006-11-10;2004-2011 : 50 boules / 9 etoiles;VENDREDI;36;30;14;27;21;2;3;0;12;29;198;4066;5488;10187;188115;256547;151575;2813491;;794476;0.0;617824.2;72549.7;7589.9;246.4;127.7;98.3;27.1;18.3;29.0;8.5;;12.7;False;2006045;euromillions.csv
2006-11-17;2004-2011 : 50 boules / 9 etoiles;VENDREDI;36;12;33;22;32;2;6;0;20;29;595;6314;9032;22692;267137;393277;289588;3520602;;1429929;0.0;9652340.0;97247.1;3385.5;212.6;104.0;59.1;25.6;16.0;20.4;9.1;;9.4;False;2006046;euromillions.csv
2006-11-24;2004-2011 : 50 boules / 9 etoiles;VENDREDI;8;5;40;25;17;5;1;2;18;16;236;2993;3708;7895;107868;137629;107583;1391693;;504260;7500000.0;189530.1;60508.7;2930.2;154.0;87.0;58.3;21.7;15.7;18.8;7.9;;9.2;False;2006047;euromillions.csv
2006-12-01;2004-2011 : 50 boules / 9 etoiles;VENDREDI;16;37;8;41;4;2;5;0;5;9;140;1622;2174;6557;81907;109723;96441;1111142;;519878;0.0;641911.8;101202.3;4647.0;267.4;139.6;66.1;27.0;18.5;19.7;9.3;;8.4;False;2006048;euromillions.csv
2006-12-08;2004-2011 : 50 boules / 9 etoiles;VENDREDI;47;36;17;16;18;1;2;0;2;4;65;1019;1505;3478;54888;84860;52144;927011;;293923;0.0;1510766.8;214365.5;9422.6;400.7;189.9;117.3;37.9;22.6;34.4;10.5;;14.0;False;2006049;euromillions.csv
2006-12-15;2004-2011 : 50 boules / 9 etoiles;VENDREDI;35;37;9;42;23;3;7;0;8;16;226;2110;3022;8443;81582;121425;111666;1072415;;596172;0.0;406071.1;57618.2;2913.6;208.0;101.6;51.9;27.4;16.9;17.2;9.8;;7.4;False;2006050;euromillions.csv
2006-12-22;2004-2011 : 50 boules / 9 etoiles;VENDREDI;20;11;43;9;38;2;3;0;4;11;108;1782;2470;4608;88394;120749;69456;1303624;;373842;0.0;881182.6;90932.8;6615.4;267.2;134.9;103.3;27.4;18.5;30.1;8.7;;12.8;False;2006051;euromillions.csv
2006-12-29;2004-2011 : 50 boules / 9 etoiles;VENDREDI;14;9;6;13;35;3;4;0;7;9;122;2153;3045;6362;105993;148693;91765;1491516;;454975;0.0;522022.5;115221.1;6071.3;229.3;113.5;77.6;23.7;15.6;23.6;7.9;;10.9;False;2006052;euromillions.csv
2007-01-05;2004-2011 : 50 boules / 9 etoiles;VENDREDI;17;45;36;29;19;6;5;2;4;14;113;2016;2669;5761;91708;121301;85296;1373639;;468646;39156078.0;952637.9;77240.9;6835.4;255.4;135.0;89.3;28.6;19.9;26.5;8.9;;11.0;False;2007001;euromillions.csv
2007-01-12;2004-2011 : 50 boules / 9 etoiles;VENDREDI;14;8;25;19;11;3;5;1;8;15;316;2862;3782;10101;101524;130992;125003;1303014;;601008;15000000.0;380580.0;57601.3;1953.0;143.7;76.1;40.7;20.6;14.7;14.4;7.5;;6.9;False;2007002;euromillions.csv
2007-01-19;2004-2011 : 50 boules / 9 etoiles;VENDREDI;27;5;13;33;42;4;2;1;12;27;153;2419;3909;6152;83963;137036;82007;1109870;;405624;15000000.0;243352.1;30693.0;3868.8;163.1;70.6;64.1;23.9;13.5;21.1;8.5;;9.8;False;2007003;euromillions.csv
2007-01-26;2004-2011 : 50 boules / 9 etoiles;VENDREDI;38;11;23;15;30;4;9;0;7;12;158;2199;3553;5167;74552;128056;69862;1008823;;352140;0.0;405759.4;67169.6;3643.9;174.5;75.6;74.2;26.2;14.0;24.1;9.1;;11.0;False;2007004;euromillions.csv
2007-02-02;2004-2011 : 50 boules / 9 etoiles;VENDREDI;36;14;27;23;30;1;6;1;6;17;133;2138;6596;4979;72210;125446;72653;1021443;;395750;27173863.0;514292.2;51510.9;4702.9;195.0;44.2;83.7;29.4;15.6;25.2;9.7;;10.6;False;2007005;euromillions.csv
2007-02-09;2004-2011 : 50 boules / 9 etoiles;VENDREDI;36;16;46;30;14;8;2;1;17;33;226;2832;4273;10942;138995;225145;159121;1880989;;872969;100000000.0;355280.9;51939.1;5417.1;288.2;133.7;74.5;29.9;17.0;22.5;10.4;;9.4;False;2007006;euromillions.csv
2007-02-16;2004-2011 : 50 boules / 9 etoiles;VENDREDI;19;39;20;50;8;6;9;0;7;5;100;1518;2185;4264;71288;109769;64006;1041810;;329244;0.0;427057.8;169668.9;6059.6;266.1;129.4;94.7;28.9;17.2;27.7;9.3;;12.3;False;2007007;euromillions.csv
2007-02-23;2004-2011 : 50 boules / 9 etoiles;VENDREDI;20;2;22;18;15;5;2;0;15;13;249;2498;2774;9965;98747;115943;122923;1274259;;566979;0.0;203870.4;66755.9;2489.4;165.4;104.2;41.4;21.3;16.7;14.7;7.7;;7.3;False;2007008;euromillions.csv
2007-03-02;2004-2011 : 50 boules / 9 etoiles;VENDREDI;3;16;48;34;38;8;5;2;11;15;139;1864;2510;6542;75895;105150;92777;1096478;;490930;21100851.0;293848.7;61152.3;4713.6;234.3;121.8;66.7;29.3;19.5;20.7;9.5;;8.9;False;2007009;euromillions.csv
2007-03-09;2004-2011 : 50 boules / 9 etoiles;VENDREDI;43;25;3;2;48;9;6;0;4;6;59;955;1572;3281;52228;85533;56041;880878;;313212;0.0;728888.6;137897.8;10016.7;412.5;175.4;120.0;38.4;21.6;30.9;10.7;;12.7;False;2007010;euromillions.csv
2007-03-16;2004-2011 : 50 boules / 9 etoiles;VENDREDI;45;4;31;49;14;9;4;0;6;4;93;1284;1899;4723;57990;89372;69075;909586;;362129;0.0;489452.9;208348.2;6400.8;309.0;146.2;84.0;34.9;20.8;25.2;10.4;;11.0;False;2007011;euromillions.csv
2007-03-23;2004-2011 : 50 boules / 9 etoiles;VENDREDI;43;17;5;40;13;3;1;1;6;10;107;1699;2620;5472;81497;117172;78967;1144775;;393933;41023864.0;513550.1;87442.3;5837.2;245.0;111.2;76.0;26.0;16.7;23.2;8.7;;10.6;False;2007012;euromillions.csv
2007-03-30;2004-2011 : 50 boules / 9 etoiles;VENDREDI;19;9;46;17;41;1;8;0;4;7;89;1239;2057;3555;60164;103128;52189;892553;;281418;0.0;691860.2;112193.5;6303.0;301.8;127.2;105.1;31.7;17.0;31.5;10.0;;13.4;False;2007013;euromillions.csv
2007-04-06;2004-2011 : 50 boules / 9 etoiles;VENDREDI;41;48;29;23;15;6;3;1;4;7;79;1167;1698;4480;61761;89860;66901;932370;;367332;26945909.0;690622.8;111992.8;7088.1;319.8;153.8;83.3;30.8;19.5;24.5;9.6;;10.2;False;2007014;euromillions.csv
2007-04-13;2004-2011 : 50 boules / 9 etoiles;VENDREDI;20;41;38;7;25;3;7;1;7;9;163;1520;2210;7741;73439;102623;120877;1095649;;639307;15000000.0;463378.8;102277.3;4033.7;288.3;138.8;56.6;30.4;20.0;15.9;9.6;;6.9;False;2007015;euromillions.csv
2007-04-20;2004-2011 : 50 boules / 9 etoiles;VENDREDI;41;26;32;45;23;3;7;0;2;3;166;1358;2043;6498;58066;88523;88082;826026;;487785;0.0;1318922.5;249525.8;3221.0;262.4;122.1;54.8;31.3;18.9;17.8;10.3;;7.3;False;2007016;euromillions.csv
2007-04-27;2004-2011 : 50 boules / 9 etoiles;VENDREDI;44;18;7;36;27;1;2;0;21;42;99;2336;3608;3724;78227;118911;52694;1000480;;275854;0.0;130508.2;18518.0;5611.5;158.5;71.8;99.4;24.1;14.6;30.9;8.8;;13.5;False;2007017;euromillions.csv
2007-05-04;2004-2011 : 50 boules / 9 etoiles;VENDREDI;17;41;35;6;45;1;5;0;6;6;97;1343;2007;4508;63720;90880;71629;990868;;399788;0.0;491548.5;139493.5;6163.1;296.7;139.0;88.4;31.8;20.6;24.4;9.6;;10.0;False;2007018;euromillions.csv
2007-05-11;2004-2011 : 50 boules / 9 etoiles;VENDREDI;12;26;49;7;29;6;2;3;6;13;189;1891;3159;7262;81233;129523;98122;1132650;;502440;17782555.0;529655.2;69372.7;3408.3;227.1;95.1;59.1;26.9;15.5;19.2;9.0;;8.6;False;2007019;euromillions.csv
2007-05-18;2004-2011 : 50 boules / 9 etoiles;VENDREDI;49;37;34;26;39;2;6;1;2;6;89;978;1487;4710;49157;76138;71949;755372;;375319;15000000.0;1309909.8;123910.3;5966.7;361.9;166.6;75.1;36.7;21.8;21.6;11.2;;9.5;False;2007020;euromillions.csv
2007-05-25;2004-2011 : 50 boules / 9 etoiles;VENDREDI;49;26;50;29;25;8;7;1;10;11;85;1250;2064;3329;55510;92448;47876;873481;;253331;15000000.0;264448.1;68223.7;6306.3;285.8;121.1;107.3;32.8;18.1;32.8;9.8;;14.2;False;2007021;euromillions.csv
2007-06-01;2004-2011 : 50 boules / 9 etoiles;VENDREDI;22;41;42;37;6;6;9;1;6;6;62;1140;1689;3565;52804;80990;54051;816270;;302973;15000000.0;442987.6;125712.7;8689.8;315.0;148.8;100.7;34.6;20.8;29.2;10.5;;11.9;False;2007022;euromillions.csv
2007-06-08;2004-2011 : 50 boules / 9 etoiles;VENDREDI;15;17;25;45;1;8;2;0;2;14;118;1411;2511;5394;65211;116928;75077;878952;;393104;0.0;1298404.0;52638.0;4460.8;248.7;97.8;65.0;27.4;14.1;20.5;9.5;;9.0;False;2007023;euromillions.csv
2007-06-15;2004-2011 : 50 boules / 9 etoiles;VENDREDI;5;14;40;7;21;3;8;1;13;16;183;2442;4062;6029;92736;144295;73726;1100213;;361962;26938896.0;212374.5;48968.1;3058.1;152.7;64.2;61.8;20.5;12.1;22.2;8.1;;10.4;False;2007024;euromillions.csv
2007-06-22;2004-2011 : 50 boules / 9 etoiles;VENDREDI;22;17;16;11;34;5;6;0;8;8;122;1663;2116;5101;78658;96825;66835;1102275;;325139;0.0;322741.8;91588.8;4289.8;209.8;115.4;68.4;22.6;16.9;22.9;7.5;;10.8;False;2007025;euromillions.csv
2007-06-29;2004-2011 : 50 boules / 9 etoiles;VENDREDI;28;8;33;45;12;1;3;0;13;18;83;1831;2753;4582;76184;114610;66071;1031552;;342852;0.0;210200.1;43081.5;6673.5;201.6;93.8;80.5;24.7;15.1;24.5;8.5;;10.8;False;2007026;euromillions.csv
2007-07-06;2004-2011 : 50 boules / 9 etoiles;VENDREDI;39;41;4;19;5;9;8;0;11;15;73;1225;1929;3439;63676;103702;52820;1001577;;280367;0.0;275011.3;57232.0;8400.0;333.7;148.3;118.8;32.7;18.5;34.0;9.7;;14.7;False;2007027;euromillions.csv
2007-07-13;2004-2011 : 50 boules / 9 etoiles;VENDREDI;13;9;31;15;48;6;3;1;10;11;146;2065;3140;7335;101651;149305;109592;1505032;;556679;56945074.0;394207.1;101699.6;5473.0;257.9;118.7;72.6;26.7;16.7;21.3;8.4;;9.6;False;2007028;euromillions.csv
2007-07-20;2004-2011 : 50 boules / 9 etoiles;VENDREDI;50;26;10;21;25;9;4;0;7;8;83;1421;2254;4457;64692;110887;64761;933914;;338057;0.0;376917.1;93592.5;6443.5;250.9;110.7;79.9;28.1;15.1;24.2;9.1;;10.6;False;2007029;euromillions.csv
2007-07-27;2004-2011 : 50 boules / 9 etoiles;VENDREDI;4;29;21;1;41;8;7;0;7;2;68;1267;2192;3448;66754;105467;50318;963867;;272877;0.0;387553.2;384934.6;8086.8;289.3;117.0;106.3;28.0;16.3;32.0;9.1;;13.5;False;2007030;euromillions.csv
2007-08-03;2004-2011 : 50 boules / 9 etoiles;VENDREDI;41;33;37;30;10;1;8;0;5;8;74;1271;2015;3517;58203;94463;53869;884759;;296196;0.0;575982.3;102159.0;7888.7;306.1;135.1;110.6;34.1;19.3;31.7;10.5;;13.2;False;2007031;euromillions.csv
2007-08-10;2004-2011 : 50 boules / 9 etoiles;VENDREDI;40;43;49;42;23;6;2;1;7;11;80;1187;1719;4599;57396;88175;74424;911840;;455878;52630236.0;444172.5;80212.9;7878.0;353.9;171.0;91.3;37.3;22.3;24.8;11.0;;9.3;False;2007032;euromillions.csv
2007-08-17;2004-2011 : 50 boules / 9 etoiles;VENDREDI;2;13;42;3;38;7;8;0;3;6;49;1171;1733;3066;60177;90873;46929;928073;;252665;0.0;846632.2;120130.2;10507.0;293.1;138.6;111.9;29.0;17.7;32.1;8.8;;13.7;False;2007033;euromillions.csv
2007-08-24;2004-2011 : 50 boules / 9 etoiles;VENDREDI;16;3;42;1;48;2;3;0;3;7;67;1109;1476;3245;61241;80547;53559;987324;;288850;0.0;900165.1;109479.5;8170.1;329.0;173.0;112.4;30.3;21.2;29.9;8.8;;12.7;False;2007034;euromillions.csv
2007-08-31;2004-2011 : 50 boules / 9 etoiles;VENDREDI;22;37;23;18;6;6;5;1;6;4;107;1621;2013;5043;79910;98999;73941;1172639;;385723;39496528.0;494054.4;210306.9;5615.6;247.1;139.2;79.4;25.5;19.0;23.8;8.1;;10.4;False;2007035;euromillions.csv
2007-09-07;2004-2011 : 50 boules / 9 etoiles;VENDREDI;42;3;34;2;33;5;3;1;6;6;89;1101;1435;5044;58225;77233;93042;987232;;518824;15000000.0;448821.8;127368.3;6133.3;330.5;177.5;72.1;31.8;22.1;17.2;8.8;;7.0;False;2007036;euromillions.csv
2007-09-14;2004-2011 : 50 boules / 9 etoiles;VENDREDI;33;29;5;9;11;7;9;0;5;9;127;2117;3156;5600;88707;130442;71965;1105810;;327388;0.0;526366.1;82985.6;4200.6;167.9;78.8;63.5;20.4;12.8;21.7;7.7;;10.9;False;2007037;euromillions.csv
2007-09-21;2004-2011 : 50 boules / 9 etoiles;VENDREDI;35;37;17;1;32;8;1;1;7;8;71;1108;1698;3547;55954;87243;56011;881555;;309270;27247062.0;404590.4;100464.1;8085.6;345.4;157.7;107.8;34.8;20.6;30.0;10.4;;12.4;False;2007038;euromillions.csv
2007-09-28;2004-2011 : 50 boules / 9 etoiles;VENDREDI;22;34;44;30;35;4;5;0;14;17;244;3403;4564;11749;177745;236790;176487;2758214;;939144;0.0;9839059.0;129318.9;6435.6;307.6;160.5;89.1;30.0;20.7;26.0;9.1;;11.2;False;2007039;euromillions.csv
2007-10-05;2004-2011 : 50 boules / 9 etoiles;VENDREDI;20;27;35;44;11;5;2;5;14;25;209;2277;3008;7493;82009;104841;99561;1133366;;510527;3000000.0;210776.6;33496.3;2861.9;175.1;92.7;53.2;24.7;17.8;17.6;8.4;;7.8;False;2007040;euromillions.csv
2007-10-12;2004-2011 : 50 boules / 9 etoiles;VENDREDI;36;47;21;32;46;3;4;2;4;7;96;1435;2043;4054;66182;89393;55876;900545;;311867;7500000.0;708593.3;114907.0;5984.7;266.9;131.2;94.4;29.5;20.1;30.1;10.2;;12.4;False;2007041;euromillions.csv
2007-10-19;2004-2011 : 50 boules / 9 etoiles;VENDREDI;7;18;34;35;40;7;8;0;7;8;73;1189;1716;3405;60177;85717;53450;953909;;291271;0.0;395784.6;98277.5;7692.9;314.8;152.7;109.9;31.7;20.5;30.8;9.4;;12.9;False;2007042;euromillions.csv
2007-10-26;2004-2011 : 50 boules / 9 etoiles;VENDREDI;20;7;38;40;43;8;1;0;3;8;68;1161;1981;3578;57352;96581;54713;905570;;300570;0.0;972073.3;103447.0;8693.0;339.4;139.2;110.1;35.0;19.1;31.6;10.4;;13.2;False;2007043;euromillions.csv
2007-11-02;2004-2011 : 50 boules / 9 etoiles;VENDREDI;40;16;3;19;18;2;1;1;7;16;112;1600;2465;4500;77430;116512;64755;1126509;;335178;41136124.0;446822.6;55475.4;5660.7;264.1;120.0;93.9;27.8;17.0;28.7;9.0;;12.7;False;2007044;euromillions.csv
2007-11-09;2004-2011 : 50 boules / 9 etoiles;VENDREDI;14;25;36;5;22;6;5;2;12;13;121;2112;2501;5241;86667;102408;73232;1157831;;362900;7500000.0;228706.6;59910.6;4597.6;175.6;103.8;70.7;21.8;17.0;22.2;7.6;;10.3;False;2007045;euromillions.csv
2007-11-16;2004-2011 : 50 boules / 9 etoiles;VENDREDI;23;18;33;37;9;1;8;0;11;9;111;1609;3045;4326;67954;125220;60007;937198;;300124;0.0;248016.4;86023.7;4982.0;229.1;84.7;85.2;27.6;13.8;27.0;9.4;;12.4;False;2007046;euromillions.csv
2007-11-23;2004-2011 : 50 boules / 9 etoiles;VENDREDI;22;2;48;29;10;9;3;1;6;6;95;1529;2345;4540;71236;109817;67356;1020563;;360541;27375964.0;476990.2;135362.1;6106.5;252.9;115.4;85.1;27.6;16.5;25.2;9.0;;10.8;False;2007047;euromillions.csv
2007-11-30;2004-2011 : 50 boules / 9 etoiles;VENDREDI;38;20;12;19;30;9;7;0;2;7;86;1580;2328;4147;66927;106361;60797;973475;;314251;0.0;1365675.2;110730.4;6437.8;233.6;110.9;89.0;28.1;16.3;26.7;9.0;;11.8;False;2007048;euromillions.csv
2007-12-07;2004-2011 : 50 boules / 9 etoiles;VENDREDI;48;43;4;2;32;1;7;1;1;3;74;1075;1587;3400;52227;83161;54134;856799;;316073;27552424.0;2902747.9;274584.2;7951.2;364.8;173.0;115.3;38.3;22.1;31.8;10.9;;12.5;False;2007049;euromillions.csv
2007-12-14;2004-2011 : 50 boules / 9 etoiles;VENDREDI;8;30;36;25;44;4;3;0;3;2;70;1387;1921;3830;60622;86994;57303;919642;;321797;0.0;909402.2;387110.4;7900.2;265.8;134.3;96.2;31.0;19.9;28.3;9.6;;11.5;False;2007050;euromillions.csv
2007-12-21;2004-2011 : 50 boules / 9 etoiles;VENDREDI;37;7;44;28;9;7;6;1;6;14;98;1906;2768;4362;78972;109657;63284;1137935;;323266;27716872.0;490129.4;59610.3;6082.6;208.5;100.4;91.1;25.6;17.0;27.6;8.3;;12.4;False;2007051;euromillions.csv
2007-12-28;2004-2011 : 50 boules / 9 etoiles;VENDREDI;45;31;20;22;21;9;7;0;3;5;80;1036;1605;3644;55743;87362;56680;873452;;321021;0.0;895837.7;152534.5;6809.5;350.5;158.3;99.6;33.2;19.5;28.1;9.9;;11.4;False;2007052;euromillions.csv
2008-01-04;2004-2011 : 50 boules / 9 etoiles;VENDREDI;41;24;10;12;25;3;5;0;3;5;147;1718;2177;7468;78873;101337;105988;1104406;;524785;0.0;918656.7;156419.9;3800.2;216.7;119.7;49.8;24.0;17.2;15.4;8.0;;7.1;False;2008001;euromillions.csv
2008-01-11;2004-2011 : 50 boules / 9 etoiles;VENDREDI;24;36;50;8;49;4;8;0;4;7;110;1561;2316;5142;70098;104300;76299;1027726;;408732;0.0;799925.2;129717.6;5896.2;276.9;130.6;84.0;31.4;19.4;24.9;10.0;;10.6;False;2008002;euromillions.csv
2008-01-18;2004-2011 : 50 boules / 9 etoiles;VENDREDI;46;40;16;14;23;8;4;0;11;12;112;1686;2625;6053;83707;131654;93108;1251631;;483400;0.0;350732.5;91237.8;6982.4;309.2;139.0;86.1;31.7;18.6;24.6;9.9;;10.8;False;2008003;euromillions.csv
2008-01-25;2004-2011 : 50 boules / 9 etoiles;VENDREDI;2;19;9;45;6;7;8;1;13;32;151;3088;5626;6345;120457;203458;89838;1608573;;461419;76611580.0;341072.9;39321.3;5952.1;194.0;74.5;94.4;25.3;13.8;29.3;8.9;;13.1;False;2008004;euromillions.csv
2008-02-01;2004-2011 : 50 boules / 9 etoiles;VENDREDI;30;49;45;47;22;4;9;0;10;5;97;1126;1726;4114;57175;90181;66082;905485;;373520;0.0;309432.1;175623.6;6466.2;371.3;169.5;101.6;37.2;21.7;27.8;11.0;;11.3;False;2008005;euromillions.csv
2008-02-08;2004-2011 : 50 boules / 9 etoiles;VENDREDI;17;38;28;44;30;1;4;0;16;32;277;4380;6998;12974;198400;320163;185805;2903388;;978612;0.0;8662872.0;76319.5;6297.6;265.5;116.3;89.6;29.8;17.0;27.5;9.6;;12.0;False;2008006;euromillions.csv
2008-02-15;2004-2011 : 50 boules / 9 etoiles;VENDREDI;27;45;12;29;46;7;4;0;5;6;101;1385;2134;4792;68192;103888;74454;1063019;;405013;0.0;631360.2;149308.1;6335.5;308.0;139.9;89.0;31.9;19.2;25.2;9.6;;10.6;False;2008007;euromillions.csv
2008-02-22;2004-2011 : 50 boules / 9 etoiles;VENDREDI;46;50;4;27;32;8;9;1;6;8;69;1443;2058;3825;65641;100730;56984;1002938;;304084;28912566.0;536213.4;114126.5;9451.4;301.2;147.8;113.6;33.7;20.2;33.5;10.4;;14.4;False;2008008;euromillions.csv
2008-02-29;2004-2011 : 50 boules / 9 etoiles;VENDREDI;37;47;49;40;12;9;2;1;1;5;85;1234;1719;3594;57754;87641;56611;905143;;330516;15000000.0;3027516.3;171832.0;7219.8;331.5;166.6;113.8;36.1;21.9;31.7;10.8;;12.5;False;2008009;euromillions.csv
2008-03-07;2004-2011 : 50 boules / 9 etoiles;VENDREDI;14;17;7;35;2;6;1;0;6;12;131;1754;3077;5442;78150;141979;73873;1039423;;364378;0.0;483841.4;68653.1;4492.0;223.6;89.2;72.0;25.6;12.9;23.3;9.0;;10.8;False;2008010;euromillions.csv
2008-03-14;2004-2011 : 50 boules / 9 etoiles;VENDREDI;13;48;35;21;25;4;8;1;6;11;106;1616;2638;5553;71296;119597;77532;1034546;;405167;28239959.0;510290.0;78988.3;5854.9;256.0;109.7;74.5;29.5;16.2;23.4;9.5;;10.3;False;2008011;euromillions.csv
2008-03-21;2004-2011 : 50 boules / 9 etoiles;VENDREDI;10;2;22;18;36;6;4;1;9;10;139;1790;2798;5862;70395;116947;77238;937962;;380510;15000000.0;295037.9;75354.2;3872.2;200.4;89.7;61.2;25.9;14.4;20.4;9.1;;9.5;False;2008012;euromillions.csv
2008-03-28;2004-2011 : 50 boules / 9 etoiles;VENDREDI;39;9;29;5;17;3;6;0;11;15;205;2600;3813;6436;92283;139136;78169;1109571;;380497;0.0;253782.0;52814.1;2760.3;145.0;69.2;58.6;20.8;12.7;21.2;8.1;;10.0;False;2008013;euromillions.csv
2008-04-04;2004-2011 : 50 boules / 9 etoiles;VENDREDI;18;37;47;13;11;6;1;0;9;8;74;1351;2283;4598;64196;110370;71461;991122;;381736;0.0;334148.3;106679.1;8237.7;300.8;124.6;88.3;32.2;17.3;25.0;9.8;;10.7;False;2008014;euromillions.csv
2008-04-11;2004-2011 : 50 boules / 9 etoiles;VENDREDI;50;30;25;45;6;5;7;0;12;11;167;2084;2836;6980;81097;110658;100386;1172899;;543483;0.0;276382.2;85563.0;4025.6;215.0;110.6;64.2;28.1;19.0;19.6;9.1;;8.3;False;2008015;euromillions.csv
2008-04-18;2004-2011 : 50 boules / 9 etoiles;VENDREDI;27;6;7;50;3;5;9;1;16;16;199;2713;3780;8452;115744;169029;112061;1536553;;543780;58367681.0;231553.3;65711.0;3773.7;184.5;92.7;59.2;22.0;13.9;19.6;7.8;;9.2;False;2008016;euromillions.csv
2008-04-25;2004-2011 : 50 boules / 9 etoiles;VENDREDI;4;30;26;19;27;8;3;0;7;6;107;1766;2546;5053;72836;110891;72057;1026597;;373668;0.0;396094.8;131139.5;5252.5;212.1;103.0;74.1;26.2;15.8;22.8;8.7;;10.1;False;2008017;euromillions.csv
2008-05-02;2004-2011 : 50 boules / 9 etoiles;VENDREDI;26;48;45;37;2;8;4;0;3;9;90;996;1670;3979;51678;80991;64059;818435;;369328;0.0;947429.9;89621.7;6401.5;385.6;160.9;96.5;37.9;22.2;26.3;11.2;;10.5;False;2008018;euromillions.csv
2008-05-09;2004-2011 : 50 boules / 9 etoiles;VENDREDI;8;9;42;40;45;7;6;0;7;6;70;1123;1786;3765;61366;92395;60817;1049034;;336750;0.0;440494.4;145839.3;8928.9;371.0;163.3;110.6;34.6;21.1;30.1;9.5;;12.4;False;2008019;euromillions.csv
2008-05-16;2004-2011 : 50 boules / 9 etoiles;VENDREDI;6;38;9;25;15;4;9;1;9;15;141;2319;3608;6617;94527;149789;90084;1266755;;451609;55609411.0;385019.4;65557.3;4981.5;201.9;90.8;70.7;25.2;14.6;22.8;8.8;;10.4;False;2008020;euromillions.csv
2008-05-23;2004-2011 : 50 boules / 9 etoiles;VENDREDI;5;38;9;19;21;1;7;4;25;35;133;2112;3324;5091;84738;135511;67443;1099679;;328100;3750000.0;109875.3;22272.0;4186.4;175.7;78.1;72.9;22.3;12.8;24.2;8.1;;11.4;False;2008021;euromillions.csv
2008-05-30;2004-2011 : 50 boules / 9 etoiles;VENDREDI;14;20;49;7;5;8;2;1;7;11;112;1470;2656;5845;70159;116568;84139;984523;;429678;15000000.0;388510.0;70160.9;4922.0;250.0;96.8;62.8;26.7;14.8;19.2;8.9;;8.6;False;2008022;euromillions.csv
2008-06-06;2004-2011 : 50 boules / 9 etoiles;VENDREDI;21;40;19;50;7;2;9;0;6;13;101;1670;2599;4480;74309;116201;62653;1038427;;315394;0.0;452166.5;59223.4;5444.8;219.5;98.7;81.8;25.1;14.8;25.7;8.4;;11.7;False;2008023;euromillions.csv
2008-06-13;2004-2011 : 50 boules / 9 etoiles;VENDREDI;16;37;44;50;13;9;1;0;9;6;133;1427;2253;5855;69937;113384;91492;1075499;;493612;0.0;384056.6;163483.5;5267.9;327.3;145.1;79.7;34.0;19.3;22.4;10.4;;9.5;False;2008024;euromillions.csv
2008-06-20;2004-2011 : 50 boules / 9 etoiles;VENDREDI;11;8;36;37;45;3;5;0;2;6;146;1430;2115;6376;69082;95482;100046;1072242;;562495;0.0;1547963.8;146429.0;4298.3;292.5;138.4;65.6;30.8;20.5;18.3;9.3;;7.5;False;2008025;euromillions.csv
2008-06-27;2004-2011 : 50 boules / 9 etoiles;VENDREDI;20;44;5;50;26;5;7;1;3;10;161;1846;2424;7360;84773;111721;108401;1257393;;574398;58278337.0;1151892.7;98066.5;4350.7;252.9;134.8;63.4;28.0;19.6;18.9;8.9;;8.2;False;2008026;euromillions.csv
2008-07-04;2004-2011 : 50 boules / 9 etoiles;VENDREDI;19;22;48;7;27;7;5;1;8;3;209;2164;2704;8878;89867;111137;113846;1186135;;497551;15000000.0;339048.1;256576.9;2630.6;169.3;94.8;41.2;20.8;15.5;14.1;7.4;;7.4;False;2008027;euromillions.csv
2008-07-11;2004-2011 : 50 boules / 9 etoiles;VENDREDI;37;19;11;13;9;3;4;1;15;12;113;2068;3026;5332;92778;130105;68874;1173068;;325974;15000000.0;178447.5;63300.6;4801.5;174.9;83.6;67.8;19.8;13.0;23.1;7.4;;11.2;False;2008028;euromillions.csv
2008-07-18;2004-2011 : 50 boules / 9 etoiles;VENDREDI;16;14;44;10;29;6;5;1;4;8;90;1595;2184;4331;73021;96294;64451;1042331;;331070;15000000.0;671085.6;95221.6;6045.8;227.4;116.2;83.7;25.3;17.7;24.7;8.3;;11.0;False;2008029;euromillions.csv
2008-07-25;2004-2011 : 50 boules / 9 etoiles;VENDREDI;29;7;15;24;11;7;2;0;11;16;181;2353;3235;7389;92362;123005;90737;1154205;;403243;0.0;238463.5;46524.5;2937.6;150.6;76.7;47.9;19.5;13.5;17.1;7.3;;8.8;False;2008030;euromillions.csv
2008-08-01;2004-2011 : 50 boules / 9 etoiles;VENDREDI;25;40;22;50;1;1;8;0;12;23;146;2191;2998;5212;76832;110944;67957;1000460;;337095;0.0;231444.2;34267.8;3855.9;171.2;87.6;72.0;24.9;15.8;24.3;9.0;;11.2;False;2008031;euromillions.csv
2008-08-08;2004-2011 : 50 boules / 9 etoiles;VENDREDI;15;5;16;45;4;7;4;0;11;9;100;1575;2124;5494;81757;119035;81274;1129770;;423863;0.0;280626.3;97334.3;6257.2;264.8;137.4;75.9;26.0;16.4;22.5;8.8;;9.9;False;2008032;euromillions.csv
2008-08-15;2004-2011 : 50 boules / 9 etoiles;VENDREDI;18;11;17;26;31;6;5;0;6;6;104;1894;2611;5713;85184;116247;79612;1253449;;405036;0.0;530672.9;150596.3;6205.8;227.1;115.3;75.3;25.7;17.3;23.7;8.2;;10.7;False;2008033;euromillions.csv
2008-08-22;2004-2011 : 50 boules / 9 etoiles;VENDREDI;50;27;29;39;7;7;5;0;8;13;272;2692;3327;11924;119257;146241;153822;1580340;;688590;0.0;480634.2;83936.1;2865.4;193.0;109.3;43.5;22.2;16.6;14.8;7.8;;7.6;False;2008034;euromillions.csv
2008-08-29;2004-2011 : 50 boules / 9 etoiles;VENDREDI;2;20;37;25;39;8;5;0;10;19;142;1942;2976;7531;99864;142325;122891;1576572;;706502;0.0;473331.6;70696.7;6756.7;329.3;150.4;84.9;32.6;21.1;22.9;9.7;;9.1;False;2008035;euromillions.csv
2008-09-05;2004-2011 : 50 boules / 9 etoiles;VENDREDI;17;12;39;16;7;3;8;2;13;17;221;3386;5109;11860;168776;257757;174471;2491357;;891660;59674853.0;500324.5;108576.0;5965.7;259.5;120.4;74.1;26.5;16.0;22.1;8.4;;9.9;False;2008036;euromillions.csv
2008-09-12;2004-2011 : 50 boules / 9 etoiles;VENDREDI;23;33;37;19;50;7;3;1;9;11;173;1832;2724;8574;81774;122180;117590;1115806;;588908;15000000.0;346165.6;80375.0;3650.3;229.8;108.1;49.1;26.2;16.1;15.7;9.0;;7.2;False;2008037;euromillions.csv
2008-09-19;2004-2011 : 50 boules / 9 etoiles;VENDREDI;14;16;19;31;20;9;6;0;9;8;105;1531;2516;4550;70404;115009;66336;1032730;;354741;0.0;340865.6;108823.6;5922.3;270.7;115.3;91.1;30.0;16.9;27.4;9.6;;11.8;False;2008038;euromillions.csv
2008-09-26;2004-2011 : 50 boules / 9 etoiles;VENDREDI;31;29;33;14;37;2;1;0;15;27;242;3787;6024;10434;177732;276033;152715;2582229;;835884;0.0;9184505.0;81641.1;6506.2;277.1;121.9;100.6;30.1;17.8;30.2;9.7;;12.6;False;2008039;euromillions.csv
2008-10-03;2004-2011 : 50 boules / 9 etoiles;VENDREDI;4;38;13;19;23;2;3;0;7;16;118;2563;3246;5309;100938;133180;70938;1350285;;349535;0.0;457530.9;56804.9;5501.6;168.8;93.3;81.5;21.8;15.2;26.8;7.6;;12.5;False;2008040;euromillions.csv
2008-10-10;2004-2011 : 50 boules / 9 etoiles;VENDREDI;15;31;22;4;41;6;1;1;3;11;128;1746;3033;5277;73910;128031;73884;1059644;;393343;29068081.0;1084414.5;83928.8;5151.8;251.7;101.4;83.3;30.3;16.1;26.1;9.9;;11.2;False;2008041;euromillions.csv
2008-10-17;2004-2011 : 50 boules / 9 etoiles;VENDREDI;50;12;10;3;42;1;5;0;5;6;135;1918;2333;6288;90307;115248;83080;1175802;;412111;0.0;593705.7;140403.3;4457.2;209.1;120.3;63.7;22.6;16.3;21.2;8.1;;9.8;False;2008042;euromillions.csv
2008-10-24;2004-2011 : 50 boules / 9 etoiles;VENDREDI;45;7;15;16;17;6;9;0;6;2;81;1480;2493;4564;73296;129746;68979;1101140;;365083;0.0;511928.9;435831.4;7686.6;280.4;116.5;90.9;28.8;15.0;26.4;9.0;;11.4;False;2008043;euromillions.csv
2008-10-31;2004-2011 : 50 boules / 9 etoiles;VENDREDI;34;25;3;41;18;5;2;2;12;9;186;2001;2538;6934;80845;110607;104205;1189941;;561707;21415653.0;280367.9;106085.1;3666.5;227.2;125.3;65.5;28.6;19.3;19.1;9.1;;8.1;False;2008044;euromillions.csv
2008-11-07;2004-2011 : 50 boules / 9 etoiles;VENDREDI;9;1;17;12;18;3;4;1;7;17;126;2224;3653;5447;92036;138745;74887;1240259;;364295;15000000.0;419813.7;49056.1;4727.6;178.5;76.0;72.9;22.0;13.4;23.3;7.6;;11.0;False;2008045;euromillions.csv
2008-11-14;2004-2011 : 50 boules / 9 etoiles;VENDREDI;14;26;10;8;21;4;3;1;13;19;167;2653;3539;6029;96900;137076;75846;1220323;;355710;15000000.0;222050.8;43115.1;3503.7;147.0;77.1;64.7;20.5;13.3;22.6;7.6;;11.0;False;2008046;euromillions.csv
2008-11-21;2004-2011 : 50 boules / 9 etoiles;VENDREDI;50;49;21;9;14;8;3;0;9;15;102;1636;2457;4741;73506;111916;71452;1065834;;376015;0.0;314384.5;53530.3;5622.9;233.7;108.9;80.6;26.5;16.0;23.5;8.6;;10.2;False;2008047;euromillions.csv
2008-11-28;2004-2011 : 50 boules / 9 etoiles;VENDREDI;8;25;11;41;16;4;2;1;8;16;134;1936;3080;5854;84502;128020;83368;1132326;;399682;28044446.0;377066.0;53502.6;4563.1;210.5;92.6;69.6;24.6;14.9;21.5;8.6;;10.3;False;2008048;euromillions.csv
2008-12-05;2004-2011 : 50 boules / 9 etoiles;VENDREDI;35;8;21;45;4;5;8;1;18;12;199;2086;2577;6728;79836;104217;92947;1089479;;460542;15000000.0;157576.2;67076.3;2889.1;183.7;104.1;56.9;24.4;17.2;18.1;8.4;;8.4;False;2008049;euromillions.csv
2008-12-12;2004-2011 : 50 boules / 9 etoiles;VENDREDI;2;19;42;28;49;7;2;2;4;9;136;1400;2038;5414;65114;90171;77081;976491;;403578;7500000.0;713574.8;90000.4;4254.2;275.5;132.4;71.2;30.2;20.1;22.0;9.4;;9.6;False;2008050;euromillions.csv
2008-12-19;2004-2011 : 50 boules / 9 etoiles;VENDREDI;29;50;46;28;40;5;7;0;8;3;97;1042;1581;4757;57220;79444;82563;934460;;480511;0.0;356887.0;270076.7;5966.3;370.2;170.8;81.1;34.3;22.8;20.5;9.9;;8.1;False;2008051;euromillions.csv
2008-12-26;2004-2011 : 50 boules / 9 etoiles;VENDREDI;44;26;2;1;50;1;7;0;3;5;110;1573;2034;4302;68125;94736;63655;950205;;321976;0.0;906349.4;154324.3;5010.5;233.5;126.4;85.4;27.5;18.2;25.3;9.2;;11.5;False;2008052;euromillions.csv
2009-01-02;2004-2011 : 50 boules / 9 etoiles;VENDREDI;48;30;29;37;36;1;6;0;5;4;91;1116;1660;3806;55829;86517;63457;880120;;384756;0.0;632112.0;224228.9;7040.1;382.7;180.1;112.2;39.0;23.2;29.6;11.6;;11.2;False;2009001;euromillions.csv
2009-01-09;2004-2011 : 50 boules / 9 etoiles;VENDREDI;22;7;15;28;48;4;1;1;13;14;160;2398;3972;6104;102092;173783;84875;1407385;;441390;57199762.0;298391.2;78630.1;4914.3;218.5;92.3;85.8;26.1;14.1;27.1;8.9;;11.9;False;2009002;euromillions.csv
2009-01-16;2004-2011 : 50 boules / 9 etoiles;VENDREDI;50;22;17;3;49;3;6;1;6;7;135;1844;2764;5798;79329;117063;82425;1128557;;415396;15000000.0;493037.9;119928.1;4441.7;216.7;101.2;68.9;25.7;16.0;21.3;8.5;;9.7;False;2009003;euromillions.csv
2009-01-23;2004-2011 : 50 boules / 9 etoiles;VENDREDI;36;49;33;40;32;2;8;0;4;4;76;978;1490;4096;50594;78046;68987;814694;;411504;0.0;714738.7;202831.2;7625.2;395.0;181.5;94.3;38.9;23.2;24.6;11.3;;9.4;False;2009004;euromillions.csv
2009-01-30;2004-2011 : 50 boules / 9 etoiles;VENDREDI;4;34;35;46;29;5;8;1;2;9;74;1154;1665;4821;58860;83725;81443;965639;;471351;28407448.0;1550236.1;97762.6;8492.8;363.0;176.1;86.9;36.3;23.5;22.6;10.4;;8.9;False;2009005;euromillions.csv
2009-02-06;2004-2011 : 50 boules / 9 etoiles;VENDREDI;36;30;20;40;10;3;5;2;28;34;861;10139;14167;7417;78291;103921;93351;999508;;494880;7500000.0;101873.7;23808.3;671.5;38.0;19.0;51.9;25.1;17.4;18.1;9.2;;7.8;False;2009006;euromillions.csv
2009-02-13;2004-2011 : 50 boules / 9 etoiles;VENDREDI;33;36;40;22;42;1;2;0;3;13;72;1766;2827;4326;82367;123082;59617;1091568;;320721;0.0;1104098.9;72305.8;9325.1;253.4;110.8;103.4;27.7;17.0;33.0;9.8;;14.0;False;2009007;euromillions.csv
2009-02-20;2004-2011 : 50 boules / 9 etoiles;VENDREDI;13;48;9;12;14;1;2;0;3;4;100;1472;2346;4759;73297;116729;64822;1118869;;329241;0.0;1011119.5;215204.5;6148.7;278.4;122.3;86.1;28.5;16.5;27.8;8.7;;12.5;False;2009008;euromillions.csv
2009-02-27;2004-2011 : 50 boules / 9 etoiles;VENDREDI;9;44;5;37;45;9;6;0;6;8;109;1513;2354;4936;73760;113332;76172;1143451;;411656;0.0;575061.1;122394.7;6416.5;308.1;138.6;94.4;32.2;19.3;26.9;9.7;;11.4;False;2009009;euromillions.csv
2009-03-06;2004-2011 : 50 boules / 9 etoiles;VENDREDI;13;35;25;17;19;5;6;2;22;32;270;4375;5898;12788;198786;269960;174338;2744815;;882737;50000000.0;312279.8;60926.2;5157.7;212.2;110.1;72.5;23.8;16.1;23.4;8.1;;10.6;False;2009010;euromillions.csv
2009-03-13;2004-2011 : 50 boules / 9 etoiles;VENDREDI;36;42;26;12;24;1;4;0;14;25;147;2405;4332;5189;87532;144465;73712;1198984;;394979;0.0;264443.6;42025.0;5105.0;208.0;80.8;96.4;29.1;16.2;29.8;10.0;;12.7;False;2009011;euromillions.csv
2009-03-20;2004-2011 : 50 boules / 9 etoiles;VENDREDI;31;12;35;23;16;4;6;2;15;18;197;1990;2960;6799;78685;122493;90020;1093482;;455110;14858752.0;211330.7;49976.8;3261.7;215.2;101.3;63.0;27.7;16.4;20.9;9.4;;9.5;False;2009012;euromillions.csv
2009-03-27;2004-2011 : 50 boules / 9 etoiles;VENDREDI;25;42;36;33;38;6;7;0;4;10;95;1295;1935;3674;62647;91862;53877;945576;;299610;0.0;735110.1;83444.9;6274.0;306.8;143.7;108.1;32.3;20.3;32.4;10.0;;13.3;False;2009013;euromillions.csv
2009-04-03;2004-2011 : 50 boules / 9 etoiles;VENDREDI;46;24;32;20;2;1;9;0;3;7;92;1296;2333;4546;58977;103879;69790;874119;;397045;0.0;1025857.4;124766.4;6780.7;320.9;124.7;91.4;35.9;18.8;26.2;11.4;;10.5;False;2009014;euromillions.csv
2009-04-10;2004-2011 : 50 boules / 9 etoiles;VENDREDI;37;14;9;46;16;2;4;0;3;8;102;1417;1989;5004;71439;104512;79351;1090213;;436641;0.0;1077922.8;114711.3;6426.4;308.3;153.7;87.3;31.1;19.6;24.2;9.6;;10.1;False;2009015;euromillions.csv
2009-04-17;2004-2011 : 50 boules / 9 etoiles;VENDREDI;7;4;21;44;47;1;5;0;9;19;165;2100;3630;6793;96575;146369;98178;1405439;;509638;0.0;417239.6;56086.9;4613.2;241.6;97.8;74.7;26.7;16.2;22.7;8.6;;10.0;False;2009016;euromillions.csv
2009-04-24;2004-2011 : 50 boules / 9 etoiles;VENDREDI;21;4;24;14;41;5;8;0;13;12;211;2915;3996;9604;120590;171144;130798;1603214;;661753;0.0;328548.2;101006.3;4103.1;198.0;101.1;60.0;24.4;15.8;19.4;8.6;;8.8;False;2009017;euromillions.csv
2009-05-01;2004-2011 : 50 boules / 9 etoiles;VENDREDI;38;47;31;19;5;3;5;0;16;26;218;2818;3578;10368;119527;160853;158085;1782805;;871306;0.0;314080.9;54849.9;4672.6;240.9;132.8;65.4;28.9;19.8;18.9;9.1;;7.8;False;2009018;euromillions.csv
2009-05-08;2004-2011 : 50 boules / 9 etoiles;VENDREDI;4;29;23;31;24;9;8;1;17;25;190;3163;4985;8251;144895;232898;121508;2177349;;656639;126231764.0;374083.7;72188.0;6784.5;271.6;120.6;104.1;30.2;17.3;31.1;9.4;;13.2;False;2009019;euromillions.csv
2009-05-15;2004-2011 : 50 boules / 9 etoiles;VENDREDI;19;8;42;18;20;5;9;1;4;7;96;1480;2190;5383;75575;110535;81928;1128051;;450724;15000000.0;775956.8;125830.8;6553.6;283.4;134.0;77.9;28.3;17.8;22.5;8.9;;9.3;False;2009020;euromillions.csv
2009-05-22;2004-2011 : 50 boules / 9 etoiles;VENDREDI;43;4;14;33;13;6;1;0;7;9;121;1593;2633;5245;74341;125437;72468;1008571;;379735;0.0;421438.0;93020.1;4942.0;250.2;105.9;76.0;27.3;14.9;24.2;9.4;;10.6;False;2009021;euromillions.csv
2009-05-29;2004-2011 : 50 boules / 9 etoiles;VENDREDI;30;47;2;37;5;6;3;0;4;13;89;1166;1971;4138;59793;93500;67874;989169;;396924;0.0;774364.7;67616.0;7054.6;358.9;148.6;101.1;35.7;21.0;27.1;10.1;;10.6;False;2009022;euromillions.csv
2009-06-05;2004-2011 : 50 boules / 9 etoiles;VENDREDI;35;19;40;26;11;2;5;0;8;13;168;1964;2574;7576;86886;115156;108772;1268831;;569222;0.0;418126.3;73019.9;4035.9;230.1;122.9;59.6;26.5;18.4;18.2;8.5;;8.0;False;2009023;euromillions.csv
2009-06-12;2004-2011 : 50 boules / 9 etoiles;VENDREDI;50;14;6;16;34;6;4;2;10;8;194;1979;2865;7767;89827;134858;106785;1321273;;543229;29430608.0;370043.6;131265.4;3866.4;252.6;122.1;64.3;28.3;17.4;20.6;9.0;;9.2;False;2009024;euromillions.csv
2009-06-19;2004-2011 : 50 boules / 9 etoiles;VENDREDI;20;17;16;4;29;7;5;1;7;6;192;2138;2938;7745;89846;121135;103984;1192892;;529590;15000000.0;423964.2;140366.5;3133.1;187.5;95.5;51.7;22.7;15.5;16.9;8.0;;7.6;False;2009025;euromillions.csv
2009-06-26;2004-2011 : 50 boules / 9 etoiles;VENDREDI;21;6;11;39;30;8;2;0;10;18;176;2096;3226;6660;77160;127888;87912;1031709;;442275;0.0;288472.9;45479.9;3322.4;185.9;84.5;58.5;25.7;14.3;19.5;9.0;;8.9;False;2009026;euromillions.csv
2009-07-03;2004-2011 : 50 boules / 9 etoiles;VENDREDI;29;47;46;34;21;6;8;0;4;9;84;1213;1750;4073;62187;94256;61345;923233;;336125;0.0;753930.2;95090.3;7277.3;335.9;163.0;100.0;33.4;20.3;29.2;10.5;;12.2;False;2009027;euromillions.csv
2009-07-10;2004-2011 : 50 boules / 9 etoiles;VENDREDI;42;20;6;16;46;1;6;0;9;13;109;1568;2372;5975;73509;108482;78571;1034744;;410832;0.0;363989.3;71511.4;6092.0;282.3;130.6;74.0;30.7;19.1;24.7;10.2;;10.8;False;2009028;euromillions.csv
2009-07-17;2004-2011 : 50 boules / 9 etoiles;VENDREDI;17;50;8;2;32;3;7;1;9;13;205;2021;3139;8621;87074;135395;121749;1250408;;646515;57528118.0;393666.8;77342.0;3503.2;236.9;106.7;55.5;28.0;16.6;17.3;9.1;;7.4;False;2009029;euromillions.csv
2009-07-24;2004-2011 : 50 boules / 9 etoiles;VENDREDI;15;47;35;25;14;9;5;0;7;12;121;1533;1852;6718;79630;95561;79356;1016110;;424698;0.0;409166.4;67733.6;4798.1;252.4;146.2;57.6;24.7;19.0;21.4;9.1;;9.2;False;2009030;euromillions.csv
2009-07-31;2004-2011 : 50 boules / 9 etoiles;VENDREDI;26;9;20;21;5;6;3;0;12;13;139;2078;3177;6307;87731;134915;88143;1213269;;429221;0.0;250544.3;65631.1;4384.4;195.5;89.5;64.4;23.6;14.1;20.2;8.0;;9.5;False;2009031;euromillions.csv
2009-08-07;2004-2011 : 50 boules / 9 etoiles;VENDREDI;22;10;31;24;20;7;2;0;8;13;145;2399;3484;6659;93580;135200;90837;1231697;;459982;0.0;402868.6;70355.4;4505.5;181.5;87.5;65.4;23.7;15.1;21.0;8.4;;9.5;False;2009032;euromillions.csv
2009-08-14;2004-2011 : 50 boules / 9 etoiles;VENDREDI;30;5;8;49;24;9;3;0;10;13;128;1932;3072;5771;86143;133076;82460;1255434;;438337;0.0;356394.2;77799.1;5643.9;249.2;109.7;83.4;28.5;17.0;25.6;9.2;;11.0;False;2009033;euromillions.csv
2009-08-21;2004-2011 : 50 boules / 9 etoiles;VENDREDI;16;42;31;7;4;5;3;2;10;17;198;2743;3630;9932;110550;154606;139151;1568188;;732551;37570330.0;411410.2;68677.3;4211.8;202.6;107.2;55.9;25.6;16.9;17.5;8.5;;7.6;False;2009034;euromillions.csv
2009-08-28;2004-2011 : 50 boules / 9 etoiles;VENDREDI;37;41;49;36;8;7;5;0;8;5;73;1067;1552;4504;56610;78059;75315;898915;;477373;0.0;372985.4;169355.5;8285.4;377.9;181.8;89.5;36.3;24.2;23.5;10.7;;8.5;False;2009035;euromillions.csv
2009-09-04;2004-2011 : 50 boules / 9 etoiles;VENDREDI;20;39;6;9;38;9;3;0;6;6;126;1753;2448;5710;80281;116274;79865;1135417;;398093;0.0;520670.7;147757.9;5025.7;240.8;120.7;73.9;26.8;17.0;23.2;8.9;;10.7;False;2009036;euromillions.csv
2009-09-11;2004-2011 : 50 boules / 9 etoiles;VENDREDI;42;15;12;35;43;6;4;0;5;11;127;1467;2296;6114;71251;109985;92491;1089107;;491840;0.0;678345.7;87501.6;5413.4;312.4;139.7;74.9;32.8;19.5;21.8;10.1;;9.4;False;2009037;euromillions.csv
2009-09-18;2004-2011 : 50 boules / 9 etoiles;VENDREDI;30;16;41;38;6;2;4;1;11;19;212;3009;4764;9970;135433;205448;143801;1969577;;779964;100000000.0;545313.9;89592.8;5735.3;269.3;119.1;81.3;30.5;18.5;24.8;9.8;;10.4;False;2009038;euromillions.csv
2009-09-25;2004-2011 : 50 boules / 9 etoiles;VENDREDI;6;21;18;17;34;9;3;1;3;12;133;2061;3058;5652;86645;133940;78955;1187036;;407601;15000000.0;1051937.6;74630.7;4809.7;206.9;97.6;75.4;25.1;14.9;23.7;8.6;;10.5;False;2009039;euromillions.csv
2009-10-02;2004-2011 : 50 boules / 9 etoiles;VENDREDI;44;29;24;23;22;5;1;0;2;12;92;1385;1876;4850;70820;98939;77968;1113649;;448196;0.0;1561130.3;73837.2;6879.2;304.6;157.4;86.9;30.3;20.0;23.8;9.0;;9.5;False;2009040;euromillions.csv
2009-10-09;2004-2011 : 50 boules / 9 etoiles;VENDREDI;29;11;46;7;50;4;7;0;5;12;140;1999;2630;6307;86285;119593;90134;1204065;;448466;0.0;649417.8;76789.2;4701.3;219.5;116.7;69.5;25.9;17.2;21.4;8.7;;9.8;False;2009041;euromillions.csv
2009-10-16;2004-2011 : 50 boules / 9 etoiles;VENDREDI;23;30;31;47;12;3;4;0;7;4;126;1889;2706;5504;88775;123581;77885;1261030;;416406;0.0;502578.6;249591.4;5659.6;251.6;122.9;86.3;27.3;18.0;26.8;9.0;;11.5;False;2009042;euromillions.csv
2009-10-23;2004-2011 : 50 boules / 9 etoiles;VENDREDI;20;6;18;29;31;8;2;0;9;15;191;2372;3764;8236;95673;154285;112041;1313613;;578532;0.0;421893.4;71835.9;4029.6;216.3;95.4;62.3;27.3;15.6;20.1;9.3;;8.9;False;2009043;euromillions.csv
2009-10-30;2004-2011 : 50 boules / 9 etoiles;VENDREDI;35;9;33;38;40;6;2;0;6;17;170;2188;3095;7426;94434;143309;114987;1428357;;631541;0.0;726533.1;72768.8;5197.7;269.2;133.2;79.3;31.8;19.3;22.5;9.8;;9.4;False;2009044;euromillions.csv
2009-11-06;2004-2011 : 50 boules / 9 etoiles;VENDREDI;19;43;45;34;11;5;9;2;9;15;210;2811;4035;9374;123556;175436;140925;1823886;;764320;51099838.0;582616.0;99202.1;5061.3;252.0;122.9;75.5;29.2;18.9;22.1;9.3;;9.3;False;2009045;euromillions.csv
2009-11-13;2004-2011 : 50 boules / 9 etoiles;VENDREDI;15;25;32;26;13;4;3;1;10;14;151;2358;3213;6834;106213;146854;94893;1525553;;478868;16569317.0;383165.4;77668.6;5143.6;219.5;112.8;75.7;24.8;16.5;24.0;8.1;;10.9;False;2009046;euromillions.csv
2009-11-20;2004-2011 : 50 boules / 9 etoiles;VENDREDI;47;9;28;5;43;2;9;1;7;6;97;1462;2308;4938;73210;108475;71957;1104577;;377636;15000000.0;457717.1;151541.5;6695.5;296.1;131.3;87.6;30.1;18.7;26.4;9.4;;11.5;False;2009047;euromillions.csv
2009-11-27;2004-2011 : 50 boules / 9 etoiles;VENDREDI;33;15;13;5;8;8;9;0;11;17;112;3032;4438;4792;106891;170027;63256;1294194;;304099;0.0;286554.2;52618.4;5704.8;140.4;67.1;88.8;20.3;11.7;29.6;7.8;;14.1;False;2009048;euromillions.csv
2009-12-04;2004-2011 : 50 boules / 9 etoiles;VENDREDI;25;30;19;18;44;3;1;0;15;8;118;1442;2371;4738;74204;113980;71906;1117681;;387098;0.0;216936.8;115430.9;5589.8;304.9;129.8;92.8;30.2;18.1;26.9;9.4;;11.4;False;2009049;euromillions.csv
2009-12-11;2004-2011 : 50 boules / 9 etoiles;VENDREDI;41;43;44;46;20;2;9;0;4;8;67;1152;1802;3632;57352;87474;59410;909644;;370911;0.0;852556.9;120970.9;10317.3;400.0;179.0;126.8;40.9;24.7;34.1;12.1;;12.5;False;2009050;euromillions.csv
2009-12-18;2004-2011 : 50 boules / 9 etoiles;VENDREDI;49;30;35;32;14;8;3;1;3;11;115;1541;2422;5258;74412;111728;82249;1145864;;459962;59459744.0;1205678.4;93314.1;6375.5;317.1;141.2;92.9;33.5;20.5;26.1;10.2;;10.7;False;2009051;euromillions.csv
2009-12-25;2004-2011 : 50 boules / 9 etoiles;VENDREDI;4;17;5;34;14;5;3;0;5;5;200;1844;2286;8675;87869;112040;115269;1169900;;557441;0.0;565024.4;160344.7;2863.2;207.0;116.9;44.0;22.1;16.0;14.5;7.8;;6.9;False;2009052;euromillions.csv
2010-01-01;2004-2011 : 50 boules / 9 etoiles;VENDREDI;22;24;27;36;9;7;5;0;10;12;163;2037;2566;8286;95544;126208;112515;1271505;;567400;0.0;310160.0;73348.6;3857.0;205.7;114.3;50.5;22.3;15.6;16.3;7.9;;7.4;False;2010001;euromillions.csv
2010-01-08;2004-2011 : 50 boules / 9 etoiles;VENDREDI;44;5;14;4;46;9;8;0;4;6;76;1395;2184;4238;74062;119688;61054;1103097;;323374;0.0;840125.4;158942.6;8962.9;325.5;145.5;107.1;31.2;17.8;32.7;9.8;;14.1;False;2010002;euromillions.csv
2010-01-15;2004-2011 : 50 boules / 9 etoiles;VENDREDI;49;50;26;29;11;4;7;2;12;14;157;2773;3255;7815;91899;137239;96337;1316420;;503851;29703685.0;317258.4;77170.9;4915.3;185.5;110.6;65.8;28.5;17.6;23.4;9.3;;10.3;False;2010003;euromillions.csv
2010-01-22;2004-2011 : 50 boules / 9 etoiles;VENDREDI;4;44;27;22;36;9;7;0;4;10;112;1861;2936;4605;79655;120151;67650;1080181;;360355;0.0;770285.9;87437.8;5576.3;223.7;99.2;90.4;26.6;16.2;27.0;9.2;;11.6;False;2010004;euromillions.csv
2010-01-29;2004-2011 : 50 boules / 9 etoiles;VENDREDI;39;43;30;17;9;7;5;1;6;10;164;1912;2660;7449;83708;113369;106835;1200409;;581746;29242656.0;548935.6;93467.4;4070.8;232.7;117.1;59.7;27.1;18.4;18.3;8.8;;7.7;False;2010005;euromillions.csv
2010-02-05;2004-2011 : 50 boules / 9 etoiles;VENDREDI;46;38;34;35;39;3;4;0;17;17;186;2625;3850;8380;118860;176519;129953;1902863;;725556;0.0;362492.6;102869.5;6715.7;317.2;151.4;99.3;35.7;22.1;28.1;10.5;;11.5;False;2010006;euromillions.csv
2010-02-12;2004-2011 : 50 boules / 9 etoiles;VENDREDI;5;45;1;38;18;6;4;2;12;20;234;2942;4897;10700;140642;232284;172466;2195942;;959032;64809203.0;570771.3;97185.3;5933.1;314.6;132.3;86.5;33.5;18.7;23.6;10.1;;9.7;False;2010007;euromillions.csv
2010-02-19;2004-2011 : 50 boules / 9 etoiles;VENDREDI;37;12;38;31;43;3;2;0;4;12;91;1320;1937;3932;67780;94371;58422;1077085;;337273;0.0;836234.2;79103.2;7450.8;342.4;163.3;114.9;34.0;22.5;34.0;10.0;;13.5;False;2010008;euromillions.csv
2010-02-26;2004-2011 : 50 boules / 9 etoiles;VENDREDI;42;11;29;7;18;7;6;0;14;16;175;2998;3845;6032;112383;148360;79459;1429397;;387526;0.0;249964.7;62068.9;4053.4;157.7;86.0;78.3;21.4;14.9;26.1;7.9;;12.3;False;2010009;euromillions.csv
2010-03-05;2004-2011 : 50 boules / 9 etoiles;VENDREDI;19;18;49;12;43;9;3;1;8;10;130;1654;2518;5986;83248;121158;91387;1299098;;482338;46258004.0;466113.3;105820.3;5814.3;304.6;140.0;84.1;30.8;19.5;24.2;9.3;;10.5;False;2010010;euromillions.csv
2010-03-12;2004-2011 : 50 boules / 9 etoiles;VENDREDI;46;1;26;36;33;7;6;0;6;5;75;1306;1890;4284;66950;93248;58621;993455;;337382;0.0;538881.9;183511.1;8738.6;334.5;161.8;101.9;33.2;22.0;32.7;10.5;;13.0;False;2010011;euromillions.csv
2010-03-19;2004-2011 : 50 boules / 9 etoiles;VENDREDI;38;28;30;39;10;7;2;0;10;12;115;1616;2411;5353;77185;114795;82329;1154270;;444152;0.0;327278.6;77396.9;5768.7;273.6;128.4;82.6;29.2;18.1;23.6;9.1;;10.0;False;2010012;euromillions.csv
2010-03-26;2004-2011 : 50 boules / 9 etoiles;VENDREDI;18;37;8;16;43;2;6;1;6;12;107;1587;2415;5983;75630;116804;92372;1152219;;499861;44378829.0;586844.6;83268.4;6670.3;299.8;137.9;79.5;32.0;19.1;22.6;9.9;;9.6;False;2010013;euromillions.csv
2010-04-02;2004-2011 : 50 boules / 9 etoiles;VENDREDI;26;18;12;24;45;5;4;1;10;12;142;2138;2611;5363;89146;115039;73592;1196837;;376040;15000000.0;303894.5;71866.9;4338.0;192.0;110.0;76.5;23.4;16.7;24.5;8.2;;11.0;False;2010014;euromillions.csv
2010-04-09;2004-2011 : 50 boules / 9 etoiles;VENDREDI;44;23;24;21;7;3;4;0;6;5;126;1791;2537;5501;87456;124331;76160;1228496;;379820;0.0;504823.5;171912.8;4872.8;228.5;112.9;74.4;23.8;15.4;23.6;7.9;;10.8;False;2010015;euromillions.csv
2010-04-16;2004-2011 : 50 boules / 9 etoiles;VENDREDI;17;11;26;40;9;9;3;0;10;20;167;2469;3768;6817;97622;144157;89978;1271007;;434766;0.0;321166.3;45570.8;3898.2;175.7;80.6;63.6;22.6;14.1;21.2;8.1;;10.0;False;2010016;euromillions.csv
2010-04-23;2004-2011 : 50 boules / 9 etoiles;VENDREDI;46;3;7;8;43;6;8;0;4;9;95;1319;2101;4355;72970;114060;74340;1166523;;410669;0.0;856441.2;108019.6;7309.5;350.9;154.2;106.3;32.3;19.0;27.4;9.5;;11.3;False;2010017;euromillions.csv
2010-04-30;2004-2011 : 50 boules / 9 etoiles;VENDREDI;6;36;22;25;24;3;8;0;11;12;154;1918;2913;6421;96384;147469;94689;1365594;;512608;0.0;348880.3;90756.0;5051.3;270.3;124.6;80.7;27.4;16.5;24.0;9.1;;10.2;False;2010018;euromillions.csv
2010-05-07;2004-2011 : 50 boules / 9 etoiles;VENDREDI;15;21;6;3;32;7;9;0;9;25;209;2759;4740;7550;121843;194903;101710;1627783;;516927;0.0;475961.8;48625.2;4154.5;209.8;85.4;76.6;24.2;13.9;25.0;8.5;;11.3;False;2010019;euromillions.csv
2010-05-14;2004-2011 : 50 boules / 9 etoiles;VENDREDI;17;31;43;47;1;3;2;1;14;22;135;2268;3214;5756;103596;148842;93873;1618776;;520787;100037101.0;350432.8;63284.5;7366.4;292.3;144.3;115.1;32.6;20.9;31.0;9.8;;12.8;False;2010020;euromillions.csv
2010-05-21;2004-2011 : 50 boules / 9 etoiles;VENDREDI;38;19;50;7;30;4;7;1;8;15;142;1905;2577;5975;82019;115659;86699;1162955;;437444;15000000.0;386026.8;58425.6;4408.3;219.0;113.3;69.8;25.9;16.9;21.1;8.6;;9.6;False;2010021;euromillions.csv
2010-05-28;2004-2011 : 50 boules / 9 etoiles;VENDREDI;9;31;32;33;4;3;7;1;8;5;93;1189;1993;5666;63784;96204;104351;1052174;;593428;15000000.0;382338.7;173602.4;6666.7;347.6;145.1;72.9;33.0;20.1;17.4;9.4;;7.0;False;2010022;euromillions.csv
2010-06-04;2004-2011 : 50 boules / 9 etoiles;VENDREDI;34;42;17;40;4;9;4;1;7;11;103;1309;2118;4599;62917;101022;68582;944995;;368681;15000000.0;422541.0;76306.5;5820.8;305.3;132.1;86.9;32.3;18.5;25.6;10.1;;10.9;False;2010023;euromillions.csv
2010-06-11;2004-2011 : 50 boules / 9 etoiles;VENDREDI;44;2;36;22;24;2;1;1;8;9;102;1772;2652;3950;73447;111469;58565;1017350;;310071;15000000.0;371744.4;93773.3;5910.0;226.7;106.0;101.7;27.9;16.9;30.1;9.4;;13.0;False;2010024;euromillions.csv
2010-06-18;2004-2011 : 50 boules / 9 etoiles;VENDREDI;2;29;31;38;32;4;1;0;0;5;66;959;1443;3573;52440;84541;54653;864737;;305521;0.0;0.0;744549.1;8906.0;408.6;190.0;109.6;38.1;21.7;31.5;10.8;;12.9;False;2010025;euromillions.csv
2010-06-25;2004-2011 : 50 boules / 9 etoiles;VENDREDI;18;1;8;28;31;9;8;1;8;13;117;2320;3193;4939;89363;126397;58872;1082000;;297573;27989077.0;375465.4;65569.8;5203.9;174.9;88.9;82.1;23.1;15.0;30.3;9.0;;13.7;False;2010026;euromillions.csv
2010-07-02;2004-2011 : 50 boules / 9 etoiles;VENDREDI;46;41;36;13;12;8;1;0;2;3;64;1074;1744;3323;51460;86182;52136;845300;;295603;0.0;1417999.5;268270.1;8982.2;356.8;153.8;115.3;37.9;20.9;32.3;10.8;;13.0;False;2010027;euromillions.csv
2010-07-09;2004-2011 : 50 boules / 9 etoiles;VENDREDI;37;9;49;24;39;3;9;0;6;2;132;1709;2214;6297;75411;100786;78800;1018412;;402966;0.0;503039.1;428263.0;4634.8;238.6;128.9;64.7;27.5;19.0;22.7;9.6;;10.2;False;2010028;euromillions.csv
2010-07-16;2004-2011 : 50 boules / 9 etoiles;VENDREDI;49;46;45;39;38;7;8;1;13;13;77;1424;2006;3993;58356;86816;58220;945822;;316227;42218533.0;252003.8;71514.6;8624.2;310.8;154.4;110.8;38.6;23.9;33.4;11.2;;14.1;False;2010029;euromillions.csv
2010-07-23;2004-2011 : 50 boules / 9 etoiles;VENDREDI;4;13;37;35;46;9;3;0;6;3;80;1395;1969;4147;59117;88658;64460;925480;;372827;0.0;478945.4;271833.9;7281.2;278.3;138.0;93.6;33.5;20.5;26.5;10.0;;10.5;False;2010030;euromillions.csv
2010-07-30;2004-2011 : 50 boules / 9 etoiles;VENDREDI;39;11;3;4;28;8;2;1;4;11;166;1740;2788;7022;77801;126578;95496;1094767;;469259;28092206.0;756893.1;78106.9;3696.9;235.1;102.7;58.2;26.8;15.1;18.8;8.9;;8.8;False;2010031;euromillions.csv
2010-08-06;2004-2011 : 50 boules / 9 etoiles;VENDREDI;42;28;13;29;25;4;5;1;3;6;104;1662;2073;4835;78942;102211;68740;1128890;;354588;15000000.0;951968.7;135076.6;5566.3;232.2;130.3;79.8;24.9;17.7;24.7;8.2;;10.9;False;2010032;euromillions.csv
2010-08-13;2004-2011 : 50 boules / 9 etoiles;VENDREDI;15;9;47;21;4;7;2;3;18;19;177;2079;3052;7099;93584;136680;95373;1283057;;484186;5000000.0;183775.1;49407.5;3788.3;215.0;102.5;62.9;24.3;15.3;20.6;8.3;;9.3;False;2010033;euromillions.csv
2010-08-20;2004-2011 : 50 boules / 9 etoiles;VENDREDI;27;31;5;42;40;6;1;1;4;7;100;1160;2058;4310;56756;97891;66187;861493;;345286;15000000.0;691608.5;112152.7;5607.6;322.2;127.1;86.7;33.5;17.9;24.8;10.4;;10.9;False;2010034;euromillions.csv
2010-08-27;2004-2011 : 50 boules / 9 etoiles;VENDREDI;13;6;30;1;49;1;9;2;7;10;215;1768;2680;7583;74100;113445;87230;961703;;397893;7500000.0;400155.9;79490.4;2640.8;214.0;98.8;49.9;26.0;15.6;19.0;9.4;;9.6;False;2010035;euromillions.csv
2010-09-03;2004-2011 : 50 boules / 9 etoiles;VENDREDI;24;49;47;26;13;4;8;1;11;10;106;1357;2223;4781;61922;101153;68243;920843;;369181;15000000.0;259300.1;80943.6;5454.4;284.0;121.3;80.6;31.7;17.9;24.8;10.0;;10.5;False;2010036;euromillions.csv
2010-09-10;2004-2011 : 50 boules / 9 etoiles;VENDREDI;35;41;21;45;17;5;1;1;6;13;251;1746;2411;4872;71641;99911;71685;1011903;;367203;15000000.0;480062.0;62877.1;2326.1;222.9;113.0;79.8;27.7;18.3;23.8;9.2;;10.7;False;2010037;euromillions.csv
2010-09-17;2004-2011 : 50 boules / 9 etoiles;VENDREDI;50;27;38;17;29;3;1;0;5;14;90;1714;2675;4232;72168;112263;60883;1014526;;323625;0.0;557300.9;56483.2;6275.9;219.6;98.5;88.9;26.6;15.7;27.2;8.9;;11.7;False;2010038;euromillions.csv
2010-09-24;2004-2011 : 50 boules / 9 etoiles;VENDREDI;1;16;48;4;40;1;9;2;5;5;124;1257;2093;5266;63390;104774;82966;965680;;440024;14337323.0;632452.3;179479.7;5169.3;339.9;142.9;81.1;34.3;19.1;22.6;10.6;;9.8;False;2010039;euromillions.csv
2010-10-01;2004-2011 : 50 boules / 9 etoiles;VENDREDI;4;27;6;48;1;1;6;0;16;18;389;4470;6591;14343;171491;243776;168704;2195498;;788968;0.0;392669.4;99051.7;3273.8;189.9;90.1;59.1;25.2;16.3;22.1;9.2;;10.8;False;2010040;euromillions.csv
2010-10-08;2004-2011 : 50 boules / 9 etoiles;VENDREDI;46;35;39;30;9;6;8;1;9;19;208;3048;4702;10046;146482;231075;146825;2206850;;803206;129818431.0;766168.0;102991.2;6719.8;305.7;138.7;92.7;32.4;18.9;27.9;10.1;;11.7;False;2010041;euromillions.csv
2010-10-15;2004-2011 : 50 boules / 9 etoiles;VENDREDI;38;31;2;36;43;7;3;0;7;7;103;1242;1720;5600;59147;86437;91805;947104;;573970;0.0;464143.5;131716.4;6394.0;353.5;178.6;78.4;37.8;23.8;21.0;11.1;;7.7;False;2010042;euromillions.csv
2010-10-22;2004-2011 : 50 boules / 9 etoiles;VENDREDI;39;5;11;9;4;3;5;2;13;14;220;2725;3285;10261;112719;143643;139913;1462874;;657783;14710590.0;256530.5;67599.2;3072.6;165.3;96.0;43.9;20.3;14.7;14.1;7.3;;6.9;False;2010043;euromillions.csv
2010-10-29;2004-2011 : 50 boules / 9 etoiles;VENDREDI;32;22;16;42;20;8;9;0;5;10;75;1584;2611;3844;72958;119764;54674;1025569;;293543;0.0;621600.2;88200.0;8400.0;265.1;112.6;109.2;29.3;16.4;33.8;9.8;;14.4;False;2010044;euromillions.csv
2010-11-05;2004-2011 : 50 boules / 9 etoiles;VENDREDI;21;23;33;50;40;5;4;1;5;13;146;2070;2587;5625;89283;115235;77905;1270561;;395996;29087861.0;651563.5;71116.6;4523.0;212.6;119.1;78.2;25.1;17.9;24.8;8.3;;11.2;False;2010045;euromillions.csv
2010-11-12;2004-2011 : 50 boules / 9 etoiles;VENDREDI;23;47;7;19;29;6;1;0;10;16;157;2242;4376;6959;97473;174923;95232;1334200;;476961;0.0;373261.3;66203.4;4819.1;224.9;80.6;72.4;26.3;13.5;23.3;9.0;;10.6;False;2010046;euromillions.csv
2010-11-19;2004-2011 : 50 boules / 9 etoiles;VENDREDI;36;12;15;45;32;9;7;0;22;18;106;1763;2874;4903;76947;117165;73615;1109521;;386014;0.0;148025.1;51342.0;6227.4;249.6;107.1;89.7;29.1;17.6;26.3;9.5;;11.5;False;2010047;euromillions.csv
2010-11-26;2004-2011 : 50 boules / 9 etoiles;VENDREDI;9;41;36;49;28;7;5;1;8;10;132;1664;2379;6717;76311;106847;101747;1180008;;579066;45322973.0;436471.3;99090.7;5362.0;283.5;138.8;70.2;31.5;20.7;20.4;9.5;;8.2;False;2010048;euromillions.csv
2010-12-03;2004-2011 : 50 boules / 9 etoiles;VENDREDI;28;32;46;8;19;4;7;0;4;12;140;1839;2769;5434;76211;115331;75241;1052275;;401078;0.0;756149.4;71527.6;4379.2;222.2;103.3;75.2;27.3;16.6;23.9;9.3;;10.2;False;2010049;euromillions.csv
2010-12-10;2004-2011 : 50 boules / 9 etoiles;VENDREDI;46;2;10;3;33;8;7;0;4;8;82;1492;2306;3898;72998;112168;60294;1127365;;323112;0.0;792483.3;112446.9;7836.0;287.1;130.0;109.8;29.9;17.9;31.2;9.1;;13.3;False;2010050;euromillions.csv
2010-12-17;2004-2011 : 50 boules / 9 etoiles;VENDREDI;3;35;29;42;20;3;8;1;7;13;119;1545;2261;5663;76015;109798;85363;1171514;;471696;43677118.0;494521.4;75566.1;5896.5;302.7;144.8;82.6;31.3;20.0;24.1;9.5;;10.0;False;2010051;euromillions.csv
2010-12-24;2004-2011 : 50 boules / 9 etoiles;VENDREDI;46;19;42;36;38;8;2;1;8;10;177;2034;3261;7770;93879;149944;109816;1360527;;612841;19106757.0;552304.6;125388.0;5060.0;293.5;128.1;76.8;32.4;18.7;23.9;10.5;;9.8;False;2010052;euromillions.csv
2010-12-31;2004-2011 : 50 boules / 9 etoiles;VENDREDI;2;24;43;38;34;1;7;1;7;12;89;1420;2290;4561;71884;111469;69038;1082414;;394001;15338239.0;506709.6;83880.9;8078.4;337.5;146.5;105.0;34.0;20.2;30.5;10.6;;12.2;False;2010053;euromillions.csv
2011-01-07;2004-2011 : 50 boules / 9 etoiles;VENDREDI;32;22;1;48;50;7;6;1;8;29;84;1786;2733;4142;69644;106931;58510;1009468;;317067;15000000.0;377886.9;29582.9;7295.1;228.7;104.6;98.6;29.9;17.9;30.7;9.7;;13.0;False;2011001;euromillions.csv
2011-01-14;2004-2011 : 50 boules / 9 etoiles;VENDREDI;44;2;24;14;39;7;6;0;8;9;84;1584;2483;4006;72932;113041;59987;1046185;;328687;0.0;384523.2;96996.8;7423.2;262.4;117.1;103.7;29.0;17.2;30.4;9.5;;12.7;False;2011002;euromillions.csv
2011-01-21;2004-2011 : 50 boules / 9 etoiles;VENDREDI;21;11;13;3;18;5;4;2;17;30;183;3721;5003;7318;127320;173266;91338;1519303;;419668;14502127.0;190499.0;30634.3;3587.1;117.6;61.2;59.8;17.5;11.8;21.0;6.9;;10.5;False;2011003;euromillions.csv
2011-01-28;2004-2011 : 50 boules / 9 etoiles;VENDREDI;41;24;23;42;13;5;1;0;11;8;94;1381;2082;4976;71563;103971;77515;1113563;;410204;0.0;280808.0;109572.0;6660.9;302.2;140.3;83.8;29.7;18.8;23.6;8.9;;10.2;False;2011004;euromillions.csv
2011-02-04;2004-2011 : 50 boules / 9 etoiles;VENDREDI;47;35;11;2;24;5;9;5;10;14;115;1684;2557;5790;75466;109636;85680;1119080;;460576;5789546.0;322541.2;65379.9;5685.2;258.8;119.3;75.2;29.4;18.6;22.3;9.3;;9.5;False;2011005;euromillions.csv
2011-02-11;2004-2011 : 50 boules / 9 etoiles;VENDREDI;15;14;12;19;23;7;8;0;13;8;131;2224;3522;5096;90858;139090;67292;1269935;;332311;0.0;235458.6;108581.4;4736.3;185.9;82.2;81.1;23.2;13.9;27.0;7.8;;12.5;False;2011006;euromillions.csv
2011-02-18;2004-2011 : 50 boules / 9 etoiles;VENDREDI;45;3;49;15;2;9;5;0;6;9;95;1266;1792;5369;70750;97771;84891;1108449;;460162;0.0;522978.5;98941.8;6695.3;334.9;165.6;78.9;30.5;20.3;21.9;9.1;;9.3;False;2011007;euromillions.csv
2011-02-25;2004-2011 : 50 boules / 9 etoiles;VENDREDI;42;45;13;48;12;3;9;0;6;8;100;1489;2369;5108;73560;109900;84797;1195253;;472558;0.0;597356.1;127139.9;7265.1;325.2;143.1;94.8;33.5;20.7;25.1;9.7;;10.3;False;2011008;euromillions.csv
2011-03-04;2004-2011 : 50 boules / 9 etoiles;VENDREDI;28;41;25;11;27;8;5;0;12;10;186;2087;3032;8636;107155;150578;127317;1557991;;656444;0.0;343656.8;117029.0;4494.2;267.0;128.6;64.5;26.5;17.3;19.2;8.5;;8.5;False;2011009;euromillions.csv
2011-03-11;2004-2011 : 50 boules / 9 etoiles;VENDREDI;17;24;37;19;46;2;7;0;12;12;180;2392;3413;8718;116999;163671;130278;1730933;;684868;0.0;402152.9;114124.4;5434.4;272.6;133.7;74.8;28.4;18.7;22.0;9.0;;9.6;False;2011010;euromillions.csv
2011-03-18;2004-2011 : 50 boules / 9 etoiles;VENDREDI;50;13;26;1;20;7;6;0;16;29;188;3552;5393;9036;148679;223159;129129;2067450;;654937;0.0;357011.5;55897.4;6158.9;217.3;100.1;85.4;26.4;16.2;26.3;8.9;;11.9;False;2011011;euromillions.csv
2011-03-25;2004-2011 : 50 boules / 9 etoiles;VENDREDI;12;21;6;33;27;7;3;2;18;34;553;5400;8095;20868;205538;303705;276291;2796521;;1316260;69105267.0;394918.0;59331.8;2605.6;177.8;83.0;46.0;23.8;14.8;15.2;8.2;;7.3;False;2011012;euromillions.csv
2011-04-01;2004-2011 : 50 boules / 9 etoiles;VENDREDI;17;33;22;21;4;4;8;1;8;22;198;2576;4084;8084;104845;167608;103548;1344193;;480101;15000000.0;429383.2;44309.8;3516.6;180.2;79.5;57.4;22.5;13.0;19.7;8.2;;9.7;False;2011013;euromillions.csv
2011-04-08;2004-2011 : 50 boules / 9 etoiles;VENDREDI;21;47;23;38;50;6;2;0;6;9;111;1455;2448;5213;68332;110756;78779;1024268;;442333;0.0;534915.3;101200.2;5861.0;298.0;124.0;83.1;32.3;18.4;24.2;10.1;;9.9;False;2011014;euromillions.csv
2011-04-15;2004-2011 : 50 boules / 9 etoiles;VENDREDI;4;41;6;21;39;2;6;0;14;17;135;1616;2363;6156;76912;117628;92943;1140588;;483190;0.0;236473.8;55264.9;4970.9;276.8;132.5;72.6;29.6;17.8;21.1;9.4;;9.3;False;2011015;euromillions.csv
2011-04-22;2004-2011 : 50 boules / 9 etoiles;VENDREDI;22;45;48;11;36;1;4;1;9;8;91;1662;2765;4308;70957;117834;65123;1040049;;355360;43415570.0;362274.0;115658.4;7262.6;265.1;111.5;102.2;31.6;17.5;29.7;10.1;;12.5;False;2011016;euromillions.csv
2011-04-29;2004-2011 : 50 boules / 9 etoiles;VENDREDI;38;40;25;15;41;1;2;0;3;3;79;1311;2108;3539;61501;99477;51723;925416;;288344;0.0;999137.5;283539.0;7690.9;308.9;134.5;114.4;33.5;19.1;34.4;10.5;;14.1;False;2011017;euromillions.csv
2011-05-06;2004-2011 : 50 boules / 9 etoiles;VENDREDI;28;16;20;22;11;4;9;1;14;19;149;2244;3810;6446;93092;152321;84572;1191381;;410991;28772008.0;227484.0;47567.7;4332.6;191.7;79.0;66.7;23.5;13.2;22.3;8.6;;10.5;False;2011018;euromillions.csv
2011-05-10;2011-2016 : 50 boules / 11 etoiles;MARDI;28;3;45;10;15;7;5;0;13;8;147;1866;3011;6098;78180;128824;80605;1043164;1735300;393868;0.0;148318.8;80339.3;2186.1;150.6;93.3;32.9;11.3;11.5;11.4;6.7;4.1;6.6;False;2011019;euromillions_2.csv
2011-05-13;2011-2016 : 50 boules / 11 etoiles;VENDREDI;17;47;11;36;9;2;1;1;8;23;98;2206;4576;4832;104762;206297;71595;1536402;2994911;377313;121019633.0;394118.1;45694.8;5362.1;208.4;100.4;67.9;13.7;11.7;21.1;7.5;3.9;11.3;False;2011020;euromillions_2.csv
2011-05-17;2011-2016 : 50 boules / 11 etoiles;MARDI;37;20;21;45;46;3;2;0;3;6;28;516;928;1222;25592;46509;19475;431141;752029;114091;0.0;331137.3;55189.5;5913.1;280.7;156.1;84.6;17.7;16.4;24.4;8.4;4.9;11.7;False;2011021;euromillions_2.csv
2011-05-20;2011-2016 : 50 boules / 11 etoiles;VENDREDI;42;25;10;20;14;8;11;1;8;13;44;1102;2889;1887;52749;137334;28998;754868;1913954;154697;27642654.0;237049.7;48625.5;7183.3;250.9;95.7;104.6;16.4;10.6;31.3;9.2;3.7;16.6;False;2011022;euromillions_2.csv
2011-05-24;2011-2016 : 50 boules / 11 etoiles;MARDI;16;23;24;29;26;2;9;0;6;4;26;793;1338;1872;32259;59330;26799;458386;841958;139470;0.0;153266.3;76633.1;5894.8;169.1;100.2;51.1;13.0;11.9;16.4;7.3;4.0;8.9;False;2011023;euromillions_2.csv
2011-05-27;2011-2016 : 50 boules / 11 etoiles;VENDREDI;28;9;49;25;17;9;8;0;8;15;80;2025;3309;3164;76252;132418;43918;988185;1736964;216543;0.0;231416.9;41140.7;3856.9;133.3;81.5;60.9;11.1;10.7;20.1;6.8;3.9;11.5;False;2011024;euromillions_2.csv
2011-05-31;2011-2016 : 50 boules / 11 etoiles;MARDI;22;9;10;50;1;11;5;0;9;7;59;1039;2169;1571;38430;81421;20379;488982;1039202;98506;0.0;109291.6;46839.2;2778.6;138.0;66.1;65.2;11.7;9.3;23.1;7.3;3.5;13.5;False;2011025;euromillions_2.csv
2011-06-03;2011-2016 : 50 boules / 11 etoiles;VENDREDI;49;40;50;39;4;2;5;0;5;9;53;1058;2062;3034;49133;90078;50485;800377;1410613;311196;0.0;374475.4;69347.3;5887.9;258.0;132.4;64.2;17.4;16.0;17.7;8.5;4.9;8.1;False;2011026;euromillions_2.csv
2011-06-07;2011-2016 : 50 boules / 11 etoiles;MARDI;25;38;40;6;36;10;4;0;3;6;39;673;1544;1440;31440;74036;21179;471801;1104576;115335;0.0;421131.9;70188.6;5399.1;273.7;119.3;91.3;18.4;13.1;28.5;9.8;4.2;14.8;False;2011027;euromillions_2.csv
2011-06-10;2011-2016 : 50 boules / 11 etoiles;VENDREDI;37;20;3;48;19;8;11;0;5;13;45;1197;2698;2341;54046;129707;33962;805638;1972962;183795;0.0;420727.5;53939.4;7791.2;256.2;113.7;93.6;17.8;12.5;29.6;9.5;3.9;15.4;False;2011028;euromillions_2.csv
2011-06-14;2011-2016 : 50 boules / 11 etoiles;MARDI;41;19;48;5;12;8;10;0;8;6;35;728;1851;1394;35028;84076;20658;503519;1226170;108954;0.0;155392.2;69063.2;5919.7;249.0;97.9;92.8;16.2;11.3;28.8;9.0;3.8;15.4;False;2011029;euromillions_2.csv
2011-06-17;2011-2016 : 50 boules / 11 etoiles;VENDREDI;11;22;21;16;44;8;3;0;10;13;115;2041;3757;5614;92240;174791;78702;1230833;2248727;403269;0.0;233582.6;59892.9;3385.2;166.8;90.6;43.3;11.6;10.3;14.2;6.9;3.8;7.8;False;2011030;euromillions_2.csv
2011-06-21;2011-2016 : 50 boules / 11 etoiles;MARDI;49;50;20;17;35;4;3;0;3;9;39;1016;2010;2337;46139;90669;35726;707015;1352892;199271;0.0;531965.3;59107.2;6820.0;229.0;115.7;71.1;15.8;13.5;21.4;8.2;4.4;10.8;False;2011031;euromillions_2.csv
2011-06-24;2011-2016 : 50 boules / 11 etoiles;VENDREDI;41;20;5;30;16;11;6;0;3;33;88;1747;4157;3363;74900;177013;46518;1062900;2521874;244222;0.0;879080.2;26638.7;4994.7;220.1;92.5;81.6;16.1;11.4;27.1;9.0;3.9;14.6;False;2011032;euromillions_2.csv
2011-06-28;2011-2016 : 50 boules / 11 etoiles;MARDI;16;15;44;30;50;3;2;0;5;9;51;1157;2395;2756;58513;112005;44000;929074;1710076;240973;0.0;403697.2;74758.7;6596.3;254.4;122.9;76.2;15.8;13.8;21.9;7.9;4.4;11.3;False;2011033;euromillions_2.csv
2011-07-01;2011-2016 : 50 boules / 11 etoiles;VENDREDI;11;23;31;8;46;9;8;0;14;28;127;3005;5449;5484;125868;225655;78083;1709693;3121665;404262;0.0;241233.5;40205.5;4432.1;163.8;90.3;64.1;12.2;11.5;20.7;7.2;4.0;11.3;False;2011034;euromillions_2.csv
2011-07-05;2011-2016 : 50 boules / 11 etoiles;MARDI;28;47;29;11;49;5;1;0;9;14;103;1939;3856;5083;93907;178456;77153;1411536;2636492;416590;0.0;330571.2;70836.6;4814.1;223.7;112.5;60.9;14.5;12.8;18.4;7.7;4.2;9.6;False;2011035;euromillions_2.csv
2011-07-08;2011-2016 : 50 boules / 11 etoiles;VENDREDI;12;13;40;49;23;7;10;0;6;24;142;2847;6375;6526;141269;299580;94792;2104930;4463502;502744;0.0;4576070.5;64747.5;5471.6;238.7;106.6;74.4;15.1;11.9;23.5;8.1;3.9;12.5;False;2011036;euromillions_2.csv
2011-07-12;2011-2016 : 50 boules / 11 etoiles;MARDI;19;17;42;45;38;9;10;1;11;15;116;2247;5100;4534;100310;224075;63155;1454004;3226558;332005;185000000.0;2435037.1;77638.8;5019.7;226.7;99.9;80.2;15.9;12.0;26.5;8.8;4.0;14.2;False;2011037;euromillions_2.csv
2011-07-15;2011-2016 : 50 boules / 11 etoiles;VENDREDI;26;6;33;39;34;3;4;0;5;7;64;1150;2107;2984;56254;101228;47336;908269;1607981;259248;0.0;400422.9;95338.7;5213.8;253.8;138.5;69.8;16.3;15.2;20.2;8.0;4.6;10.4;False;2011038;euromillions_2.csv
2011-07-19;2011-2016 : 50 boules / 11 etoiles;MARDI;16;3;25;35;26;5;9;1;3;6;66;1015;1768;2856;41601;74780;41359;611968;1036445;217100;23148546.0;407427.2;67904.5;3086.5;175.6;100.8;44.5;13.4;12.5;14.1;7.3;4.4;7.6;False;2011039;euromillions_2.csv
2011-07-22;2011-2016 : 50 boules / 11 etoiles;VENDREDI;4;50;15;49;23;2;6;2;11;10;86;1372;2617;4052;62905;117193;58613;860159;1686250;309635;7500000.0;166539.4;61064.4;3550.2;194.7;102.0;47.0;13.3;12.0;14.9;7.8;4.0;8.0;False;2011040;euromillions_2.csv
2011-07-26;2011-2016 : 50 boules / 11 etoiles;MARDI;5;1;25;48;22;11;3;0;2;8;28;680;1778;1315;32566;74841;18431;470946;1060709;95406;0.0;531993.8;44332.8;6333.2;228.1;87.2;84.2;14.9;10.9;27.6;8.2;3.7;15.1;False;2011041;euromillions_2.csv
2011-07-29;2011-2016 : 50 boules / 11 etoiles;VENDREDI;37;38;19;27;12;5;10;1;3;11;63;1697;3613;2711;64832;139437;36478;857271;1846202;182811;27315669.0;615783.4;55980.3;4887.1;158.7;74.5;70.9;13.0;10.2;24.2;7.9;3.7;13.6;False;2011042;euromillions_2.csv
2011-08-02;2011-2016 : 50 boules / 11 etoiles;MARDI;8;33;14;24;5;8;3;0;1;4;77;1110;1705;2914;42511;70711;38671;563187;969742;181408;0.0;1026317.2;85526.4;2221.4;134.8;87.7;36.6;11.0;11.1;12.7;6.6;3.9;7.6;False;2011043;euromillions_2.csv
2011-08-05;2011-2016 : 50 boules / 11 etoiles;VENDREDI;34;32;18;14;13;1;10;0;2;13;35;968;2526;1881;45404;120447;27119;677485;1831786;142706;0.0;888541.6;45566.2;8462.3;267.7;102.5;98.4;17.9;11.3;31.3;9.6;3.6;16.8;False;2011044;euromillions_2.csv
2011-08-09;2011-2016 : 50 boules / 11 etoiles;MARDI;36;24;34;7;23;11;8;0;0;4;34;632;1566;1272;30610;75273;19628;453097;1110695;104199;0.0;0.0;365547.2;5375.6;253.0;102.1;89.8;16.4;11.2;26.7;8.8;3.7;14.2;False;2011045;euromillions_2.csv
2011-08-12;2011-2016 : 50 boules / 11 etoiles;VENDREDI;7;20;37;10;27;7;4;0;6;14;154;2097;2988;6212;88824;130041;73070;1033896;1741439;337745;0.0;306870.2;43838.6;1992.6;128.0;89.8;30.8;9.5;10.9;12.0;6.5;3.9;7.3;False;2011046;euromillions_2.csv
2011-08-16;2011-2016 : 50 boules / 11 etoiles;MARDI;45;18;1;13;17;8;3;0;1;7;53;781;1417;2298;37481;69207;35925;553953;1011067;190898;0.0;1094006.8;52095.5;3440.2;204.2;112.5;49.5;13.3;12.1;14.5;7.2;4.0;7.7;False;2011047;euromillions_2.csv
2011-08-19;2011-2016 : 50 boules / 11 etoiles;VENDREDI;16;6;31;28;14;11;2;0;6;17;47;1519;3940;2403;61536;148326;33780;820946;1940208;175708;0.0;319085.3;37539.4;6789.0;183.8;70.8;82.9;14.2;9.9;27.1;8.5;3.7;14.7;False;2011048;euromillions_2.csv
2011-08-23;2011-2016 : 50 boules / 11 etoiles;MARDI;42;50;6;14;4;2;4;0;4;1;41;752;1348;2472;38409;71427;34675;589084;1101310;178362;0.0;313284.6;417712.8;5094.0;243.0;135.5;52.8;14.9;13.5;17.3;7.7;4.2;9.5;False;2011049;euromillions_2.csv
2011-08-26;2011-2016 : 50 boules / 11 etoiles;VENDREDI;25;45;22;33;12;5;7;0;16;17;219;2513;3959;7849;90189;141165;99416;1178511;1887104;469751;0.0;133252.5;41804.7;1622.5;123.7;78.5;28.2;10.8;11.6;10.2;6.6;4.2;6.1;False;2011050;euromillions_2.csv
2011-08-30;2011-2016 : 50 boules / 11 etoiles;MARDI;46;8;2;10;19;5;9;0;4;8;70;1241;2316;3345;54111;97087;46532;728815;1279738;247538;0.0;354815.3;59135.8;3379.1;166.7;89.3;44.1;12.0;11.2;14.6;7.1;4.1;7.7;False;2011051;euromillions_2.csv
2011-09-02;2011-2016 : 50 boules / 11 etoiles;VENDREDI;37;12;26;38;44;4;7;0;7;17;112;1857;3232;5315;81463;149386;76181;1171123;2144044;410505;0.0;367987.1;50508.0;3833.1;202.2;116.2;50.4;14.4;13.2;16.2;8.0;4.5;8.4;False;2011052;euromillions_2.csv
2011-09-06;2011-2016 : 50 boules / 11 etoiles;MARDI;42;35;50;48;47;9;8;0;6;10;75;999;1880;2838;47146;87740;36114;710704;1314112;196107;0.0;294498.6;58899.7;3926.6;257.9;137.0;64.8;17.1;15.5;23.4;9.1;5.0;12.2;False;2011053;euromillions_2.csv
2011-09-09;2011-2016 : 50 boules / 11 etoiles;VENDREDI;21;5;34;31;28;2;1;0;5;6;91;1992;3903;4580;94359;188996;68436;1411915;2788409;359818;0.0;596813.8;165781.6;5465.3;218.4;111.4;67.8;14.4;12.1;20.8;7.7;4.0;11.2;False;2011054;euromillions_2.csv
2011-09-13;2011-2016 : 50 boules / 11 etoiles;MARDI;28;32;49;9;30;9;10;1;6;5;87;1470;2786;2866;68478;138489;41124;987671;2070954;213139;162256622.0;372269.2;148907.6;4278.9;221.5;116.9;81.1;14.9;12.4;26.0;8.2;4.0;14.1;False;2011055;euromillions_2.csv
2011-09-16;2011-2016 : 50 boules / 11 etoiles;VENDREDI;39;2;42;17;8;3;10;1;3;10;54;1231;3021;2489;54940;126376;34213;790199;1815692;178828;15000000.0;634449.9;63444.9;5874.5;225.4;91.8;79.6;15.8;11.6;26.6;8.8;3.9;14.4;False;2011056;euromillions_2.csv
2011-09-20;2011-2016 : 50 boules / 11 etoiles;MARDI;25;38;19;9;36;11;7;0;2;8;41;818;1702;1477;35248;75835;20805;498087;1078896;109206;0.0;551570.9;45964.2;4484.3;196.6;94.5;77.8;14.3;11.2;25.4;8.1;3.8;13.6;False;2011057;euromillions_2.csv
2011-09-23;2011-2016 : 50 boules / 11 etoiles;VENDREDI;6;33;48;14;34;6;2;0;6;8;85;1308;2337;3875;55816;103642;58246;834365;1540530;315999;0.0;311192.8;77798.2;3661.0;208.1;116.5;50.1;15.3;13.8;15.3;8.2;4.5;8.0;False;2011058;euromillions_2.csv
2011-09-27;2011-2016 : 50 boules / 11 etoiles;MARDI;28;18;40;27;35;3;5;0;1;3;60;765;1347;3020;40077;65933;44777;608632;1001070;238169;0.0;1207290.6;134143.4;3353.5;230.1;130.7;41.6;13.8;14.1;12.9;7.2;4.5;6.8;False;2011059;euromillions_2.csv
2011-09-30;2011-2016 : 50 boules / 11 etoiles;VENDREDI;28;15;44;31;5;1;6;3;6;24;99;1610;3657;3663;65057;137229;51204;881594;1879615;268767;16192686.0;327043.4;27253.6;3303.4;177.7;78.2;55.8;13.8;11.0;18.3;8.1;3.9;9.8;False;2011060;euromillions_2.csv
2011-10-04;2011-2016 : 50 boules / 11 etoiles;MARDI;14;16;23;45;38;8;11;0;6;16;78;1344;3119;2907;59891;131766;40842;861441;1911781;214235;0.0;338120.8;42265.1;4334.8;220.1;94.8;72.6;15.5;11.8;23.8;8.6;3.9;12.8;False;2011061;euromillions_2.csv
2011-10-07;2011-2016 : 50 boules / 11 etoiles;VENDREDI;42;34;18;38;26;8;5;1;15;23;292;3101;5226;6980;93159;161650;88082;1225131;2173189;457661;117705979.0;177059.7;38491.2;1515.9;124.9;74.1;39.6;13.0;12.6;14.4;7.9;4.5;7.8;False;2011062;euromillions_2.csv
2011-10-11;2011-2016 : 50 boules / 11 etoiles;MARDI;12;16;4;1;48;9;10;0;5;6;29;846;1952;1297;32952;79558;18612;475482;1132120;98854;0.0;228127.8;63368.8;6555.3;196.6;85.2;91.6;15.8;11.0;29.3;8.7;3.7;15.6;False;2011063;euromillions_2.csv
2011-10-14;2011-2016 : 50 boules / 11 etoiles;VENDREDI;47;23;12;29;32;3;5;0;13;12;120;1827;2745;5373;71994;115646;74813;984633;1598247;383529;0.0;144045.1;52016.2;2600.8;149.4;99.4;36.3;11.9;12.4;11.9;6.9;4.3;6.6;False;2011064;euromillions_2.csv
2011-10-18;2011-2016 : 50 boules / 11 etoiles;MARDI;46;18;37;48;23;2;10;0;2;4;38;547;1328;1380;28136;64380;20826;432420;1002241;112491;0.0;584208.7;97368.1;5124.6;311.5;128.3;88.1;19.0;13.9;26.8;9.9;4.3;14.0;False;2011065;euromillions_2.csv
2011-10-21;2011-2016 : 50 boules / 11 etoiles;VENDREDI;37;19;2;33;46;5;8;2;6;7;89;1169;2255;3876;56831;101917;60380;851770;1525007;349276;23999325.0;318132.1;90894.9;3574.5;238.1;123.4;51.2;15.3;14.4;15.1;8.2;4.6;7.4;False;2011066;euromillions_2.csv
2011-10-25;2011-2016 : 50 boules / 11 etoiles;MARDI;39;28;22;12;27;4;10;0;2;3;25;714;1757;1352;34077;82166;18283;458638;1128611;91782;0.0;515004.3;114445.4;6866.7;210.3;85.4;79.3;13.8;9.6;26.9;8.2;3.4;15.1;False;2011067;euromillions_2.csv
2011-10-28;2011-2016 : 50 boules / 11 etoiles;VENDREDI;39;16;20;17;50;4;8;0;3;6;63;1118;2071;3090;53090;102857;51226;791918;1573506;288118;0.0;599184.0;99864.0;4755.4;234.4;126.5;60.5;15.5;13.4;16.8;8.3;4.2;8.4;False;2011068;euromillions_2.csv
2011-11-01;2011-2016 : 50 boules / 11 etoiles;MARDI;20;45;23;14;46;1;11;0;1;2;25;511;1111;1196;24406;60583;18782;361337;942202;104747;0.0;1007948.6;167991.4;6719.6;287.6;132.3;87.7;18.9;12.8;25.7;10.2;4.0;13.0;False;2011069;euromillions_2.csv
2011-11-04;2011-2016 : 50 boules / 11 etoiles;VENDREDI;41;50;11;43;14;9;2;0;4;8;81;1058;2323;3255;55162;110116;48090;831936;1581288;275368;0.0;471270.8;78545.1;3878.7;259.8;118.3;60.3;15.6;13.1;18.7;8.3;4.4;9.2;False;2011070;euromillions_2.csv
2011-11-08;2011-2016 : 50 boules / 11 etoiles;MARDI;40;15;4;29;1;1;5;0;4;8;61;1012;1730;2543;42871;73311;36414;597957;1050990;177958;0.0;305503.6;50917.2;3338.8;176.0;103.0;50.0;13.0;12.8;16.0;7.4;4.3;9.2;False;2011071;euromillions_2.csv
2011-11-11;2011-2016 : 50 boules / 11 etoiles;VENDREDI;30;18;1;4;23;3;7;1;8;15;170;1841;3248;6244;71655;131759;88793;1018926;1843539;471979;67939184.0;253534.8;45072.8;1988.5;160.6;91.0;33.8;12.9;11.8;10.9;7.2;4.1;5.8;False;2011072;euromillions_2.csv
2011-11-15;2011-2016 : 50 boules / 11 etoiles;MARDI;47;17;22;6;45;3;11;1;0;4;33;620;1414;1189;27736;61917;17566;424833;944225;93000;15000000.0;0.0;338091.2;5122.5;238.5;104.6;88.8;16.7;12.6;27.6;8.7;4.0;14.7;False;2011073;euromillions_2.csv
2011-11-18;2011-2016 : 50 boules / 11 etoiles;VENDREDI;39;44;24;4;12;2;4;0;7;11;128;1887;2880;4437;68067;111437;51865;845638;1513392;249511;0.0;240706.0;51058.8;2193.9;130.2;85.3;39.5;11.3;11.6;15.5;7.3;4.1;9.1;False;2011074;euromillions_2.csv
2011-11-22;2011-2016 : 50 boules / 11 etoiles;MARDI;16;40;38;24;18;2;4;0;2;4;46;679;1285;1884;31548;59412;27769;463806;884715;148097;0.0;517285.2;86214.2;3748.4;222.2;117.4;57.2;15.0;13.4;17.8;8.1;4.3;9.4;False;2011075;euromillions_2.csv
2011-11-25;2011-2016 : 50 boules / 11 etoiles;VENDREDI;34;14;26;19;28;5;8;1;11;9;118;1552;2706;5969;73693;124585;83562;1048230;1780348;394697;35062896.0;179533.0;73143.1;2789.3;185.5;106.4;34.4;12.2;12.2;11.3;6.9;4.1;6.7;False;2011076;euromillions_2.csv
2011-11-29;2011-2016 : 50 boules / 11 etoiles;MARDI;25;50;11;45;41;7;2;0;1;4;36;680;1286;1849;31145;57115;28802;461554;842280;163250;0.0;1000861.8;83405.1;4633.6;214.6;113.4;56.3;14.7;13.5;16.6;7.9;4.4;8.3;False;2011077;euromillions_2.csv
2011-12-02;2011-2016 : 50 boules / 11 etoiles;VENDREDI;27;40;7;43;30;9;8;1;2;9;59;1369;2671;2422;60488;111183;37732;870847;1619253;201478;27094320.0;907073.9;67190.6;5124.7;193.2;99.0;78.0;13.7;12.5;23.0;7.6;4.2;12.1;False;2011078;euromillions_2.csv
2011-12-06;2011-2016 : 50 boules / 11 etoiles;MARDI;34;21;20;38;19;9;3;0;4;4;42;628;1253;2067;31898;59491;29978;479526;868981;166999;0.0;247025.1;82341.7;3921.0;229.4;115.0;49.7;14.1;12.8;15.7;7.5;4.2;8.0;False;2011079;euromillions_2.csv
2011-12-09;2011-2016 : 50 boules / 11 etoiles;VENDREDI;21;12;47;44;29;2;1;0;6;12;62;1239;2634;2612;56370;115401;39222;814137;1639252;208206;0.0;295613.2;49268.8;4767.9;208.7;98.2;70.7;14.4;11.8;21.6;7.9;4.0;11.5;False;2011080;euromillions_2.csv
2011-12-13;2011-2016 : 50 boules / 11 etoiles;MARDI;12;37;18;33;7;1;11;0;3;8;28;759;2128;1523;32112;89616;22677;460407;1253452;114401;0.0;372197.0;46524.6;6646.3;214.5;76.5;76.3;15.9;9.6;23.5;8.8;3.3;13.2;False;2011081;euromillions_2.csv
2011-12-16;2011-2016 : 50 boules / 11 etoiles;VENDREDI;10;2;23;31;5;5;2;1;13;19;327;2146;3344;8973;84853;128998;81156;1073032;1681168;329561;46576447.0;142015.1;32389.4;940.9;125.4;80.5;21.4;9.9;11.0;10.9;6.3;4.1;7.5;False;2011082;euromillions_2.csv
2011-12-20;2011-2016 : 50 boules / 11 etoiles;MARDI;14;48;1;9;12;7;1;0;4;7;49;925;1490;2273;39542;68641;30668;543399;979086;147624;0.0;256896.0;48932.5;3495.1;162.0;100.5;47.0;11.9;11.5;16.0;6.9;3.9;9.4;False;2011083;euromillions_2.csv
2011-12-23;2011-2016 : 50 boules / 11 etoiles;VENDREDI;22;7;24;28;21;1;11;0;4;20;65;1607;4321;3615;75011;206224;49851;1009919;2701108;257268;0.0;594784.3;39652.2;6100.3;215.9;80.2;68.5;14.5;8.8;22.8;8.6;3.3;12.5;False;2011084;euromillions_2.csv
2011-12-27;2011-2016 : 50 boules / 11 etoiles;MARDI;26;21;25;19;44;7;3;0;1;5;64;685;1207;3090;35041;61508;48677;547166;953228;259247;0.0;1090268.9;72684.5;2839.2;232.1;131.7;36.7;14.2;13.6;10.7;7.3;4.2;5.6;False;2011085;euromillions_2.csv
2011-12-30;2011-2016 : 50 boules / 11 etoiles;VENDREDI;36;44;43;16;50;8;7;0;2;6;68;1081;1969;2742;54255;98652;41171;861187;1527653;234828;0.0;1024725.9;113858.4;5023.1;276.4;151.7;77.8;17.3;16.0;23.8;8.7;5.0;11.8;False;2011086;euromillions_2.csv
2012-01-03;2011-2016 : 50 boules / 11 etoiles;MARDI;42;30;45;3;49;5;10;0;2;1;33;742;1326;1631;35733;66665;23842;504610;1003594;129809;0.0;604877.2;403251.4;6109.8;237.7;133.0;77.2;15.5;13.9;24.3;8.7;4.5;12.6;False;2012001;euromillions_2.csv
2012-01-06;2011-2016 : 50 boules / 11 etoiles;VENDREDI;1;6;10;31;12;7;2;2;9;26;213;2602;4821;5979;91884;163694;70641;1090287;1927015;340129;36556782.0;220935.7;25492.5;1555.8;111.4;60.1;34.6;9.9;9.3;13.4;6.6;3.8;7.9;False;2012002;euromillions_2.csv
2012-01-10;2011-2016 : 50 boules / 11 etoiles;MARDI;9;4;30;10;40;9;2;0;3;5;48;968;1642;2281;44329;77188;31524;536686;965651;159941;0.0;350739.3;70147.8;3653.5;158.5;93.4;48.0;10.8;10.5;15.9;7.1;4.0;8.9;False;2012003;euromillions_2.csv
2012-01-13;2011-2016 : 50 boules / 11 etoiles;VENDREDI;39;13;21;14;27;8;6;0;10;10;110;1919;3884;4769;88522;174282;64279;1158179;2253485;303007;0.0;213060.1;71020.0;3228.1;161.9;79.9;46.5;11.0;9.4;15.8;6.7;3.5;9.5;False;2012004;euromillions_2.csv
2012-01-17;2011-2016 : 50 boules / 11 etoiles;MARDI;12;44;22;30;31;5;6;0;7;9;48;851;1492;2095;40441;70023;30213;573999;978600;151739;0.0;156265.9;40513.3;3798.1;187.4;106.9;54.3;12.3;12.0;17.3;6.9;4.1;9.7;False;2012005;euromillions_2.csv
2012-01-20;2011-2016 : 50 boules / 11 etoiles;VENDREDI;10;28;27;2;22;8;6;1;3;12;79;1836;3572;4036;73907;143284;54497;963795;1868531;270576;48895464.0;619952.3;51662.6;3923.7;147.7;75.9;48.0;11.5;10.0;16.3;7.0;3.7;9.3;False;2012006;euromillions_2.csv
2012-01-24;2011-2016 : 50 boules / 11 etoiles;MARDI;1;20;6;2;36;11;8;0;0;3;16;511;1357;1085;26031;65598;16514;382435;933564;88707;0.0;0.0;433716.3;10165.2;278.4;104.8;93.6;17.1;11.4;28.3;9.3;3.9;14.8;False;2012007;euromillions_2.csv
2012-01-27;2011-2016 : 50 boules / 11 etoiles;VENDREDI;10;19;44;13;39;6;2;0;4;16;77;1205;2447;3723;57162;112082;56768;852691;1662309;295527;0.0;436152.0;36346.0;3776.2;211.1;103.9;48.8;13.9;11.9;14.7;7.5;3.9;7.9;False;2012008;euromillions_2.csv
2012-01-31;2011-2016 : 50 boules / 11 etoiles;MARDI;43;34;38;9;45;4;2;0;3;6;42;605;1218;1662;29624;57713;24167;446389;863991;141326;0.0;356846.4;59474.4;4248.1;258.0;128.1;67.0;16.5;14.2;21.2;8.7;4.6;10.2;False;2012009;euromillions_2.csv
2012-02-03;2011-2016 : 50 boules / 11 etoiles;VENDREDI;16;20;19;25;28;1;10;0;10;10;37;1204;3182;2197;52254;140689;30932;738542;1984640;162646;0.0;185085.0;61695.0;8337.1;224.1;84.8;87.7;16.2;10.1;28.6;9.1;3.4;15.4;False;2012010;euromillions_2.csv
2012-02-07;2011-2016 : 50 boules / 11 etoiles;MARDI;15;3;17;33;28;2;4;1;9;11;88;1227;2306;2723;48775;96074;36127;635654;1244340;177697;54252968.0;135771.9;37028.7;2314.2;145.2;77.2;46.7;11.4;9.8;16.2;7.0;3.6;9.3;False;2012011;euromillions_2.csv
2012-02-10;2011-2016 : 50 boules / 11 etoiles;VENDREDI;3;14;31;41;8;7;11;0;1;5;39;1013;2361;2060;48485;108924;30204;726735;1617493;161115;0.0;1696429.0;113095.2;7249.6;244.2;104.7;85.7;16.0;12.0;26.9;8.5;3.9;14.2;False;2012012;euromillions_2.csv
2012-02-14;2011-2016 : 50 boules / 11 etoiles;MARDI;36;14;42;46;27;11;8;0;3;8;34;668;1405;1332;29014;64176;20091;426237;965881;105734;0.0;368058.3;46007.2;5412.6;241.0;114.6;86.3;17.4;13.2;26.3;9.4;4.2;14.1;False;2012013;euromillions_2.csv
2012-02-17;2011-2016 : 50 boules / 11 etoiles;VENDREDI;11;4;47;28;38;11;10;0;8;15;39;1028;3737;2062;41823;142100;30546;582628;1941889;160589;0.0;223465.8;39727.2;7639.8;253.6;69.7;90.3;19.5;9.6;28.0;11.2;3.4;15.0;False;2012014;euromillions_2.csv
2012-02-21;2011-2016 : 50 boules / 11 etoiles;MARDI;11;24;14;25;29;11;7;0;2;14;39;921;2161;1712;39937;86019;24001;546396;1171051;120486;0.0;567892.2;27042.4;4853.7;179.8;76.6;69.1;13.0;10.1;22.6;7.6;3.6;12.7;False;2012015;euromillions_2.csv
2012-02-24;2011-2016 : 50 boules / 11 etoiles;VENDREDI;34;3;12;26;7;10;8;1;8;16;58;1567;4328;2503;64301;170702;35081;875345;2210095;181096;54897476.0;244616.9;40769.4;5623.3;182.1;65.9;81.4;13.9;8.8;26.7;8.1;3.3;14.6;False;2012016;euromillions_2.csv
2012-02-28;2011-2016 : 50 boules / 11 etoiles;MARDI;10;48;1;17;33;2;3;0;5;5;35;804;1409;1495;34322;59963;22560;506436;865667;118182;0.0;199214.8;66404.9;4743.2;180.6;103.0;69.4;13.3;12.8;21.1;7.2;4.3;11.4;False;2012017;euromillions_2.csv
2012-03-02;2011-2016 : 50 boules / 11 etoiles;VENDREDI;44;5;11;6;30;6;2;1;2;7;95;1546;2719;4377;64612;117541;61008;882209;1653554;307319;26670951.0;875321.2;83363.9;3071.3;165.1;93.8;41.6;12.4;11.4;13.7;7.2;3.9;7.7;False;2012018;euromillions_2.csv
2012-03-06;2011-2016 : 50 boules / 11 etoiles;MARDI;23;47;27;37;24;6;2;0;1;6;29;586;1228;1825;29488;63354;27593;428041;864931;157816;0.0;986669.5;54814.9;5670.5;245.5;117.1;56.3;15.3;12.0;17.1;8.4;4.2;8.4;False;2012019;euromillions_2.csv
2012-03-09;2011-2016 : 50 boules / 11 etoiles;VENDREDI;39;36;32;47;3;6;9;0;3;4;45;955;1730;2614;46178;86633;40247;708297;1342845;231625;0.0;575403.0;143850.7;6393.3;263.6;145.5;68.7;17.1;15.3;20.5;8.9;4.8;10.0;False;2012020;euromillions_2.csv
2012-03-13;2011-2016 : 50 boules / 11 etoiles;MARDI;47;1;25;10;43;8;9;0;5;5;18;641;1190;1426;30858;57881;21909;481172;905431;123959;0.0;218702.5;72900.8;10125.1;248.7;134.0;79.8;16.2;14.5;23.9;8.3;4.5;11.9;False;2012021;euromillions_2.csv
2012-03-16;2011-2016 : 50 boules / 11 etoiles;VENDREDI;12;4;50;3;23;4;7;1;6;9;96;1638;3154;4895;77204;145513;67484;1006306;1817199;318937;45758710.0;299014.0;66447.5;3114.7;159.7;82.9;38.1;10.6;9.5;12.7;6.5;3.7;7.6;False;2012022;euromillions_2.csv
2012-03-20;2011-2016 : 50 boules / 11 etoiles;MARDI;28;30;15;16;46;3;4;0;2;8;35;672;1146;1486;31068;55319;21898;449131;810237;115946;0.0;468877.2;39073.1;4465.4;203.5;119.3;65.7;13.8;13.0;20.5;7.6;4.3;10.9;False;2012023;euromillions_2.csv
2012-03-23;2011-2016 : 50 boules / 11 etoiles;VENDREDI;50;15;9;23;31;8;11;1;7;11;43;1200;2897;2251;50107;123146;31393;707217;1718488;162436;26096499.0;237782.1;50438.6;6451.4;202.2;83.7;77.0;15.2;10.4;25.4;8.6;3.6;13.8;False;2012024;euromillions_2.csv
2012-03-27;2011-2016 : 50 boules / 11 etoiles;MARDI;29;36;27;34;24;7;8;1;0;8;24;577;1035;1338;28358;48352;20438;449052;756411;112363;15000000.0;0.0;154453.2;6435.5;234.2;130.5;72.1;14.9;14.7;21.7;7.5;4.5;11.1;False;2012025;euromillions_2.csv
2012-03-30;2011-2016 : 50 boules / 11 etoiles;VENDREDI;46;17;23;4;36;10;6;0;5;9;52;896;2424;1863;42120;103421;27067;615540;1515371;144806;0.0;317003.5;58704.3;5080.1;257.9;95.3;88.6;17.2;11.8;28.0;9.4;3.9;14.8;False;2012026;euromillions_2.csv
2012-04-03;2011-2016 : 50 boules / 11 etoiles;MARDI;1;8;18;25;30;10;9;0;3;13;33;762;2107;1166;32271;80452;16629;429980;1039132;86303;0.0;335817.6;25832.1;5088.1;192.8;69.7;90.0;14.3;9.6;29.0;8.5;3.6;15.8;False;2012027;euromillions_2.csv
2012-04-06;2011-2016 : 50 boules / 11 etoiles;VENDREDI;11;35;45;20;30;2;3;0;7;13;50;1310;2375;2546;55448;98125;36414;807259;1405927;191289;0.0;236476.9;42444.5;5517.7;184.2;101.6;67.7;13.6;13.0;21.7;7.5;4.4;11.7;False;2012028;euromillions_2.csv
2012-04-10;2011-2016 : 50 boules / 11 etoiles;MARDI;37;27;22;25;36;9;5;0;6;5;46;542;1039;2029;31131;53872;33014;497903;854376;181981;0.0;169293.1;67717.2;3680.2;273.3;142.5;52.1;14.9;14.5;14.7;7.4;4.4;7.5;False;2012029;euromillions_2.csv
2012-04-13;2011-2016 : 50 boules / 11 etoiles;VENDREDI;8;39;43;13;26;3;5;1;15;26;141;2114;3386;5633;81131;133330;79750;1125661;1869825;411536;53763217.0;142395.4;27383.7;2524.7;147.3;91.9;39.4;12.0;12.3;12.8;6.9;4.2;7.0;False;2012030;euromillions_2.csv
2012-04-17;2011-2016 : 50 boules / 11 etoiles;MARDI;10;28;49;48;33;10;1;0;1;5;25;540;1164;1122;23816;55573;15880;357242;875360;83741;0.0;945977.5;63065.1;6306.5;255.4;118.5;87.8;18.2;13.1;28.5;9.7;4.0;15.2;False;2012031;euromillions_2.csv
2012-04-20;2011-2016 : 50 boules / 11 etoiles;VENDREDI;32;41;29;3;6;11;10;0;6;12;35;794;2361;1694;34215;109905;26725;509929;1673116;148067;0.0;275784.5;45964.0;7879.5;303.9;102.2;101.7;22.1;11.6;29.6;11.8;3.7;15.1;False;2012032;euromillions_2.csv
2012-04-24;2011-2016 : 50 boules / 11 etoiles;MARDI;8;24;48;43;9;3;5;0;3;3;29;607;1193;2084;30953;54717;35984;489273;849620;202039;0.0;341799.6;113933.2;5893.0;246.3;125.3;51.2;15.1;14.4;13.6;7.6;4.5;6.8;False;2012033;euromillions_2.csv
2012-04-27;2011-2016 : 50 boules / 11 etoiles;VENDREDI;36;43;30;27;20;1;6;1;4;4;74;918;2060;2817;46390;99273;40405;713910;1506283;225991;44407281.0;432746.4;144248.8;3898.6;274.9;122.5;64.0;17.1;13.4;20.5;8.8;4.3;10.3;False;2012034;euromillions_2.csv
2012-05-01;2011-2016 : 50 boules / 11 etoiles;MARDI;4;15;41;5;19;11;9;0;2;9;28;533;1317;994;25061;61904;15059;368370;903328;78837;0.0;425249.2;31499.9;5062.4;232.7;94.1;89.1;15.5;10.5;27.0;8.4;3.5;14.6;False;2012035;euromillions_2.csv
2012-05-04;2011-2016 : 50 boules / 11 etoiles;VENDREDI;26;41;40;39;3;1;2;0;5;4;42;860;1728;2136;42953;84942;31850;660710;1328454;184934;0.0;329061.7;137109.0;6529.0;279.0;138.8;80.2;17.5;14.9;24.7;9.1;4.6;12.0;False;2012036;euromillions_2.csv
2012-05-08;2011-2016 : 50 boules / 11 etoiles;MARDI;3;34;48;38;21;5;8;0;6;4;92;769;1292;2500;32818;55541;36321;470297;810554;189424;0.0;164312.0;82156.0;1786.0;186.9;111.2;41.0;13.7;13.6;13.0;7.6;4.5;7.0;False;2012037;euromillions_2.csv
2012-05-11;2011-2016 : 50 boules / 11 etoiles;VENDREDI;1;17;13;44;38;2;11;0;7;9;50;1024;2460;2165;49112;115858;31766;727917;1717386;164958;0.0;247546.5;64178.7;5776.0;246.7;102.7;83.3;16.1;11.5;26.1;8.7;3.7;14.2;False;2012038;euromillions_2.csv
2012-05-15;2011-2016 : 50 boules / 11 etoiles;MARDI;13;2;50;11;26;5;2;0;4;14;71;1138;1844;3245;47280;78311;42330;638500;1073354;203235;0.0;287265.4;27358.6;2697.3;147.2;90.8;36.8;11.1;11.3;13.0;6.5;4.0;7.6;False;2012039;euromillions_2.csv
2012-05-18;2011-2016 : 50 boules / 11 etoiles;VENDREDI;29;50;43;47;13;9;11;0;4;10;69;1311;2694;2844;58621;123420;40373;852298;1854088;205381;0.0;522515.8;69668.7;5048.4;232.4;113.1;76.5;16.3;13.0;24.8;8.9;4.2;13.7;False;2012040;euromillions_2.csv
2012-05-22;2011-2016 : 50 boules / 11 etoiles;MARDI;31;32;41;16;37;7;1;0;3;10;33;765;1349;1895;35792;66511;29553;561150;1058813;173627;0.0;458062.3;45806.2;6940.3;261.9;148.5;75.5;17.5;15.9;22.2;8.9;4.8;10.7;False;2012041;euromillions_2.csv
2012-05-25;2011-2016 : 50 boules / 11 etoiles;VENDREDI;35;12;22;49;46;2;8;0;9;11;124;1664;3347;4928;67811;135007;69351;994684;1923971;380980;0.0;248846.7;67867.2;3010.2;196.2;97.5;47.3;15.1;12.7;15.4;8.2;4.3;7.9;False;2012042;euromillions_2.csv
2012-05-29;2011-2016 : 50 boules / 11 etoiles;MARDI;28;17;25;15;8;3;11;0;10;28;52;1774;3697;2450;64235;140497;34109;831841;1794714;172867;0.0;169380.2;20164.3;5428.8;139.2;66.8;72.0;12.0;9.2;23.7;7.4;3.5;13.2;False;2012043;euromillions_2.csv
2012-06-01;2011-2016 : 50 boules / 11 etoiles;VENDREDI;26;2;36;14;4;9;10;0;6;14;70;1868;4264;3544;82209;191077;49645;1194714;2753055;266002;0.0;473810.3;67687.1;6768.7;221.9;97.2;83.5;15.8;11.4;27.4;8.7;3.8;14.4;False;2012044;euromillions_2.csv
2012-06-05;2011-2016 : 50 boules / 11 etoiles;MARDI;13;49;37;47;34;8;9;0;6;7;78;1585;2863;3413;69727;128483;47631;990343;1853761;254793;0.0;373759.1;106788.3;4791.7;206.3;114.2;68.4;14.7;13.4;22.5;8.3;4.5;11.9;False;2012045;euromillions_2.csv
2012-06-08;2011-2016 : 50 boules / 11 etoiles;VENDREDI;11;22;5;34;40;9;11;2;24;38;128;2719;6154;4919;109364;247053;71006;1506538;3430631;369856;79026422.0;144240.3;30366.3;4507.5;185.6;82.0;73.3;14.5;10.8;23.3;8.4;3.7;12.6;False;2012046;euromillions_2.csv
2012-06-12;2011-2016 : 50 boules / 11 etoiles;MARDI;30;26;48;15;8;9;10;0;1;7;31;745;1764;1209;31461;74181;18290;449106;1056171;97583;0.0;1096061.4;52193.4;5892.8;214.5;90.6;94.4;15.9;11.3;28.7;8.9;3.8;15.2;False;2012047;euromillions_2.csv
2012-06-15;2011-2016 : 50 boules / 11 etoiles;VENDREDI;48;38;27;22;10;3;7;2;6;17;131;1380;2558;5286;59727;111278;76714;864479;1577887;404714;13414228.0;295711.3;34789.5;2257.3;187.4;101.1;34.9;13.6;12.2;11.0;7.5;4.2;5.9;False;2012048;euromillions_2.csv
2012-06-19;2011-2016 : 50 boules / 11 etoiles;MARDI;17;20;50;7;35;5;11;1;2;9;35;830;1723;1568;33233;65957;22147;485044;976124;113595;15000000.0;510269.0;37797.7;4859.7;179.3;86.3;67.7;14.0;11.9;22.0;7.7;3.9;12.1;False;2012049;euromillions_2.csv
2012-06-22;2011-2016 : 50 boules / 11 etoiles;VENDREDI;18;14;19;43;49;7;3;0;0;6;55;970;1768;3796;45265;84079;64878;745644;1351561;376899;0.0;0.0;363305.8;4954.1;245.7;134.8;44.8;16.5;14.9;12.0;8.0;4.5;5.8;False;2012050;euromillions_2.csv
2012-06-26;2011-2016 : 50 boules / 11 etoiles;MARDI;11;22;35;20;1;10;8;0;2;6;32;745;1833;1291;32264;82193;18533;443465;1079511;96192;0.0;517206.6;57467.4;5387.5;202.4;82.2;83.4;14.6;9.7;26.7;8.5;3.5;14.5;False;2012051;euromillions_2.csv
2012-06-29;2011-2016 : 50 boules / 11 etoiles;VENDREDI;14;17;28;39;29;11;1;0;5;19;58;1279;3748;2461;51247;143755;33644;690013;1853764;170697;0.0;341031.2;29915.0;4899.8;194.4;66.3;72.1;15.2;9.1;24.2;9.0;3.4;13.5;False;2012052;euromillions_2.csv
2012-07-03;2011-2016 : 50 boules / 11 etoiles;MARDI;22;7;2;40;27;6;3;0;4;11;51;1067;2192;2389;42348;84140;33570;587693;1124961;170300;0.0;283044.1;34308.3;3699.9;154.7;75.3;49.3;12.2;10.3;16.1;7.0;3.7;9.0;False;2012053;euromillions_2.csv
2012-07-06;2011-2016 : 50 boules / 11 etoiles;VENDREDI;40;42;38;31;32;3;1;0;4;4;48;942;1882;2304;43181;87027;35867;697179;1416050;211856;0.0;457323.8;152441.2;6351.7;283.1;141.7;82.7;19.4;16.2;24.4;9.6;4.8;11.6;False;2012054;euromillions_2.csv
2012-07-10;2011-2016 : 50 boules / 11 etoiles;MARDI;37;1;24;16;3;8;1;0;3;10;41;881;1670;1999;39023;76607;29287;574601;1128892;150093;0.0;413089.1;41308.9;5037.6;205.1;108.2;64.5;14.5;12.4;20.2;7.9;4.1;11.1;False;2012055;euromillions_2.csv
2012-07-13;2011-2016 : 50 boules / 11 etoiles;VENDREDI;18;46;35;25;8;9;4;0;10;13;93;1499;2962;4327;66013;130864;66001;1002796;1969709;357394;0.0;230432.8;59085.3;4129.6;224.1;113.4;55.4;15.9;13.5;16.7;8.4;4.3;8.7;False;2012056;euromillions_2.csv
2012-07-17;2011-2016 : 50 boules / 11 etoiles;MARDI;24;2;43;7;46;10;8;0;2;10;28;673;1649;1630;35481;82371;24373;548619;1272304;134883;0.0;699301.3;46620.0;8325.0;303.0;123.6;89.3;18.0;13.0;27.4;9.3;4.1;14.0;False;2012057;euromillions_2.csv
2012-07-20;2011-2016 : 50 boules / 11 etoiles;VENDREDI;19;23;10;45;49;9;10;0;7;7;59;1532;3491;2909;68636;153630;43908;998782;2246770;218456;0.0;330815.6;110271.8;6541.5;220.4;96.7;82.9;15.4;11.6;25.2;8.5;3.8;14.3;False;2012058;euromillions_2.csv
2012-07-24;2011-2016 : 50 boules / 11 etoiles;MARDI;18;25;4;16;44;11;1;0;3;9;62;1010;2534;2383;44578;113810;33455;638250;1605406;178391;0.0;541281.6;60142.4;4365.1;234.4;93.4;70.9;16.6;10.9;23.2;9.3;3.7;12.3;False;2012059;euromillions_2.csv
2012-07-27;2011-2016 : 50 boules / 11 etoiles;VENDREDI;15;48;14;23;21;2;10;0;16;25;141;2720;6106;6586;130475;284470;98588;1957361;4278679;516608;0.0;275299.9;58730.6;5206.6;236.1;105.2;69.6;15.4;11.9;21.4;8.2;3.8;11.5;False;2012060;euromillions_2.csv
2012-07-31;2011-2016 : 50 boules / 11 etoiles;MARDI;35;39;4;36;29;9;8;0;6;12;64;1298;2487;3205;64551;121119;49267;1013757;1873361;270186;0.0;384462.0;64077.0;6007.2;259.1;135.2;74.9;16.3;14.6;22.4;8.3;4.6;11.5;False;2012061;euromillions_2.csv
2012-08-03;2011-2016 : 50 boules / 11 etoiles;VENDREDI;34;35;42;24;46;5;1;0;5;11;102;1869;3677;4867;91150;181019;75342;1412821;2765500;431979;0.0;691478.2;104769.4;5649.3;269.7;137.1;73.9;17.3;14.7;21.9;8.9;4.6;10.8;False;2012062;euromillions_2.csv
2012-08-07;2011-2016 : 50 boules / 11 etoiles;MARDI;20;50;34;46;27;3;2;0;7;21;92;2213;4323;4758;99959;191378;72340;1531360;2864186;402569;0.0;2318241.1;54277.3;6194.7;225.3;115.3;74.8;15.6;13.7;22.6;8.1;4.4;11.5;False;2012063;euromillions_2.csv
2012-08-10;2011-2016 : 50 boules / 11 etoiles;VENDREDI;50;21;17;48;11;9;10;1;14;24;119;2925;6512;6378;139424;307015;95192;2089032;4598171;501558;190000000.0;2640734.2;66975.1;6753.7;240.4;107.9;78.7;15.8;12.1;24.2;8.4;3.9;13.0;False;2012064;euromillions_2.csv
2012-08-14;2011-2016 : 50 boules / 11 etoiles;MARDI;45;16;42;1;38;9;10;0;2;7;29;599;1250;2010;28130;62756;20295;439931;995481;114341;0.0;601187.4;57255.9;6910.2;292.7;140.2;62.3;19.5;14.7;28.3;10.0;4.5;14.2;False;2012065;euromillions_2.csv
2012-08-17;2011-2016 : 50 boules / 11 etoiles;VENDREDI;19;25;33;44;28;8;2;0;9;6;95;1240;2434;4321;58529;113120;63751;850702;1638808;322851;0.0;198691.8;99345.9;3137.2;210.3;107.1;43.1;14.0;12.1;13.4;7.7;4.0;7.5;False;2012066;euromillions_2.csv
2012-08-21;2011-2016 : 50 boules / 11 etoiles;MARDI;17;5;38;4;48;4;3;0;2;1;36;772;1367;1826;37450;67684;28525;587271;1060759;152760;0.0;601468.4;400978.9;5569.1;227.2;128.3;68.6;14.7;13.6;20.2;7.5;4.2;10.6;False;2012067;euromillions_2.csv
2012-08-24;2011-2016 : 50 boules / 11 etoiles;VENDREDI;6;5;19;37;12;7;3;1;6;11;184;2035;3418;7798;82898;144013;94104;1054228;1833874;437780;47570390.0;315732.5;57405.9;1715.9;135.7;80.8;25.3;10.4;10.1;9.6;6.5;3.8;5.8;False;2012068;euromillions_2.csv
2012-08-28;2011-2016 : 50 boules / 11 etoiles;MARDI;1;26;25;44;18;5;4;0;3;8;42;734;1341;1754;34785;63418;26010;518210;914065;140376;0.0;359462.1;44932.7;4279.3;214.2;117.2;64.0;14.2;13.1;19.8;7.6;4.4;10.4;False;2012069;euromillions_2.csv
2012-08-31;2011-2016 : 50 boules / 11 etoiles;VENDREDI;31;28;16;48;33;11;7;0;3;8;53;1079;2186;2235;49596;106558;33646;740890;1590605;184154;0.0;599110.4;74888.8;5651.9;242.9;119.9;83.7;16.6;13.0;25.5;8.8;4.2;13.2;False;2012070;euromillions_2.csv
2012-09-04;2011-2016 : 50 boules / 11 etoiles;MARDI;18;39;17;44;11;10;5;0;4;4;33;688;1504;1578;34758;72146;24525;539763;1126007;130785;0.0;295265.8;98421.9;5964.9;250.3;114.5;77.9;15.5;12.6;23.0;8.0;3.9;12.2;False;2012071;euromillions_2.csv
2012-09-07;2011-2016 : 50 boules / 11 etoiles;VENDREDI;15;35;13;30;42;4;6;1;7;6;74;1258;2356;3938;57081;114684;56790;850151;1704344;294231;47319633.0;267078.5;103863.8;4210.6;216.7;115.7;49.4;15.0;12.5;15.7;8.0;4.1;8.6;False;2012072;euromillions_2.csv
2012-09-11;2011-2016 : 50 boules / 11 etoiles;MARDI;15;6;37;22;44;2;4;0;7;13;50;838;1588;1926;34061;65288;27790;486463;937558;147164;0.0;150406.5;26996.0;3509.4;183.2;96.6;56.9;14.1;12.4;18.1;7.9;4.2;9.6;False;2012073;euromillions_2.csv
2012-09-14;2011-2016 : 50 boules / 11 etoiles;VENDREDI;27;10;44;23;3;9;7;1;9;15;105;1779;3016;4103;73503;125676;56968;974602;1666451;279367;26580854.0;193014.2;38602.8;2757.3;142.4;83.9;44.1;10.8;10.6;14.6;6.5;3.9;8.4;False;2012074;euromillions_2.csv
2012-09-18;2011-2016 : 50 boules / 11 etoiles;MARDI;38;7;39;44;6;7;9;0;2;4;27;548;926;1633;28064;48805;28873;482443;827643;169274;0.0;513168.7;85528.1;6335.4;273.1;161.6;65.4;16.7;16.2;17.0;7.8;4.6;8.2;False;2012075;euromillions_2.csv
2012-09-21;2011-2016 : 50 boules / 11 etoiles;VENDREDI;41;4;34;43;19;7;11;0;5;7;45;961;2151;2079;45612;97479;31700;692243;1493496;174141;0.0;345710.4;82312.0;6402.0;262.3;117.1;86.6;17.3;13.6;26.1;9.1;4.3;13.4;False;2012076;euromillions_2.csv
2012-09-25;2011-2016 : 50 boules / 11 etoiles;MARDI;48;25;27;49;7;1;4;0;1;12;26;688;1425;1624;32717;71652;24281;497746;1075089;129700;0.0;1119328.8;31092.4;7175.1;237.2;114.5;71.7;15.6;12.0;22.0;8.2;3.9;11.6;False;2012077;euromillions_2.csv
2012-09-28;2011-2016 : 50 boules / 11 etoiles;VENDREDI;20;26;30;33;23;6;9;1;18;31;106;2137;4120;5319;92587;178308;77815;1386578;2685248;410460;100000000.0;163925.6;31727.5;4639.4;201.3;104.4;57.7;14.6;12.7;18.1;7.8;4.1;9.7;False;2012078;euromillions_2.csv
2012-10-02;2011-2016 : 50 boules / 11 etoiles;MARDI;16;42;21;36;4;8;7;0;6;7;47;982;1526;1696;37329;62549;23972;534504;912339;130135;0.0;180306.9;51516.2;3836.3;160.6;103.3;66.4;13.2;13.3;21.6;7.4;4.4;11.2;False;2012079;euromillions_2.csv
2012-10-05;2011-2016 : 50 boules / 11 etoiles;VENDREDI;19;16;18;21;9;3;2;0;6;13;94;1785;3016;3712;79326;127466;46124;1045093;1735231;219704;0.0;296794.7;45660.7;3157.3;145.4;86.1;49.9;10.2;10.7;18.4;6.2;3.8;10.9;False;2012080;euromillions_2.csv
2012-10-09;2011-2016 : 50 boules / 11 etoiles;MARDI;23;8;10;25;2;8;9;0;10;17;54;1449;2378;2158;52054;90972;28964;634113;1140416;138176;0.0;113637.1;22281.8;3507.3;114.3;69.6;54.8;10.0;9.6;18.7;6.5;3.7;11.1;False;2012081;euromillions_2.csv
2012-10-12;2011-2016 : 50 boules / 11 etoiles;VENDREDI;35;7;17;43;6;2;8;0;6;5;86;1069;2446;3697;55134;112238;58894;846416;1698401;319520;0.0;304832.2;121932.8;3544.5;249.5;109.0;51.5;15.2;12.5;14.8;7.9;4.0;7.7;False;2012082;euromillions_2.csv
2012-10-16;2011-2016 : 50 boules / 11 etoiles;MARDI;41;10;40;49;32;2;8;0;3;12;57;624;1267;1996;30309;61853;31724;472929;961153;189755;0.0;405752.6;33812.7;3559.2;284.4;140.1;63.5;18.4;15.1;18.3;9.4;4.7;8.6;False;2012083;euromillions_2.csv
2012-10-19;2011-2016 : 50 boules / 11 etoiles;VENDREDI;16;40;44;37;29;8;10;0;3;10;40;1293;2765;2447;53070;116458;34811;759500;1676177;187038;0.0;655940.1;65594.0;8199.2;221.9;103.7;83.7;16.9;13.0;27.0;9.5;4.4;14.2;False;2012084;euromillions_2.csv
2012-10-23;2011-2016 : 50 boules / 11 etoiles;MARDI;1;35;38;50;28;2;10;0;4;5;47;873;1957;1864;37567;84221;26489;539694;1222362;139719;0.0;337503.8;90001.0;4787.2;225.5;100.6;75.4;16.4;12.3;24.4;9.1;4.1;13.0;False;2012085;euromillions_2.csv
2012-10-26;2011-2016 : 50 boules / 11 etoiles;VENDREDI;9;5;6;38;27;5;11;0;4;11;68;1774;3603;3710;82297;166225;51098;1088765;2227608;263075;0.0;545517.1;66123.2;5348.2;179.3;88.3;61.2;12.1;10.1;20.4;7.3;3.6;11.2;False;2012086;euromillions_2.csv
2012-10-30;2011-2016 : 50 boules / 11 etoiles;MARDI;23;44;25;24;31;2;3;0;6;9;61;1022;2065;2698;54010;98630;37975;808319;1459885;201595;0.0;277226.2;61605.8;4544.6;237.3;117.4;64.2;14.1;12.9;20.9;7.5;4.2;11.1;False;2012087;euromillions_2.csv
2012-11-02;2011-2016 : 50 boules / 11 etoiles;VENDREDI;6;10;3;44;11;3;4;0;11;15;103;2310;3982;4953;101063;175674;66457;1353257;2417410;326370;0.0;226567.0;55383.0;4032.7;157.3;91.2;52.4;11.3;10.9;17.9;6.7;3.8;10.3;False;2012088;euromillions_2.csv
2012-11-06;2011-2016 : 50 boules / 11 etoiles;MARDI;35;25;20;41;7;1;9;0;2;14;71;1241;2504;3364;57367;118602;51791;882549;1816369;282172;0.0;1016014.1;48381.6;4770.0;238.7;118.3;62.9;16.2;13.2;18.8;8.4;4.1;9.7;False;2012089;euromillions_2.csv
2012-11-09;2011-2016 : 50 boules / 11 etoiles;VENDREDI;47;28;14;21;22;5;4;0;9;14;138;2257;4164;5794;118488;206667;78766;1586935;2781885;401261;0.0;336582.1;72124.7;3658.5;195.7;106.0;54.4;11.7;11.2;18.4;6.9;4.0;10.2;False;2012090;euromillions_2.csv
2012-11-13;2011-2016 : 50 boules / 11 etoiles;MARDI;29;11;21;24;16;6;2;1;21;25;174;2493;4453;6297;95247;184127;81487;1285479;2507465;390045;169837010.0;121209.1;33938.5;2438.1;148.8;83.3;42.1;12.2;10.6;14.9;7.2;3.8;8.8;False;2012091;euromillions_2.csv
2012-11-16;2011-2016 : 50 boules / 11 etoiles;VENDREDI;15;19;41;23;10;2;9;0;8;13;87;1470;2900;3776;69142;125085;54434;937229;1720964;270947;0.0;224753.3;46103.2;3444.4;178.3;90.4;49.6;11.9;11.0;15.8;7.0;3.9;8.9;False;2012092;euromillions_2.csv
2012-11-20;2011-2016 : 50 boules / 11 etoiles;MARDI;42;28;45;30;49;10;5;1;1;7;150;725;1286;1519;29801;61341;22841;460648;932406;125380;22756968.0;1163545.0;55406.9;1292.8;234.0;131.9;79.7;17.8;14.6;24.4;9.2;4.6;12.5;False;2012093;euromillions_2.csv
2012-11-23;2011-2016 : 50 boules / 11 etoiles;VENDREDI;11;20;40;9;1;5;1;0;11;15;119;2063;3214;4257;72807;121024;54381;909148;1583580;244256;0.0;152903.3;37376.3;2355.6;118.8;76.3;41.1;10.5;10.7;14.8;6.7;3.9;9.3;False;2012094;euromillions_2.csv
2012-11-27;2011-2016 : 50 boules / 11 etoiles;MARDI;49;44;6;10;23;7;1;0;5;9;53;933;1945;1913;36965;74001;27722;528660;1029722;148964;0.0;224393.1;41554.2;3528.1;175.3;84.1;61.0;13.9;11.6;19.3;7.7;4.0;10.1;False;2012095;euromillions_2.csv
2012-11-30;2011-2016 : 50 boules / 11 etoiles;VENDREDI;18;23;40;24;10;3;4;0;8;7;64;1353;2353;3151;62246;112813;44949;913638;1652684;228795;0.0;222092.8;84606.7;4626.9;191.5;110.1;58.7;13.0;12.1;18.9;7.1;4.0;10.5;False;2012096;euromillions_2.csv
2012-12-04;2011-2016 : 50 boules / 11 etoiles;MARDI;29;5;28;44;10;2;4;0;2;6;47;969;1850;2395;43993;82263;34389;615881;1169425;174096;0.0;602939.7;66993.3;4276.1;181.4;95.0;52.4;12.5;11.2;16.8;7.1;3.8;9.3;False;2012097;euromillions_2.csv
2012-12-07;2011-2016 : 50 boules / 11 etoiles;VENDREDI;10;18;31;42;16;2;5;0;4;11;78;1358;2443;4034;62207;107520;59254;908786;1561249;316475;0.0;458225.9;55542.5;3916.4;196.8;109.4;47.3;13.5;13.1;14.8;7.3;4.4;7.8;False;2012098;euromillions_2.csv
2012-12-11;2011-2016 : 50 boules / 11 etoiles;MARDI;50;4;9;1;43;6;8;0;3;3;43;903;1930;2148;41806;88479;31910;594997;1195199;173202;0.0;432596.9;144198.9;5030.1;209.5;98.0;62.9;14.2;11.3;19.4;7.9;4.0;10.1;False;2012099;euromillions_2.csv
2012-12-14;2011-2016 : 50 boules / 11 etoiles;VENDREDI;40;29;11;43;10;11;3;0;4;16;58;1188;2537;2466;58460;123735;36455;871206;1865468;193321;0.0;495632.2;41302.6;5696.9;243.3;113.9;83.7;15.5;12.3;26.0;8.3;3.9;13.8;False;2012100;euromillions_2.csv
2012-12-18;2011-2016 : 50 boules / 11 etoiles;MARDI;35;14;44;18;20;5;2;0;4;5;52;1034;1776;2883;46777;82415;44407;701649;1219581;241746;0.0;360313.6;96083.6;4619.4;203.2;118.3;52.0;14.1;13.4;15.5;7.5;4.4;8.0;False;2012101;euromillions_2.csv
2012-12-21;2011-2016 : 50 boules / 11 etoiles;VENDREDI;40;5;3;42;22;3;10;1;11;20;61;1557;3085;3373;71310;148376;48628;1054576;2231875;254119;101835641.0;215116.3;39437.9;6465.2;221.6;111.8;73.0;15.2;12.2;23.3;8.2;3.9;12.6;False;2012102;euromillions_2.csv
2012-12-25;2011-2016 : 50 boules / 11 etoiles;MARDI;14;20;32;23;18;3;10;0;5;9;43;1223;2610;2646;55402;120289;37690;771723;1656578;197413;0.0;345171.6;63920.6;6689.3;205.7;96.4;67.9;14.2;11.0;21.9;8.2;3.9;11.8;False;2012103;euromillions_2.csv
2012-12-28;2011-2016 : 50 boules / 11 etoiles;VENDREDI;26;49;27;24;17;3;5;0;5;11;60;1100;1964;4175;57710;100353;65596;896679;1523353;344435;0.0;351110.3;53198.5;4876.5;232.7;130.3;43.8;13.9;13.4;12.8;7.1;4.3;6.9;False;2012104;euromillions_2.csv
2013-01-01;2011-2016 : 50 boules / 11 etoiles;MARDI;36;49;2;7;8;11;1;3;2;9;50;996;2257;2590;46444;107533;38095;691259;1613896;199783;12677536.0;849669.7;62938.5;5664.4;248.8;109.8;68.3;16.7;12.1;21.3;9.0;3.9;11.5;False;2013001;euromillions_2.csv
2013-01-04;2011-2016 : 50 boules / 11 etoiles;VENDREDI;4;10;27;22;41;10;8;0;4;15;52;1292;2939;2114;53005;125358;30966;724839;1712337;158630;0.0;410158.6;36458.5;5258.4;185.1;81.4;80.8;14.1;10.0;25.3;8.2;3.5;14.0;False;2013002;euromillions_2.csv
2013-01-08;2011-2016 : 50 boules / 11 etoiles;MARDI;22;26;47;2;20;9;5;0;3;10;41;705;1261;2198;35136;63819;34125;532881;941485;189500;0.0;374292.7;37429.2;4564.5;232.2;129.8;53.2;14.6;13.5;15.7;7.7;4.4;8.0;False;2013003;euromillions_2.csv
2013-01-11;2011-2016 : 50 boules / 11 etoiles;VENDREDI;37;22;29;4;41;7;4;1;5;8;79;1251;2276;3957;56477;103499;57143;818473;1472297;301636;34191508.0;351169.5;73160.3;3704.3;204.6;112.5;46.2;14.2;13.0;14.7;7.8;4.4;7.8;False;2013004;euromillions_2.csv
2013-01-15;2011-2016 : 50 boules / 11 etoiles;MARDI;47;42;22;40;38;11;1;0;1;8;32;551;1221;1243;24162;60761;18775;355128;903494;105886;0.0;1041435.2;43393.1;5424.1;275.6;124.3;87.2;19.7;13.2;26.5;10.7;4.3;13.3;False;2013005;euromillions_2.csv
2013-01-18;2011-2016 : 50 boules / 11 etoiles;VENDREDI;39;26;27;30;4;10;3;0;4;5;42;972;2147;2260;46501;102326;32053;691678;1530681;167736;0.0;404928.8;107981.0;6427.4;243.0;110.0;74.6;15.9;12.2;24.2;8.5;3.9;13.0;False;2013006;euromillions_2.csv
2013-01-22;2011-2016 : 50 boules / 11 etoiles;MARDI;45;10;48;1;44;4;1;0;2;5;33;633;1122;1427;28096;55414;23034;445156;897869;124189;0.0;538245.6;71766.0;5436.8;248.0;139.9;78.5;17.5;14.9;22.3;8.8;4.4;11.7;False;2013007;euromillions_2.csv
2013-01-25;2011-2016 : 50 boules / 11 etoiles;VENDREDI;3;10;37;18;31;2;4;1;1;6;63;1223;2393;3217;56616;108564;46317;813465;1559166;241702;44297359.0;1698397.0;94355.3;4493.1;202.5;103.5;54.9;13.7;12.0;17.5;7.6;4.0;9.5;False;2013008;euromillions_2.csv
2013-01-29;2011-2016 : 50 boules / 11 etoiles;MARDI;9;16;36;26;39;6;2;2;10;6;77;867;1519;2404;33262;60870;30235;443657;859634;159812;7500000.0;100024.6;55569.2;2165.0;168.2;96.0;43.3;13.7;12.6;15.8;8.2;4.3;8.4;False;2013009;euromillions_2.csv
2013-02-01;2011-2016 : 50 boules / 11 etoiles;VENDREDI;37;5;34;38;21;1;6;0;4;5;54;922;1995;2484;43494;96708;35980;635852;1395747;202011;0.0;392178.9;104581.0;4841.7;248.1;114.6;65.7;16.5;12.5;20.8;9.0;4.2;10.5;False;2013010;euromillions_2.csv
2013-02-05;2011-2016 : 50 boules / 11 etoiles;MARDI;25;6;45;40;31;6;7;0;3;2;31;634;1098;1627;29771;52421;23932;461970;819983;130774;0.0;347370.7;173685.3;5602.7;239.7;138.4;66.7;16.0;15.3;20.8;8.2;4.7;10.7;False;2013011;euromillions_2.csv
2013-02-08;2011-2016 : 50 boules / 11 etoiles;VENDREDI;14;44;11;34;9;11;10;0;3;11;31;958;2850;2155;41289;132760;30795;578742;1822677;161344;0.0;548441.1;49858.2;8845.8;250.4;84.1;79.5;18.2;9.5;25.6;10.4;3.3;13.8;False;2013012;euromillions_2.csv
2013-02-12;2011-2016 : 50 boules / 11 etoiles;MARDI;28;25;5;11;16;7;9;0;15;14;89;1404;2464;2972;50628;90443;37064;628571;1117184;174623;0.0;73256.4;26163.0;2057.7;114.1;65.0;38.5;9.9;9.3;14.2;6.4;3.6;8.5;False;2013013;euromillions_2.csv
2013-02-15;2011-2016 : 50 boules / 11 etoiles;VENDREDI;2;4;42;28;22;4;9;0;5;13;94;1465;2658;4102;65881;124185;58688;876245;1684171;287792;0.0;353661.1;45341.1;3135.2;176.0;97.0;44.9;12.3;10.9;14.4;7.3;3.9;8.3;False;2013014;euromillions_2.csv
2013-02-19;2011-2016 : 50 boules / 11 etoiles;MARDI;28;30;44;12;15;9;8;1;9;14;51;1238;2126;2029;50212;86780;29031;655273;1167758;147848;60298933.0;137805.7;29529.7;4053.1;146.0;85.0;63.6;11.3;11.0;20.4;6.9;3.9;11.3;False;2013015;euromillions_2.csv
2013-02-22;2011-2016 : 50 boules / 11 etoiles;VENDREDI;15;37;36;16;28;2;11;0;3;9;33;854;1946;1842;40424;91572;27584;623884;1405200;146684;0.0;512860.7;56984.5;7770.6;262.7;115.3;87.0;17.4;12.9;26.7;9.0;4.1;14.2;False;2013016;euromillions_2.csv
2013-02-26;2011-2016 : 50 boules / 11 etoiles;MARDI;12;13;17;3;30;6;2;0;1;11;81;1042;2117;2871;43104;86871;37965;559922;1122172;176822;0.0;1029096.8;31184.7;2117.4;144.0;70.8;37.3;10.9;9.1;12.9;6.7;3.4;7.8;False;2013017;euromillions_2.csv
2013-03-01;2011-2016 : 50 boules / 11 etoiles;VENDREDI;1;11;36;29;42;4;5;0;3;8;48;1101;1966;2554;50878;91201;38407;786749;1385378;211020;0.0;543386.6;67923.3;5660.2;215.9;120.9;66.4;14.6;13.7;20.3;7.5;4.4;10.4;False;2013018;euromillions_2.csv
2013-03-05;2011-2016 : 50 boules / 11 etoiles;MARDI;33;31;19;8;39;7;2;0;7;4;54;786;1504;2318;36273;68046;34120;534039;977303;183319;0.0;157601.5;91934.2;3404.9;204.6;106.9;49.5;13.9;12.4;15.4;7.5;4.2;8.1;False;2013019;euromillions_2.csv
2013-03-08;2011-2016 : 50 boules / 11 etoiles;VENDREDI;20;42;23;28;3;8;11;1;3;5;49;1108;2536;2379;53157;122432;34249;773657;1789559;176172;51689985.0;580343.2;116068.6;5921.8;229.1;100.1;76.2;15.0;10.9;24.3;8.2;3.6;13.3;False;2013020;euromillions_2.csv
2013-03-12;2011-2016 : 50 boules / 11 etoiles;MARDI;50;4;10;2;22;5;8;1;5;9;66;1034;2096;2982;42456;79308;37646;539379;972014;182830;15000000.0;196291.6;36350.2;2478.4;138.4;68.2;34.2;10.5;9.5;12.4;6.6;3.7;7.2;False;2013021;euromillions_2.csv
2013-03-15;2011-2016 : 50 boules / 11 etoiles;VENDREDI;24;14;39;4;21;10;3;0;4;13;63;1358;3262;2459;53228;124185;33978;708839;1577465;172726;0.0;388993.1;39896.7;4116.3;167.0;69.5;65.9;13.3;9.6;21.9;8.0;3.6;12.1;False;2013022;euromillions_2.csv
2013-03-19;2011-2016 : 50 boules / 11 etoiles;MARDI;44;32;19;37;35;9;1;0;2;7;49;601;1245;1882;28566;59273;29737;425900;878438;154000;0.0;522853.6;49795.5;3556.8;253.7;122.4;57.8;16.7;13.5;16.8;9.0;4.4;9.1;False;2013023;euromillions_2.csv
2013-03-22;2011-2016 : 50 boules / 11 etoiles;VENDREDI;27;32;12;34;49;9;8;0;6;16;87;2071;3559;4370;97002;178987;66353;1423559;2627086;352357;0.0;500583.5;62572.9;5753.8;211.4;123.0;71.5;14.1;12.9;21.6;7.7;4.2;11.5;False;2013024;euromillions_2.csv
2013-03-26;2011-2016 : 50 boules / 11 etoiles;MARDI;44;30;26;42;4;6;11;0;2;11;64;1343;2799;2789;56539;125096;38968;826239;1855043;207872;0.0;1007262.4;61046.2;5246.1;218.7;104.9;75.2;16.3;12.4;24.7;8.9;4.0;13.1;False;2013025;euromillions_2.csv
2013-03-29;2011-2016 : 50 boules / 11 etoiles;VENDREDI;44;30;46;43;13;9;5;1;5;9;100;1685;3194;4954;81484;154753;78565;1269927;2345136;457674;132486744.0;571697.2;105869.8;4764.1;247.3;130.5;60.1;16.0;14.2;17.4;8.2;4.5;8.4;False;2013026;euromillions_2.csv
2013-04-02;2011-2016 : 50 boules / 11 etoiles;MARDI;17;12;41;29;25;1;4;0;2;10;41;798;1680;1801;34665;74281;24443;487330;1024801;123630;0.0;520893.4;34726.2;4234.9;190.3;90.4;60.2;13.7;10.8;20.4;7.8;3.8;11.4;False;2013027;euromillions_2.csv
2013-04-05;2011-2016 : 50 boules / 11 etoiles;VENDREDI;32;1;17;39;11;7;2;2;4;11;71;1117;2013;3802;56715;101227;57481;859528;1520698;307356;13269447.0;432708.4;52449.5;4062.9;225.9;125.3;47.4;13.9;13.1;14.4;7.3;4.2;7.6;False;2013028;euromillions_2.csv
2013-04-09;2011-2016 : 50 boules / 11 etoiles;MARDI;15;44;48;38;35;10;5;0;3;4;43;630;1204;1503;28154;55593;21704;427305;845963;112543;0.0;346885.5;86721.3;4033.5;240.8;126.0;72.1;16.9;14.4;22.9;8.9;4.6;12.5;False;2013029;euromillions_2.csv
2013-04-12;2011-2016 : 50 boules / 11 etoiles;VENDREDI;28;45;15;5;10;3;9;1;14;15;129;1992;3798;4879;76189;136986;57577;900870;1621704;284592;26258943.0;120631.5;37529.8;2181.9;123.6;64.8;36.0;10.1;9.5;14.0;6.8;3.9;8.0;False;2013030;euromillions_2.csv
2013-04-16;2011-2016 : 50 boules / 11 etoiles;MARDI;33;50;22;1;11;4;6;1;8;50;91;1410;3622;2337;37291;82386;29548;474392;1003938;152459;15000000.0;124935.1;6663.2;1830.5;103.3;40.2;44.5;12.2;9.3;16.2;7.7;3.7;8.8;False;2013031;euromillions_2.csv
2013-04-19;2011-2016 : 50 boules / 11 etoiles;VENDREDI;1;46;8;42;48;4;7;0;8;10;52;710;1399;2127;36551;71559;37501;615173;1184459;231646;0.0;192916.4;51444.3;4946.5;316.9;160.8;75.5;19.3;16.6;19.7;9.1;4.8;9.0;False;2013032;euromillions_2.csv
2013-04-23;2011-2016 : 50 boules / 11 etoiles;MARDI;50;4;1;7;10;4;11;0;7;10;39;1329;2654;1488;41964;92383;19788;492257;1128633;96885;0.0;144494.2;33715.3;4322.4;110.9;55.5;70.8;11.0;8.4;24.4;7.5;3.3;14.1;False;2013033;euromillions_2.csv
2013-04-26;2011-2016 : 50 boules / 11 etoiles;VENDREDI;40;38;16;24;11;2;5;1;5;8;112;1386;2203;3810;56420;94966;53301;808508;1368790;281436;32469030.0;321778.8;67037.2;2394.1;169.2;106.5;43.9;13.0;13.0;14.4;7.2;4.4;7.7;False;2013034;euromillions_2.csv
2013-04-30;2011-2016 : 50 boules / 11 etoiles;MARDI;13;50;40;43;36;9;5;0;1;8;36;637;1070;1729;27889;50093;28972;437162;773962;165664;0.0;1007618.8;41984.1;4664.9;230.6;137.3;60.7;16.5;15.5;16.6;8.4;4.8;8.2;False;2013035;euromillions_2.csv
2013-05-03;2011-2016 : 50 boules / 11 etoiles;VENDREDI;5;49;34;3;40;2;3;0;3;8;33;884;1532;1969;44699;76664;32779;741927;1243191;182027;0.0;516026.5;64503.3;7818.5;255.3;147.3;81.8;15.8;15.5;22.6;7.6;4.6;11.5;False;2013036;euromillions_2.csv
2013-05-07;2011-2016 : 50 boules / 11 etoiles;MARDI;43;27;13;28;42;4;6;0;3;11;30;700;1497;2150;33956;70919;31116;484737;1011711;159674;0.0;349861.0;31805.5;5831.0;218.6;102.2;50.8;14.1;11.4;16.1;7.9;3.8;8.9;False;2013037;euromillions_2.csv
2013-05-10;2011-2016 : 50 boules / 11 etoiles;VENDREDI;48;35;45;1;32;4;11;0;0;6;37;783;1712;1689;36864;80099;25720;561911;1283285;143738;0.0;0.0;360153.8;7300.4;301.8;138.0;99.9;20.1;15.5;30.1;10.5;4.7;15.2;False;2013038;euromillions_2.csv
2013-05-14;2011-2016 : 50 boules / 11 etoiles;MARDI;24;7;8;36;27;11;5;0;3;3;39;855;1759;1783;39439;84980;26107;567601;1207086;134098;0.0;394615.1;131538.3;5059.1;201.9;98.1;69.1;13.7;10.7;21.7;7.6;3.6;11.9;False;2013039;euromillions_2.csv
2013-05-17;2011-2016 : 50 boules / 11 etoiles;VENDREDI;25;24;50;6;20;9;10;0;9;10;45;1045;2357;2208;49915;111986;32595;759671;1709614;171433;0.0;203260.5;60978.1;6775.3;255.2;113.1;86.3;16.7;12.5;26.8;8.8;4.0;14.4;False;2013040;euromillions_2.csv
2013-05-21;2011-2016 : 50 boules / 11 etoiles;MARDI;29;19;8;28;7;9;5;0;7;5;97;1311;2325;3703;55694;97875;49444;740640;1291528;230549;0.0;182069.9;84965.9;2189.8;141.7;79.9;35.8;10.4;10.0;12.3;6.3;3.7;7.4;False;2013041;euromillions_2.csv
2013-05-24;2011-2016 : 50 boules / 11 etoiles;VENDREDI;22;17;40;7;27;2;3;0;18;19;106;2726;4019;3990;98209;164743;51476;1177783;1996388;258854;0.0;114335.0;36105.8;3235.8;110.0;74.6;53.7;9.6;9.6;19.1;6.4;3.8;10.7;False;2013042;euromillions_2.csv
2013-05-28;2011-2016 : 50 boules / 11 etoiles;MARDI;34;38;13;8;26;3;11;1;5;8;46;1134;2469;2099;48456;102839;28427;667200;1435300;151217;95372874.0;298372.8;62161.0;5405.3;191.8;88.1;74.0;14.1;11.1;25.1;8.1;3.8;13.3;False;2013043;euromillions_2.csv
2013-05-31;2011-2016 : 50 boules / 11 etoiles;VENDREDI;29;43;28;34;27;10;5;0;1;10;60;971;1965;2440;49457;101683;36334;757486;1550798;202184;0.0;1779901.6;59330.0;4944.1;267.3;132.0;75.9;16.4;13.4;23.4;8.6;4.3;11.9;False;2013044;euromillions_2.csv
2013-06-04;2011-2016 : 50 boules / 11 etoiles;MARDI;34;33;40;31;37;6;1;0;4;9;26;586;1307;1381;25215;51983;22549;400061;842103;135077;0.0;273475.0;40514.8;7012.1;272.2;122.0;82.5;19.8;16.2;23.2;10.0;4.8;10.9;False;2013045;euromillions_2.csv
2013-06-07;2011-2016 : 50 boules / 11 etoiles;VENDREDI;14;26;45;50;7;2;7;0;5;17;144;1928;3573;6135;92839;165460;91216;1396718;2474140;475285;0.0;570665.5;55947.6;3302.4;215.8;116.4;48.4;14.0;13.2;14.9;7.4;4.3;8.1;False;2013046;euromillions_2.csv
2013-06-11;2011-2016 : 50 boules / 11 etoiles;MARDI;7;9;25;5;41;5;1;0;5;19;93;1859;3140;4466;83163;139060;57327;1035361;1861436;268817;0.0;386665.1;33917.9;3464.7;151.6;89.7;45.0;10.6;10.7;16.1;6.8;3.8;9.7;False;2013047;euromillions_2.csv
2013-06-14;2011-2016 : 50 boules / 11 etoiles;VENDREDI;41;25;48;10;47;6;10;0;6;8;88;1361;2927;3433;66403;142524;52279;1036614;2305866;288018;0.0;462356.2;115589.0;5254.0;297.2;138.2;84.1;19.1;15.0;25.4;9.8;4.5;13.0;False;2013048;euromillions_2.csv
2013-06-18;2011-2016 : 50 boules / 11 etoiles;MARDI;24;33;17;41;44;11;1;0;13;21;90;1687;4286;3462;65251;162164;49945;903384;2184796;261844;0.0;176075.6;36333.0;4238.8;197.8;77.8;68.8;16.0;10.8;21.9;9.2;3.9;11.8;False;2013049;euromillions_2.csv
2013-06-21;2011-2016 : 50 boules / 11 etoiles;VENDREDI;30;11;36;45;10;1;2;0;8;18;112;2092;4243;4734;96694;198263;72704;1461319;2962275;384140;0.0;409039.1;60598.3;4869.5;228.1;112.4;72.0;15.5;12.7;21.5;8.2;4.1;11.5;False;2013050;euromillions_2.csv
2013-06-25;2011-2016 : 50 boules / 11 etoiles;MARDI;4;13;35;27;5;2;1;2;8;20;86;2438;4918;4934;104021;215973;71774;1446703;2973400;353884;93968807.0;365235.3;48698.0;5662.5;174.7;86.6;61.6;12.8;10.4;19.5;7.4;3.6;11.1;False;2013051;euromillions_2.csv
2013-06-28;2011-2016 : 50 boules / 11 etoiles;VENDREDI;15;1;47;28;35;7;1;1;8;22;67;1139;2150;2906;51466;98305;43986;786010;1489092;234880;15000000.0;219135.4;26561.8;4360.9;224.4;118.9;62.8;15.6;13.7;19.0;8.1;4.4;10.1;False;2013052;euromillions_2.csv
2013-07-02;2011-2016 : 50 boules / 11 etoiles;MARDI;14;13;11;28;30;4;5;0;13;13;77;1490;2172;2702;52929;86089;33105;663934;1112055;151343;0.0;84483.9;28161.3;2377.2;107.4;73.7;42.3;9.5;9.8;15.8;6.0;3.7;9.8;False;2013053;euromillions_2.csv
2013-07-05;2011-2016 : 50 boules / 11 etoiles;VENDREDI;28;4;33;12;15;1;10;0;5;19;46;1322;3833;2056;52674;148460;29674;704047;1895871;151142;0.0;330378.9;28980.6;5985.1;182.2;62.8;83.6;14.3;8.5;26.6;8.6;3.2;14.8;False;2013054;euromillions_2.csv
2013-07-09;2011-2016 : 50 boules / 11 etoiles;MARDI;18;16;38;49;31;10;4;1;1;3;31;635;1403;1309;28858;66241;19521;429078;1000157;105422;33574531.0;1134284.6;126031.6;6098.3;260.4;117.9;90.2;18.0;13.1;27.8;9.6;4.2;14.5;False;2013055;euromillions_2.csv
2013-07-12;2011-2016 : 50 boules / 11 etoiles;VENDREDI;26;42;33;18;32;3;2;0;0;5;53;1046;1715;2292;47717;83117;32295;723564;1241700;177964;0.0;0.0;412933.2;4869.4;215.8;131.6;70.3;14.8;14.3;22.9;7.8;4.6;11.7;False;2013056;euromillions_2.csv
2013-07-16;2011-2016 : 50 boules / 11 etoiles;MARDI;50;34;47;19;23;4;6;1;3;3;43;586;1400;1856;30253;63406;27666;450737;948503;154386;22078146.0;353907.2;117969.0;4115.2;264.2;110.5;59.5;16.0;12.9;18.3;8.6;4.1;9.3;False;2013057;euromillions_2.csv
2013-07-19;2011-2016 : 50 boules / 11 etoiles;VENDREDI;24;35;13;26;16;5;2;1;4;7;95;1333;2209;4053;59271;96782;53410;802636;1349268;266450;15000000.0;378116.6;72022.2;2653.4;165.4;99.8;38.8;11.6;12.0;13.5;6.9;4.2;7.6;False;2013058;euromillions_2.csv
2013-07-23;2011-2016 : 50 boules / 11 etoiles;MARDI;19;14;44;16;15;4;5;1;5;1;40;626;1229;1816;32979;56903;26682;516362;865483;136132;15000000.0;197499.9;329166.5;4114.5;230.0;117.1;56.6;13.7;13.3;17.7;7.0;4.2;9.8;False;2013059;euromillions_2.csv
2013-07-26;2011-2016 : 50 boules / 11 etoiles;VENDREDI;23;38;29;12;49;4;3;0;6;16;93;1878;3373;3700;78470;145068;54869;1110361;2049639;291348;0.0;378549.6;47318.7;4070.4;176.3;98.2;63.9;13.2;12.0;19.8;7.5;4.1;10.5;False;2013060;euromillions_2.csv
2013-07-30;2011-2016 : 50 boules / 11 etoiles;MARDI;3;14;4;11;43;1;6;0;4;6;39;723;1531;1880;33738;74090;26562;490911;1069784;136034;0.0;258528.4;57450.7;4419.2;208.5;98.5;57.2;14.0;10.7;18.6;7.7;3.6;10.2;False;2013061;euromillions_2.csv
2013-08-02;2011-2016 : 50 boules / 11 etoiles;VENDREDI;42;36;48;37;21;7;4;0;4;9;44;867;1721;2712;43525;80776;40816;647169;1204890;237626;0.0;394295.5;58414.1;5974.1;265.2;133.6;60.5;16.6;15.0;18.5;8.9;4.9;8.9;False;2013062;euromillions_2.csv
2013-08-06;2011-2016 : 50 boules / 11 etoiles;MARDI;17;47;16;49;31;3;11;0;2;6;19;577;1130;1312;28176;59573;20205;446599;937858;108966;0.0;556392.0;61821.3;9761.2;281.2;143.6;88.3;18.1;14.3;26.3;9.1;4.4;13.8;False;2013063;euromillions_2.csv
2013-08-09;2011-2016 : 50 boules / 11 etoiles;VENDREDI;24;4;23;7;9;9;8;0;12;13;88;2175;3724;3851;80580;145170;47494;1003059;1817201;227709;0.0;140832.6;43333.1;3200.7;113.3;66.1;45.7;9.6;8.9;17.0;6.1;3.4;10.0;False;2013064;euromillions_2.csv
2013-08-13;2011-2016 : 50 boules / 11 etoiles;MARDI;5;20;47;17;50;1;4;0;1;4;28;797;1671;1741;35488;75044;26053;534557;1127821;142231;0.0;1218458.4;101538.2;7252.7;222.9;106.3;72.9;15.7;12.5;22.4;8.3;4.0;11.6;False;2013065;euromillions_2.csv
2013-08-16;2011-2016 : 50 boules / 11 etoiles;VENDREDI;39;20;24;37;27;5;10;0;5;7;61;1154;2242;2474;50828;102799;37896;757614;1552923;201864;0.0;348541.1;82985.9;4761.4;220.2;113.3;73.3;15.7;13.0;22.0;8.4;4.2;11.6;False;2013066;euromillions_2.csv
2013-08-20;2011-2016 : 50 boules / 11 etoiles;MARDI;42;11;50;49;5;8;11;0;4;4;36;844;1621;2059;39278;81657;28352;579021;1259058;146007;0.0;340199.1;113399.7;6299.9;235.1;122.4;68.8;15.8;12.8;22.9;8.6;4.0;12.6;False;2013067;euromillions_2.csv
2013-08-23;2011-2016 : 50 boules / 11 etoiles;VENDREDI;30;37;26;6;1;8;5;1;4;9;104;1279;2564;4124;62646;121096;62903;946497;1787122;356602;93948087.0;521220.4;77217.8;3341.1;237.7;118.5;52.6;15.2;13.2;15.8;8.0;4.3;7.9;False;2013068;euromillions_2.csv
2013-08-27;2011-2016 : 50 boules / 11 etoiles;MARDI;7;40;38;43;30;6;2;0;2;4;29;506;1162;1662;27324;53507;27351;428005;859226;162734;0.0;513509.7;85584.9;5902.4;295.9;128.8;64.3;17.2;14.7;17.9;8.7;4.4;8.5;False;2013069;euromillions_2.csv
2013-08-30;2011-2016 : 50 boules / 11 etoiles;VENDREDI;45;25;17;36;2;5;9;2;13;15;77;1226;2072;3360;50919;89764;50261;752836;1311218;271821;12821112.0;122794.8;35474.0;3455.2;189.8;112.3;49.4;14.3;13.7;15.2;7.7;4.5;7.9;False;2013070;euromillions_2.csv
2013-09-03;2011-2016 : 50 boules / 11 etoiles;MARDI;5;18;16;42;9;7;9;0;5;4;59;834;1425;2381;39493;67872;33164;548258;954027;162760;0.0;203879.2;84949.6;2879.6;178.2;104.3;44.5;11.8;11.5;14.7;6.8;4.0;8.4;False;2013071;euromillions_2.csv
2013-09-06;2011-2016 : 50 boules / 11 etoiles;VENDREDI;25;11;32;23;37;7;4;2;6;13;83;1118;2060;3809;54417;97414;52366;786226;1431907;268135;12801474.0;265073.6;40780.5;3193.6;207.4;112.5;43.4;13.3;12.5;14.5;7.4;4.1;8.0;False;2013072;euromillions_2.csv
2013-09-10;2011-2016 : 50 boules / 11 etoiles;MARDI;7;28;30;14;11;2;10;0;17;25;47;1206;3500;1851;43643;106863;22714;501752;1186478;109177;0.0;59326.4;13447.3;3576.4;121.9;42.0;56.7;10.5;7.2;21.2;7.3;3.1;12.5;False;2013073;euromillions_2.csv
2013-09-13;2011-2016 : 50 boules / 11 etoiles;VENDREDI;14;27;6;4;33;10;5;0;7;12;52;1486;3331;3110;66028;148465;42189;909287;1984751;216635;0.0;272629.4;53011.2;6116.6;187.2;83.5;63.9;13.2;9.9;21.6;7.6;3.6;11.9;False;2013074;euromillions_2.csv
2013-09-17;2011-2016 : 50 boules / 11 etoiles;MARDI;44;17;21;42;13;11;9;0;3;10;39;829;1896;1638;36649;82782;23064;502661;1132911;114631;0.0;363582.8;36358.2;4661.3;191.8;83.8;69.3;13.6;10.1;22.6;7.9;3.6;12.8;False;2013075;euromillions_2.csv
2013-09-20;2011-2016 : 50 boules / 11 etoiles;VENDREDI;5;11;38;35;45;2;3;0;4;9;48;1333;2191;2466;58110;104759;36146;821926;1427823;198698;0.0;416730.5;61737.8;5787.9;182.3;110.9;70.4;13.1;12.2;22.0;7.4;4.3;11.3;False;2013076;euromillions_2.csv
2013-09-24;2011-2016 : 50 boules / 11 etoiles;MARDI;43;20;10;28;26;9;11;0;8;5;33;769;1687;1546;33705;79657;22261;495986;1151132;117819;0.0;145647.2;77678.5;5884.7;220.9;100.7;78.5;15.8;11.2;25.0;8.6;3.7;13.3;False;2013077;euromillions_2.csv
2013-09-27;2011-2016 : 50 boules / 11 etoiles;VENDREDI;41;15;11;38;43;6;2;1;5;10;91;1092;2207;3222;50055;99397;49379;765310;1508919;275793;65793284.0;357547.5;59591.2;3274.2;238.7;118.1;57.7;16.3;13.8;17.3;8.5;4.4;8.7;False;2013078;euromillions_2.csv
2013-10-01;2011-2016 : 50 boules / 11 etoiles;MARDI;19;44;48;25;23;9;8;0;4;5;33;722;1278;1563;33112;58287;22680;489713;880902;118201;0.0;251014.5;66937.2;5071.0;202.8;114.5;66.9;13.8;13.2;21.2;7.5;4.2;11.5;False;2013079;euromillions_2.csv
2013-10-04;2011-2016 : 50 boules / 11 etoiles;VENDREDI;50;35;6;24;20;5;10;0;7;10;52;1259;1940;2256;43254;88361;34294;659199;1362253;177687;0.0;222668.6;51956.0;4995.7;180.5;117.1;71.9;16.5;13.5;21.7;8.6;4.2;11.8;False;2013080;euromillions_2.csv
2013-10-08;2011-2016 : 50 boules / 11 etoiles;MARDI;23;24;33;42;26;5;3;0;0;5;58;643;1214;2549;36590;61007;38549;538582;895369;202774;0.0;0.0;283010.9;3049.6;240.7;127.4;43.3;13.2;13.4;13.1;7.2;4.4;7.0;False;2013081;euromillions_2.csv
2013-10-11;2011-2016 : 50 boules / 11 etoiles;VENDREDI;6;17;23;12;43;5;9;0;5;19;115;1539;2807;4304;65915;114941;59686;885135;1550531;299851;0.0;325019.1;28510.4;2355.2;153.9;84.4;39.3;11.2;10.8;13.0;6.7;3.9;7.3;False;2013082;euromillions_2.csv
2013-10-15;2011-2016 : 50 boules / 11 etoiles;MARDI;39;18;27;43;47;7;4;1;2;10;76;985;1857;2682;36882;68093;35849;512393;930458;186669;50899071.0;569896.7;37993.1;2499.5;168.7;89.5;44.2;14.1;12.9;15.2;8.1;4.5;8.2;False;2013083;euromillions_2.csv
2013-10-18;2011-2016 : 50 boules / 11 etoiles;VENDREDI;25;36;47;46;5;2;6;0;3;3;36;727;1589;2195;36127;71811;36632;582226;1159784;222425;0.0;489776.8;163258.9;6802.4;294.7;134.8;69.7;18.6;15.7;19.2;9.2;4.7;8.9;False;2013084;euromillions_2.csv
2013-10-22;2011-2016 : 50 boules / 11 etoiles;MARDI;39;33;29;44;41;9;11;0;0;2;24;503;1147;1324;25620;54533;18873;381706;821621;99379;0.0;0.0;655757.3;6830.8;285.1;125.0;77.3;17.5;13.9;24.9;9.4;4.4;13.4;False;2013085;euromillions_2.csv
2013-10-25;2011-2016 : 50 boules / 11 etoiles;VENDREDI;2;31;38;3;10;6;10;1;3;1;47;766;1783;1845;40929;97629;27965;616414;1495515;150990;31714028.0;507822.7;507822.7;5402.3;290.0;124.6;86.0;17.0;12.0;26.1;9.0;3.8;13.6;False;2013086;euromillions_2.csv
2013-10-29;2011-2016 : 50 boules / 11 etoiles;MARDI;32;9;10;30;37;6;2;1;4;3;31;518;1011;1556;25128;50714;26924;416630;834651;152910;15000000.0;235100.1;104488.9;5055.9;264.7;135.6;62.9;17.1;14.2;16.7;8.2;4.2;8.3;False;2013087;euromillions_2.csv
2013-11-01;2011-2016 : 50 boules / 11 etoiles;VENDREDI;19;33;29;30;7;3;8;0;6;14;73;1112;2011;3343;51295;94942;47216;708105;1292245;234186;0.0;222779.1;31825.5;3051.7;175.2;96.9;41.6;11.9;10.8;13.5;6.9;3.8;7.7;False;2013088;euromillions_2.csv
2013-11-05;2011-2016 : 50 boules / 11 etoiles;MARDI;35;38;12;13;6;2;3;1;3;5;33;763;1338;1600;35410;60519;24147;529755;903289;122698;21594781.0;329739.0;65947.8;4996.0;189.0;107.8;64.4;12.8;12.5;19.6;6.8;4.1;10.9;False;2013089;euromillions_2.csv
2013-11-08;2011-2016 : 50 boules / 11 etoiles;VENDREDI;35;20;42;43;28;8;10;2;5;3;41;805;1731;1766;37874;82224;25454;559249;1241696;134688;7500000.0;291709.5;162060.8;5929.0;264.2;122.8;86.0;17.6;13.6;27.4;9.5;4.4;14.6;False;2013090;euromillions_2.csv
2013-11-12;2011-2016 : 50 boules / 11 etoiles;MARDI;29;48;40;37;14;11;2;0;5;6;24;600;1303;1159;23969;53292;16861;356791;789817;93111;0.0;192021.6;53339.3;6667.4;233.3;107.4;86.2;18.3;13.8;27.2;9.8;4.5;13.9;False;2013091;euromillions_2.csv
2013-11-15;2011-2016 : 50 boules / 11 etoiles;VENDREDI;13;42;3;15;29;4;1;1;9;24;126;2463;5594;5076;105363;227662;70063;1426925;3036600;361622;100000000.0;328771.0;41096.3;3913.9;175.1;77.1;60.7;12.8;10.0;20.2;7.6;3.6;11.0;False;2013092;euromillions_2.csv
2013-11-19;2011-2016 : 50 boules / 11 etoiles;MARDI;45;14;19;36;15;1;10;0;4;7;19;465;1188;1017;23652;59713;16244;367278;936517;87926;0.0;245427.6;46748.1;8611.4;307.8;120.5;100.5;19.0;12.6;28.9;9.8;3.9;15.1;False;2013093;euromillions_2.csv
2013-11-22;2011-2016 : 50 boules / 11 etoiles;VENDREDI;40;26;13;25;50;8;9;0;13;12;60;1147;2046;2333;51534;95111;34268;747478;1383047;179120;0.0;119096.2;43006.9;4300.6;196.8;110.3;69.1;13.7;12.5;21.6;7.5;4.1;11.7;False;2013094;euromillions_2.csv
2013-11-26;2011-2016 : 50 boules / 11 etoiles;MARDI;44;27;23;42;19;5;3;1;2;8;64;912;1578;3135;40358;66459;43853;559194;923850;209623;32148861.0;512038.9;42669.9;2666.8;163.7;94.6;34.0;11.6;11.8;11.1;6.7;4.1;6.6;False;2013095;euromillions_2.csv
2013-11-29;2011-2016 : 50 boules / 11 etoiles;VENDREDI;10;23;7;2;43;4;7;1;5;6;82;1525;2579;4070;63534;108386;55389;819372;1447131;265961;15000000.0;297135.9;82537.7;3019.6;142.0;84.0;38.0;10.7;10.5;12.8;6.6;3.8;7.5;False;2013096;euromillions_2.csv
2013-12-03;2011-2016 : 50 boules / 11 etoiles;MARDI;32;6;29;15;13;2;9;0;2;3;65;858;1668;2266;36385;68753;29285;494730;914008;145288;0.0;475347.3;105632.7;2437.6;161.5;83.1;43.7;11.9;10.6;15.5;7.0;3.9;8.8;False;2013097;euromillions_2.csv
2013-12-06;2011-2016 : 50 boules / 11 etoiles;VENDREDI;18;31;36;2;1;7;10;0;2;5;37;657;1603;1700;37181;80648;25447;590296;1289370;139978;0.0;741485.4;98864.7;6680.0;329.1;134.9;90.8;18.2;14.1;27.9;9.2;4.3;14.3;False;2013098;euromillions_2.csv
2013-12-10;2011-2016 : 50 boules / 11 etoiles;MARDI;49;50;24;6;35;7;1;0;2;4;31;601;1577;1529;27960;54970;22652;421703;842197;129449;0.0;511544.5;85257.4;5500.4;248.2;94.6;69.7;16.7;14.3;21.6;8.8;4.5;10.7;False;2013099;euromillions_2.csv
2013-12-13;2011-2016 : 50 boules / 11 etoiles;VENDREDI;24;22;23;1;31;6;11;0;4;15;50;1140;2784;2533;53266;126441;36424;798804;1905685;209868;0.0;486045.0;43204.0;6480.6;248.7;101.8;79.9;16.7;11.8;25.5;8.9;3.8;12.5;False;2013100;euromillions_2.csv
2013-12-17;2011-2016 : 50 boules / 11 etoiles;MARDI;41;6;8;37;27;7;10;0;5;3;32;696;1507;1403;32195;69142;21886;497873;1059837;116134;0.0;232157.9;128976.6;6045.7;243.2;112.3;86.1;16.5;12.9;25.4;8.5;4.1;13.5;False;2013101;euromillions_2.csv
2013-12-20;2011-2016 : 50 boules / 11 etoiles;VENDREDI;13;22;17;43;12;10;3;0;6;14;61;1341;2966;2724;64216;140480;39669;892592;1942180;198624;0.0;297853.4;42550.4;4882.8;194.3;87.8;68.3;12.7;9.8;21.5;7.3;3.4;12.1;False;2013102;euromillions_2.csv
2013-12-24;2011-2016 : 50 boules / 11 etoiles;MARDI;5;31;43;50;19;6;2;0;5;8;46;1008;2232;2731;45377;93673;41355;677996;1385278;232031;0.0;310481.9;64683.7;5624.6;224.5;101.4;59.2;15.6;12.7;17.9;8.3;4.2;9.0;False;2013103;euromillions_2.csv
2013-12-27;2011-2016 : 50 boules / 11 etoiles;VENDREDI;1;22;6;13;28;10;5;0;11;28;87;1888;4306;3264;70862;157019;42466;900498;1932405;206501;0.0;159061.4;20829.4;3351.8;135.1;59.2;55.8;11.3;8.5;19.7;7.1;3.3;11.4;False;2013104;euromillions_2.csv
2013-12-31;2011-2016 : 50 boules / 11 etoiles;MARDI;29;45;24;20;13;7;3;0;12;6;101;1558;2889;5906;75791;138296;85971;1082996;1993621;439456;0.0;181797.4;121198.2;3599.9;204.2;110.1;38.4;13.1;12.1;12.1;7.3;4.1;6.7;False;2013105;euromillions_2.csv
2014-01-03;2011-2016 : 50 boules / 11 etoiles;VENDREDI;3;44;27;38;31;3;8;0;7;9;105;1554;2856;5393;74369;135489;74946;1107116;1989785;380968;0.0;326662.0;84690.1;3629.5;214.5;116.7;44.1;14.0;13.0;14.6;7.5;4.3;8.1;False;2014001;euromillions_2.csv
2014-01-07;2011-2016 : 50 boules / 11 etoiles;MARDI;2;45;20;27;33;6;10;2;9;17;68;1285;2951;2945;58237;134170;41977;861760;2003866;225576;65138886.0;235913.8;41631.8;5203.9;240.9;104.9;75.0;16.7;12.1;24.2;9.0;3.9;12.7;False;2014002;euromillions_2.csv
2014-01-10;2011-2016 : 50 boules / 11 etoiles;VENDREDI;1;27;2;11;29;10;1;0;10;19;59;1287;3095;2317;55529;133944;31875;735151;1802915;156812;0.0;162679.5;28540.2;4595.4;184.3;76.6;73.1;13.4;9.3;24.4;8.1;3.3;14.0;False;2014003;euromillions_2.csv
2014-01-14;2011-2016 : 50 boules / 11 etoiles;MARDI;25;18;20;26;37;11;10;0;2;7;41;495;1350;1348;24926;69730;19465;374843;1072817;106972;0.0;549286.5;52313.0;4465.7;323.6;118.6;84.8;20.2;12.1;27.0;10.7;3.8;13.9;False;2014004;euromillions_2.csv
2014-01-17;2011-2016 : 50 boules / 11 etoiles;VENDREDI;26;19;33;42;32;10;4;0;2;8;37;865;2208;1834;41632;96219;27909;629065;1456124;149982;0.0;805957.9;67163.1;7260.8;271.7;106.4;91.5;17.7;12.9;27.6;9.3;4.1;14.5;False;2014005;euromillions_2.csv
2014-01-21;2011-2016 : 50 boules / 11 etoiles;MARDI;4;42;35;48;12;5;8;0;3;9;60;763;1302;2439;34015;61786;37093;522270;936944;205569;0.0;378941.7;42104.6;3157.8;217.2;127.3;48.5;15.3;14.1;14.6;7.9;4.5;7.4;False;2014006;euromillions_2.csv
2014-01-24;2011-2016 : 50 boules / 11 etoiles;VENDREDI;19;41;35;34;5;1;5;0;7;5;64;948;1919;2665;47370;88489;43978;758461;1366445;234265;0.0;240106.4;112049.6;4376.9;258.5;127.7;65.6;16.2;14.6;18.3;8.1;4.6;9.7;False;2014007;euromillions_2.csv
2014-01-28;2011-2016 : 50 boules / 11 etoiles;MARDI;18;23;48;20;42;2;9;0;5;5;31;710;1377;2008;35142;66640;32728;548933;1029483;185945;0.0;241803.4;80601.1;6500.0;248.3;128.0;62.7;15.7;13.9;17.7;8.0;4.4;8.8;False;2014008;euromillions_2.csv
2014-01-31;2011-2016 : 50 boules / 11 etoiles;VENDREDI;10;15;31;8;16;8;9;1;2;12;75;1620;2832;3220;69584;130093;43527;950121;1749766;215855;72149579.0;917680.0;50982.2;4078.5;165.2;94.5;59.3;12.0;10.8;20.2;7.0;3.9;11.5;False;2014009;euromillions_2.csv
2014-02-04;2011-2016 : 50 boules / 11 etoiles;MARDI;37;1;33;21;38;8;4;0;1;6;18;493;1026;1634;26166;53044;26279;422991;858462;151424;0.0;1014692.9;56371.8;9395.3;300.1;144.2;64.6;17.7;14.7;18.5;8.7;4.4;9.0;False;2014010;euromillions_3.csv
2014-02-07;2011-2016 : 50 boules / 11 etoiles;VENDREDI;17;19;47;3;46;9;10;1;2;10;47;867;1952;1704;41519;94587;26398;630272;1446799;138345;25315477.0;773660.7;51577.3;5486.9;260.2;115.5;94.5;17.0;12.6;28.0;9.0;4.0;15.1;False;2014011;euromillions_3.csv
2014-02-11;2011-2016 : 50 boules / 11 etoiles;MARDI;47;25;8;17;41;1;2;0;2;8;22;646;1378;1343;29097;59743;19763;427175;867503;111086;0.0;493913.6;41159.4;7483.5;223.0;104.5;76.6;15.5;12.7;23.9;8.4;4.2;12.0;False;2014012;euromillions_3.csv
2014-02-14;2011-2016 : 50 boules / 11 etoiles;VENDREDI;19;39;4;2;6;2;7;1;6;10;91;1531;2407;4417;65796;107491;58602;843544;1445016;292652;25543227.0;263580.6;52716.1;2896.4;150.6;95.8;37.2;11.0;11.3;12.9;6.8;4.1;7.3;False;2014013;euromillions_3.csv
2014-02-18;2011-2016 : 50 boules / 11 etoiles;MARDI;36;37;26;23;49;6;7;0;0;2;36;529;1024;1453;27430;48987;21462;428931;756202;118157;0.0;0.0;649098.6;4507.6;268.4;138.6;69.8;16.2;15.3;21.7;8.3;4.8;11.1;False;2014014;euromillions_3.csv
2014-02-21;2011-2016 : 50 boules / 11 etoiles;VENDREDI;28;13;17;30;32;5;7;0;5;7;140;1624;2466;5118;63785;101221;67179;852197;1375376;320920;0.0;298934.3;71174.8;1779.3;134.2;88.3;30.4;10.7;11.3;10.6;6.4;4.0;6.3;False;2014015;euromillions_3.csv
2014-02-25;2011-2016 : 50 boules / 11 etoiles;MARDI;42;21;25;28;35;6;4;0;2;8;61;975;2168;2212;32531;67662;30467;457694;949332;158935;0.0;519074.0;43256.1;2836.4;155.2;69.8;48.8;14.6;11.8;16.3;8.3;4.1;8.8;False;2014016;euromillions_3.csv
2014-02-28;2011-2016 : 50 boules / 11 etoiles;VENDREDI;38;44;32;12;43;2;7;1;2;6;62;1040;1816;3401;49277;89325;48286;708467;1286266;269402;42517715.0;797418.8;88602.0;4287.1;223.6;128.0;48.8;14.8;13.7;15.8;8.2;4.6;8.0;False;2014017;euromillions_3.csv
2014-03-04;2011-2016 : 50 boules / 11 etoiles;MARDI;3;22;5;27;44;6;1;0;1;8;35;740;1845;1797;33944;79135;25754;486135;1074540;130689;0.0;1000384.0;41682.6;4763.7;197.1;79.0;57.9;13.5;9.7;18.6;7.5;3.4;10.3;False;2014018;euromillions_3.csv
2014-03-07;2011-2016 : 50 boules / 11 etoiles;VENDREDI;38;10;40;5;41;1;8;0;6;11;69;1449;3224;3776;74171;150526;58818;1155676;2362786;324122;0.0;453509.3;82456.2;6572.5;273.8;123.0;75.0;16.8;13.9;22.1;8.6;4.3;11.3;False;2014019;euromillions_3.csv
2014-03-11;2011-2016 : 50 boules / 11 etoiles;MARDI;1;4;44;33;23;8;7;0;5;11;74;1442;2768;2932;65280;120281;42825;935215;1704668;220943;0.0;366735.3;55565.9;4129.9;185.4;96.6;65.1;12.8;11.7;20.5;7.1;4.0;11.2;False;2014020;euromillions_3.csv
2014-03-14;2011-2016 : 50 boules / 11 etoiles;VENDREDI;30;24;6;27;25;9;5;1;7;17;126;2050;3745;5844;92491;167378;83444;1297395;2334784;440246;129384564.0;367715.3;50470.7;3404.7;183.1;100.2;45.8;12.7;11.8;14.7;7.2;4.1;7.9;False;2014021;euromillions_3.csv
2014-03-18;2011-2016 : 50 boules / 11 etoiles;MARDI;27;36;34;8;39;5;10;0;4;4;31;666;1218;1395;29748;59652;21415;427349;880150;115911;0.0;253982.0;84660.6;5461.9;222.4;121.6;75.8;15.6;13.1;22.7;8.7;4.3;11.8;False;2014022;euromillions_3.csv
2014-03-21;2011-2016 : 50 boules / 11 etoiles;VENDREDI;37;7;39;30;42;7;5;1;3;8;66;898;1678;3736;48593;80878;60227;760822;1243868;329336;25493153.0;524657.6;65582.2;3974.6;255.6;136.7;43.8;14.8;15.0;12.5;7.5;4.7;6.4;False;2014023;euromillions_3.csv
2014-03-25;2011-2016 : 50 boules / 11 etoiles;MARDI;28;50;26;7;20;8;2;0;5;3;44;666;1399;2308;32234;64627;33757;479144;947092;172691;0.0;195729.7;108738.7;3707.0;214.2;102.0;44.1;13.9;11.6;13.8;7.4;3.8;7.6;False;2014024;euromillions_3.csv
2014-03-28;2011-2016 : 50 boules / 11 etoiles;VENDREDI;3;43;19;28;4;3;7;1;6;7;118;1335;2358;5569;60019;100776;77548;844206;1444414;368327;25329483.0;258237.0;73782.0;2188.4;169.2;95.8;28.9;11.8;11.8;9.5;6.7;4.0;5.6;False;2014025;euromillions_3.csv
2014-04-01;2011-2016 : 50 boules / 11 etoiles;MARDI;44;38;18;16;26;10;8;1;4;2;47;690;1415;1355;28557;62174;18327;403902;897098;93424;15000000.0;242827.8;161885.2;3444.3;205.2;100.1;74.6;15.5;12.0;25.3;8.8;4.0;14.0;False;2014026;euromillions_3.csv
2014-04-04;2011-2016 : 50 boules / 11 etoiles;VENDREDI;50;45;28;6;10;10;11;0;2;4;51;863;2260;2093;37499;101267;31300;532451;1500612;149560;0.0;735283.2;122547.2;4805.7;248.5;94.8;73.1;17.9;11.1;22.5;10.1;3.6;13.3;False;2014027;euromillions_3.csv
2014-04-08;2011-2016 : 50 boules / 11 etoiles;MARDI;42;11;29;18;49;11;4;0;5;6;37;636;1522;1397;29635;64621;19798;426196;946597;98177;0.0;199536.9;55426.9;4494.0;228.7;95.5;74.3;15.4;11.9;24.1;8.5;3.9;13.7;False;2014028;euromillions_3.csv
2014-04-11;2011-2016 : 50 boules / 11 etoiles;VENDREDI;8;33;30;12;19;4;11;0;11;19;50;1400;3636;2354;55625;137637;31403;730741;1770090;159450;0.0;146639.0;28298.7;5376.7;168.0;64.6;71.3;13.2;9.0;24.6;8.0;3.4;13.6;False;2014029;euromillions_3.csv
2014-04-15;2011-2016 : 50 boules / 11 etoiles;MARDI;14;50;47;26;3;7;11;0;3;8;27;720;1354;1433;30128;63133;21630;450080;931036;114719;0.0;353233.3;44154.1;6541.3;214.6;114.1;77.0;16.1;12.9;23.4;8.6;4.2;12.5;False;2014030;euromillions_3.csv
2014-04-18;2011-2016 : 50 boules / 11 etoiles;VENDREDI;21;47;31;39;24;3;7;0;1;8;72;1051;1976;3717;45256;82988;58244;680275;1234186;329046;0.0;1540885.6;64203.5;3566.8;213.8;113.7;43.1;15.6;14.3;12.6;8.3;4.6;6.3;False;2014031;euromillions_3.csv
2014-04-22;2011-2016 : 50 boules / 11 etoiles;MARDI;20;46;15;24;13;8;1;0;2;3;32;676;1370;1718;33356;69076;24693;490383;1002158;129071;0.0;530391.1;117864.7;5524.9;228.8;112.9;64.3;14.5;11.8;20.5;7.9;3.9;11.1;False;2014032;euromillions_3.csv
2014-04-25;2011-2016 : 50 boules / 11 etoiles;VENDREDI;13;49;44;21;24;9;1;0;4;14;87;1248;2406;3234;54163;111497;45733;768789;1592326;233461;0.0;417655.3;39776.7;3200.4;195.2;101.2;53.8;14.1;11.5;17.5;7.9;3.9;9.6;False;2014033;euromillions_3.csv
2014-04-29;2011-2016 : 50 boules / 11 etoiles;MARDI;35;26;18;23;44;3;11;0;3;8;46;1000;2087;1826;40932;86973;25179;566592;1216095;131887;0.0;433234.3;54154.2;4709.0;189.5;90.8;74.1;14.5;11.5;24.7;8.4;4.0;13.3;False;2014034;euromillions_3.csv
2014-05-02;2011-2016 : 50 boules / 11 etoiles;VENDREDI;30;42;4;31;38;11;2;1;5;2;49;942;2021;2346;48548;106374;35400;751434;1652841;194919;89166455.0;376512.3;313760.3;6403.2;291.4;135.8;83.5;17.7;13.6;25.4;9.1;4.2;13.0;False;2014035;euromillions_3.csv
2014-05-06;2011-2016 : 50 boules / 11 etoiles;MARDI;37;5;19;31;24;9;1;0;3;11;36;671;1497;1876;29825;64706;26063;431358;911871;133014;0.0;315673.1;28697.5;4384.3;205.8;92.2;52.5;14.5;11.2;17.4;8.0;3.8;9.6;False;2014036;euromillions_3.csv
2014-05-09;2011-2016 : 50 boules / 11 etoiles;VENDREDI;45;28;3;26;21;10;7;0;1;7;48;988;1942;1887;45892;95733;28937;673646;1410352;150037;0.0;1460503.5;69547.7;5071.1;215.5;109.6;80.6;14.5;11.7;24.1;7.9;3.8;13.1;False;2014037;euromillions_3.csv
2014-05-13;2011-2016 : 50 boules / 11 etoiles;MARDI;47;34;13;30;4;6;2;0;3;4;43;681;1387;1825;29450;60435;29895;455796;915912;165287;0.0;342903.5;85725.8;3987.2;220.2;108.1;58.7;16.0;13.1;16.4;8.2;4.2;8.4;False;2014038;euromillions_3.csv
2014-05-16;2011-2016 : 50 boules / 11 etoiles;VENDREDI;26;23;37;29;40;4;3;0;1;6;60;1003;1879;2387;46874;86497;34429;699811;1272005;185290;0.0;1515237.5;84179.8;4208.9;220.3;117.6;66.1;14.8;13.5;21.0;7.9;4.4;11.0;False;2014039;euromillions_3.csv
2014-05-20;2011-2016 : 50 boules / 11 etoiles;MARDI;38;5;36;33;47;4;9;0;2;7;17;503;1130;1768;27124;54845;27162;422664;856135;155628;0.0;528720.3;50354.3;10367.0;306.5;136.4;62.3;17.8;14.8;18.6;9.1;4.6;9.2;False;2014040;euromillions_3.csv
2014-05-23;2011-2016 : 50 boules / 11 etoiles;VENDREDI;31;3;47;8;34;11;9;0;3;5;47;874;1906;1813;41193;91986;28729;626392;1424731;157548;0.0;530046.2;106009.2;5638.7;265.3;121.6;91.3;17.6;13.3;26.5;9.3;4.1;13.6;False;2014041;euromillions_3.csv
2014-05-27;2011-2016 : 50 boules / 11 etoiles;MARDI;16;13;26;25;7;1;6;0;6;11;62;1173;2526;2595;46798;102445;32372;583253;1264586;152797;0.0;192199.9;34945.4;3099.9;143.3;66.5;46.2;11.2;8.6;17.0;7.2;3.4;10.2;False;2014042;euromillions_3.csv
2014-05-30;2011-2016 : 50 boules / 11 etoiles;VENDREDI;27;41;24;45;5;7;6;0;5;8;64;1203;2229;2752;57208;102942;41512;863242;1548489;225568;0.0;355902.2;74146.3;4634.1;215.7;116.4;67.3;14.2;13.3;20.5;7.5;4.3;10.6;False;2014043;euromillions_3.csv
2014-06-03;2011-2016 : 50 boules / 11 etoiles;MARDI;2;39;32;15;44;5;10;0;8;5;43;1041;1874;2536;44537;86650;35787;647988;1283442;186537;0.0;188388.7;100473.9;5841.5;211.1;117.2;61.9;15.5;13.4;20.1;8.5;4.4;10.9;False;2014044;euromillions_3.csv
2014-06-06;2011-2016 : 50 boules / 11 etoiles;VENDREDI;34;40;25;7;49;9;11;0;4;19;71;1464;3067;3571;72197;154402;53776;1095967;2365586;291773;0.0;672399.4;47185.9;6313.6;267.9;127.8;78.4;17.0;13.4;23.9;8.9;4.2;12.4;False;2014045;euromillions_3.csv
2014-06-10;2011-2016 : 50 boules / 11 etoiles;MARDI;12;18;21;33;32;1;11;0;9;14;61;1071;2831;2697;50695;131446;38754;728068;1832636;204525;0.0;195840.3;41965.7;4815.7;240.0;90.7;68.0;15.9;10.3;21.7;8.8;3.6;11.6;False;2014046;euromillions_3.csv
2014-06-13;2011-2016 : 50 boules / 11 etoiles;VENDREDI;16;22;28;46;18;11;9;1;4;11;89;1760;3999;3811;81820;184670;57195;1180618;2667016;302785;137313501.0;700752.9;84939.7;5249.0;232.2;102.2;76.6;15.7;11.7;23.4;8.7;3.9;12.5;False;2014047;euromillions_3.csv
2014-06-17;2011-2016 : 50 boules / 11 etoiles;MARDI;48;13;37;40;11;8;9;0;1;3;47;653;1211;1316;30030;56076;21352;468883;873721;117020;0.0;1017907.2;113100.8;3609.6;227.3;122.5;80.5;15.5;13.9;22.8;7.9;4.3;11.7;False;2014048;euromillions_3.csv
2014-06-20;2011-2016 : 50 boules / 11 etoiles;VENDREDI;5;38;49;15;25;1;2;1;7;11;54;1235;2509;2412;51563;107349;30708;670601;1353090;169937;24974879.0;213747.3;45340.3;4617.9;176.6;86.9;64.6;13.2;10.7;23.3;8.1;4.1;11.9;False;2014049;euromillions_3.csv
2014-06-24;2011-2016 : 50 boules / 11 etoiles;MARDI;20;1;7;21;48;4;7;0;3;5;43;749;1147;2139;34128;57654;32816;487001;850260;161567;0.0;312175.4;62435.0;3629.9;182.3;119.0;45.6;12.5;12.5;13.6;7.0;4.1;7.8;False;2014050;euromillions_3.csv
2014-06-27;2011-2016 : 50 boules / 11 etoiles;VENDREDI;39;34;45;33;31;2;10;0;1;3;39;721;1671;1688;34224;74872;26027;525121;1176555;149285;0.0;1474696.7;163855.1;6302.1;298.2;128.7;91.0;19.7;15.1;27.1;10.2;4.7;13.3;False;2014051;euromillions_3.csv
2014-07-01;2011-2016 : 50 boules / 11 etoiles;MARDI;39;25;18;22;27;5;10;0;3;7;42;809;1627;1852;36276;73257;25682;497044;1013595;129645;0.0;346045.0;49435.0;4119.5;187.1;93.0;58.3;13.1;10.9;19.3;7.6;3.8;10.8;False;2014052;euromillions_3.csv
2014-07-04;2011-2016 : 50 boules / 11 etoiles;VENDREDI;47;18;43;39;4;6;2;0;4;5;47;935;1875;2606;41431;83179;40773;628468;1260006;234691;0.0;385460.0;102789.3;5467.5;240.4;119.9;61.6;17.0;14.2;18.1;8.9;4.5;8.8;False;2014053;euromillions_3.csv
2014-07-08;2011-2016 : 50 boules / 11 etoiles;MARDI;24;18;22;8;27;11;4;0;7;11;44;981;2381;1617;40172;96919;22415;521405;1220290;111342;0.0;155893.9;33068.4;4133.5;162.2;66.8;70.2;12.4;8.6;23.3;7.6;3.3;13.2;False;2014054;euromillions_3.csv
2014-07-11;2011-2016 : 50 boules / 11 etoiles;VENDREDI;38;35;5;49;22;7;4;0;6;12;53;1254;2460;2995;50710;98544;44817;734130;1379958;251029;0.0;269389.2;44898.2;5082.8;187.9;95.8;56.2;14.6;12.6;17.2;8.0;4.3;8.7;False;2014055;euromillions_3.csv
2014-07-15;2011-2016 : 50 boules / 11 etoiles;MARDI;18;27;15;34;20;1;3;1;3;7;49;959;1897;2088;40598;82890;28511;560603;1128439;149174;67902166.0;391019.8;55859.9;3989.9;178.3;90.1;58.5;13.2;10.9;19.7;7.6;3.8;10.6;False;2014056;euromillions_3.csv
2014-07-18;2011-2016 : 50 boules / 11 etoiles;VENDREDI;1;41;43;11;29;3;11;0;2;3;41;840;1606;1843;39699;81756;24995;568965;1202811;133188;0.0;685059.6;152235.4;5569.5;237.8;124.4;77.4;15.8;12.9;26.2;8.8;4.2;13.9;False;2014057;euromillions_3.csv
2014-07-22;2011-2016 : 50 boules / 11 etoiles;MARDI;1;43;50;45;24;5;8;0;0;5;43;563;1052;1684;25736;48843;27470;398816;746852;171630;0.0;0.0;256211.9;3724.0;248.8;133.1;59.4;17.1;15.1;16.7;8.8;4.8;7.5;False;2014058;euromillions_3.csv
2014-07-25;2011-2016 : 50 boules / 11 etoiles;VENDREDI;10;24;9;12;43;5;9;0;1;8;88;1269;2108;3840;57121;96043;53467;781174;1327538;261737;0.0;1412166.8;58840.2;2674.5;162.2;97.6;38.3;11.3;11.3;12.6;6.6;3.9;7.3;False;2014059;euromillions_3.csv
2014-07-29;2011-2016 : 50 boules / 11 etoiles;MARDI;40;23;35;10;43;9;3;1;1;4;49;720;1370;1878;31225;57746;28582;463812;857612;152906;37632166.0;1021863.3;85155.2;3475.7;206.9;108.7;56.6;14.9;13.6;17.1;8.0;4.4;9.0;False;2014060;euromillions_3.csv
2014-08-01;2011-2016 : 50 boules / 11 etoiles;VENDREDI;50;44;46;48;24;10;5;0;6;14;41;946;1800;1761;34444;68479;26722;511058;1033461;153875;0.0;226316.9;32330.9;5519.9;209.3;110.0;80.3;18.0;15.2;24.3;9.7;4.9;11.9;False;2014061;euromillions_3.csv
2014-08-05;2011-2016 : 50 boules / 11 etoiles;MARDI;5;21;42;7;19;11;5;0;5;7;42;1219;2247;1876;44103;85143;23895;531277;1059995;115018;0.0;194005.2;46191.7;3849.3;116.0;62.9;53.8;10.0;8.7;19.4;6.6;3.4;11.4;False;2014062;euromillions_3.csv
2014-08-08;2011-2016 : 50 boules / 11 etoiles;VENDREDI;29;21;35;46;43;1;9;0;4;11;42;733;1642;2057;35447;75220;32074;554002;1160491;186086;0.0;355306.9;43067.5;5639.7;282.7;126.2;71.9;18.3;14.5;21.2;9.4;4.5;10.3;False;2014063;euromillions_3.csv
2014-08-12;2011-2016 : 50 boules / 11 etoiles;MARDI;22;19;7;16;33;5;2;0;2;5;86;1176;1999;3121;46926;79068;39714;595731;1019174;181859;0.0;513136.7;68418.2;1988.9;127.2;74.8;34.2;10.0;10.0;12.3;6.3;3.7;7.6;False;2014064;euromillions_3.csv
2014-08-15;2011-2016 : 50 boules / 11 etoiles;VENDREDI;4;21;30;5;23;10;8;0;2;12;36;948;2454;1881;44074;108319;26393;624934;1517332;135680;0.0;687788.0;38210.4;6368.4;211.6;81.7;76.1;14.3;9.7;24.9;8.0;3.3;13.7;False;2014065;euromillions_3.csv
2014-08-19;2011-2016 : 50 boules / 11 etoiles;MARDI;11;34;47;4;7;7;8;1;5;11;53;1318;1619;1939;45583;71633;27423;603176;999361;138137;54304297.0;220508.1;33410.3;3467.1;121.9;99.3;59.2;11.0;11.8;19.2;6.7;4.1;10.8;False;2014066;euromillions_3.csv
2014-08-22;2011-2016 : 50 boules / 11 etoiles;VENDREDI;29;17;49;35;4;1;2;0;5;12;30;928;1845;1881;39789;82830;27180;585563;1194575;151640;0.0;268532.8;37296.2;7459.2;210.9;106.1;74.3;15.4;12.4;23.6;8.4;4.2;11.9;False;2014067;euromillions_3.csv
2014-08-26;2011-2016 : 50 boules / 11 etoiles;MARDI;36;48;45;10;22;11;4;0;6;3;30;632;1266;1175;24862;55265;16939;367469;824115;92387;0.0;158311.7;105541.1;5277.0;219.1;109.4;84.2;17.5;13.2;26.8;9.4;4.3;13.9;False;2014068;euromillions_3.csv
2014-08-29;2011-2016 : 50 boules / 11 etoiles;VENDREDI;32;38;26;9;2;3;6;0;5;2;84;946;1771;3841;44710;81750;46132;660208;1229693;226981;0.0;285439.2;237866.0;2831.7;220.0;117.5;38.7;14.6;13.4;14.8;7.9;4.3;8.5;False;2014069;euromillions_3.csv
2014-09-02;2011-2016 : 50 boules / 11 etoiles;MARDI;39;45;25;31;5;8;1;0;2;7;28;594;1371;1465;30200;66334;21698;425838;900371;119364;0.0;508288.3;48408.4;6051.0;249.5;108.1;72.2;15.4;11.8;22.4;8.7;4.2;11.5;False;2014070;euromillions_3.csv
2014-09-05;2011-2016 : 50 boules / 11 etoiles;VENDREDI;18;50;23;46;1;9;3;0;5;13;105;1471;3059;2795;45467;86863;41382;669207;1249695;233497;0.0;299036.3;38337.9;2373.3;148.2;71.2;55.7;15.0;13.2;17.3;8.1;4.4;8.6;False;2014071;euromillions_3.csv
2014-09-09;2011-2016 : 50 boules / 11 etoiles;MARDI;15;35;19;8;24;10;8;0;6;14;41;835;1868;1644;36886;80856;23058;516528;1141827;115505;0.0;187027.8;26718.2;4561.6;195.9;87.6;71.1;13.9;10.6;23.3;7.9;3.6;13.1;False;2014072;euromillions_3.csv
2014-09-12;2011-2016 : 50 boules / 11 etoiles;VENDREDI;31;9;33;26;13;7;11;0;6;12;73;1479;2959;2852;60367;123981;39483;828392;1697521;193695;0.0;278515.1;46419.1;3815.2;164.7;82.3;61.0;12.6;10.3;20.2;7.3;3.6;11.6;False;2014073;euromillions_3.csv
2014-09-16;2011-2016 : 50 boules / 11 etoiles;MARDI;4;30;35;50;29;4;2;0;3;6;34;685;1294;1889;34412;66356;30430;549482;1055080;174727;0.0;419829.3;69971.5;6173.9;268.1;141.9;69.4;16.7;14.6;19.8;8.4;4.4;9.7;False;2014074;euromillions_3.csv
2014-09-19;2011-2016 : 50 boules / 11 etoiles;VENDREDI;6;34;8;38;48;9;3;1;2;17;61;1056;2075;3102;52762;103278;48231;791090;1513042;274542;86732923.0;909183.6;35654.2;4968.2;251.1;127.7;61.0;15.7;13.5;18.0;8.4;4.5;8.9;False;2014075;euromillions_3.csv
2014-09-23;2011-2016 : 50 boules / 11 etoiles;MARDI;13;35;14;29;12;1;7;0;3;2;36;819;1404;2051;37449;69045;30940;553710;1035453;156328;0.0;357328.7;178664.3;4962.8;190.8;111.3;54.4;13.1;11.9;16.6;7.0;3.8;9.2;False;2014076;euromillions_3.csv
2014-09-26;2011-2016 : 50 boules / 11 etoiles;VENDREDI;46;35;47;13;27;1;2;0;6;5;51;1028;2139;2218;46193;97471;31705;686451;1422846;177830;0.0;269196.2;107678.4;5278.3;229.1;110.1;75.8;16.0;12.7;24.4;8.6;4.2;12.2;False;2014077;euromillions_3.csv
2014-09-30;2011-2016 : 50 boules / 11 etoiles;MARDI;33;13;15;3;42;5;7;1;8;6;112;1351;2138;4318;52607;82385;48279;614986;992024;224154;32929188.0;134275.0;59677.8;1598.5;115.9;73.2;25.9;9.3;10.0;10.6;6.4;4.0;6.4;False;2014078;euromillions_3.csv
2014-10-03;2011-2016 : 50 boules / 11 etoiles;VENDREDI;13;23;50;48;4;10;5;0;9;19;95;1857;4087;4642;86458;177992;65915;1251070;2566565;332182;0.0;296615.8;46834.0;4683.4;209.6;95.2;59.9;14.1;11.5;19.4;7.8;3.9;10.8;False;2014079;euromillions_3.csv
2014-10-07;2011-2016 : 50 boules / 11 etoiles;MARDI;38;30;21;9;28;8;1;0;4;13;67;1404;2930;3074;60294;125890;43499;851366;1767466;223572;0.0;454461.7;46611.4;4522.0;188.8;90.4;61.6;13.8;11.1;20.0;7.8;3.8;11.0;False;2014080;euromillions_3.csv
2014-10-10;2011-2016 : 50 boules / 11 etoiles;VENDREDI;29;42;47;45;6;9;10;0;7;11;67;1345;2798;3180;66359;137363;47840;1020716;2156795;257481;0.0;371747.2;78855.4;6473.2;282.1;135.6;85.2;17.9;14.6;26.0;9.3;4.5;13.6;False;2014081;euromillions_3.csv
2014-10-14;2011-2016 : 50 boules / 11 etoiles;MARDI;15;23;32;4;5;7;3;0;3;17;180;1957;3597;6432;80675;150241;87493;1098027;2021311;429212;0.0;708398.5;41670.5;1967.7;158.3;86.1;34.4;12.0;10.9;11.6;7.0;3.9;6.7;False;2014082;euromillions_3.csv
2014-10-17;2011-2016 : 50 boules / 11 etoiles;VENDREDI;49;13;48;1;40;8;10;0;4;17;90;1752;3796;4011;83057;176565;59285;1216920;2654977;324314;0.0;764204.9;59937.6;5660.7;254.4;117.4;79.3;16.8;13.3;24.7;9.2;4.3;12.7;False;2014083;euromillions_3.csv
2014-10-21;2011-2016 : 50 boules / 11 etoiles;MARDI;40;33;27;20;21;3;10;0;8;20;92;1666;3598;3966;79529;170385;59049;1180081;2518160;311905;0.0;333090.9;44412.1;4827.4;233.2;108.0;69.9;15.3;12.0;21.6;8.2;3.9;11.5;False;2014084;euromillions_3.csv
2014-10-24;2011-2016 : 50 boules / 11 etoiles;VENDREDI;42;20;3;30;9;6;1;1;9;24;147;2617;5699;6351;115019;242327;88855;1654248;3450472;460652;190000000.0;2174634.3;50349.4;4110.1;202.0;92.7;59.4;14.4;11.5;19.5;8.0;3.9;10.6;False;2014085;euromillions_3.csv
2014-10-28;2011-2016 : 50 boules / 11 etoiles;MARDI;45;17;40;10;15;1;2;1;2;7;37;728;1488;1552;32263;65960;24674;504141;1016735;128733;15000000.0;556193.5;52970.8;5010.7;222.8;109.0;74.6;15.8;12.9;21.6;8.0;4.1;11.7;False;2014086;euromillions_3.csv
2014-10-31;2011-2016 : 50 boules / 11 etoiles;VENDREDI;10;41;13;20;33;9;3;0;5;10;88;1619;3041;4207;65557;122853;59447;911202;1687614;287234;0.0;355794.2;59299.0;3369.2;160.2;85.3;44.0;12.4;11.1;14.3;7.1;3.9;8.3;False;2014087;euromillions_3.csv
2014-11-04;2011-2016 : 50 boules / 11 etoiles;MARDI;1;13;6;26;17;3;5;0;6;11;98;1334;2298;3520;50062;84941;44519;624396;1064043;206660;0.0;180167.3;32757.6;1838.4;118.1;68.6;31.9;9.8;9.8;11.6;6.3;3.8;7.0;False;2014088;euromillions_3.csv
2014-11-07;2011-2016 : 50 boules / 11 etoiles;VENDREDI;32;13;38;46;25;10;1;2;3;13;43;976;2515;1874;41816;102769;28407;610112;1509164;151524;16506235.0;540288.8;41560.6;6282.4;242.1;93.9;90.0;17.7;12.1;27.3;9.7;4.0;14.4;False;2014089;euromillions_3.csv
2014-11-11;2011-2016 : 50 boules / 11 etoiles;MARDI;46;14;36;2;21;11;7;0;0;7;34;615;1215;1340;27820;56355;20089;411040;835186;109548;0.0;0.0;186683.7;4804.3;232.4;117.6;76.1;16.1;13.4;23.3;8.7;4.4;12.1;False;2014090;euromillions_3.csv
2014-11-14;2011-2016 : 50 boules / 11 etoiles;VENDREDI;36;32;38;48;17;8;5;0;3;2;68;878;1634;3177;43666;80065;47219;653827;1192701;264968;0.0;515956.4;257978.2;3793.7;257.0;138.1;50.7;16.2;14.9;15.7;8.6;4.8;7.9;False;2014091;euromillions_3.csv
2014-11-18;2011-2016 : 50 boules / 11 etoiles;MARDI;3;2;36;38;17;11;4;0;3;5;30;531;1280;1321;27634;66411;19593;426013;996555;106784;0.0;354830.2;70966.0;5913.8;292.3;121.2;83.9;17.6;12.3;26.0;9.1;4.0;13.4;False;2014092;euromillions_3.csv
2014-11-21;2011-2016 : 50 boules / 11 etoiles;VENDREDI;28;32;7;37;4;5;10;0;1;5;40;1036;2434;2606;49109;106810;37548;735568;1575650;197324;0.0;1596840.2;106456.0;6653.5;224.7;95.6;63.8;14.9;11.5;20.3;7.9;3.8;10.9;False;2014093;euromillions_3.csv
2014-11-25;2011-2016 : 50 boules / 11 etoiles;MARDI;32;7;36;3;25;1;6;0;5;5;50;865;1939;2064;38057;84391;30173;548168;1201875;159250;0.0;244414.6;81471.5;4073.5;206.0;91.9;61.6;14.7;11.1;19.4;8.1;3.8;10.3;False;2014094;euromillions_3.csv
2014-11-28;2011-2016 : 50 boules / 11 etoiles;VENDREDI;10;23;6;41;15;10;4;0;7;21;66;1518;3741;2854;60906;145156;38862;855798;1979978;200567;0.0;279221.7;31024.6;4935.7;187.7;76.1;71.3;14.7;10.3;24.0;8.3;3.7;13.1;False;2014095;euromillions_3.csv
2014-12-02;2011-2016 : 50 boules / 11 etoiles;MARDI;15;25;3;49;44;9;1;1;3;0;48;862;1754;2370;38991;79959;34375;583555;1196634;177463;72971665.0;436641.4;0.0;13645.0;221.6;108.9;57.5;15.3;12.6;18.2;8.2;4.1;9.9;False;2014096;euromillions_3.csv
2014-12-05;2011-2016 : 50 boules / 11 etoiles;VENDREDI;5;8;48;47;37;3;2;0;2;4;36;821;1604;1911;40571;75983;31103;681712;1225471;176843;0.0;758715.9;126452.6;7025.1;269.5;137.9;82.7;17.1;15.3;23.3;8.1;4.6;11.6;False;2014097;euromillions_3.csv
2014-12-09;2011-2016 : 50 boules / 11 etoiles;MARDI;31;1;3;42;46;11;4;0;1;5;34;446;1020;1096;23892;53484;17721;385352;884400;100680;0.0;1023461.4;68230.7;5016.9;334.6;146.3;97.2;19.6;14.7;27.6;9.7;4.3;13.7;False;2014098;euromillions_3.csv
2014-12-12;2011-2016 : 50 boules / 11 etoiles;VENDREDI;28;2;15;31;37;4;6;0;3;7;71;1000;2078;3046;46067;95031;44177;671240;1382018;237171;0.0;517360.3;73908.6;3643.3;226.3;108.9;53.0;15.4;12.5;16.8;8.4;4.2;8.8;False;2014099;euromillions_3.csv
2014-12-16;2011-2016 : 50 boules / 11 etoiles;MARDI;13;7;3;25;12;5;8;1;5;11;131;1889;3677;4500;63772;121819;50500;698421;1291897;219081;39580687.0;222312.0;33683.6;1414.1;85.8;44.0;25.7;7.9;7.0;10.5;5.8;3.2;6.8;False;2014100;euromillions_3.csv
2014-12-19;2011-2016 : 50 boules / 11 etoiles;VENDREDI;39;44;23;29;31;5;8;1;5;5;62;886;1705;3256;45083;83322;48648;674959;1233604;266585;15000000.0;294307.3;98102.4;3955.7;242.2;125.8;47.0;14.9;13.6;14.4;7.9;4.4;7.4;False;2014101;euromillions_3.csv
2014-12-23;2011-2016 : 50 boules / 11 etoiles;MARDI;49;25;9;19;8;10;2;0;3;10;33;765;1906;1636;35738;85341;23735;499057;1143644;124761;0.0;372069.3;37206.9;5637.4;212.7;85.4;71.0;14.3;10.0;22.5;8.2;3.6;12.1;False;2014102;euromillions_3.csv
2014-12-26;2011-2016 : 50 boules / 11 etoiles;VENDREDI;26;45;27;49;17;2;3;1;11;15;35;1045;1738;2196;45631;84049;32804;730726;1312313;178200;25234535.0;139561.8;34115.1;7310.3;214.2;128.8;72.8;15.4;14.0;22.4;7.7;4.3;11.6;False;2014103;euromillions_3.csv
2014-12-30;2011-2016 : 50 boules / 11 etoiles;MARDI;6;18;39;50;44;11;8;1;4;6;54;664;1365;1507;29025;61188;21379;443968;960988;113404;15000000.0;275335.5;61185.6;3399.2;241.8;117.6;76.1;17.3;13.8;24.6;9.0;4.2;13.1;False;2014104;euromillions_3.csv
2015-01-02;2011-2016 : 50 boules / 11 etoiles;VENDREDI;24;25;49;28;22;3;6;0;2;8;32;931;1623;2402;40662;77541;37366;622176;1200654;207538;0.0;668437.9;55703.1;6962.8;209.4;120.1;57.9;15.0;13.2;17.1;7.8;4.1;8.7;False;2015001;euromillions_3.csv
2015-01-06;2011-2016 : 50 boules / 11 etoiles;MARDI;20;38;30;14;49;4;3;0;2;4;29;600;1142;1448;28931;54724;21263;440858;828184;114773;0.0;492755.7;82125.9;5663.8;239.5;125.8;70.8;15.6;13.8;22.2;8.1;4.4;11.6;False;2015002;euromillions_3.csv
2015-01-09;2011-2016 : 50 boules / 11 etoiles;VENDREDI;6;32;45;21;24;1;11;1;5;10;39;907;2416;2060;39229;101548;29935;574762;1461447;165018;31666941.0;302905.8;50484.3;6472.3;243.5;91.4;76.5;17.6;11.4;24.2;9.6;3.8;12.4;False;2015003;euromillions_3.csv
2015-01-13;2011-2016 : 50 boules / 11 etoiles;MARDI;34;31;21;8;17;10;9;0;4;15;36;809;1984;1324;32735;77710;18623;454594;1048814;99023;0.0;263770.1;23446.2;4884.6;190.1;77.5;83.0;14.7;10.4;27.1;8.5;3.7;14.4;False;2015004;euromillions_3.csv
2015-01-16;2011-2016 : 50 boules / 11 etoiles;VENDREDI;34;32;29;30;46;6;3;0;2;5;47;837;1580;2363;39113;74997;37582;619515;1176301;229674;0.0;786948.2;104926.4;5581.1;274.2;145.2;69.3;18.4;16.1;20.0;9.3;5.0;9.2;False;2015005;euromillions_3.csv
2015-01-20;2011-2016 : 50 boules / 11 etoiles;MARDI;33;47;15;41;44;10;8;2;3;4;42;667;1419;1394;28793;62536;19147;406028;901263;103188;16269652.0;352332.9;88083.2;4194.4;231.1;108.6;78.9;16.8;13.0;26.4;9.5;4.3;13.8;False;2015006;euromillions_3.csv
2015-01-23;2011-2016 : 50 boules / 11 etoiles;VENDREDI;30;45;29;38;6;8;1;0;1;7;31;808;1543;1977;37596;78810;30536;587559;1218116;170598;0.0;1422697.0;67747.4;7648.9;256.7;134.4;74.9;17.3;13.9;22.3;8.8;4.3;11.2;False;2015007;euromillions_3.csv
2015-01-27;2011-2016 : 50 boules / 11 etoiles;MARDI;10;33;5;31;40;10;8;1;2;5;30;594;1298;1309;28960;64278;20343;426499;966968;104605;21715116.0;503633.6;67151.1;5595.9;247.2;113.1;80.1;15.9;12.0;23.7;8.6;3.9;13.0;False;2015008;euromillions_3.csv
2015-01-30;2011-2016 : 50 boules / 11 etoiles;VENDREDI;9;24;15;13;19;3;8;2;6;16;110;1816;3246;4016;69435;127017;54178;885136;1629723;260529;7500000.0;258356.4;32294.5;2348.6;124.4;69.6;40.2;10.2;9.4;13.7;6.4;3.5;8.0;False;2015009;euromillions_3.csv
2015-02-03;2011-2016 : 50 boules / 11 etoiles;MARDI;50;44;17;31;33;11;7;1;4;9;31;672;1376;1678;30961;58994;21973;430696;862061;110590;15000000.0;242909.6;35986.6;5223.8;210.8;102.9;60.3;14.3;12.6;21.1;8.2;4.2;11.8;False;2015010;euromillions_3.csv
2015-02-06;2011-2016 : 50 boules / 11 etoiles;VENDREDI;50;30;10;26;39;8;7;0;3;12;42;950;1767;2075;46529;88449;30031;654030;1162433;162141;0.0;469666.2;39138.8;5591.2;216.2;116.2;70.7;13.8;12.2;22.4;7.8;4.5;11.7;False;2015011;euromillions_3.csv
2015-02-10;2011-2016 : 50 boules / 11 etoiles;MARDI;30;45;20;13;17;9;10;0;1;4;31;774;1740;1358;33841;74269;19362;458549;1024075;95823;0.0;997973.3;83164.4;5365.4;188.0;83.6;76.5;13.5;10.3;24.6;7.9;3.6;14.1;False;2015012;euromillions_3.csv
2015-02-13;2011-2016 : 50 boules / 11 etoiles;VENDREDI;24;12;39;44;42;3;11;0;6;8;59;1343;2935;2275;54073;116791;32950;750170;1604420;176764;0.0;291869.9;72967.4;4946.9;190.1;87.0;80.1;14.8;11.5;25.4;8.5;4.0;13.4;False;2015013;euromillions_3.csv
2015-02-17;2011-2016 : 50 boules / 11 etoiles;MARDI;5;2;18;43;30;10;1;0;1;4;28;675;1624;1285;29148;71888;19267;424280;1039472;101904;0.0;1064229.8;88685.8;6334.7;229.9;95.5;86.2;16.7;11.4;26.4;9.1;3.8;14.1;False;2015014;euromillions_3.csv
2015-02-20;2011-2016 : 50 boules / 11 etoiles;VENDREDI;37;46;10;4;14;4;7;0;5;5;75;1014;1728;3435;49876;88250;51968;750900;1344640;268043;0.0;321069.1;107023.0;3567.4;230.8;135.4;48.6;14.7;14.0;14.8;7.8;4.4;8.1;False;2015015;euromillions_3.csv
2015-02-24;2011-2016 : 50 boules / 11 etoiles;MARDI;3;28;25;34;50;1;11;0;3;3;39;625;1323;1754;30222;71389;26671;457036;1108190;136604;0.0;386349.2;128783.0;4953.1;270.4;127.7;68.8;17.5;12.5;20.8;9.2;3.9;11.4;False;2015016;euromillions_3.csv
2015-02-27;2011-2016 : 50 boules / 11 etoiles;VENDREDI;17;25;14;5;47;10;9;0;4;13;60;1430;3183;2598;61419;139313;37006;867885;1949773;193946;0.0;485210.6;49765.1;5391.2;197.9;88.9;77.8;14.4;10.7;25.1;8.1;3.7;13.5;False;2015017;euromillions_3.csv
2015-03-03;2011-2016 : 50 boules / 11 etoiles;MARDI;6;21;13;8;11;8;7;0;17;13;100;2108;3232;3327;71475;118646;39162;851115;1454084;178334;0.0;81741.3;35630.8;2316.0;96.1;62.7;43.5;8.9;9.0;17.0;5.9;3.5;10.5;False;2015018;euromillions_3.csv
2015-03-06;2011-2016 : 50 boules / 11 etoiles;VENDREDI;47;30;49;50;23;7;2;1;9;10;83;1732;3200;4690;80374;155735;73809;1218252;2321600;440146;100000000.0;315070.4;94521.1;5694.0;238.7;129.2;62.9;16.1;14.0;18.4;8.5;4.5;8.7;False;2015019;euromillions_3.csv
2015-03-10;2011-2016 : 50 boules / 11 etoiles;MARDI;31;30;2;6;23;10;2;0;5;3;39;799;1537;1585;33967;69657;22369;470214;1000577;116637;0.0;207423.6;115235.3;4432.1;189.2;98.4;68.1;13.9;11.4;22.2;8.0;3.8;12.0;False;2015020;euromillions_3.csv
2015-03-13;2011-2016 : 50 boules / 11 etoiles;VENDREDI;4;5;22;18;23;3;1;0;8;12;88;1550;3237;3683;69334;136247;51366;978562;1915498;250682;0.0;229022.8;50893.9;3470.0;172.3;82.5;51.8;12.1;10.3;17.0;6.8;3.5;9.8;False;2015021;euromillions_3.csv
2015-03-17;2011-2016 : 50 boules / 11 etoiles;MARDI;11;23;44;38;26;8;1;0;4;17;39;936;2224;1854;37659;83013;25707;509724;1077921;133311;0.0;273703.0;21466.9;4678.6;170.5;71.7;61.5;13.3;10.1;20.4;7.8;3.8;11.1;False;2015022;euromillions_3.csv
2015-03-20;2011-2016 : 50 boules / 11 etoiles;VENDREDI;3;14;42;48;37;1;10;0;6;7;52;891;2004;1929;39389;94242;28355;595541;1448592;154979;0.0;270942.5;77412.1;5210.4;266.0;118.3;87.7;18.9;13.2;27.4;10.0;4.2;14.2;False;2015023;euromillions_3.csv
2015-03-24;2011-2016 : 50 boules / 11 etoiles;MARDI;40;10;39;24;26;3;10;0;2;5;40;751;1636;1619;32028;68113;23896;481089;1023032;126047;0.0;566578.9;75543.8;4721.4;220.0;101.0;72.9;16.2;12.8;22.7;8.6;4.1;12.1;False;2015024;euromillions_3.csv
2015-03-27;2011-2016 : 50 boules / 11 etoiles;VENDREDI;30;39;32;44;2;10;6;0;6;12;39;1100;2029;2380;47322;97352;34954;702397;1546602;188973;0.0;304007.6;50667.9;7795.0;241.8;131.1;79.8;17.6;14.4;25.0;9.5;4.4;13.0;False;2015025;euromillions_3.csv
2015-03-31;2011-2016 : 50 boules / 11 etoiles;MARDI;8;28;20;24;49;8;9;1;1;9;46;966;1729;2141;44413;78956;30100;630538;1138462;151817;73584056.0;1277754.4;47324.2;4629.5;192.8;107.7;62.1;13.1;12.4;20.3;7.4;4.2;11.3;False;2015026;euromillions_3.csv
2015-04-03;2011-2016 : 50 boules / 11 etoiles;VENDREDI;39;37;49;29;27;4;2;0;8;17;49;1099;2130;2227;42761;87087;32850;617085;1214408;180459;0.0;178696.8;28030.8;4862.4;189.6;97.8;66.8;15.3;12.6;20.8;8.4;4.4;10.7;False;2015027;euromillions_3.csv
2015-04-07;2011-2016 : 50 boules / 11 etoiles;MARDI;39;25;50;44;18;8;5;1;2;8;50;863;1280;2267;32211;54875;32555;451050;798955;175961;21449918.0;483743.7;40311.9;3224.9;163.4;110.2;44.4;13.7;13.5;14.2;7.8;4.5;7.4;False;2015028;euromillions_3.csv
2015-04-10;2011-2016 : 50 boules / 11 etoiles;VENDREDI;25;43;22;23;30;5;9;0;2;3;68;893;1512;2906;46188;82441;47567;712087;1261534;253374;0.0;712500.6;158333.4;3492.6;232.7;137.4;51.0;14.1;13.3;14.3;7.3;4.2;7.6;False;2015029;euromillions_3.csv
2015-04-14;2011-2016 : 50 boules / 11 etoiles;MARDI;49;34;32;24;35;2;1;0;2;3;29;502;1115;1377;25508;53837;18941;385807;811931;105486;0.0;502336.9;111630.4;5773.9;291.8;131.4;76.0;18.0;14.3;25.4;9.5;4.6;12.8;False;2015030;euromillions_3.csv
2015-04-17;2011-2016 : 50 boules / 11 etoiles;VENDREDI;39;2;34;24;30;11;8;0;3;3;35;741;1613;1741;37737;81808;27014;586946;1301618;148474;0.0;495368.1;165122.7;7076.6;292.4;134.3;88.9;18.0;14.0;26.3;9.2;4.2;13.5;False;2015031;euromillions_3.csv
2015-04-21;2011-2016 : 50 boules / 11 etoiles;MARDI;14;42;17;6;45;8;1;0;5;6;36;691;1559;1621;32264;68661;25440;483041;1016119;135952;0.0;223508.6;62085.7;5173.8;235.8;104.5;71.8;15.8;12.5;21.0;8.4;4.1;11.1;False;2015032;euromillions_3.csv
2015-04-24;2011-2016 : 50 boules / 11 etoiles;VENDREDI;31;5;40;29;19;3;10;1;4;15;68;1245;2619;2776;54964;116301;38956;774772;1656103;203402;50731331.0;437844.5;38919.5;4292.5;205.1;97.5;65.7;14.6;11.6;21.5;8.2;3.9;11.6;False;2015033;euromillions_3.csv
2015-04-28;2011-2016 : 50 boules / 11 etoiles;MARDI;36;24;28;26;45;10;7;0;4;3;24;521;1111;1311;26639;55082;18581;407376;834322;100788;0.0;241021.8;107120.8;6695.0;269.8;126.5;76.6;16.5;13.4;24.8;8.6;4.3;12.9;False;2015034;euromillions_3.csv
2015-05-01;2011-2016 : 50 boules / 11 etoiles;VENDREDI;19;26;20;25;3;6;10;0;7;15;21;902;2254;1824;40938;99217;26713;582331;1400139;141239;0.0;192079.3;29879.0;10671.0;217.3;86.9;76.7;15.0;10.4;24.1;8.4;3.6;12.8;False;2015035;euromillions_3.csv
2015-05-05;2011-2016 : 50 boules / 11 etoiles;MARDI;1;17;10;42;20;9;8;0;0;4;32;812;1530;1551;35553;69937;23085;500560;966105;118352;0.0;0.0;339051.6;5297.6;182.6;96.9;68.3;13.1;11.2;21.1;7.4;3.9;11.6;False;2015036;euromillions_3.csv
2015-05-08;2011-2016 : 50 boules / 11 etoiles;VENDREDI;14;19;49;7;47;10;3;0;3;14;45;990;2167;2132;45206;98992;32240;669201;1451459;167036;0.0;495553.7;35396.6;5506.1;218.9;100.0;72.6;15.0;11.5;22.0;8.1;3.8;12.0;False;2015037;euromillions_3.csv
2015-05-12;2011-2016 : 50 boules / 11 etoiles;MARDI;29;30;14;46;40;3;6;1;6;3;36;550;1151;1977;29024;56912;27292;456725;881884;153411;47879234.0;180585.5;120390.3;5016.2;287.2;137.2;57.0;17.1;14.6;19.0;8.6;4.6;9.5;False;2015038;euromillions_3.csv
2015-05-15;2011-2016 : 50 boules / 11 etoiles;VENDREDI;47;42;44;5;35;9;8;0;1;4;36;691;1378;1856;36313;68154;26409;571622;1066477;148373;0.0;1349968.9;112497.4;6249.8;284.9;142.8;75.7;17.0;15.2;24.4;8.6;4.7;12.3;False;2015039;euromillions_3.csv
2015-05-19;2011-2016 : 50 boules / 11 etoiles;MARDI;35;37;31;26;30;11;8;0;4;6;22;472;966;1091;22122;47390;17459;366744;798965;99729;0.0;243341.6;54075.9;7373.9;300.7;146.9;92.9;20.1;15.8;26.7;9.7;4.5;13.2;False;2015040;euromillions_3.csv
2015-05-22;2011-2016 : 50 boules / 11 etoiles;VENDREDI;18;44;35;24;45;5;11;0;2;6;37;891;1662;1871;39696;79741;30168;619643;1242187;161191;0.0;723961.1;80440.1;6522.1;236.9;127.0;80.6;16.7;13.9;22.9;8.5;4.3;12.1;False;2015041;euromillions_3.csv
2015-05-26;2011-2016 : 50 boules / 11 etoiles;MARDI;6;24;7;21;5;6;5;1;3;6;108;1125;1789;3032;46394;75007;31811;602988;1005578;130979;37682171.0;327012.2;54502.0;1513.9;127.1;79.9;33.7;9.6;10.0;14.7;5.9;3.6;10.1;False;2015042;euromillions_3.csv
2015-05-29;2011-2016 : 50 boules / 11 etoiles;VENDREDI;4;20;48;45;3;8;6;0;3;8;29;762;1542;2168;39444;78219;34973;639068;1269067;199657;0.0;499345.3;62418.1;8609.4;286.6;141.6;71.9;17.4;14.7;20.5;8.5;4.4;10.1;False;2015043;euromillions_3.csv
2015-06-02;2011-2016 : 50 boules / 11 etoiles;MARDI;23;7;41;29;37;1;8;0;2;5;37;733;1638;1545;31421;69388;23447;454533;972232;124715;0.0;510830.8;68110.7;4602.0;203.2;90.9;68.8;14.9;11.3;20.8;8.2;3.9;11.0;False;2015044;euromillions_3.csv
2015-06-05;2011-2016 : 50 boules / 11 etoiles;VENDREDI;8;7;2;48;45;9;1;0;9;10;66;1402;2934;4527;72488;152009;66973;1138617;2390942;358960;0.0;293926.5;88177.9;6680.1;275.1;131.4;60.8;16.7;13.4;18.9;8.5;4.1;9.9;False;2015045;euromillions_3.csv
2015-06-09;2011-2016 : 50 boules / 11 etoiles;MARDI;5;34;17;9;32;8;6;0;2;12;85;1430;2934;3514;62969;127296;48664;871055;1761649;248035;0.0;910508.5;50583.8;3570.6;185.7;90.5;53.9;13.2;11.0;17.9;7.6;3.8;9.9;False;2015046;euromillions_3.csv
2015-06-12;2011-2016 : 50 boules / 11 etoiles;VENDREDI;11;10;37;5;8;9;7;1;8;10;122;2158;4537;5641;96955;186751;77391;1344197;2496652;387954;129204405.0;319955.4;85321.4;3496.7;172.9;82.2;47.2;12.1;10.5;15.8;6.9;3.8;8.9;False;2015047;euromillions_3.csv
2015-06-16;2011-2016 : 50 boules / 11 etoiles;MARDI;15;10;36;16;37;3;9;0;1;2;35;566;1136;1628;27234;53383;27776;450891;864826;157768;0.0;1007623.0;167937.1;4798.2;259.6;129.3;64.4;16.9;14.5;17.3;8.1;4.3;8.6;False;2015048;euromillions_3.csv
2015-06-19;2011-2016 : 50 boules / 11 etoiles;VENDREDI;7;14;20;31;42;9;3;1;12;12;89;1392;2396;3432;53558;101126;46248;726684;1362921;236863;24835107.0;122938.8;40979.6;2762.6;154.5;89.7;44.7;12.6;11.2;15.2;7.4;4.0;8.4;False;2015049;euromillions_3.csv
2015-06-23;2011-2016 : 50 boules / 11 etoiles;MARDI;16;38;4;22;49;6;9;0;8;8;32;676;1390;1611;29142;58749;23683;423051;852783;127279;0.0;118789.9;39596.6;4949.5;205.0;99.7;61.4;14.9;12.4;19.2;8.2;4.1;10.1;False;2015050;euromillions_3.csv
2015-06-26;2011-2016 : 50 boules / 11 etoiles;VENDREDI;10;19;6;3;24;5;7;1;19;19;152;2248;3837;5787;75975;130123;67297;904661;1540206;312470;25263266.0;81025.7;27008.5;1688.0;99.8;58.5;27.7;9.2;9.1;10.9;6.2;3.7;6.6;False;2015051;euromillions_3.csv
2015-06-30;2011-2016 : 50 boules / 11 etoiles;MARDI;11;28;15;34;37;1;8;0;4;4;33;668;1355;1469;29007;61142;21665;419167;873735;117039;0.0;234718.8;78239.6;4741.7;204.9;101.0;66.5;14.8;11.8;20.7;8.2;4.0;10.8;False;2015052;euromillions_3.csv
2015-07-03;2011-2016 : 50 boules / 11 etoiles;VENDREDI;11;18;44;15;12;3;9;0;1;8;56;989;1939;3225;50009;92946;48674;740648;1370056;247360;0.0;1409742.2;58739.2;4195.6;207.8;106.0;45.5;12.9;11.6;13.8;6.9;3.8;7.7;False;2015053;euromillions_3.csv
2015-07-07;2011-2016 : 50 boules / 11 etoiles;MARDI;7;41;33;18;6;10;3;0;3;10;25;656;1521;1491;30288;65727;21591;448497;970241;115185;0.0;333957.5;33395.7;6679.1;222.7;96.0;69.9;15.1;11.7;22.2;8.1;3.8;11.7;False;2015054;euromillions_3.csv
2015-07-10;2011-2016 : 50 boules / 11 etoiles;VENDREDI;35;8;15;5;41;5;4;1;3;10;52;1240;2017;2856;61361;93125;36467;772206;1298084;191325;40998254.0;496041.0;49604.1;4769.6;175.0;107.5;54.2;11.1;12.3;19.5;7.0;4.2;10.5;False;2015055;euromillions_3.csv
2015-07-14;2011-2016 : 50 boules / 11 etoiles;MARDI;34;18;36;19;6;1;8;0;3;4;46;567;1099;1443;26247;54317;21440;395479;823937;113904;0.0;303065.5;75766.3;3294.1;233.8;120.6;65.6;15.8;12.9;20.3;8.4;4.1;10.8;False;2015056;euromillions_3.csv
2015-07-17;2011-2016 : 50 boules / 11 etoiles;VENDREDI;21;48;22;1;43;9;7;0;3;3;40;870;1507;2192;37794;70521;36171;614982;1112061;212281;0.0;460759.2;153586.4;5759.4;231.7;133.7;65.6;16.7;15.1;18.3;8.2;4.6;8.8;False;2015057;euromillions_3.csv
2015-07-21;2011-2016 : 50 boules / 11 etoiles;MARDI;14;29;44;27;20;10;7;0;0;6;19;673;1492;1477;32707;66621;20922;460154;942249;106452;0.0;0.0;217974.0;8604.2;212.5;95.8;69.1;13.7;11.3;22.4;7.8;3.9;12.4;False;2015058;euromillions_3.csv
2015-07-24;2011-2016 : 50 boules / 11 etoiles;VENDREDI;21;46;2;9;35;2;11;1;8;14;48;986;2125;2362;42752;88891;31970;616908;1304557;164891;40468528.0;182139.7;34693.2;5059.4;215.5;99.9;64.2;15.6;12.6;21.8;8.6;4.1;11.9;False;2015059;euromillions_3.csv
2015-07-28;2011-2016 : 50 boules / 11 etoiles;MARDI;36;23;49;43;32;8;7;0;3;7;28;603;995;1246;27029;47485;18609;403017;701406;104659;0.0;306673.6;43810.5;5476.3;222.5;134.8;76.9;15.6;14.9;23.6;8.3;4.9;11.9;False;2015060;euromillions_3.csv
2015-07-31;2011-2016 : 50 boules / 11 etoiles;VENDREDI;34;21;16;50;40;6;9;1;4;10;63;908;1653;2347;41102;79748;36017;633773;1229417;201015;24939216.0;372720.5;49696.0;3944.1;239.4;131.5;66.1;16.6;14.4;19.8;8.6;4.5;10.0;False;2015061;euromillions_3.csv
2015-08-04;2011-2016 : 50 boules / 11 etoiles;MARDI;50;15;39;10;45;10;9;0;2;7;22;579;1089;1198;25948;52755;17196;385410;811747;88626;0.0;458091.3;43627.7;6940.7;230.7;122.6;79.6;16.1;13.3;25.5;8.7;4.2;13.9;False;2015062;euromillions_3.csv
2015-08-07;2011-2016 : 50 boules / 11 etoiles;VENDREDI;1;5;21;44;39;4;11;0;1;7;34;768;1699;1697;36640;86872;25419;561825;1330287;134976;0.0;1363551.0;64931.0;6684.0;258.9;117.0;83.6;17.0;12.0;25.7;8.8;3.8;13.6;False;2015063;euromillions_3.csv
2015-08-11;2011-2016 : 50 boules / 11 etoiles;MARDI;2;16;3;15;8;4;11;0;6;9;36;748;2009;1319;33438;80463;19272;440790;1073765;98665;0.0;163964.5;36436.5;4554.5;191.8;71.4;77.6;13.4;9.4;24.4;8.1;3.4;13.5;False;2015064;euromillions_3.csv
2015-08-14;2011-2016 : 50 boules / 11 etoiles;VENDREDI;45;4;44;7;39;3;5;1;7;7;46;781;1586;2706;42501;78591;52937;701848;1235579;274294;40297743.0;206760.3;68920.1;5243.9;270.2;133.0;55.7;15.6;14.1;13.1;7.5;4.3;7.1;False;2015065;euromillions_3.csv
2015-08-18;2011-2016 : 50 boules / 11 etoiles;MARDI;7;10;19;12;11;2;9;0;4;12;73;1230;2455;2638;47085;88671;31987;561734;1050964;138070;0.0;226425.6;25158.4;2067.8;107.3;53.8;35.7;8.8;7.8;13.5;5.9;3.2;8.8;False;2015066;euromillions_3.csv
2015-08-21;2011-2016 : 50 boules / 11 etoiles;VENDREDI;47;4;16;18;43;10;6;0;6;8;41;761;1653;1654;33467;75930;25318;515122;1192195;139614;0.0;224660.6;56165.1;5479.5;258.3;118.9;84.8;18.4;13.6;25.5;9.5;4.2;13.0;False;2015067;euromillions_3.csv
2015-08-25;2011-2016 : 50 boules / 11 etoiles;MARDI;31;33;50;27;42;5;2;1;2;2;32;531;1068;1602;27962;52047;26751;437062;798272;155305;30507122.0;489052.3;163017.4;5094.2;268.6;133.5;63.5;16.0;14.4;17.5;8.2;4.5;8.5;False;2015068;euromillions_3.csv
2015-08-28;2011-2016 : 50 boules / 11 etoiles;VENDREDI;11;34;30;29;31;4;7;1;4;3;67;842;1555;2931;43582;80552;44050;657972;1221965;234686;15000000.0;353872.6;157276.7;3521.1;245.1;132.7;50.3;14.8;13.5;15.3;7.8;4.3;8.1;False;2015069;euromillions_3.csv
2015-09-01;2011-2016 : 50 boules / 11 etoiles;MARDI;6;27;45;19;21;8;1;0;3;4;38;736;1459;1729;31637;66699;24564;436055;913079;123122;0.0;303314.4;75828.6;3990.9;180.2;90.9;54.8;13.1;10.5;17.7;7.6;3.7;10.0;False;2015070;euromillions_3.csv
2015-09-04;2011-2016 : 50 boules / 11 etoiles;VENDREDI;27;8;45;9;50;8;10;0;3;9;45;875;1810;1956;41415;90468;27553;606107;1335364;148111;0.0;466757.2;51861.9;5186.1;233.3;112.8;74.5;15.4;11.9;24.3;8.4;3.9;12.8;False;2015071;euromillions_3.csv
2015-09-08;2011-2016 : 50 boules / 11 etoiles;MARDI;42;14;40;39;16;1;4;1;3;4;30;534;1139;1312;24812;51892;20020;384077;819515;111252;30904640.0;328474.6;82118.6;5474.5;269.1;126.1;78.2;18.2;14.6;23.5;9.4;4.5;11.9;False;2015072;euromillions_3.csv
2015-09-11;2011-2016 : 50 boules / 11 etoiles;VENDREDI;19;50;10;29;18;9;1;0;7;4;71;973;1923;2889;44496;89840;40214;639525;1316622;193953;0.0;190674.5;111226.8;3133.1;200.0;101.2;48.1;13.7;11.4;15.9;7.6;3.8;9.3;False;2015073;euromillions_3.csv
2015-09-15;2011-2016 : 50 boules / 11 etoiles;MARDI;44;8;15;17;49;5;8;0;6;8;45;681;1146;2598;33120;56952;37129;484230;850317;187082;0.0;159968.7;39992.1;3554.8;205.5;122.1;38.4;13.2;12.9;12.3;7.2;4.2;6.9;False;2015074;euromillions_3.csv
2015-09-18;2011-2016 : 50 boules / 11 etoiles;VENDREDI;39;34;33;7;29;8;7;0;2;6;37;839;1412;2165;44608;76655;32544;710040;1185018;174925;0.0;704194.7;78243.8;6344.0;244.8;145.4;67.7;14.4;14.1;20.7;7.2;4.4;10.9;False;2015075;euromillions_3.csv
2015-09-22;2011-2016 : 50 boules / 11 etoiles;MARDI;27;14;23;29;26;7;10;0;3;13;36;907;1830;1875;36324;75026;21915;488041;1004568;111094;0.0;331822.5;25524.8;4608.6;160.0;79.3;55.3;12.5;10.2;21.7;7.4;3.7;12.1;False;2015076;euromillions_3.csv
2015-09-25;2011-2016 : 50 boules / 11 etoiles;VENDREDI;14;37;30;13;23;8;2;1;4;6;92;1162;2289;3767;53922;106969;52512;771174;1524509;264106;47772431.0;388048.7;86233.0;2811.9;194.8;98.8;42.9;13.1;11.1;14.1;7.3;3.8;7.9;False;2015077;euromillions_3.csv
2015-09-29;2011-2016 : 50 boules / 11 etoiles;MARDI;14;49;26;11;29;3;9;1;5;9;72;902;1787;2389;36376;67897;32880;497321;914887;165578;15000000.0;198039.5;36673.9;2292.1;160.0;80.8;43.1;12.4;11.2;14.4;7.3;4.0;8.0;False;2015078;euromillions_3.csv
2015-10-02;2011-2016 : 50 boules / 11 etoiles;VENDREDI;21;35;7;32;18;11;2;1;14;14;57;1306;3006;2201;50531;118462;29987;646910;1468932;152159;15000000.0;104310.1;34770.0;4270.0;163.0;70.8;69.1;13.2;9.5;23.3;8.2;3.7;12.9;False;2015079;euromillions_3.csv
2015-10-06;2011-2016 : 50 boules / 11 etoiles;MARDI;22;32;29;11;20;1;8;0;3;10;29;700;1503;1656;31700;66943;23382;439724;917868;119192;0.0;309701.6;30970.1;5339.6;193.5;90.1;58.4;13.4;10.6;19.0;7.7;3.7;10.5;False;2015080;euromillions_3.csv
2015-10-09;2011-2016 : 50 boules / 11 etoiles;VENDREDI;43;42;47;40;1;9;11;0;1;6;30;629;1352;1633;30395;63257;24316;483049;1024163;139376;0.0;1408009.2;78222.7;7822.2;326.4;151.8;89.8;21.2;17.1;27.7;10.6;5.1;13.6;False;2015081;euromillions_3.csv
2015-10-13;2011-2016 : 50 boules / 11 etoiles;MARDI;26;15;12;47;29;11;3;2;1;9;35;767;1620;1334;31597;67695;18836;438890;938809;98485;15439214.0;973754.6;36064.9;4636.9;185.1;87.6;76.0;14.1;11.0;24.7;8.1;3.8;13.3;False;2015082;euromillions_3.csv
2015-10-16;2011-2016 : 50 boules / 11 etoiles;VENDREDI;28;43;7;48;29;3;10;0;2;1;42;730;1645;1945;37850;81344;28313;575082;1246368;152561;0.0;672570.7;448380.5;5337.8;268.7;119.2;72.0;16.2;12.7;22.7;8.5;4.0;11.9;False;2015083;euromillions_3.csv
2015-10-20;2011-2016 : 50 boules / 11 etoiles;MARDI;21;19;30;45;17;8;10;0;2;14;28;685;1494;1506;30320;67719;20380;418344;948557;103167;0.0;471021.7;22429.6;5607.4;200.5;91.9;65.1;14.2;10.7;22.1;8.2;3.7;12.3;False;2015084;euromillions_3.csv
2015-10-23;2011-2016 : 50 boules / 11 etoiles;VENDREDI;25;7;32;39;30;2;8;0;3;7;72;862;1839;3017;43039;86704;43635;644261;1277633;238767;0.0;467506.1;66786.5;3246.5;237.2;111.2;48.4;14.9;12.4;15.4;7.9;4.1;7.9;False;2015085;euromillions_3.csv
2015-10-27;2011-2016 : 50 boules / 11 etoiles;MARDI;11;20;25;36;12;9;6;0;0;9;43;732;1371;1960;33313;64846;28335;484966;947171;143347;0.0;0.0;147157.1;3850.0;197.8;105.6;52.7;13.6;11.8;16.7;7.5;3.9;9.3;False;2015086;euromillions_3.csv
2015-10-30;2011-2016 : 50 boules / 11 etoiles;VENDREDI;34;13;17;8;21;6;7;0;8;11;72;1859;3579;3127;70989;119843;40500;879197;1528544;199968;0.0;192934.8;46772.0;3572.8;121.0;62.8;51.4;9.9;9.9;18.2;6.4;3.7;10.4;False;2015087;euromillions_3.csv
2015-11-03;2011-2016 : 50 boules / 11 etoiles;MARDI;39;27;49;8;46;2;6;0;3;4;43;703;1365;1900;31026;63383;27897;462953;945595;160055;0.0;374555.4;93638.8;4355.2;233.0;120.0;61.6;16.5;13.6;19.3;8.8;4.4;9.5;False;2015088;euromillions_3.csv
2015-11-06;2011-2016 : 50 boules / 11 etoiles;VENDREDI;26;40;38;17;3;4;10;0;8;15;99;1860;4306;3744;76936;174064;53611;1106167;2480331;280354;0.0;328233.5;58352.6;4420.6;205.8;88.9;73.0;15.6;11.6;23.4;8.7;3.9;12.6;False;2015089;euromillions_3.csv
2015-11-10;2011-2016 : 50 boules / 11 etoiles;MARDI;43;39;13;6;18;2;8;0;4;9;65;1301;2485;4016;57202;113401;56501;833139;1661907;294157;0.0;449898.3;66651.6;4614.3;201.7;105.6;46.6;14.4;12.2;15.2;7.9;4.0;8.2;False;2015090;euromillions_3.csv
2015-11-13;2011-2016 : 50 boules / 11 etoiles;VENDREDI;33;10;18;40;17;8;2;0;5;18;165;2144;4203;6538;93404;181843;93702;1347905;2651614;482173;0.0;566130.1;52419.4;2859.2;192.5;98.2;45.0;13.8;11.9;14.4;7.7;4.0;7.9;False;2015091;euromillions_3.csv
2015-11-17;2011-2016 : 50 boules / 11 etoiles;MARDI;6;37;23;38;7;11;10;0;2;9;54;1167;2760;2915;55345;142610;43168;818871;2119579;229746;0.0;1028955.2;76218.9;6351.5;257.1;108.7;73.5;17.0;11.1;22.8;9.2;3.6;12.1;False;2015092;euromillions_3.csv
2015-11-20;2011-2016 : 50 boules / 11 etoiles;VENDREDI;34;49;30;46;4;8;7;1;8;8;82;1517;3018;3915;76686;143708;58928;1206195;2214422;341517;163553041.0;355600.1;118533.3;5782.1;273.4;137.4;75.6;17.0;15.2;23.1;8.6;4.8;11.2;False;2015093;euromillions_3.csv
2015-11-24;2011-2016 : 50 boules / 11 etoiles;MARDI;26;14;17;9;16;10;11;0;3;11;29;669;2116;1525;29160;92421;21105;418681;1231587;111558;0.0;360953.0;32813.9;6223.3;236.0;74.6;73.9;17.0;9.0;24.5;9.4;3.2;13.1;False;2015094;euromillions_3.csv
2015-11-27;2011-2016 : 50 boules / 11 etoiles;VENDREDI;50;16;30;37;29;6;8;0;6;4;51;1059;1958;2614;47307;91267;40704;728793;1405667;224070;0.0;279492.3;139746.1;5480.2;230.9;124.9;66.8;16.2;14.1;19.7;8.4;4.4;10.1;False;2015095;euromillions_3.csv
2015-12-01;2011-2016 : 50 boules / 11 etoiles;MARDI;35;15;45;25;2;10;8;0;8;15;84;2982;7136;1599;31970;71395;21986;442121;992606;119550;0.0;137599.8;24462.2;2184.1;53.8;22.4;71.7;15.7;11.8;23.9;9.1;4.1;12.4;False;2015096;euromillions_3.csv
2015-12-04;2011-2016 : 50 boules / 11 etoiles;VENDREDI;17;27;18;39;8;7;1;0;5;12;97;1616;3634;3366;63112;127874;46973;839364;1627033;222423;0.0;322433.9;44782.4;2770.0;145.4;64.6;49.8;11.7;9.7;16.4;7.0;3.7;9.8;False;2015097;euromillions_3.csv
2015-12-08;2011-2016 : 50 boules / 11 etoiles;MARDI;48;29;12;38;17;9;11;0;7;6;36;771;1691;1551;32738;72476;22068;466958;1042751;115827;0.0;153645.2;59750.9;4979.2;203.4;92.7;72.2;15.0;11.4;23.3;8.4;3.8;12.5;False;2015098;euromillions_3.csv
2015-12-11;2011-2016 : 50 boules / 11 etoiles;VENDREDI;43;5;21;3;40;11;6;0;2;10;40;981;2278;2270;46327;108715;32520;699462;1631715;173412;0.0;841042.8;56069.5;7008.6;250.0;107.6;77.1;16.6;11.9;24.7;8.8;3.8;13.1;False;2015099;euromillions_3.csv
2015-12-15;2011-2016 : 50 boules / 11 etoiles;MARDI;11;27;35;8;23;4;11;0;3;13;50;1171;2956;2004;45793;107675;26245;584027;1357462;131148;0.0;419210.1;32246.9;4192.1;156.6;62.0;65.3;12.5;9.0;22.9;7.8;3.4;12.9;False;2015100;euromillions_3.csv
2015-12-18;2011-2016 : 50 boules / 11 etoiles;VENDREDI;22;6;26;29;48;5;6;1;4;9;67;1286;2242;3173;61931;105026;47033;908022;1572255;240702;83228800.0;457291.0;67746.8;4550.1;207.4;118.9;60.0;13.5;13.4;18.6;7.3;4.3;10.2;False;2015101;euromillions_3.csv
2015-12-22;2011-2016 : 50 boules / 11 etoiles;MARDI;19;41;18;40;20;7;10;0;5;6;31;624;1202;1359;28753;59773;22046;461542;953657;123084;0.0;221867.1;61629.7;5964.1;259.2;134.5;85.0;17.6;14.3;24.1;8.8;4.3;12.2;False;2015102;euromillions_3.csv
2015-12-25;2011-2016 : 50 boules / 11 etoiles;VENDREDI;10;27;40;3;25;9;3;0;7;7;94;1492;2538;3857;58147;102024;51941;776749;1417161;251145;0.0;212036.9;70678.9;2631.6;145.0;85.2;40.0;11.6;11.2;13.6;7.0;3.9;8.0;False;2015103;euromillions_3.csv
2015-12-29;2011-2016 : 50 boules / 11 etoiles;MARDI;5;36;32;31;20;6;7;0;4;10;31;560;1129;1504;30546;57321;24265;493102;910781;140078;0.0;279268.8;37235.8;6005.7;290.9;144.2;77.3;16.7;15.0;22.0;8.3;4.5;10.7;False;2015104;euromillions_3.csv
2016-01-01;2011-2016 : 50 boules / 11 etoiles;VENDREDI;44;37;38;39;4;4;7;0;6;10;51;861;1770;2758;40591;87481;41595;611546;1154641;236672;0.0;243807.3;48761.4;4780.5;247.7;120.5;55.2;16.5;12.8;16.8;8.7;4.7;8.3;False;2016001;euromillions_3.csv
2016-01-05;2011-2016 : 50 boules / 11 etoiles;MARDI;36;10;6;39;31;6;10;0;2;2;50;622;1308;1913;31029;65145;25865;481036;1019021;125121;0.0;585428.0;195142.6;3902.8;274.5;130.5;63.7;17.2;13.8;21.6;8.9;4.3;12.6;False;2016002;euromillions_3.csv
2016-01-08;2011-2016 : 50 boules / 11 etoiles;VENDREDI;35;33;26;40;5;3;8;0;0;6;54;1060;2015;3263;51438;95268;48968;778540;1445469;269589;0.0;0.0;382841.8;5317.2;237.0;124.6;54.9;15.3;13.9;16.8;8.1;4.4;8.6;False;2016003;euromillions_3.csv
2016-01-12;2011-2016 : 50 boules / 11 etoiles;MARDI;2;10;30;44;1;1;8;0;0;2;47;828;1569;2190;43218;77736;31161;593305;1141910;159083;0.0;0.0;833543.7;4433.7;220.2;116.2;59.4;13.2;12.3;19.2;7.7;4.1;10.6;False;2016004;euromillions_3.csv
2016-01-15;2011-2016 : 50 boules / 11 etoiles;VENDREDI;43;38;19;10;46;1;11;0;4;9;59;912;2178;2319;44558;105438;35779;679503;1643761;205054;0.0;458316.4;67898.7;5178.7;293.1;122.7;82.3;18.8;13.4;24.5;9.8;4.1;12.1;False;2016005;euromillions_3.csv
2016-01-19;2011-2016 : 50 boules / 11 etoiles;MARDI;2;30;38;43;46;7;2;0;2;9;36;702;1351;2222;35497;69601;36527;551367;1031287;219676;0.0;685000.7;50740.7;6342.5;284.6;147.8;64.2;17.6;15.1;17.9;9.1;4.9;8.4;False;2016006;euromillions_3.csv
2016-01-22;2011-2016 : 50 boules / 11 etoiles;VENDREDI;27;10;30;47;12;9;8;0;8;13;85;1715;3303;3369;75976;142206;48970;1067097;1986302;246945;0.0;259148.9;53158.7;4065.0;176.2;91.5;64.1;12.5;11.2;20.2;7.1;3.9;11.3;False;2016007;euromillions_3.csv
2016-01-26;2011-2016 : 50 boules / 11 etoiles;MARDI;15;40;24;48;38;2;9;0;0;16;48;959;2016;2418;47410;93067;39834;717630;1406007;221496;0.0;0.0;139344.6;5806.0;254.2;120.9;72.0;16.1;13.8;20.1;8.5;4.4;10.2;False;2016008;euromillions_3.csv
2016-01-29;2011-2016 : 50 boules / 11 etoiles;VENDREDI;29;32;23;1;5;1;7;2;6;5;97;1906;3260;4692;86627;159592;67867;1219495;2294832;339210;66188316.0;408293.6;163317.4;4209.2;187.4;109.5;54.3;12.9;11.8;17.2;7.3;4.0;9.7;False;2016009;euromillions_3.csv
2016-02-02;2011-2016 : 50 boules / 11 etoiles;MARDI;36;21;10;6;9;6;2;1;5;7;62;987;1722;2870;44127;77614;38338;572734;1080519;179456;15000000.0;224091.3;53355.0;3011.9;165.5;94.8;40.6;11.6;11.1;14.0;7.1;3.8;8.4;False;2016010;euromillions_3.csv
2016-02-05;2011-2016 : 50 boules / 11 etoiles;VENDREDI;46;32;27;3;41;4;8;0;2;8;60;887;1662;2405;42708;82686;38320;636653;1275854;222426;0.0;778378.2;64864.8;4324.3;255.9;136.5;67.4;16.7;14.5;19.4;8.9;4.5;9.4;False;2016011;euromillions_3.csv
2016-02-09;2011-2016 : 50 boules / 11 etoiles;MARDI;9;6;13;28;37;4;5;0;2;16;46;1067;1893;2178;43410;77521;28850;565603;1018989;136291;0.0;514786.7;21449.4;3730.3;140.7;79.3;49.2;10.8;10.2;17.1;6.6;3.7;10.2;False;2016012;euromillions_3.csv
2016-02-12;2011-2016 : 50 boules / 11 etoiles;VENDREDI;31;49;28;20;3;5;2;1;2;15;69;1072;1895;2937;48456;87810;44355;719586;1302875;246653;32002496.0;760400.4;33795.5;3673.4;206.8;117.0;53.9;14.3;13.3;16.4;7.7;4.3;8.3;False;2016013;euromillions_3.csv
2016-02-16;2011-2016 : 50 boules / 11 etoiles;MARDI;3;22;50;10;37;6;10;0;3;8;39;652;1468;1385;29172;63836;20540;424632;952864;106888;0.0;323686.1;40460.7;4149.8;217.1;96.4;73.0;15.2;11.7;22.6;8.3;3.8;12.3;False;2016014;euromillions_3.csv
2016-02-19;2011-2016 : 50 boules / 11 etoiles;VENDREDI;32;13;14;39;30;3;9;0;1;5;60;857;1631;2870;43364;82805;45880;678742;1265283;246637;0.0;1424950.2;94996.6;3958.1;242.4;127.4;51.7;15.0;13.2;14.8;7.6;4.2;7.8;False;2016015;euromillions_3.csv
2016-02-23;2011-2016 : 50 boules / 11 etoiles;MARDI;42;32;23;25;37;11;1;1;1;6;35;522;1432;1355;24956;63850;21800;385033;960766;117666;31340088.0;1026062.9;57003.4;4886.0;286.6;104.4;78.8;18.8;12.3;22.5;9.7;4.0;11.8;False;2016016;euromillions_3.csv
2016-02-26;2011-2016 : 50 boules / 11 etoiles;VENDREDI;13;50;5;33;15;9;11;1;4;18;46;1333;3044;2452;51988;115878;31898;682446;1536951;156133;15000000.0;364156.3;26974.5;5277.6;159.3;69.7;61.8;12.8;9.6;21.8;7.8;3.5;12.6;False;2016017;euromillions_3.csv
2016-03-01;2011-2016 : 50 boules / 11 etoiles;MARDI;37;7;28;13;4;11;10;0;4;9;38;922;2801;1533;32322;100943;21383;417649;1228114;106733;0.0;252849.7;37459.2;4435.9;159.9;52.6;68.7;14.3;7.7;22.6;8.8;3.0;12.8;False;2016018;euromillions_3.csv
2016-03-04;2011-2016 : 50 boules / 11 etoiles;VENDREDI;9;23;40;16;14;1;5;0;4;3;70;1232;2373;2921;54065;102561;40373;748522;1424929;205617;0.0;379008.8;168448.3;3609.6;179.4;93.1;54.0;12.8;11.3;17.9;7.4;3.9;9.9;False;2016019;euromillions_3.csv
2016-03-08;2011-2016 : 50 boules / 11 etoiles;MARDI;9;14;23;8;1;7;1;0;7;6;62;1281;2095;2720;48841;82845;33855;577174;1060179;153832;0.0;149414.4;58105.6;2811.5;119.0;72.8;40.0;9.8;9.7;14.8;6.6;3.6;9.2;False;2016020;euromillions_3.csv
2016-03-11;2011-2016 : 50 boules / 11 etoiles;VENDREDI;26;43;1;21;40;9;6;0;3;5;38;817;1609;2242;40264;79039;36063;632914;1253417;205443;0.0;503809.5;100761.9;6629.0;269.7;136.9;70.2;17.2;14.7;20.0;8.7;4.5;9.9;False;2016021;euromillions_3.csv
2016-03-15;2011-2016 : 50 boules / 11 etoiles;MARDI;7;10;5;44;34;10;2;0;2;9;34;688;1517;1699;35211;76272;24726;511992;1119057;123793;0.0;538801.5;39911.2;5282.3;228.4;103.5;66.0;14.0;10.8;20.8;7.7;3.6;11.7;False;2016022;euromillions_3.csv
2016-03-18;2011-2016 : 50 boules / 11 etoiles;VENDREDI;14;49;21;19;24;5;11;1;4;10;62;1048;2249;2320;50124;103830;34009;723314;1495041;179955;59687034.0;388021.8;51736.2;4172.2;215.9;100.6;69.6;14.1;11.5;21.8;7.8;3.8;11.6;False;2016023;euromillions_3.csv
2016-03-22;2011-2016 : 50 boules / 11 etoiles;MARDI;15;49;12;26;42;5;8;0;1;8;40;644;1200;2152;29725;54468;32483;441393;798353;171245;0.0;927462.0;38644.2;3864.4;210.0;112.7;44.8;14.3;13.1;13.6;7.7;4.3;7.3;False;2016024;euromillions_3.csv
2016-03-25;2011-2016 : 50 boules / 11 etoiles;VENDREDI;43;36;12;42;19;8;5;0;3;6;65;941;1658;2892;40899;76237;45365;612183;1127804;240487;0.0;450425.3;75070.8;3464.8;209.4;118.8;48.6;15.1;13.6;14.2;8.0;4.4;7.6;False;2016025;euromillions_3.csv
2016-03-29;2011-2016 : 50 boules / 11 etoiles;MARDI;4;25;19;36;1;3;11;0;3;6;24;638;1484;1217;29014;63505;17557;417570;898416;93192;0.0;308454.7;51409.1;6426.1;211.5;90.9;79.2;14.6;11.2;25.2;8.1;3.8;13.4;False;2016026;euromillions_3.csv
2016-04-01;2011-2016 : 50 boules / 11 etoiles;VENDREDI;23;25;2;49;16;6;9;0;5;3;62;995;1953;2451;45694;89976;38388;664310;1312419;205481;0.0;289093.3;160607.3;3885.6;211.8;107.9;61.4;14.4;12.3;18.0;7.9;4.1;9.5;False;2016027;euromillions_3.csv
2016-04-05;2011-2016 : 50 boules / 11 etoiles;MARDI;3;19;40;9;5;5;2;0;4;10;79;1333;1992;3146;50357;82508;39168;607490;1043040;183397;0.0;265011.4;35334.8;2236.3;115.9;77.6;35.0;9.6;9.9;12.9;6.3;3.8;7.8;False;2016028;euromillions_3.csv
2016-04-08;2011-2016 : 50 boules / 11 etoiles;VENDREDI;43;8;49;6;26;10;6;0;2;7;51;904;1814;2131;42751;89288;32132;640864;1396081;169589;0.0;777680.2;74064.7;5082.8;250.9;125.0;76.0;16.6;13.4;23.1;8.8;4.1;12.4;False;2016029;euromillions_3.csv
2016-04-12;2011-2016 : 50 boules / 11 etoiles;MARDI;9;1;5;22;38;10;2;1;4;12;37;1001;2324;1894;40798;95663;25589;531598;1212998;130635;65001096.0;290662.7;32295.8;5237.1;169.3;72.9;63.9;13.0;9.3;21.7;8.0;3.5;12.0;False;2016030;euromillions_3.csv
2016-04-15;2011-2016 : 50 boules / 11 etoiles;VENDREDI;13;32;37;14;48;1;7;0;1;5;44;732;1464;2091;37564;72605;33093;593179;1127415;187673;0.0;1340631.9;89375.4;5078.1;267.0;133.5;66.7;16.3;14.2;19.4;8.2;4.4;9.6;False;2016031;euromillions_3.csv
2016-04-19;2011-2016 : 50 boules / 11 etoiles;MARDI;27;14;44;15;11;7;2;0;1;5;59;796;1486;2789;37602;66465;37022;517349;921075;174853;0.0;955091.4;63672.7;2697.9;174.9;93.7;35.6;11.6;11.0;12.3;6.7;3.8;7.3;False;2016032;euromillions_3.csv
2016-04-22;2011-2016 : 50 boules / 11 etoiles;VENDREDI;32;43;26;34;17;2;10;0;4;5;46;899;2114;2005;38836;87857;27657;549160;1230855;147238;0.0;346125.0;92300.0;5016.3;224.5;95.5;71.9;16.3;12.1;23.9;9.2;4.2;12.7;False;2016033;euromillions_3.csv
2016-04-26;2011-2016 : 50 boules / 11 etoiles;MARDI;10;42;17;32;31;2;5;0;4;3;31;662;1139;2043;31854;57617;30605;483456;862971;165985;0.0;252183.2;112081.4;5423.2;222.2;129.1;51.4;14.5;13.4;15.7;7.6;4.3;8.2;False;2016034;euromillions_3.csv
2016-04-29;2011-2016 : 50 boules / 11 etoiles;VENDREDI;4;25;28;5;43;6;11;0;8;7;47;917;2149;2009;43451;102486;30776;660939;1553921;161195;0.0;191461.3;72937.6;5431.5;243.5;103.9;79.4;16.1;11.5;23.8;8.4;3.6;12.8;False;2016035;euromillions_3.csv
2016-05-03;2011-2016 : 50 boules / 11 etoiles;MARDI;23;34;8;24;38;3;7;0;1;7;71;838;1493;2900;36484;67095;42604;525897;964243;222486;0.0;1073862.1;51136.2;2520.8;186.8;104.8;38.5;13.4;12.3;12.0;7.4;4.1;6.5;False;2016036;euromillions_3.csv
2016-05-06;2011-2016 : 50 boules / 11 etoiles;VENDREDI;45;48;40;34;32;10;1;0;4;10;41;827;1664;1683;35124;78567;26001;530426;1222213;142403;0.0;381862.6;50915.0;6209.1;269.3;133.8;94.5;19.9;14.9;28.1;10.5;4.6;14.5;False;2016037;euromillions_3.csv
2016-05-10;2011-2016 : 50 boules / 11 etoiles;MARDI;40;2;26;27;49;10;5;1;1;6;41;637;1368;1765;32530;66142;27613;512239;1042147;150844;73002277.0;1219013.1;67722.9;4955.3;279.0;129.9;71.9;17.1;14.2;21.1;8.7;4.3;10.9;False;2016038;euromillions_3.csv
2016-05-13;2011-2016 : 50 boules / 11 etoiles;VENDREDI;31;28;42;15;7;10;11;0;6;20;64;1156;3419;2042;43727;128707;29431;592167;1682415;157728;0.0;258521.8;25852.1;4039.4;195.6;66.1;79.1;16.2;9.2;25.2;9.6;3.4;13.3;False;2016039;euromillions_3.csv
2016-05-17;2011-2016 : 50 boules / 11 etoiles;MARDI;32;27;39;36;15;3;10;0;3;6;34;546;1235;1284;26089;56541;19066;384775;824629;102016;0.0;311110.0;51851.6;4575.1;249.2;110.2;75.7;16.3;12.7;23.4;8.8;4.2;12.3;False;2016040;euromillions_3.csv
2016-05-20;2011-2016 : 50 boules / 11 etoiles;VENDREDI;41;9;30;14;45;4;9;0;0;2;60;844;1641;2677;39944;76130;41450;612954;1177185;217358;0.0;0.0;923685.2;3848.6;239.4;123.1;53.9;15.8;14.0;16.0;8.2;4.4;8.6;False;2016041;euromillions_3.csv
2016-05-24;2011-2016 : 50 boules / 11 etoiles;MARDI;37;17;34;16;23;9;6;0;5;5;53;734;1432;1925;32595;64024;27494;465310;924835;139929;0.0;199577.7;66525.9;3138.0;198.2;101.6;53.9;14.0;12.0;17.3;7.8;4.0;9.6;False;2016042;euromillions_3.csv
2016-05-27;2011-2016 : 50 boules / 11 etoiles;VENDREDI;46;27;13;43;25;4;8;0;8;15;70;1038;2121;2851;47605;97634;42546;682322;1385056;223210;0.0;185870.9;33043.7;3540.3;208.9;102.2;54.3;14.3;11.7;16.7;7.9;4.0;9.0;False;2016043;euromillions_3.csv
2016-05-31;2011-2016 : 50 boules / 11 etoiles;MARDI;6;30;26;48;12;6;7;0;12;9;52;1006;1765;2149;41960;70092;28482;551311;952524;139128;0.0;90160.6;40071.4;3467.7;156.8;89.3;52.4;11.8;11.8;18.2;7.1;4.2;10.5;False;2016044;euromillions_3.csv
2016-06-03;2011-2016 : 50 boules / 11 etoiles;VENDREDI;7;31;39;23;33;6;10;0;6;15;70;1248;3002;2440;48370;115612;34219;675793;1589903;172915;0.0;260823.0;34776.4;3726.0;182.8;76.0;66.8;14.8;10.4;21.9;8.4;3.6;12.2;False;2016045;euromillions_3.csv
2016-06-07;2011-2016 : 50 boules / 11 etoiles;MARDI;26;49;19;45;35;2;5;0;1;4;54;755;1437;2321;36408;68217;34991;561022;1018814;200771;0.0;1255017.8;104584.8;3873.5;242.4;127.3;56.3;15.7;14.1;17.1;8.2;4.6;8.4;False;2016046;euromillions_3.csv
2016-06-10;2011-2016 : 50 boules / 11 etoiles;VENDREDI;21;35;42;14;43;7;9;1;3;7;152;2065;2894;3607;60870;106247;47941;822435;1480448;263910;85076371.0;601952.3;85993.1;1980.1;127.5;91.0;52.1;13.5;13.1;18.0;8.0;4.5;9.2;False;2016047;euromillions_3.csv
2016-06-14;2011-2016 : 50 boules / 11 etoiles;MARDI;13;50;42;39;34;11;9;0;1;5;29;529;1078;1328;26356;54820;19382;379126;802799;99310;0.0;929476.8;61965.1;5341.8;256.2;125.7;72.9;16.1;13.0;22.9;8.9;4.3;12.6;False;2016048;euromillions_3.csv
2016-06-17;2011-2016 : 50 boules / 11 etoiles;VENDREDI;43;1;18;27;7;8;4;0;3;11;76;1261;2677;3037;49895;104564;41215;656067;1362394;203885;0.0;446513.0;40592.0;2937.5;154.9;72.9;45.9;12.3;9.8;15.5;7.4;3.6;8.8;False;2016049;euromillions_3.csv
2016-06-21;2011-2016 : 50 boules / 11 etoiles;MARDI;32;35;17;49;5;5;1;0;2;9;49;767;1397;1656;31392;58204;24775;456867;832650;129583;0.0;483196.4;35792.3;3287.0;183.7;100.8;60.7;14.1;12.7;18.6;7.7;4.3;10.0;False;2016050;euromillions_3.csv
2016-06-24;2011-2016 : 50 boules / 11 etoiles;VENDREDI;11;19;39;28;27;3;10;1;4;9;57;1259;2798;2479;51738;112550;34015;676508;1465740;166438;39675953.0;348865.2;51683.7;4080.2;161.6;72.7;58.6;12.3;9.5;19.6;7.5;3.5;11.3;False;2016051;euromillions_3.csv
2016-06-28;2011-2016 : 50 boules / 11 etoiles;MARDI;43;37;32;26;49;5;4;0;8;4;22;654;1195;1206;24421;47233;17853;365099;677669;102983;0.0;110915.9;73943.9;6722.1;197.8;108.2;76.6;16.6;14.4;23.8;8.9;4.9;11.6;False;2016052;euromillions_3.csv
2016-07-01;2011-2016 : 50 boules / 11 etoiles;VENDREDI;11;50;13;40;2;10;1;1;3;8;49;785;1950;1705;37370;87491;25899;555254;1315084;130711;23845060.0;442252.9;55281.6;4512.7;246.4;99.2;81.0;16.2;11.6;24.5;8.7;3.7;13.7;False;2016053;euromillions_3.csv
2016-07-05;2011-2016 : 50 boules / 11 etoiles;MARDI;38;29;10;48;1;4;3;0;2;4;37;565;1124;1182;25884;51524;18771;394597;770402;104997;0.0;446081.0;74346.8;4018.7;230.2;115.7;78.6;15.7;13.3;22.7;8.2;4.3;11.5;False;2016054;euromillions_3.csv
2016-07-08;2011-2016 : 50 boules / 11 etoiles;VENDREDI;12;18;8;44;33;8;4;0;7;9;80;1321;2252;3693;49957;92889;45744;663655;1260603;206879;0.0;186973.8;48474.6;2726.7;144.4;84.7;36.9;12.0;10.8;13.7;7.2;3.8;8.5;False;2016055;euromillions_3.csv
2016-07-12;2011-2016 : 50 boules / 11 etoiles;MARDI;26;3;41;33;7;2;10;0;3;8;42;630;1460;1471;29171;68552;20377;416470;956974;106761;0.0;314888.5;39361.0;3748.6;218.6;94.3;66.8;14.8;10.6;22.2;8.3;3.7;11.9;False;2016056;euromillions_3.csv
2016-07-15;2011-2016 : 50 boules / 11 etoiles;VENDREDI;2;11;14;13;21;1;8;0;10;18;83;1372;2825;2753;55624;114885;36350;701192;1458141;171840;0.0;133037.2;24636.5;2671.4;141.4;68.6;50.3;10.9;8.9;17.5;6.9;3.4;10.4;False;2016057;euromillions_3.csv
2016-07-19;2011-2016 : 50 boules / 11 etoiles;MARDI;24;37;19;28;36;6;3;0;1;2;37;624;1175;1864;30782;58469;27600;447065;842113;145933;0.0;966688.5;161114.7;4354.4;225.9;119.9;54.0;14.3;12.7;16.7;7.9;4.3;8.9;False;2016058;euromillions_3.csv
2016-07-22;2011-2016 : 50 boules / 11 etoiles;VENDREDI;26;45;24;7;37;9;5;0;7;12;70;1080;1845;2969;45488;82217;43443;675188;1214847;234234;0.0;198566.6;38610.1;3309.4;187.6;109.8;48.7;14.0;13.0;15.3;7.5;4.2;8.0;False;2016059;euromillions_3.csv
2016-07-26;2011-2016 : 50 boules / 11 etoiles;MARDI;13;49;10;45;3;11;2;0;2;3;40;731;1607;1536;32020;74485;22316;476923;1077540;116448;0.0;536905.5;119312.3;4474.2;214.2;97.4;72.8;15.3;11.1;23.0;8.2;3.7;12.4;False;2016060;euromillions_3.csv
2016-07-29;2011-2016 : 50 boules / 11 etoiles;VENDREDI;40;26;50;1;21;4;2;1;2;10;61;1086;2460;2492;45921;96787;36448;687264;1408157;202705;72413419.0;798845.4;53256.3;4365.2;214.5;94.7;66.7;15.9;12.7;21.0;8.5;4.2;10.6;False;2016061;euromillions_3.csv
2016-08-02;2011-2016 : 50 boules / 11 etoiles;MARDI;27;46;38;2;8;2;6;0;3;5;32;705;1229;1912;28925;53240;25896;408629;778310;136918;0.0;296716.8;59343.3;4636.2;184.1;105.6;48.4;14.1;12.8;16.4;7.9;4.2;8.8;False;2016062;euromillions_3.csv
2016-08-05;2011-2016 : 50 boules / 11 etoiles;VENDREDI;19;16;24;37;35;2;7;0;3;9;59;867;1571;2800;40745;74921;40241;609472;1106375;221908;0.0;436957.5;48550.8;3703.0;220.4;121.6;48.7;14.7;13.4;15.6;7.8;4.4;7.9;False;2016063;euromillions_3.csv
2016-08-09;2011-2016 : 50 boules / 11 etoiles;MARDI;19;43;44;12;45;10;5;0;5;5;28;570;1104;1391;27212;55256;21497;416632;837701;119674;0.0;190658.9;63552.9;5674.3;243.8;125.9;71.3;16.0;13.2;21.2;8.3;4.2;10.7;False;2016064;euromillions_3.csv
2016-08-12;2011-2016 : 50 boules / 11 etoiles;VENDREDI;15;50;36;2;28;11;2;0;3;12;53;928;1868;2075;38950;79765;28070;568992;1188221;143935;0.0;452022.3;37668.5;4264.3;213.1;105.8;68.0;15.9;13.1;23.1;8.7;4.2;12.7;False;2016065;euromillions_3.csv
2016-08-16;2011-2016 : 50 boules / 11 etoiles;MARDI;34;37;46;26;2;4;8;0;2;4;28;494;1055;1537;24369;47846;23246;375941;740356;134632;0.0;472441.7;78740.2;5624.3;278.9;130.6;64.0;17.7;15.2;19.4;9.2;4.7;9.5;False;2016066;euromillions_3.csv
2016-08-19;2011-2016 : 50 boules / 11 etoiles;VENDREDI;22;6;5;25;34;7;5;1;9;6;77;1083;1843;4164;54007;88430;60222;771820;1275113;287782;54894441.0;157672.0;78836.0;3071.5;191.0;112.2;35.4;12.0;12.3;11.2;6.7;4.1;6.6;False;2016067;euromillions_3.csv
2016-08-23;2011-2016 : 50 boules / 11 etoiles;MARDI;2;31;45;37;23;8;4;0;3;6;28;519;1053;1518;24230;49208;23770;368072;750100;128143;0.0;293780.6;48963.4;5246.0;247.6;122.0;60.4;16.6;13.8;17.7;8.7;4.4;9.3;False;2016068;euromillions_3.csv
2016-08-26;2011-2016 : 50 boules / 11 etoiles;VENDREDI;48;9;30;28;1;7;8;0;6;9;49;962;1717;1918;43710;79654;29949;646104;1158861;158445;0.0;218708.1;48601.8;4463.4;198.9;111.4;71.2;13.7;12.6;20.9;7.4;4.2;11.2;False;2016069;euromillions_3.csv
2016-08-30;2011-2016 : 50 boules / 11 etoiles;MARDI;29;42;13;16;35;6;8;0;6;5;39;730;1351;1706;29884;57774;24722;432657;842183;127940;0.0;156756.5;62702.6;4019.3;187.8;101.5;57.4;14.4;12.5;18.2;7.9;4.1;9.9;False;2016070;euromillions_3.csv
2016-09-02;2011-2016 : 50 boules / 11 etoiles;VENDREDI;50;40;16;32;8;2;11;5;9;21;62;1329;3253;1938;39257;84130;27036;559203;1202683;145769;7840860.0;153095.1;21870.7;3703.9;151.1;61.7;74.0;16.0;12.6;24.4;9.0;4.2;12.8;False;2016071;euromillions_3.csv
2016-09-06;2011-2016 : 50 boules / 11 etoiles;MARDI;45;12;34;24;30;7;10;0;0;3;18;597;1164;1290;27416;56294;18403;393013;805392;97750;0.0;0.0;397404.9;8279.2;218.4;112.0;72.2;14.9;12.2;23.2;8.3;4.1;12.3;False;2016072;euromillions_3.csv
2016-09-09;2011-2016 : 50 boules / 11 etoiles;VENDREDI;28;4;11;17;15;1;3;0;5;22;86;1601;3121;3342;59311;116032;42091;726434;1414011;182659;0.0;267192.9;20241.8;2589.0;121.6;62.4;41.6;10.3;8.8;15.2;6.7;3.5;9.9;False;2016073;euromillions_3.csv
2016-09-13;2011-2016 : 50 boules / 11 etoiles;MARDI;44;16;4;7;35;3;1;0;2;6;33;721;1512;1543;30788;63123;23088;457369;921219;125001;0.0;486020.2;54002.2;4909.2;196.6;93.7;65.6;14.4;11.8;20.1;7.7;3.9;10.5;False;2016074;euromillions_3.csv
2016-09-16;2011-2016 : 50 boules / 11 etoiles;VENDREDI;32;5;22;8;14;2;11;1;5;18;53;1299;2886;2236;50649;115845;31711;660389;1478993;152928;39758892.0;281165.6;26033.8;4420.8;157.8;71.0;65.4;12.7;9.3;21.2;7.8;3.5;12.4;False;2016075;euromillions_3.csv
2016-09-20;2011-2016 : 50 boules / 11 etoiles;MARDI;45;41;4;1;10;9;6;0;2;5;26;486;1073;1344;24488;50609;22413;387604;780334;125378;0.0;446188.1;59491.7;5720.3;267.7;121.2;69.1;16.7;13.5;19.0;8.4;4.2;9.6;False;2016076;euromillions_3.csv
2016-09-23;2011-2016 : 50 boules / 11 etoiles;VENDREDI;14;39;42;49;16;9;3;1;6;11;42;831;1573;2433;37525;70992;37391;570692;1084325;206354;23850387.0;221259.6;40229.0;5268.0;232.9;123.0;56.8;16.2;14.4;17.0;8.5;4.5;8.7;False;2016077;euromillions_3.csv
2016-09-27;2016+ : 50 boules / 12 etoiles;MARDI;41;6;13;39;9;2;12;0;3;7;21;536;1554;877;25400;72147;13715;368993;1018716;70688;0.0;293260.3;29272.9;4772.7;199.4;54.4;170.1;16.2;10.8;28.4;8.9;3.9;15.5;False;2016078;euromillions_4.csv
2016-09-30;2016+ : 50 boules / 12 etoiles;VENDREDI;35;44;17;37;43;10;2;0;6;15;84;1516;3456;3493;71403;169033;51239;1031101;2427770;269403;0.0;404891.9;37721.5;3294.7;194.7;67.6;117.9;15.9;12.7;21.0;8.8;4.6;11.3;False;2016079;euromillions_4.csv
2016-10-04;2016+ : 50 boules / 12 etoiles;MARDI;4;38;7;14;34;4;11;0;7;11;56;1345;2789;2483;58969;126962;34247;764835;1770619;172852;0.0;225641.2;33443.7;3213.2;142.7;54.4;107.8;12.5;11.0;20.4;7.7;4.1;11.4;False;2016080;euromillions_4.csv
2016-10-07;2016+ : 50 boules / 12 etoiles;VENDREDI;12;30;27;20;2;11;9;0;11;19;73;1955;5316;3307;77663;194837;43532;1029488;2520927;223669;0.0;195998.0;26429.0;3364.6;134.0;39.0;110.5;13.0;9.8;21.9;7.8;3.9;12.0;False;2016081;euromillions_4.csv
2016-10-11;2016+ : 50 boules / 12 etoiles;MARDI;12;37;20;24;5;4;11;1;10;12;67;1558;3832;2823;63646;156594;38295;861521;2102915;196862;168085323.0;183627.4;35640.7;3122.3;143.2;46.0;110.3;13.5;10.3;21.2;8.0;4.0;11.6;False;2016082;euromillions_4.csv
2016-10-14;2016+ : 50 boules / 12 etoiles;VENDREDI;31;34;19;7;13;11;1;0;5;14;60;1199;3612;2115;46352;130326;27405;606634;1654340;135541;0.0;258506.3;21503.2;2454.1;130.9;34.4;103.6;13.0;8.7;20.8;8.0;3.6;11.9;False;2016083;euromillions_4.csv
2016-10-18;2016+ : 50 boules / 12 etoiles;MARDI;2;25;17;21;27;9;6;0;0;6;52;844;1853;1907;33852;73828;25866;464657;996771;127668;0.0;0.0;177605.0;1893.5;124.4;44.8;76.8;11.9;10.3;14.8;6.9;4.0;8.4;False;2016084;euromillions_4.csv
2016-10-21;2016+ : 50 boules / 12 etoiles;VENDREDI;48;9;23;20;44;10;8;0;3;10;36;846;1806;1591;35930;85437;24943;544209;1289660;128187;0.0;408989.5;28577.5;3882.8;176.2;65.3;130.8;15.9;12.7;21.7;8.4;4.3;11.9;False;2016085;euromillions_4.csv
2016-10-25;2016+ : 50 boules / 12 etoiles;MARDI;28;15;21;3;20;5;1;1;6;9;50;966;1906;2108;39698;78814;26486;517974;1042087;125501;50108729.0;156002.2;24223.1;2132.6;117.7;47.2;75.3;11.0;10.5;15.6;6.7;4.1;9.3;False;2016086;euromillions_4.csv
2016-10-28;2016+ : 50 boules / 12 etoiles;VENDREDI;23;43;10;19;16;8;2;1;5;8;112;1332;2846;4187;59837;127410;55816;834733;1759886;273843;17375733.0;317750.6;46254.8;1616.0;144.9;53.7;64.3;12.4;11.0;12.6;7.1;4.1;7.2;False;2016087;euromillions_4.csv
2016-11-01;2016+ : 50 boules / 12 etoiles;MARDI;10;20;6;37;29;9;1;0;3;9;38;621;1466;1465;25885;58634;19634;358325;808136;97842;0.0;245644.5;19071.1;2209.3;144.2;48.3;85.3;13.3;11.1;16.6;7.7;4.2;9.4;False;2016088;euromillions_4.csv
2016-11-04;2016+ : 50 boules / 12 etoiles;VENDREDI;7;11;12;48;44;7;3;0;4;7;67;902;1586;3702;45474;81630;59755;683958;1254788;295176;0.0;299189.9;39819.8;2034.9;161.2;72.5;54.8;12.3;12.9;8.8;6.5;4.4;5.0;False;2016089;euromillions_4.csv
2016-11-08;2016+ : 50 boules / 12 etoiles;MARDI;49;47;9;50;5;9;8;1;1;3;24;578;1196;1471;27485;55266;18718;412673;823632;95626;39336342.0;845567.8;65647.4;4013.7;177.7;68.0;97.5;14.4;13.5;20.0;7.7;4.7;11.0;False;2016090;euromillions_4.csv
2016-11-11;2016+ : 50 boules / 12 etoiles;VENDREDI;38;49;3;22;23;9;2;0;6;7;39;804;1631;1954;36204;73994;29267;542075;1106799;153956;0.0;180024.7;35939.8;3155.2;163.2;63.7;93.7;13.9;12.9;16.3;7.4;4.5;8.7;False;2016091;euromillions_4.csv
2016-11-15;2016+ : 50 boules / 12 etoiles;MARDI;42;7;15;36;48;3;7;0;2;3;55;581;1167;2108;25998;49068;32284;383252;731957;178354;0.0;395179.0;61361.1;1637.1;165.3;65.1;63.5;14.2;14.2;10.8;7.7;4.9;5.5;False;2016092;euromillions_4.csv
2016-11-18;2016+ : 50 boules / 12 etoiles;VENDREDI;32;27;12;47;3;8;6;0;2;16;45;938;2004;2122;40754;86263;30680;578129;1219769;159108;0.0;571704.1;16644.5;2894.7;148.1;54.8;91.3;13.1;11.7;16.5;7.4;4.3;9.0;False;2016093;euromillions_4.csv
2016-11-22;2016+ : 50 boules / 12 etoiles;MARDI;47;10;5;33;34;10;2;0;1;3;22;500;1090;1146;23499;54944;17520;367122;864045;95576;0.0;842897.4;65440.1;4364.8;204.8;74.3;124.7;16.7;13.5;21.3;8.6;4.5;11.0;False;2016094;euromillions_4.csv
2016-11-25;2016+ : 50 boules / 12 etoiles;VENDREDI;28;23;5;11;17;10;11;2;6;33;49;1363;4792;1904;46467;150408;24927;576536;1769289;121420;30570889.0;209907.9;8889.0;2928.1;112.2;25.2;112.1;12.6;7.4;22.3;8.2;3.2;12.9;False;2016095;euromillions_4.csv
2016-11-29;2016+ : 50 boules / 12 etoiles;MARDI;38;27;21;28;26;11;9;0;4;3;22;435;986;1007;21331;51277;14978;340644;821109;81038;0.0;189176.2;58748.4;3918.4;211.3;73.8;127.4;16.6;13.0;22.3;8.3;4.2;11.7;False;2016096;euromillions_4.csv
2016-12-02;2016+ : 50 boules / 12 etoiles;VENDREDI;23;32;6;11;31;2;12;1;2;4;20;708;2034;1170;34713;97572;17370;488804;1354982;90478;29377167.0;565854.2;65896.9;6446.4;194.2;53.5;164.0;15.2;10.2;28.8;8.7;3.8;15.6;False;2016097;euromillions_4.csv
2016-12-06;2016+ : 50 boules / 12 etoiles;MARDI;27;1;7;11;45;9;4;0;4;8;43;759;1799;1943;31796;70700;25031;413285;898252;118640;0.0;184977.1;21541.6;1960.3;118.4;39.5;64.5;10.8;9.2;13.0;6.7;3.8;7.8;False;2016098;euromillions_4.csv
2016-12-09;2016+ : 50 boules / 12 etoiles;VENDREDI;6;40;37;28;12;1;5;0;8;6;51;853;1886;1840;37539;81417;27676;543595;1146616;150188;0.0;138311.1;42952.3;2471.6;157.6;56.4;102.0;13.8;12.0;17.7;7.6;4.4;9.2;False;2016099;euromillions_4.csv
2016-12-13;2016+ : 50 boules / 12 etoiles;MARDI;28;50;48;29;14;8;2;0;3;2;32;505;1046;1651;24510;52181;25401;380023;803844;141240;0.0;276224.8;96503.8;2950.1;199.4;76.2;85.1;15.8;14.0;14.4;8.1;4.7;7.3;False;2016100;euromillions_4.csv
2016-12-16;2016+ : 50 boules / 12 etoiles;VENDREDI;45;10;6;30;41;11;4;0;6;10;31;824;1963;1448;33566;83757;21497;498493;1249755;118116;0.0;201174.7;28113.5;4435.8;178.0;59.1;141.3;16.8;12.7;24.8;9.1;4.4;12.8;False;2016101;euromillions_4.csv
2016-12-20;2016+ : 50 boules / 12 etoiles;MARDI;15;27;13;21;17;3;2;1;14;15;67;1583;2543;2047;50852;90651;24069;607464;1117419;108723;61653352.0;67191.0;14606.2;1599.4;72.2;35.5;77.9;8.6;9.1;17.3;5.8;3.8;10.8;False;2016102;euromillions_4.csv
2016-12-23;2016+ : 50 boules / 12 etoiles;VENDREDI;46;39;16;20;4;5;2;0;2;7;49;989;1962;2297;39591;80841;33162;571233;1134414;183528;0.0;603821.6;40181.9;2807.7;148.3;59.2;89.1;14.2;13.2;16.1;7.9;4.9;8.2;False;2016103;euromillions_4.csv
2016-12-27;2016+ : 50 boules / 12 etoiles;MARDI;32;22;39;25;3;7;12;1;3;2;14;497;1218;795;22240;54968;11807;326595;811831;61594;25251858.0;251503.3;87866.9;6139.7;184.4;59.5;160.9;15.8;12.1;28.3;8.6;4.2;15.3;False;2016104;euromillions_4.csv
2016-12-30;2016+ : 50 boules / 12 etoiles;VENDREDI;10;22;29;47;8;1;3;0;3;7;42;895;1884;2003;40900;88780;27490;568132;1235236;140437;0.0;379409.6;37872.3;3087.4;154.5;58.1;96.3;13.0;11.3;18.3;7.5;4.2;10.1;False;2016105;euromillions_4.csv
2017-01-03;2016+ : 50 boules / 12 etoiles;MARDI;34;27;49;23;19;11;1;0;0;7;30;572;1489;1093;23554;65312;15593;327904;891999;79367;0.0;0.0;134726.3;2904.7;162.5;49.4;118.7;15.2;10.3;21.7;8.7;3.9;12.0;False;2017001;euromillions_4.csv
2017-01-06;2016+ : 50 boules / 12 etoiles;VENDREDI;21;14;49;10;18;9;11;0;5;9;20;754;1789;1405;35407;86431;21100;504296;1225401;111273;0.0;215540.4;27889.8;6138.8;173.6;57.9;130.1;14.2;11.0;22.6;8.0;4.0;12.1;False;2017002;euromillions_4.csv
2017-01-10;2016+ : 50 boules / 12 etoiles;MARDI;44;29;35;11;2;4;9;0;3;5;50;750;1515;1621;27375;62277;24029;396092;869294;128094;0.0;280821.3;39243.8;1919.5;136.5;53.4;88.1;14.4;11.9;15.5;7.9;4.4;8.2;False;2017003;euromillions_4.csv
2017-01-13;2016+ : 50 boules / 12 etoiles;VENDREDI;16;7;50;3;26;4;7;0;8;9;62;1379;2466;3228;57280;109202;46858;778041;1517238;238914;0.0;175314.5;36295.7;2577.1;123.5;54.7;73.6;11.4;11.3;13.2;6.7;4.2;7.3;False;2017004;euromillions_4.csv
2017-01-17;2016+ : 50 boules / 12 etoiles;MARDI;43;4;25;16;47;10;2;0;4;8;29;630;1374;1319;26865;65156;19340;401661;950064;105357;0.0;239148.7;27850.2;3757.9;184.5;66.9;123.0;16.6;13.0;21.9;8.9;4.6;11.3;False;2017005;euromillions_4.csv
2017-01-20;2016+ : 50 boules / 12 etoiles;VENDREDI;17;10;27;49;31;3;5;0;3;16;96;1235;2278;3601;53184;102166;47153;736643;1411722;236179;0.0;447519.0;19543.5;1593.2;132.1;56.6;63.2;11.8;11.6;12.6;6.8;4.3;7.1;False;2017006;euromillions_4.csv
2017-01-24;2016+ : 50 boules / 12 etoiles;MARDI;5;1;23;17;7;3;8;1;11;25;103;1624;3792;3273;58023;121326;38294;659707;1345199;171338;88587275.0;96333.8;9872.3;1172.0;79.2;26.8;54.9;8.5;7.7;12.2;6.0;3.6;7.7;False;2017007;euromillions_4.csv
2017-01-27;2016+ : 50 boules / 12 etoiles;VENDREDI;28;45;20;17;48;9;5;0;2;10;52;741;1466;2215;36192;70246;32734;529133;1036365;177760;0.0;538931.3;25104.6;2361.4;176.7;70.7;82.5;13.9;13.5;14.5;7.6;4.8;7.5;False;2017008;euromillions_4.csv
2017-01-31;2016+ : 50 boules / 12 etoiles;MARDI;4;17;44;23;3;6;9;1;3;3;46;724;1714;1808;33053;73036;24548;449761;975867;119818;25880509.0;270663.6;63040.6;2010.9;136.2;45.5;76.1;11.5;9.8;14.6;6.7;3.8;8.4;False;2017009;euromillions_4.csv
2017-02-03;2016+ : 50 boules / 12 etoiles;VENDREDI;3;4;50;46;15;9;5;0;3;5;30;700;1369;1892;33285;67286;32498;542868;1075437;182855;0.0;369790.5;51677.0;4212.8;192.5;77.9;99.4;15.6;14.6;15.1;7.6;4.7;7.6;False;2017010;euromillions_4.csv
2017-02-07;2016+ : 50 boules / 12 etoiles;MARDI;44;38;4;31;10;10;8;0;0;3;24;599;1175;1266;26590;56225;16383;350916;812462;80874;0.0;0.0;319734.2;3693.0;157.8;63.6;104.2;13.7;12.2;21.0;8.3;4.4;12.0;False;2017011;euromillions_4.csv
2017-02-10;2016+ : 50 boules / 12 etoiles;VENDREDI;43;26;7;35;21;9;2;0;4;6;62;990;2066;2202;42233;86623;30549;565625;1158318;159849;0.0;280518.3;43557.2;2061.7;137.7;52.2;86.4;12.4;11.4;16.2;7.4;4.4;8.7;False;2017012;euromillions_4.csv
2017-02-14;2016+ : 50 boules / 12 etoiles;MARDI;44;40;24;2;10;3;10;2;1;6;27;585;1322;1352;26447;61439;18710;392902;912910;96739;23570709.0;855914.6;33225.3;3611.4;177.7;62.2;107.3;15.1;12.3;20.2;8.1;4.3;11.0;False;2017013;euromillions_4.csv
2017-02-17;2016+ : 50 boules / 12 etoiles;VENDREDI;25;19;33;36;48;2;9;1;3;8;33;711;1502;1590;31155;66061;25531;471329;986394;144487;17000000.0;347002.9;30307.8;3593.8;177.9;66.6;111.0;15.6;13.9;18.0;8.3;4.8;9.0;False;2017014;euromillions_4.csv
2017-02-21;2016+ : 50 boules / 12 etoiles;MARDI;19;41;49;13;45;4;3;0;2;3;12;469;928;946;22453;46637;14342;349450;710356;81058;0.0;364667.6;56623.5;6924.0;188.9;75.6;130.7;15.2;13.8;22.5;7.8;4.7;11.2;False;2017015;euromillions_4.csv
2017-02-24;2016+ : 50 boules / 12 etoiles;VENDREDI;13;2;43;22;4;8;9;0;7;10;32;1038;2203;1588;43523;88645;23372;587214;1193938;120351;0.0;154279.6;25153.4;3844.7;126.4;47.1;115.3;11.6;10.7;20.4;6.9;4.1;11.2;False;2017016;euromillions_4.csv
2017-02-28;2016+ : 50 boules / 12 etoiles;MARDI;35;31;10;42;20;2;12;0;0;4;17;410;1246;760;20373;54502;11402;308000;821467;60555;0.0;0.0;240661.4;5232.4;231.4;60.2;174.2;17.9;12.6;30.3;9.5;4.3;16.1;False;2017017;euromillions_4.csv
2017-03-03;2016+ : 50 boules / 12 etoiles;VENDREDI;47;2;11;29;30;12;1;0;5;6;23;667;2199;1280;30390;92728;18400;438894;1319018;98747;0.0;233684.5;45356.4;5787.4;212.8;51.1;154.8;18.0;11.1;28.1;10.0;4.0;14.8;False;2017018;euromillions_4.csv
2017-03-07;2016+ : 50 boules / 12 etoiles;MARDI;6;37;50;41;48;5;4;0;0;4;23;450;1000;1031;23140;49846;16551;368378;777159;100253;0.0;0.0;275024.5;4419.6;240.9;85.8;146.7;18.0;15.8;23.8;9.1;5.3;11.1;False;2017019;euromillions_4.csv
2017-03-10;2016+ : 50 boules / 12 etoiles;VENDREDI;38;49;31;47;36;8;11;0;1;4;31;671;1616;1493;31548;70465;22625;488735;1114364;123981;0.0;1279253.6;74488.1;4701.2;231.6;76.1;145.3;18.9;16.0;25.0;9.8;5.3;12.9;False;2017020;euromillions_4.csv
2017-03-14;2016+ : 50 boules / 12 etoiles;MARDI;21;5;44;36;3;3;6;1;4;7;31;693;1443;1947;34032;66907;29265;506197;1004145;150788;80571199.0;244777.0;32577.9;3598.1;171.6;65.2;85.2;13.4;12.9;14.8;7.2;4.5;8.1;False;2017021;euromillions_4.csv
2017-03-17;2016+ : 50 boules / 12 etoiles;VENDREDI;19;29;36;6;10;9;3;0;2;11;84;1019;1907;2770;41785;81326;36355;564357;1103923;178397;0.0;518886.3;21973.5;1407.4;123.7;52.3;63.5;11.6;11.3;12.6;6.9;4.3;7.2;False;2017022;euromillions_4.csv
2017-03-21;2016+ : 50 boules / 12 etoiles;MARDI;47;23;20;44;1;11;4;0;2;5;21;411;973;965;19970;48313;14392;311529;770119;75836;0.0;373296.5;34778.0;4050.2;220.7;73.8;131.2;17.5;13.6;22.9;9.0;4.4;12.3;False;2017023;euromillions_4.csv
2017-03-24;2016+ : 50 boules / 12 etoiles;VENDREDI;2;21;17;27;34;5;9;0;7;5;82;1168;2019;2893;44252;85489;37976;600419;1154547;185338;0.0;152897.1;49856.0;1486.9;111.3;50.9;62.7;11.3;11.0;12.4;6.7;4.2;7.2;False;2017024;euromillions_4.csv
2017-03-28;2016+ : 50 boules / 12 etoiles;MARDI;33;13;46;9;31;6;10;0;3;13;31;594;1377;1160;25210;61436;16499;359331;885792;85940;0.0;266676.3;14333.5;2940.0;163.6;55.8;116.9;14.8;11.5;21.4;8.3;4.1;11.6;False;2017025;euromillions_4.csv
2017-03-31;2016+ : 50 boules / 12 etoiles;VENDREDI;24;26;45;17;28;4;12;0;2;14;23;721;2096;1195;33464;95479;17946;480911;1364410;94913;0.0;585756.2;19489.8;5802.7;197.4;53.7;166.2;16.3;10.8;28.9;9.1;3.9;15.4;False;2017026;euromillions_4.csv
2017-04-04;2016+ : 50 boules / 12 etoiles;MARDI;24;33;9;1;34;2;6;0;3;4;32;575;1175;1639;27920;60062;24843;426256;911875;132897;0.0;297859.9;52031.2;3181.2;188.8;73.1;92.4;14.9;13.1;15.9;7.8;4.5;8.4;False;2017027;euromillions_4.csv
2017-04-07;2016+ : 50 boules / 12 etoiles;VENDREDI;35;10;2;50;19;7;6;0;2;11;47;899;2014;1974;43568;88858;29033;636764;1277867;154973;0.0;617869.9;26165.2;2995.3;167.0;59.0;106.1;13.2;12.3;18.8;7.2;4.4;9.9;False;2017028;euromillions_4.csv
2017-04-11;2016+ : 50 boules / 12 etoiles;MARDI;22;5;31;49;21;8;2;1;1;5;34;679;1331;1981;31833;69370;30230;479239;1029199;163646;83397527.0;986781.3;45966.5;3306.4;176.6;71.3;84.4;14.5;12.6;14.4;7.7;4.4;7.5;False;2017029;euromillions_4.csv
2017-04-14;2016+ : 50 boules / 12 etoiles;VENDREDI;33;20;4;14;23;6;10;0;3;5;46;852;2149;1474;34054;88122;20801;459998;1185499;103554;0.0;325832.5;45534.0;2420.8;139.4;43.7;112.4;13.4;9.8;20.8;7.9;3.8;11.8;False;2017030;euromillions_4.csv
2017-04-18;2016+ : 50 boules / 12 etoiles;MARDI;22;17;45;38;31;12;5;0;1;3;14;426;1110;695;19911;48987;10301;292336;730439;55483;0.0;699968.4;54343.5;5695.9;199.6;60.6;170.8;16.4;12.6;30.1;9.0;4.4;15.8;False;2017031;euromillions_4.csv
2017-04-21;2016+ : 50 boules / 12 etoiles;VENDREDI;2;13;22;49;16;4;5;0;3;6;39;888;1861;1784;40647;80735;24839;568872;1108135;129174;0.0;347215.1;40435.1;3042.7;142.5;53.8;99.0;12.0;11.4;18.5;6.8;4.3;10.1;False;2017032;euromillions_4.csv
2017-04-25;2016+ : 50 boules / 12 etoiles;MARDI;11;9;32;19;43;3;9;0;9;7;50;758;1403;2180;31559;58499;29523;431628;820118;141385;0.0;87179.1;26106.4;1787.7;125.7;53.8;61.0;11.6;11.8;11.7;6.8;4.4;6.9;False;2017033;euromillions_4.csv
2017-04-28;2016+ : 50 boules / 12 etoiles;VENDREDI;20;25;30;39;14;8;2;0;2;4;63;872;1794;2620;38755;81489;37060;557444;1180984;196312;0.0;582414.6;67825.5;2106.3;162.3;62.4;75.4;14.0;12.6;13.9;7.8;4.5;7.4;False;2017034;euromillions_4.csv
2017-05-02;2016+ : 50 boules / 12 etoiles;MARDI;27;25;19;6;23;12;11;0;2;13;20;573;2340;808;22325;87738;11636;300043;1103995;60687;0.0;395316.8;14165.1;4503.6;167.6;32.5;165.9;16.5;7.9;30.1;9.9;3.3;16.3;False;2017035;euromillions_4.csv
2017-05-05;2016+ : 50 boules / 12 etoiles;VENDREDI;7;43;30;3;35;1;3;0;4;2;41;923;1698;1887;43330;84899;31310;636510;1278175;157020;0.0;309747.4;144287.3;3442.7;163.1;70.1;111.3;13.3;12.9;17.5;7.3;4.4;9.8;False;2017036;euromillions_4.csv
2017-05-09;2016+ : 50 boules / 12 etoiles;MARDI;26;22;16;12;8;7;6;0;10;13;52;1263;2231;2087;45771;83417;28776;580491;1076334;127810;0.0;96432.9;17277.1;2112.6;92.7;41.5;78.3;9.8;10.2;14.8;6.2;4.1;9.4;False;2017037;euromillions_4.csv
2017-05-12;2016+ : 50 boules / 12 etoiles;VENDREDI;2;28;29;44;20;3;9;0;0;10;55;923;2063;2642;45203;94832;40239;673987;1398397;223008;0.0;0.0;170116.9;2858.0;181.6;64.3;88.5;14.2;12.8;15.1;7.6;4.5;7.7;False;2017038;euromillions_4.csv
2017-05-16;2016+ : 50 boules / 12 etoiles;MARDI;20;8;30;11;15;3;8;0;3;17;82;1365;2487;2998;50466;95673;37148;618881;1229049;173088;0.0;372071.0;15292.8;1550.7;99.3;43.1;63.1;10.3;10.3;13.3;6.7;4.1;8.0;False;2017039;euromillions_4.csv
2017-05-19;2016+ : 50 boules / 12 etoiles;VENDREDI;30;12;9;19;11;9;4;0;6;15;116;2155;3998;4725;78073;153428;58946;937524;1938752;263339;0.0;269554.1;25112.8;1588.3;91.1;38.9;58.0;9.7;9.3;12.1;6.4;3.8;7.6;False;2017040;euromillions_4.csv
2017-05-23;2016+ : 50 boules / 12 etoiles;MARDI;15;8;42;25;27;1;4;0;4;8;51;1066;2582;2117;47039;109569;28867;642045;1505250;149808;0.0;334478.8;38951.9;2988.6;152.5;49.8;107.1;13.3;10.8;20.5;7.8;4.1;11.1;False;2017041;euromillions_4.csv
2017-05-26;2016+ : 50 boules / 12 etoiles;VENDREDI;36;5;39;7;26;2;10;0;4;9;55;1230;2715;2572;52565;127337;37779;787862;1895568;196462;0.0;427598.1;44263.3;3542.8;168.9;60.6;112.7;15.2;11.9;20.0;8.1;4.1;10.9;False;2017042;euromillions_4.csv
2017-05-30;2016+ : 50 boules / 12 etoiles;MARDI;27;48;38;12;7;9;6;0;3;17;54;1266;2866;2982;53492;115921;40909;747463;1604043;206300;0.0;484442.6;19911.5;3066.0;139.4;48.7;82.6;12.7;11.1;15.7;7.3;4.1;8.8;False;2017043;euromillions_4.csv
2017-06-02;2016+ : 50 boules / 12 etoiles;VENDREDI;8;42;33;24;10;9;3;1;7;23;111;1827;3983;4387;74589;158010;61745;1025852;2159425;329474;153873716.0;290732.0;20608.8;2088.7;135.3;49.1;78.6;12.7;11.4;14.6;7.4;4.3;7.7;False;2017044;euromillions_4.csv
2017-06-06;2016+ : 50 boules / 12 etoiles;MARDI;25;40;20;22;37;7;3;0;0;3;31;514;1063;1657;22954;47389;27783;367668;733727;162020;0.0;0.0;318587.2;2848.8;183.2;70.1;79.3;15.8;14.4;12.3;7.9;4.8;5.9;False;2017045;euromillions_4.csv
2017-06-09;2016+ : 50 boules / 12 etoiles;VENDREDI;9;39;27;20;43;11;10;0;1;11;17;699;2157;1351;31122;90499;18657;431977;1276750;101443;0.0;1114645.4;23601.2;7469.7;193.7;49.7;139.9;16.7;10.9;26.4;9.7;4.0;13.7;False;2017046;euromillions_4.csv
2017-06-13;2016+ : 50 boules / 12 etoiles;MARDI;12;3;22;27;49;11;4;0;2;12;26;611;1735;1279;28149;74209;16878;386576;997580;84363;0.0;407800.2;15830.2;3573.7;162.2;45.2;108.1;13.5;9.7;21.4;7.9;3.7;12.1;False;2017047;euromillions_4.csv
2017-06-16;2016+ : 50 boules / 12 etoiles;VENDREDI;38;42;15;17;41;9;12;0;8;13;20;653;1684;1070;29474;75357;15981;442692;1159464;85775;0.0;140525.5;20141.5;6403.6;209.2;64.2;178.2;17.8;13.2;31.1;9.5;4.4;16.4;False;2017048;euromillions_4.csv
2017-06-20;2016+ : 50 boules / 12 etoiles;MARDI;44;43;11;18;26;8;10;0;3;4;24;533;1275;1130;25527;60458;16821;379200;897423;87600;0.0;281580.8;49187.5;4009.8;192.5;63.7;126.8;15.4;12.3;22.2;8.3;4.3;12.0;False;2017049;euromillions_4.csv
2017-06-23;2016+ : 50 boules / 12 etoiles;VENDREDI;4;31;21;3;38;3;7;0;4;4;45;725;1557;3326;41003;77727;53795;637300;1198651;271863;0.0;299869.8;69843.0;3036.6;201.0;74.1;61.1;13.7;13.6;9.8;7.0;4.6;5.5;False;2017050;euromillions_4.csv
2017-06-27;2016+ : 50 boules / 12 etoiles;MARDI;45;17;21;9;28;1;3;0;7;7;50;1018;2042;1645;38384;82034;23269;497070;1070350;117443;0.0;134619.5;31354.4;2147.0;112.4;44.3;97.1;11.4;10.1;17.9;7.1;4.0;10.0;False;2017051;euromillions_4.csv
2017-06-30;2016+ : 50 boules / 12 etoiles;VENDREDI;35;50;39;17;47;6;8;1;6;7;51;1145;2660;2819;54632;120296;42873;819304;1773960;239603;100000000.0;312627.5;62412.4;4190.0;199.0;67.8;112.8;16.0;13.8;19.3;8.6;4.8;9.8;False;2017052;euromillions_4.csv
2017-07-04;2016+ : 50 boules / 12 etoiles;MARDI;22;25;10;37;49;8;5;0;2;4;41;576;1228;1875;26491;53474;26316;384356;761876;139075;0.0;379863.3;44237.2;2111.0;160.2;59.5;68.7;13.4;12.5;12.7;7.4;4.6;6.8;False;2017053;euromillions_4.csv
2017-07-07;2016+ : 50 boules / 12 etoiles;VENDREDI;45;37;20;35;11;3;6;1;5;10;31;821;1598;1682;32427;67850;26983;491840;1022080;157645;28975630.0;218998.7;25503.6;4024.0;162.0;65.9;110.4;15.8;14.2;17.9;8.3;4.9;8.7;False;2017054;euromillions_4.csv
2017-07-11;2016+ : 50 boules / 12 etoiles;MARDI;50;26;42;22;14;8;10;1;2;5;29;443;1072;955;21345;50952;14187;319253;762345;75221;17000000.0;369210.2;34397.3;2900.8;202.5;66.2;131.1;16.2;12.8;23.0;8.6;4.4;12.3;False;2017055;euromillions_4.csv
2017-07-14;2016+ : 50 boules / 12 etoiles;VENDREDI;21;14;20;47;11;10;7;0;1;3;38;709;1532;1446;34252;75388;21105;500930;1108450;108366;0.0;1004016.9;77948.9;3010.0;172.0;63.0;117.7;13.7;11.8;21.0;7.5;4.1;11.6;False;2017056;euromillions_4.csv
2017-07-18;2016+ : 50 boules / 12 etoiles;MARDI;41;27;1;45;25;7;5;0;5;2;21;474;902;1499;22709;42754;25984;366785;675226;143431;0.0;148215.2;86302.5;4020.3;189.9;79.0;83.8;15.2;15.3;12.6;7.5;5.0;6.4;False;2017057;euromillions_4.csv
2017-07-21;2016+ : 50 boules / 12 etoiles;VENDREDI;8;1;26;49;9;9;5;0;2;3;52;895;1716;2398;41037;76145;35167;564974;1069100;182995;0.0;524034.0;81368.9;2296.1;142.3;58.7;74.1;11.9;12.1;13.2;6.9;4.5;7.1;False;2017058;euromillions_4.csv
2017-07-25;2016+ : 50 boules / 12 etoiles;MARDI;14;44;43;48;12;11;2;0;1;3;23;376;931;955;20402;46814;15590;327437;772642;88833;0.0;789831.2;61320.2;3912.2;255.2;81.6;140.2;18.1;14.9;22.4;9.0;4.7;11.1;False;2017059;euromillions_4.csv
2017-07-28;2016+ : 50 boules / 12 etoiles;VENDREDI;41;9;31;5;29;4;2;1;3;7;57;819;1850;1984;38374;83876;28366;570357;1218959;148371;57871110.0;386027.3;38532.9;2314.6;171.8;60.2;99.0;14.1;12.2;18.0;7.6;4.3;9.7;False;2017060;euromillions_4.csv
2017-08-01;2016+ : 50 boules / 12 etoiles;MARDI;29;24;21;30;14;10;8;0;4;12;25;579;1464;1096;23699;58934;14436;330638;810694;74867;0.0;178435.6;13853.2;3252.4;149.7;46.9;110.4;14.1;10.7;21.9;8.1;4.0;11.9;False;2017061;euromillions_4.csv
2017-08-04;2016+ : 50 boules / 12 etoiles;VENDREDI;29;30;41;40;36;9;2;0;4;5;25;519;1076;1197;24919;52567;22690;420217;879894;137455;0.0;257083.6;47902.1;4686.0;240.7;91.9;145.7;19.3;17.3;20.0;9.2;5.3;9.3;False;2017062;euromillions_4.csv
2017-08-08;2016+ : 50 boules / 12 etoiles;MARDI;26;15;40;25;41;4;5;1;4;5;24;485;975;1171;23975;45521;17221;369504;705906;90484;36563144.0;190106.2;35422.3;3609.6;190.5;75.0;110.1;14.8;14.8;19.5;7.7;4.9;10.5;False;2017063;euromillions_4.csv
2017-08-11;2016+ : 50 boules / 12 etoiles;VENDREDI;39;48;28;46;18;12;5;0;3;5;33;646;1536;1027;27002;66401;14822;384165;938643;79233;0.0;331152.7;46277.5;3429.6;186.8;62.2;164.0;17.2;13.2;29.6;9.7;4.8;15.7;False;2017064;euromillions_4.csv
2017-08-15;2016+ : 50 boules / 12 etoiles;MARDI;14;30;46;10;35;4;10;0;0;4;18;397;930;796;18107;43179;12204;277649;667406;64398;0.0;0.0;203988.9;4188.6;202.5;68.4;141.0;17.1;13.5;24.0;8.9;4.5;12.8;False;2017065;euromillions_4.csv
2017-08-18;2016+ : 50 boules / 12 etoiles;VENDREDI;39;42;24;45;2;2;8;0;3;5;36;650;1318;2017;30161;62411;30792;455753;946271;173919;0.0;346160.2;48374.8;3286.3;194.1;75.8;87.3;16.1;14.7;14.9;8.5;5.0;7.4;False;2017066;euromillions_4.csv
2017-08-22;2016+ : 50 boules / 12 etoiles;MARDI;10;12;17;3;27;3;5;1;12;8;126;1540;2247;3727;48664;79413;36864;531479;930622;149279;44105265.0;64840.1;22653.0;703.5;61.3;33.3;35.4;7.4;8.6;9.3;5.5;3.8;6.5;False;2017067;euromillions_4.csv
2017-08-25;2016+ : 50 boules / 12 etoiles;VENDREDI;15;7;1;47;5;9;12;1;2;14;24;841;2304;1054;33589;98628;14733;449128;1254375;74972;17000000.0;495917.1;16500.6;4708.0;143.3;41.4;159.6;13.8;8.9;29.8;8.3;3.6;16.5;False;2017068;euromillions_4.csv
2017-08-29;2016+ : 50 boules / 12 etoiles;MARDI;4;12;32;15;38;1;5;0;1;4;29;567;1180;1155;23963;51303;17328;350582;732569;91726;0.0;695443.6;40494.1;2731.9;149.0;56.6;102.1;13.5;12.0;17.7;7.4;4.3;9.5;False;2017069;euromillions_4.csv
2017-09-01;2016+ : 50 boules / 12 etoiles;VENDREDI;8;7;3;14;49;5;8;1;3;5;44;955;1830;2749;43119;85550;41270;595082;1179926;204738;28287321.0;344019.4;48075.6;2672.1;131.3;54.2;63.6;11.2;10.6;11.0;6.5;4.0;6.3;False;2017070;euromillions_4.csv
2017-09-05;2016+ : 50 boules / 12 etoiles;MARDI;28;18;29;6;9;9;1;0;5;12;57;906;1603;1668;31037;65089;21772;391894;838812;98087;0.0;142799.2;13858.1;1427.0;95.7;42.8;72.6;10.7;9.7;14.5;6.8;3.9;9.1;False;2017071;euromillions_4.csv
2017-09-08;2016+ : 50 boules / 12 etoiles;VENDREDI;42;47;24;49;9;1;5;0;1;4;24;580;1346;1466;29517;65617;22753;463292;1003813;130535;0.0;1051958.4;61253.2;4993.4;220.4;75.1;121.7;16.6;14.2;20.4;8.5;4.8;10.0;False;2017072;euromillions_4.csv
2017-09-12;2016+ : 50 boules / 12 etoiles;MARDI;35;17;29;10;27;4;11;0;2;5;26;697;1740;1255;28998;78450;17329;387697;989179;86249;0.0;408037.8;38014.6;3575.7;142.2;45.1;110.2;13.1;9.2;20.8;7.9;3.8;11.8;False;2017073;euromillions_4.csv
2017-09-15;2016+ : 50 boules / 12 etoiles;VENDREDI;44;49;13;18;37;9;12;0;6;19;42;1418;3429;2533;64513;159188;36245;919842;2283940;190862;0.0;354592.0;26080.5;5770.9;182.3;59.6;142.4;15.4;11.8;26.0;8.6;4.3;13.9;False;2017074;euromillions_4.csv
2017-09-19;2016+ : 50 boules / 12 etoiles;MARDI;45;21;1;8;30;3;2;0;8;11;41;1049;2210;2091;47511;97136;30268;696585;1405122;157465;0.0;174307.0;29525.8;3874.6;161.5;60.7;113.1;13.7;12.7;20.4;7.5;4.5;11.0;False;2017075;euromillions_4.csv
2017-09-22;2016+ : 50 boules / 12 etoiles;VENDREDI;6;31;39;42;11;3;1;0;2;9;64;1266;2757;2671;59276;132787;42947;888030;1963331;231066;0.0;963345.2;49860.9;3429.6;184.9;67.2;122.3;15.2;12.8;19.8;8.1;4.5;10.4;False;2017076;euromillions_4.csv
2017-09-26;2016+ : 50 boules / 12 etoiles;MARDI;40;29;1;48;41;12;6;0;8;7;42;800;1916;1752;37830;94285;26674;596975;1488156;148962;0.0;199677.1;53150.9;4332.9;242.6;80.2;154.6;19.7;15.0;26.5;10.0;4.9;13.4;False;2017077;euromillions_4.csv
2017-09-29;2016+ : 50 boules / 12 etoiles;VENDREDI;18;32;7;48;19;3;7;0;7;20;124;2029;3908;6348;83594;162999;91021;1191188;2300570;453867;0.0;320207.6;26103.0;2059.3;134.2;55.1;59.8;12.5;12.1;10.9;7.0;4.5;6.1;False;2017078;euromillions_4.csv
2017-10-03;2016+ : 50 boules / 12 etoiles;MARDI;32;6;50;24;48;1;5;0;4;17;70;1469;3497;2999;65740;147110;46207;952354;2107578;262334;0.0;1504612.3;29859.2;3546.9;180.2;59.9;123.2;15.5;13.1;20.8;8.6;4.7;10.4;False;2017079;euromillions_4.csv
2017-10-06;2016+ : 50 boules / 12 etoiles;VENDREDI;15;1;9;25;19;1;7;1;16;22;161;3119;5668;6365;116308;221456;79614;1438780;2939995;363925;190000000.0;1291056.0;27910.6;1865.4;102.7;44.7;70.2;10.6;10.5;14.6;6.8;4.1;9.0;False;2017080;euromillions_4.csv
2017-10-10;2016+ : 50 boules / 12 etoiles;MARDI;36;4;37;21;34;6;3;0;1;4;26;466;989;1361;23807;49395;21211;368630;763924;121922;0.0;841908.4;49022.5;3688.9;219.5;81.8;104.9;16.5;15.1;17.5;8.5;5.0;8.6;False;2017081;euromillions_4.csv
2017-10-13;2016+ : 50 boules / 12 etoiles;VENDREDI;23;37;50;29;45;5;11;0;2;9;45;893;2048;2134;43671;96775;30447;637728;1420204;164479;0.0;737887.0;38191.6;3736.1;200.8;69.3;117.3;15.8;13.5;21.4;8.6;4.8;11.2;False;2017082;euromillions_4.csv
2017-10-17;2016+ : 50 boules / 12 etoiles;MARDI;19;26;17;13;36;2;3;0;0;8;30;783;1513;1482;36243;66783;19604;501781;933246;97256;0.0;0.0;130419.7;3213.6;131.3;53.8;96.8;10.9;11.2;19.1;6.3;4.1;10.9;False;2017083;euromillions_4.csv
2017-10-20;2016+ : 50 boules / 12 etoiles;VENDREDI;4;27;23;30;17;3;8;0;8;15;84;1525;2873;3401;56967;110324;43688;712640;1403739;200749;0.0;151492.3;18818.2;1643.6;96.5;40.5;60.4;9.9;9.7;12.2;6.3;3.9;7.5;False;2017084;euromillions_4.csv
2017-10-24;2016+ : 50 boules / 12 etoiles;MARDI;27;9;33;13;11;10;7;1;6;11;54;1277;2655;1817;44165;95656;22229;523928;1148829;103819;65407072.0;148690.1;18889.9;1882.1;84.8;32.3;83.2;9.4;8.2;17.7;6.4;3.5;10.7;False;2017085;euromillions_4.csv
2017-10-27;2016+ : 50 boules / 12 etoiles;VENDREDI;39;23;16;32;3;1;4;1;3;16;38;953;2301;1563;35272;86571;22235;499948;1171498;117047;17000000.0;356433.1;15565.7;3205.7;136.3;44.7;116.0;14.1;10.9;21.3;8.0;4.2;11.4;False;2017086;euromillions_4.csv
2017-10-31;2016+ : 50 boules / 12 etoiles;MARDI;46;12;43;36;1;3;5;0;0;3;17;352;820;1096;20167;42156;19570;334761;675122;124637;0.0;0.0;317035.6;5169.6;266.3;90.5;119.3;17.9;16.2;17.4;8.6;5.2;7.7;False;2017087;euromillions_4.csv
2017-11-03;2016+ : 50 boules / 12 etoiles;VENDREDI;41;5;33;17;12;4;9;1;3;14;73;1083;2301;2753;40572;89458;35152;549552;1198104;173864;28709464.0;356885.6;17812.0;1670.8;120.1;44.7;65.9;12.3;10.6;13.4;7.3;4.1;7.7;False;2017088;euromillions_4.csv
2017-11-07;2016+ : 50 boules / 12 etoiles;MARDI;37;19;41;20;7;12;2;0;0;2;22;446;1210;858;21728;60738;12194;332500;907965;64618;0.0;0.0;486971.7;4090.6;215.2;62.8;156.1;17.0;11.5;28.7;8.9;4.0;15.3;False;2017089;euromillions_4.csv
2017-11-10;2016+ : 50 boules / 12 etoiles;VENDREDI;37;36;29;22;13;1;9;0;0;8;53;1057;2562;2100;39528;90530;28957;549490;1241136;153944;0.0;0.0;180379.3;2515.8;134.5;43.9;94.5;13.8;11.4;17.9;8.0;4.3;9.5;False;2017090;euromillions_4.csv
2017-11-14;2016+ : 50 boules / 12 etoiles;MARDI;16;40;39;41;14;8;10;0;3;1;13;421;981;922;20209;47162;14331;313177;740469;80222;0.0;264446.7;184778.0;6952.3;228.9;77.7;145.9;18.3;14.9;24.5;9.5;4.9;12.3;False;2017091;euromillions_4.csv
2017-11-17;2016+ : 50 boules / 12 etoiles;VENDREDI;35;36;26;42;20;5;12;0;0;5;18;661;1502;1199;29453;70888;18349;469372;1134395;100915;0.0;0.0;296639.8;7613.9;221.1;77.0;170.1;19.1;15.0;29.0;9.6;4.8;14.9;False;2017092;euromillions_4.csv
2017-11-21;2016+ : 50 boules / 12 etoiles;MARDI;31;28;10;2;14;7;5;0;4;6;78;1097;2066;2675;39261;72995;33869;490855;906994;163151;0.0;215153.1;33407.7;1256.9;95.3;40.0;54.5;10.2;10.4;11.2;6.5;4.3;6.6;False;2017093;euromillions_4.csv
2017-11-24;2016+ : 50 boules / 12 etoiles;VENDREDI;28;24;50;19;30;10;3;0;0;6;49;796;1882;1854;38381;88186;26950;577668;1335049;140410;0.0;0.0;253061.5;2863.2;188.0;62.9;112.6;15.0;12.3;20.2;8.0;4.2;10.9;False;2017094;euromillions_4.csv
2017-11-28;2016+ : 50 boules / 12 etoiles;MARDI;42;1;12;6;18;2;7;0;6;6;47;888;1815;2409;37638;74992;31595;505364;1000302;159087;0.0;157546.2;36694.3;2291.2;129.3;50.1;66.5;11.7;11.1;13.2;7.0;4.3;7.4;False;2017095;euromillions_4.csv
2017-12-01;2016+ : 50 boules / 12 etoiles;VENDREDI;5;46;29;35;24;11;12;0;3;5;28;665;1831;1257;30961;89894;19583;462590;1425495;107739;0.0;442968.4;61903.4;5406.9;242.8;69.8;179.3;20.1;13.0;30.0;10.8;4.3;15.4;False;2017096;euromillions_4.csv
2017-12-05;2016+ : 50 boules / 12 etoiles;MARDI;48;11;44;43;36;2;7;0;2;8;27;538;1303;1732;29385;62963;27668;463148;970404;166184;0.0;538407.7;31350.3;4543.5;243.2;79.5;105.4;17.1;15.1;17.2;8.7;5.1;8.1;False;2017097;euromillions_4.csv
2017-12-08;2016+ : 50 boules / 12 etoiles;VENDREDI;34;32;22;30;4;4;3;0;3;5;48;928;1950;2165;46679;91931;31992;706341;1384859;166876;0.0;477524.4;66732.5;3400.0;187.5;70.6;112.2;14.3;13.8;19.8;7.6;4.7;10.7;False;2017098;euromillions_4.csv
2017-12-12;2016+ : 50 boules / 12 etoiles;MARDI;39;20;37;50;44;4;8;0;3;5;35;676;1442;1859;36313;74052;27480;514269;1120517;160237;0.0;402110.4;56193.6;3926.5;216.8;80.4;110.0;15.5;14.4;19.4;8.8;4.9;9.4;False;2017099;euromillions_4.csv
2017-12-15;2016+ : 50 boules / 12 etoiles;VENDREDI;25;42;30;50;31;11;2;0;0;5;42;845;2050;2063;42586;99990;31232;659729;1574363;171626;0.0;0.0;395737.8;4353.2;230.7;75.3;131.9;17.6;14.2;22.7;9.1;4.7;11.7;False;2017100;euromillions_4.csv
2017-12-19;2016+ : 50 boules / 12 etoiles;MARDI;15;38;46;8;30;4;7;1;3;7;63;957;2168;2380;41492;95559;34567;604183;1287357;193533;135346147.0;434845.8;43405.9;2359.0;165.6;57.8;92.9;14.7;12.0;16.7;8.1;4.6;8.4;False;2017101;euromillions_4.csv
2017-12-22;2016+ : 50 boules / 12 etoiles;VENDREDI;5;30;24;31;43;3;6;0;3;7;46;835;1787;2178;38154;78611;32634;564949;1157067;176731;0.0;391378.4;39067.0;2907.8;170.8;63.2;91.4;14.4;13.2;15.9;7.8;4.6;8.3;False;2017102;euromillions_4.csv
2017-12-26;2016+ : 50 boules / 12 etoiles;MARDI;30;4;17;44;43;10;2;0;3;9;27;493;1138;1053;21175;50947;14551;310777;754009;75333;0.0;235210.5;18261.0;2977.3;173.9;59.6;113.6;15.6;12.2;21.4;8.5;4.3;11.7;False;2017103;euromillions_4.csv
2017-12-29;2016+ : 50 boules / 12 etoiles;VENDREDI;4;48;8;22;23;1;12;1;0;10;31;800;2339;1587;36308;111558;22915;518891;1568634;120488;38906715.0;0.0;159959.5;4767.9;197.0;53.3;138.6;16.7;10.3;25.0;9.4;3.8;13.4;False;2017104;euromillions_4.csv
2018-01-02;2016+ : 50 boules / 12 etoiles;MARDI;20;10;21;48;28;1;8;0;3;1;22;536;1135;1210;24060;53024;17609;354721;778317;87475;0.0;237898.1;166227.5;3695.7;161.8;60.4;100.0;13.8;11.9;17.9;7.5;4.2;10.2;False;2018001;euromillions_4.csv
2018-01-05;2016+ : 50 boules / 12 etoiles;VENDREDI;41;38;20;5;2;4;8;0;7;9;42;650;1523;1790;32348;71335;28155;490695;1082488;156933;0.0;155585.9;28184.9;2954.1;203.6;68.7;103.2;15.7;13.5;17.1;8.3;4.6;8.6;False;2018002;euromillions_4.csv
2018-01-09;2016+ : 50 boules / 12 etoiles;MARDI;6;49;38;12;15;9;2;0;3;5;28;584;1233;1474;28300;57271;22441;415934;837537;119632;0.0;274999.0;38430.2;3356.6;171.6;64.3;94.9;13.6;12.7;16.2;7.4;4.5;8.6;False;2018003;euromillions_4.csv
2018-01-12;2016+ : 50 boules / 12 etoiles;VENDREDI;45;30;21;13;23;6;4;0;3;8;62;1034;2160;2565;44300;99615;35886;616246;1372220;178250;0.0;402939.7;35193.4;2221.1;142.0;53.8;79.9;12.7;10.7;14.9;7.3;4.0;8.4;False;2018004;euromillions_4.csv
2018-01-16;2016+ : 50 boules / 12 etoiles;MARDI;46;34;31;20;23;3;12;0;4;5;19;554;1297;1007;24410;60992;13688;362340;907204;74728;0.0;228761.6;42624.9;5486.6;200.7;67.8;154.1;17.5;13.2;29.6;9.4;4.6;15.3;False;2018005;euromillions_4.csv
2018-01-19;2016+ : 50 boules / 12 etoiles;VENDREDI;44;3;17;50;8;2;7;0;4;9;64;1032;2246;2788;46628;95116;41751;677323;1353402;218796;0.0;317749.9;32892.2;2262.4;149.6;54.4;77.3;12.7;11.8;13.4;7.0;4.3;7.2;False;2018006;euromillions_4.csv
2018-01-23;2016+ : 50 boules / 12 etoiles;MARDI;5;23;8;9;24;7;8;0;4;8;50;1352;2262;2015;49803;88016;26961;632007;1157590;123402;0.0;246214.1;28673.0;2243.9;88.5;41.8;82.9;9.2;9.9;16.1;5.8;3.9;10.0;False;2018007;euromillions_4.csv
2018-01-26;2016+ : 50 boules / 12 etoiles;VENDREDI;28;15;24;48;6;9;4;0;1;14;71;1109;2308;2875;46745;101544;40328;650928;1404360;208277;0.0;1349899.3;22457.6;2166.0;147.9;56.2;79.6;13.5;11.7;14.8;7.7;4.4;8.1;False;2018008;euromillions_4.csv
2018-01-30;2016+ : 50 boules / 12 etoiles;MARDI;11;15;35;27;21;5;4;0;5;8;62;1090;1972;1974;45781;83903;26715;602610;1144898;130826;0.0;211446.1;30780.1;1942.6;117.8;51.5;90.8;10.8;11.1;17.5;6.5;4.2;10.1;False;2018009;euromillions_4.csv
2018-02-02;2016+ : 50 boules / 12 etoiles;VENDREDI;36;39;34;14;48;2;3;0;3;9;41;965;1954;1818;44803;91932;28065;669394;1363018;161018;0.0;511561.7;39716.1;4264.3;193.2;75.5;143.1;16.0;14.7;24.2;8.6;5.2;11.9;False;2018010;euromillions_4.csv
2018-02-06;2016+ : 50 boules / 12 etoiles;MARDI;8;28;17;38;34;6;12;0;5;14;37;1067;2956;1719;41623;114702;23608;552906;1484274;121659;0.0;259091.0;21551.8;3988.7;147.5;42.1;127.8;14.5;10.0;24.3;8.8;4.0;13.3;False;2018011;euromillions_4.csv
2018-02-09;2016+ : 50 boules / 12 etoiles;VENDREDI;38;22;31;44;36;11;1;0;1;8;52;925;2260;2179;43948;112639;31650;664157;1708450;174441;0.0;1711394.6;49825.4;3749.4;224.8;72.8;133.2;18.2;13.4;23.9;9.6;4.6;12.2;False;2018012;euromillions_4.csv
2018-02-13;2016+ : 50 boules / 12 etoiles;MARDI;13;44;10;21;17;10;1;0;4;9;42;1130;3144;2160;49475;132437;27406;643127;1698031;134707;0.0;333912.5;34565.3;3622.9;143.6;40.8;104.8;12.6;8.9;21.5;7.8;3.6;12.4;False;2018013;euromillions_4.csv
2018-02-16;2016+ : 50 boules / 12 etoiles;VENDREDI;23;32;50;12;10;10;4;0;5;17;67;1409;3301;2619;60136;149371;37497;834983;2066188;187050;0.0;355136.6;24328.0;3019.2;153.1;51.7;115.0;13.8;10.5;20.9;7.9;3.9;11.8;False;2018014;euromillions_4.csv
2018-02-20;2016+ : 50 boules / 12 etoiles;MARDI;6;25;14;19;29;11;5;0;6;21;60;1452;3227;2540;57333;131701;36205;775787;1755147;184689;0.0;257544.0;17138.5;2934.0;129.3;46.0;103.1;12.6;10.3;18.9;7.4;4.0;10.4;False;2018015;euromillions_4.csv
2018-02-23;2016+ : 50 boules / 12 etoiles;VENDREDI;18;17;28;47;10;3;7;2;5;16;172;1994;3890;6898;90759;179067;98958;1322556;2594009;486402;88862248.0;485787.2;35357.9;1608.8;148.0;60.0;59.7;12.5;12.0;10.8;6.9;4.3;6.2;False;2018016;euromillions_4.csv
2018-02-27;2016+ : 50 boules / 12 etoiles;MARDI;48;31;3;41;50;11;8;0;0;2;21;387;855;917;19689;44670;13776;316170;724282;77440;0.0;0.0;498733.9;4388.9;254.0;91.0;149.6;19.2;16.0;26.0;9.6;5.1;13.0;False;2018017;euromillions_4.csv
2018-03-02;2016+ : 50 boules / 12 etoiles;VENDREDI;2;7;34;48;45;1;12;0;2;10;21;577;1499;1135;25546;73784;17774;395706;1173433;98073;0.0;556145.8;25906.5;6034.1;234.2;71.3;166.2;20.3;13.3;27.7;10.5;4.3;14.2;False;2018018;euromillions_4.csv
2018-03-06;2016+ : 50 boules / 12 etoiles;MARDI;26;44;20;31;15;2;9;0;4;7;39;613;1307;1554;27641;57846;24047;410692;843713;131279;0.0;212510.8;28283.5;2483.0;168.5;62.5;92.7;14.4;13.0;15.6;7.7;4.6;8.1;False;2018019;euromillions_4.csv
2018-03-09;2016+ : 50 boules / 12 etoiles;VENDREDI;44;9;14;21;32;12;1;0;2;21;39;848;2737;1444;32400;105598;20167;459675;1436467;105822;0.0;596941.0;13241.3;3487.4;171.0;41.9;140.2;17.2;10.0;26.2;9.7;3.8;14.1;False;2018020;euromillions_4.csv
2018-03-13;2016+ : 50 boules / 12 etoiles;MARDI;11;9;13;33;49;12;6;1;3;6;32;821;2537;1168;30904;91082;16318;415404;1173870;82028;61521581.0;304873.8;35504.3;3256.1;135.3;34.6;132.8;13.8;8.8;24.8;8.2;3.5;13.9;False;2018021;euromillions_4.csv
2018-03-16;2016+ : 50 boules / 12 etoiles;VENDREDI;31;4;27;24;17;11;10;0;3;8;36;868;3011;1318;34411;110927;18824;451314;1398493;96201;0.0;357906.8;31260.2;3397.8;150.3;34.3;138.1;14.6;8.5;25.2;8.9;3.5;13.9;False;2018022;euromillions_4.csv
2018-03-20;2016+ : 50 boules / 12 etoiles;MARDI;44;39;29;26;37;9;11;0;2;2;21;472;1115;1089;22841;51922;14333;324786;742868;75884;0.0;385608.5;89812.6;4183.8;198.5;66.5;120.1;15.8;13.1;23.8;8.9;4.7;12.7;False;2018023;euromillions_4.csv
2018-03-23;2016+ : 50 boules / 12 etoiles;VENDREDI;46;5;50;7;11;11;8;0;4;1;26;782;1824;1537;37125;89006;21909;518659;1263442;113358;0.0;274834.0;256047.9;4816.9;170.8;57.9;121.3;13.8;10.9;22.2;7.9;4.0;12.1;False;2018024;euromillions_4.csv
2018-03-27;2016+ : 50 boules / 12 etoiles;MARDI;46;40;20;23;17;9;10;0;0;7;13;531;1160;956;23981;55828;14104;367137;852071;73908;0.0;0.0;142841.9;7107.1;185.5;67.2;143.8;15.8;12.8;25.4;8.3;4.3;13.7;False;2018025;euromillions_4.csv
2018-03-30;2016+ : 50 boules / 12 etoiles;VENDREDI;35;47;28;17;12;7;11;0;4;11;55;870;1923;1776;39337;83813;25476;559458;1204806;129691;0.0;282848.6;23955.8;2343.5;158.0;56.6;108.0;13.4;11.9;19.6;7.6;4.3;10.9;False;2018026;euromillions_4.csv
2018-04-03;2016+ : 50 boules / 12 etoiles;MARDI;43;3;40;16;8;8;5;0;5;3;42;654;1174;1915;29617;54389;28448;416552;805870;151144;0.0;164985.3;64044.9;2237.5;153.2;67.5;73.0;13.0;13.4;12.8;7.4;4.7;6.8;False;2018027;euromillions_4.csv
2018-04-06;2016+ : 50 boules / 12 etoiles;VENDREDI;45;47;29;33;1;4;8;1;2;7;35;708;1464;1848;32928;73462;28515;516669;1139793;168281;76119641.0;614190.8;40872.0;3998.3;210.8;80.7;112.7;17.4;14.8;19.0;8.9;4.9;9.1;False;2018028;euromillions_4.csv
2018-04-10;2016+ : 50 boules / 12 etoiles;MARDI;48;14;39;46;27;11;12;1;2;7;14;424;1321;717;17965;52314;11155;250305;759494;56549;17000000.0;371546.9;24725.0;6046.8;212.9;54.1;175.7;19.3;12.5;29.5;11.1;4.5;16.4;False;2018029;euromillions_4.csv
2018-04-13;2016+ : 50 boules / 12 etoiles;VENDREDI;48;50;34;25;5;7;6;0;8;8;39;934;1766;1899;41044;84787;29175;633647;1284361;164842;0.0;170553.8;39723.9;3985.6;177.5;74.3;121.8;15.5;14.2;20.7;8.0;4.9;10.3;False;2018030;euromillions_4.csv
2018-04-17;2016+ : 50 boules / 12 etoiles;MARDI;39;15;33;27;50;6;4;0;1;3;34;559;1366;1438;24005;55641;20248;355112;802553;110890;0.0;797614.7;61924.5;2672.5;173.3;56.1;94.0;15.5;12.7;17.4;8.4;4.5;9.0;False;2018031;euromillions_4.csv
2018-04-20;2016+ : 50 boules / 12 etoiles;VENDREDI;44;39;3;25;16;11;7;0;3;18;62;1482;3326;3054;61778;138348;43327;904841;2000295;232051;0.0;653161.7;25354.8;3600.5;160.6;56.6;108.8;14.8;12.5;20.0;8.1;4.5;10.5;False;2018032;euromillions_4.csv
2018-04-24;2016+ : 50 boules / 12 etoiles;MARDI;28;44;30;23;20;3;7;1;4;12;57;978;2081;3130;45687;93649;47549;663949;1328641;253163;138724202.0;319079.5;24772.4;2550.9;158.5;59.0;69.1;13.0;12.0;11.8;7.2;4.4;6.3;False;2018033;euromillions_4.csv
2018-04-27;2016+ : 50 boules / 12 etoiles;VENDREDI;24;40;12;41;46;5;12;0;3;6;23;559;1347;1088;27557;65598;17138;425397;1025311;92081;0.0;359513.2;41867.3;5342.2;234.4;77.0;168.1;18.3;14.5;27.8;9.5;4.8;14.6;False;2018034;euromillions_4.csv
2018-05-01;2016+ : 50 boules / 12 etoiles;MARDI;48;42;15;17;6;4;6;0;2;4;26;440;1019;1256;22676;47577;19621;336895;726765;104981;0.0;353322.1;41146.3;3096.2;195.1;66.7;95.4;14.5;13.1;15.9;7.8;4.4;8.4;False;2018035;euromillions_4.csv
2018-05-04;2016+ : 50 boules / 12 etoiles;VENDREDI;23;6;12;45;39;12;9;0;5;12;22;857;2171;1238;34480;90663;17430;485411;1263411;90023;0.0;223411.3;21681.2;5784.5;158.3;49.4;153.0;15.1;10.9;28.3;8.6;4.0;15.5;False;2018036;euromillions_4.csv
2018-05-08;2016+ : 50 boules / 12 etoiles;MARDI;17;35;25;39;44;5;2;1;1;7;25;592;1270;1541;27328;55653;22688;391445;771586;121697;45566998.0;788327.8;26230.0;3592.3;161.8;59.7;86.7;13.5;12.5;15.3;7.5;4.7;8.1;False;2018037;euromillions_4.csv
2018-05-11;2016+ : 50 boules / 12 etoiles;VENDREDI;22;34;3;50;49;11;8;0;4;5;37;669;1531;1328;29473;67842;18928;425330;992779;101366;0.0;249726.2;46531.2;3075.6;181.4;62.7;127.5;15.8;13.0;23.3;8.8;4.6;12.3;False;2018038;euromillions_4.csv
2018-05-15;2016+ : 50 boules / 12 etoiles;MARDI;20;16;4;31;39;2;12;0;0;10;19;532;1338;803;20991;56334;11355;300911;798453;58948;0.0;0.0;91832.7;4466.0;170.1;53.5;157.3;16.6;11.7;29.0;9.3;4.3;15.8;False;2018039;euromillions_4.csv
2018-05-18;2016+ : 50 boules / 12 etoiles;VENDREDI;8;31;5;10;13;6;3;0;6;15;97;1539;3099;3001;52400;106432;35599;626624;1267116;165889;0.0;175512.3;16351.5;1236.8;83.1;32.6;59.5;9.4;8.7;13.1;6.3;3.8;7.9;False;2018040;euromillions_4.csv
2018-05-22;2016+ : 50 boules / 12 etoiles;MARDI;48;11;1;37;41;8;12;0;0;3;13;366;908;717;17848;47909;10776;276427;732470;58842;0.0;0.0;308470.6;6577.7;249.2;79.5;177.5;19.6;13.8;30.8;10.2;4.7;15.9;False;2018041;euromillions_4.csv
2018-05-25;2016+ : 50 boules / 12 etoiles;VENDREDI;13;16;15;41;28;4;5;0;2;12;47;869;1701;1992;42040;79525;27402;604725;1146351;138770;0.0;560877.5;21772.4;2719.0;156.8;63.4;95.5;12.4;12.4;18.1;6.9;4.5;10.1;False;2018042;euromillions_4.csv
2018-05-29;2016+ : 50 boules / 12 etoiles;MARDI;20;43;6;38;11;4;2;0;5;9;22;565;1168;1269;26322;54538;19354;387481;823102;104785;0.0;164503.7;21286.0;4259.3;176.9;67.7;109.9;14.6;13.3;18.8;7.9;4.6;9.8;False;2018043;euromillions_4.csv
2018-06-01;2016+ : 50 boules / 12 etoiles;VENDREDI;29;17;40;24;18;4;5;2;0;8;39;866;1723;1966;42801;83791;28380;636537;1245568;147619;37145179.0;0.0;183844.5;3484.6;167.3;66.6;102.9;13.0;12.6;18.6;7.0;4.4;10.1;False;2018044;euromillions_4.csv
2018-06-05;2016+ : 50 boules / 12 etoiles;MARDI;39;46;9;22;15;5;4;1;2;6;30;614;1173;1098;24743;47906;16388;362325;705841;91180;17000000.0;360735.7;28006.4;2739.7;142.7;59.1;111.4;13.6;13.3;19.5;7.4;4.7;9.9;False;2018045;euromillions_4.csv
2018-06-08;2016+ : 50 boules / 12 etoiles;VENDREDI;43;46;8;32;19;8;2;1;2;9;61;718;1602;2226;31567;66991;31520;469714;979042;175269;17000000.0;520450.0;26937.4;1943.9;176.1;62.5;79.3;15.4;13.7;14.6;8.3;4.9;7.4;False;2018046;euromillions_4.csv
2018-06-12;2016+ : 50 boules / 12 etoiles;MARDI;36;38;23;21;7;6;8;0;5;5;40;571;1374;1387;26488;60413;19025;366496;799959;96830;0.0;142783.8;33255.9;2033.3;151.9;49.9;87.3;12.6;10.4;16.6;7.3;4.1;9.2;False;2018047;euromillions_4.csv
2018-06-15;2016+ : 50 boules / 12 etoiles;VENDREDI;26;23;49;33;38;1;12;0;3;3;24;581;1542;1188;24925;75404;16457;368104;1112523;88960;0.0;337478.9;78602.6;4805.8;211.7;63.1;144.5;19.0;11.8;27.2;10.3;4.2;14.2;False;2018048;euromillions_4.csv
2018-06-19;2016+ : 50 boules / 12 etoiles;MARDI;26;7;19;50;42;9;4;1;3;7;37;630;1502;1651;25959;58225;22199;370530;809048;116754;36158964.0;246455.5;24600.9;2276.5;142.6;47.3;75.9;13.3;11.2;14.7;7.5;4.2;7.9;False;2018049;euromillions_4.csv
2018-06-22;2016+ : 50 boules / 12 etoiles;VENDREDI;44;39;41;14;25;8;2;0;2;1;42;590;1409;1910;28705;62370;27282;419424;900741;155713;0.0;474167.8;220878.1;2572.3;195.3;64.7;84.2;15.4;13.4;15.4;8.5;4.8;7.6;False;2018050;euromillions_4.csv
2018-06-26;2016+ : 50 boules / 12 etoiles;MARDI;20;34;16;15;50;7;4;0;0;2;19;383;893;1168;20424;43238;18939;327131;668626;110788;0.0;0.0;431632.7;4198.3;222.1;75.4;101.6;16.0;14.3;16.3;8.0;4.8;7.9;False;2018051;euromillions_4.csv
2018-06-29;2016+ : 50 boules / 12 etoiles;VENDREDI;15;21;40;23;48;3;12;0;1;10;23;592;1607;1026;28679;73315;15330;427917;1087939;81888;0.0;1015108.3;23643.0;5028.0;208.3;60.7;167.8;16.5;12.2;29.3;8.9;4.3;15.5;False;2018052;euromillions_4.csv
2018-07-03;2016+ : 50 boules / 12 etoiles;MARDI;15;29;12;48;1;5;3;0;3;4;45;641;1334;1768;28960;55949;25492;410279;782597;133723;0.0;257596.0;44997.7;1956.4;146.5;55.7;74.1;12.4;12.2;13.4;7.0;4.5;7.2;False;2018053;euromillions_4.csv
2018-07-06;2016+ : 50 boules / 12 etoiles;VENDREDI;30;8;48;33;38;10;2;0;2;5;40;693;1507;1463;30869;74041;21135;452469;1087038;116181;0.0;549967.9;51237.5;3132.7;192.8;70.2;127.5;16.6;13.1;23.0;9.1;4.6;11.8;False;2018054;euromillions_4.csv
2018-07-10;2016+ : 50 boules / 12 etoiles;MARDI;3;33;26;8;45;10;7;1;1;3;20;622;1444;1218;27562;62996;17955;401436;910841;95468;65538512.0;850110.8;66000.1;4842.4;166.0;56.6;118.3;14.4;11.9;20.9;7.9;4.3;11.1;False;2018055;euromillions_4.csv
2018-07-13;2016+ : 50 boules / 12 etoiles;VENDREDI;49;14;4;1;21;2;12;1;2;5;30;898;2380;1409;37456;101708;20614;533918;1413912;108026;17000000.0;623200.7;58060.2;4733.1;168.6;50.3;150.0;15.5;10.8;26.7;8.7;4.0;14.4;False;2018056;euromillions_4.csv
2018-07-17;2016+ : 50 boules / 12 etoiles;MARDI;4;50;6;27;48;1;11;0;2;5;28;456;1009;999;19831;48717;14088;290388;751084;73899;0.0;346204.4;32253.9;2817.2;184.5;66.0;117.5;16.3;12.5;21.7;8.9;4.2;11.7;False;2018057;euromillions_4.csv
2018-07-20;2016+ : 50 boules / 12 etoiles;VENDREDI;15;2;43;40;46;3;6;0;2;3;23;505;1169;1389;25594;55549;22700;411723;869397;139000;0.0;498973.9;77477.8;4943.0;240.1;82.1;121.8;18.2;15.9;19.4;9.1;5.3;8.9;False;2018058;euromillions_4.csv
2018-07-24;2016+ : 50 boules / 12 etoiles;MARDI;40;23;2;4;39;3;9;0;2;5;37;477;1003;1403;22570;47661;21546;354748;736430;120858;0.0;369363.4;34411.5;2274.5;188.1;70.8;89.3;15.3;13.7;15.1;7.8;4.6;7.6;False;2018059;euromillions_4.csv
2018-07-27;2016+ : 50 boules / 12 etoiles;VENDREDI;17;23;11;22;41;11;6;0;2;11;33;821;2151;1714;37344;92897;23791;516868;1282773;118555;0.0;532267.8;22540.2;3675.0;157.5;47.6;105.3;13.3;10.1;19.8;7.7;3.8;11.2;False;2018060;euromillions_4.csv
2018-07-31;2016+ : 50 boules / 12 etoiles;MARDI;25;34;20;42;45;6;11;0;3;2;19;484;1057;1102;21630;52120;16092;332174;802836;87563;0.0;278540.0;97312.7;5010.3;209.8;76.0;128.6;18.0;14.2;23.0;9.4;4.8;11.9;False;2018061;euromillions_4.csv
2018-08-03;2016+ : 50 boules / 12 etoiles;VENDREDI;26;38;36;43;7;12;6;0;1;9;40;674;1727;1316;30228;79901;19562;447263;1196031;104053;0.0;1151574.5;29801.6;3279.8;207.6;64.1;148.4;17.8;12.7;26.0;9.6;4.4;13.8;False;2018062;euromillions_4.csv
2018-08-07;2016+ : 50 boules / 12 etoiles;MARDI;30;29;28;36;16;10;8;0;4;7;24;520;1208;1188;25528;60531;17843;385045;908366;94854;0.0;223461.4;29740.9;4242.9;208.8;71.1;127.6;16.3;13.0;22.1;8.7;4.5;11.8;False;2018063;euromillions_4.csv
2018-08-10;2016+ : 50 boules / 12 etoiles;VENDREDI;43;44;20;18;36;9;3;0;8;4;33;702;1537;1972;34730;73897;34275;545017;1135029;192343;0.0;152738.0;71148.8;4218.3;211.5;76.4;105.1;16.4;14.6;15.7;8.4;4.9;7.9;False;2018064;euromillions_4.csv
2018-08-14;2016+ : 50 boules / 12 etoiles;MARDI;31;1;15;25;18;9;11;0;2;10;35;767;2154;1490;33822;83888;19855;468648;1136229;106042;0.0;508724.1;23697.5;3311.7;161.1;45.4;115.8;14.0;10.7;22.7;8.1;4.1;12.0;False;2018065;euromillions_4.csv
2018-08-17;2016+ : 50 boules / 12 etoiles;VENDREDI;18;24;2;43;15;8;12;0;2;9;37;899;2270;1509;39024;102396;22340;567326;1471600;116950;0.0;666375.9;34490.3;4103.5;180.1;56.4;149.8;15.9;11.5;26.4;8.8;4.1;14.2;False;2018066;euromillions_4.csv
2018-08-21;2016+ : 50 boules / 12 etoiles;MARDI;43;16;49;23;42;12;10;1;6;5;16;539;1719;1262;28354;79546;18482;422529;1223764;99132;107839228.0;193673.8;54130.6;8274.0;261.9;65.0;156.1;19.1;12.9;27.8;10.3;4.3;14.6;False;2018067;euromillions_4.csv
2018-08-24;2016+ : 50 boules / 12 etoiles;VENDREDI;31;36;50;14;3;12;1;0;4;5;21;502;1432;1157;24235;67242;17460;367385;1050501;91952;0.0;250749.9;46722.0;5441.2;242.7;67.3;147.0;19.3;13.2;25.4;10.2;4.4;13.6;False;2018068;euromillions_4.csv
2018-08-28;2016+ : 50 boules / 12 etoiles;MARDI;42;46;4;16;32;12;8;0;5;7;16;471;1100;795;19764;48400;10991;280049;713072;59837;0.0;146872.5;24434.4;5228.8;189.4;64.2;156.6;17.4;13.4;29.6;9.8;4.7;15.3;False;2018069;euromillions_4.csv
2018-08-31;2016+ : 50 boules / 12 etoiles;VENDREDI;4;42;30;38;31;4;6;0;4;35;32;545;1228;1754;29770;63493;27721;463635;992574;153968;0.0;262978.4;7000.0;3744.9;234.5;82.4;101.7;16.5;14.6;16.8;8.5;4.8;8.5;False;2018070;euromillions_4.csv
2018-09-04;2016+ : 50 boules / 12 etoiles;MARDI;47;5;28;30;14;11;4;1;1;9;28;575;1477;1122;25731;62532;16007;364313;900468;83809;45447459.0;814822.1;21086.8;3315.2;172.2;53.0;123.1;14.8;11.5;22.5;8.4;4.1;12.1;False;2018071;euromillions_4.csv
2018-09-07;2016+ : 50 boules / 12 etoiles;VENDREDI;50;31;27;4;23;1;8;0;4;9;31;798;1716;1651;38761;78973;23071;485422;1091396;119491;0.0;248009.9;25673.0;3645.7;151.0;55.6;101.9;11.9;11.1;19.0;7.6;4.1;10.4;False;2018072;euromillions_4.csv
2018-09-11;2016+ : 50 boules / 12 etoiles;MARDI;32;18;9;38;46;2;3;0;4;4;19;545;1107;983;24135;48166;14673;351074;702612;81349;0.0;185498.0;43204.6;4448.9;165.4;64.4;128.0;14.3;13.6;22.4;7.9;4.8;11.4;False;2018073;euromillions_4.csv
2018-09-14;2016+ : 50 boules / 12 etoiles;VENDREDI;45;40;33;1;3;4;3;0;1;11;29;638;1354;1386;32430;64084;21499;506679;1006517;120195;0.0;1067133.3;22595.2;4192.1;203.2;75.8;130.5;15.4;14.7;21.9;7.9;4.8;11.1;False;2018074;euromillions_4.csv
2018-09-18;2016+ : 50 boules / 12 etoiles;MARDI;10;32;45;8;3;4;12;0;4;2;18;530;1300;956;22813;64514;13133;339612;941811;69639;0.0;204869.9;95433.1;5186.5;187.8;60.6;145.3;16.8;11.2;27.6;9.0;4.0;14.7;False;2018075;euromillions_4.csv
2018-09-21;2016+ : 50 boules / 12 etoiles;VENDREDI;5;7;37;25;21;3;4;0;7;21;113;2127;4472;3640;86771;179843;49277;1163577;2399057;240699;0.0;297831.3;23122.7;2101.8;119.1;44.8;97.1;11.2;10.2;18.7;6.7;4.0;10.8;False;2018076;euromillions_4.csv
2018-09-25;2016+ : 50 boules / 12 etoiles;MARDI;38;6;20;30;15;4;7;0;2;9;55;1074;2210;2897;48838;101071;39010;676099;1403251;204728;0.0;678240.5;35104.4;2809.7;153.4;59.0;79.4;13.0;11.8;15.4;7.5;4.4;8.3;False;2018077;euromillions_4.csv
2018-09-28;2016+ : 50 boules / 12 etoiles;VENDREDI;4;8;50;2;27;2;9;0;5;6;74;1699;3238;3631;71617;142427;52206;964818;1974317;262899;0.0;368793.1;71580.1;2838.8;131.8;54.7;86.1;12.0;11.4;15.6;7.1;4.3;8.7;False;2018078;euromillions_4.csv
2018-10-02;2016+ : 50 boules / 12 etoiles;MARDI;45;29;37;7;17;11;3;1;17;30;67;1786;3920;2737;60548;136208;34237;758397;1692420;170803;162403002.0;90587.7;11956.0;2618.5;104.7;37.7;95.4;11.9;10.0;19.9;7.6;4.2;11.2;False;2018079;euromillions_4.csv
2018-10-05;2016+ : 50 boules / 12 etoiles;VENDREDI;16;8;26;35;24;11;3;1;7;11;32;980;2481;1588;37906;91879;21245;501210;1189395;112999;17000000.0;156384.6;23178.7;3897.2;135.7;42.4;116.9;13.5;10.5;22.8;8.2;4.2;12.1;False;2018080;euromillions_4.csv
2018-10-09;2016+ : 50 boules / 12 etoiles;MARDI;3;45;44;12;36;11;8;0;2;3;16;463;1070;887;21500;51149;13846;324411;777337;76417;0.0;378735.4;58807.8;5393.3;198.8;68.1;144.8;16.5;13.1;24.2;8.7;4.5;12.4;False;2018081;euromillions_4.csv
2018-10-12;2016+ : 50 boules / 12 etoiles;VENDREDI;31;4;12;43;9;8;5;0;5;7;61;868;1937;2667;38623;82644;36992;552096;1131340;191325;0.0;210510.9;35021.7;1965.7;147.3;52.2;66.9;12.7;11.2;12.6;7.1;4.2;6.8;False;2018082;euromillions_4.csv
2018-10-16;2016+ : 50 boules / 12 etoiles;MARDI;15;28;42;37;40;1;6;0;4;6;30;514;1271;1120;22455;53476;16422;327795;765721;91279;0.0;197241.7;30626.5;2996.0;186.5;59.7;119.4;16.4;13.0;21.2;9.0;4.7;10.8;False;2018083;euromillions_4.csv
2018-10-19;2016+ : 50 boules / 12 etoiles;VENDREDI;1;3;47;29;48;12;3;0;0;2;38;569;1489;1174;29325;68260;17937;468942;1114658;96546;0.0;0.0;692976.8;3370.1;240.0;72.6;162.4;17.9;14.5;27.7;9.0;4.6;14.5;False;2018084;euromillions_4.csv
2018-10-23;2016+ : 50 boules / 12 etoiles;MARDI;32;2;1;5;21;12;2;0;1;5;16;555;1360;990;29372;69216;15271;391415;975321;75895;0.0;867769.1;40422.6;6178.7;190.0;61.3;148.6;13.8;11.1;25.1;8.3;4.1;14.3;False;2018085;euromillions_4.csv
2018-10-26;2016+ : 50 boules / 12 etoiles;VENDREDI;5;31;18;21;35;6;9;0;14;11;44;1026;2213;2278;42133;92371;32558;597316;1290913;169611;0.0;86769.5;25721.3;3145.2;143.8;52.8;90.4;13.5;11.6;16.5;7.6;4.3;8.9;False;2018086;euromillions_4.csv
2018-10-30;2016+ : 50 boules / 12 etoiles;MARDI;44;27;23;17;43;1;12;0;4;10;31;592;2228;1167;26413;92084;16405;373525;1173434;86845;0.0;233212.4;21727.1;3428.1;191.4;40.2;135.5;16.5;8.9;25.1;9.3;3.6;13.4;False;2018087;euromillions_4.csv
2018-11-02;2016+ : 50 boules / 12 etoiles;VENDREDI;15;37;5;17;44;11;7;1;2;13;49;1055;2164;2091;45644;96543;29872;627533;1369528;146471;87021202.0;616939.4;22106.4;2868.7;142.1;54.8;100.0;12.6;11.3;18.2;7.3;4.1;10.5;False;2018088;euromillions_4.csv
2018-11-06;2016+ : 50 boules / 12 etoiles;MARDI;14;36;24;43;40;2;9;0;1;3;27;499;1043;1235;21953;47284;17819;333416;710321;103191;0.0;785872.5;61012.8;3315.9;191.3;72.4;107.9;16.7;14.7;19.5;8.8;5.1;9.5;False;2018089;euromillions_4.csv
2018-11-09;2016+ : 50 boules / 12 etoiles;VENDREDI;49;17;37;32;14;11;12;0;4;8;33;712;1795;1155;28929;83543;17726;413892;1239823;92973;0.0;283167.5;32976.4;3910.2;193.3;60.7;166.3;18.3;12.0;28.3;10.2;4.2;15.2;False;2018090;euromillions_4.csv
2018-11-13;2016+ : 50 boules / 12 etoiles;MARDI;10;7;13;2;42;6;3;0;3;6;49;822;1758;1890;35910;74472;26035;465333;959399;124043;0.0;265931.3;30969.2;1854.8;117.9;43.6;71.5;10.4;9.4;13.5;6.4;3.8;8.0;False;2018091;euromillions_4.csv
2018-11-16;2016+ : 50 boules / 12 etoiles;VENDREDI;9;10;28;41;13;12;1;1;5;5;25;646;2124;1378;33081;100139;20500;463035;1410948;105840;50340148.0;223599.6;52078.9;5094.6;210.3;50.6;137.6;15.8;9.8;24.1;9.0;3.6;13.2;False;2018092;euromillions_4.csv
2018-11-20;2016+ : 50 boules / 12 etoiles;MARDI;6;48;19;45;39;7;12;0;2;2;14;449;1103;810;19323;48162;11124;286781;710398;59057;0.0;353795.5;82403.0;5757.9;191.5;61.7;148.1;17.1;13.0;28.1;9.2;4.6;15.0;False;2018093;euromillions_4.csv
2018-11-23;2016+ : 50 boules / 12 etoiles;VENDREDI;25;30;5;26;8;3;10;0;5;10;45;1024;2257;1768;39348;93177;23284;515238;1202910;115235;0.0;202600.4;23593.9;2564.5;120.2;43.1;97.1;12.0;9.6;19.2;7.3;3.8;11.0;False;2018094;euromillions_4.csv
2018-11-27;2016+ : 50 boules / 12 etoiles;MARDI;17;16;4;32;18;11;2;0;2;5;25;579;1279;1178;25369;60887;16746;368176;873538;87358;0.0;386424.0;36001.0;3521.8;162.2;58.1;111.2;14.2;11.2;20.4;7.8;4.0;11.0;False;2018095;euromillions_4.csv
2018-11-30;2016+ : 50 boules / 12 etoiles;VENDREDI;3;10;26;23;12;12;1;0;9;26;39;1103;3828;1744;40250;133500;22820;502706;1567754;112144;0.0;125154.2;10090.3;3290.3;124.0;28.3;109.5;13.1;7.4;21.8;8.4;3.3;12.5;False;2018096;euromillions_4.csv
2018-12-04;2016+ : 50 boules / 12 etoiles;MARDI;21;19;45;20;42;8;9;0;1;4;18;527;1006;1133;25319;51597;17133;402988;812784;94158;0.0;840782.9;48956.9;5321.4;193.8;80.4;125.8;15.5;14.4;21.7;7.8;4.7;11.1;False;2018097;euromillions_4.csv
2018-12-07;2016+ : 50 boules / 12 etoiles;VENDREDI;17;11;37;48;26;1;10;0;4;19;33;756;1989;1439;33768;91970;20297;486625;1329305;108637;0.0;293511.3;14392.0;4053.0;188.7;56.7;138.3;16.2;11.3;25.6;9.0;4.0;13.5;False;2018098;euromillions_4.csv
2018-12-11;2016+ : 50 boules / 12 etoiles;MARDI;4;13;7;42;23;1;3;0;5;10;58;1149;2558;2165;43815;92746;26898;533913;1123773;114980;0.0;180282.7;20994.9;1770.5;95.3;33.9;70.6;9.6;8.6;14.8;6.3;3.7;9.8;False;2018099;euromillions_4.csv
2018-12-14;2016+ : 50 boules / 12 etoiles;VENDREDI;29;12;38;44;42;12;2;0;5;11;31;805;2218;1511;36200;92368;21581;515756;1320327;111099;0.0;247404.1;26192.3;4546.0;186.7;53.6;138.8;16.0;11.8;25.3;9.0;4.3;13.9;False;2018100;euromillions_4.csv
2018-12-18;2016+ : 50 boules / 12 etoiles;MARDI;1;18;39;48;9;7;5;0;3;5;55;707;1616;2066;33570;68896;32382;507054;996849;176166;0.0;333781.2;46644.8;2074.1;172.1;59.6;82.2;13.9;12.8;13.6;7.4;4.6;7.1;False;2018101;euromillions_4.csv
2018-12-21;2016+ : 50 boules / 12 etoiles;VENDREDI;12;2;34;50;15;4;3;0;3;11;58;1193;2211;2134;50115;103216;32528;733523;1502622;173934;0.0;489376.4;31085.8;2883.7;149.5;63.8;116.6;13.7;12.6;19.9;7.5;4.5;10.5;False;2018102;euromillions_4.csv
2018-12-25;2016+ : 50 boules / 12 etoiles;MARDI;8;4;43;31;5;9;2;0;4;5;35;699;1637;2026;36462;80087;29011;538548;1152646;152071;0.0;270734.2;50445.6;3524.9;188.2;63.6;90.6;13.9;11.9;16.5;7.5;4.3;8.9;False;2018103;euromillions_4.csv
2018-12-28;2016+ : 50 boules / 12 etoiles;VENDREDI;34;16;35;45;13;10;12;0;3;15;38;823;2161;1676;37344;105191;24682;558591;1637549;133842;0.0;515846.0;24029.2;4639.5;228.4;68.8;156.6;19.4;13.0;27.7;10.4;4.3;14.4;False;2018104;euromillions_4.csv
2019-01-01;2016+ : 50 boules / 12 etoiles;MARDI;11;25;8;28;1;4;6;1;11;12;86;1392;3368;3126;54281;125298;39603;708609;1590576;191321;129645665.0;123450.2;26356.8;1798.8;118.5;38.7;73.6;11.7;9.6;15.1;7.2;3.9;8.8;False;2019001;euromillions_4.csv
2019-01-04;2016+ : 50 boules / 12 etoiles;VENDREDI;19;7;11;37;27;10;6;0;7;11;51;1089;3449;1827;42784;125591;22302;513443;1374467;107912;0.0;147922.9;21924.5;2313.0;115.5;28.8;96.1;11.3;7.3;20.5;7.5;3.4;12.0;False;2019002;euromillions_4.csv
2019-01-08;2016+ : 50 boules / 12 etoiles;MARDI;19;32;31;3;22;2;11;0;1;7;36;507;1268;1179;25195;60461;17350;373888;896459;91554;0.0;806956.7;26849.9;2553.6;193.4;61.2;116.0;15.0;11.8;20.6;8.1;4.1;11.0;False;2019003;euromillions_4.csv
2019-01-11;2016+ : 50 boules / 12 etoiles;VENDREDI;19;48;31;39;1;6;1;0;3;6;48;717;1639;1646;32537;72386;25204;492435;1089811;134188;0.0;372299.6;43356.4;2650.8;189.2;65.5;115.0;16.0;13.6;19.6;8.5;4.7;10.4;False;2019004;euromillions_4.csv
2019-01-15;2016+ : 50 boules / 12 etoiles;MARDI;33;22;35;25;29;3;6;0;4;3;28;553;1114;1572;26806;55213;23431;410680;852126;125634;0.0;214767.8;66695.8;3495.3;188.7;74.1;92.6;15.0;13.7;16.2;7.8;4.6;8.5;False;2019005;euromillions_4.csv
2019-01-18;2016+ : 50 boules / 12 etoiles;VENDREDI;5;16;46;6;30;5;10;0;2;6;46;795;1749;1785;38291;85058;25835;543230;1213507;137118;0.0;586491.4;45533.5;2905.0;179.2;64.5;111.4;14.3;12.2;20.1;8.1;4.4;10.7;False;2019006;euromillions_4.csv
2019-01-22;2016+ : 50 boules / 12 etoiles;MARDI;29;49;41;9;23;8;10;0;1;7;30;579;1401;1170;27910;68429;17404;401465;973928;93101;0.0;913606.8;30398.4;3469.3;191.7;62.7;132.4;15.3;11.8;23.2;8.5;4.3;12.2;False;2019007;euromillions_4.csv
2019-01-25;2016+ : 50 boules / 12 etoiles;VENDREDI;15;16;13;6;1;6;10;0;6;8;46;1197;2665;2075;46896;108775;27221;610670;1485276;138025;0.0;208309.1;36388.1;3095.4;126.8;45.1;102.1;12.4;10.1;20.3;7.6;3.8;11.3;False;2019008;euromillions_4.csv
2019-01-29;2016+ : 50 boules / 12 etoiles;MARDI;39;14;24;32;26;8;3;0;5;11;43;789;1626;1971;34272;70957;28420;483657;1004860;148184;0.0;200314.9;21207.1;2653.5;154.2;59.2;86.1;13.6;12.5;15.6;7.7;4.6;8.4;False;2019009;euromillions_4.csv
2019-02-01;2016+ : 50 boules / 12 etoiles;VENDREDI;3;41;26;46;21;6;1;0;4;17;57;1228;2804;2774;56115;128885;43031;874000;1999634;238140;0.0;508163.8;27848.7;4062.6;201.1;69.7;124.2;16.9;13.9;20.9;8.7;4.6;10.6;False;2019010;euromillions_4.csv
2019-02-05;2016+ : 50 boules / 12 etoiles;MARDI;31;43;14;25;37;2;3;0;2;18;48;1074;2145;1767;42581;87162;26440;635051;1283158;149117;0.0;677562.1;17534.6;3216.2;153.3;60.7;130.0;14.9;13.7;22.7;8.0;4.8;11.3;False;2019011;euromillions_4.csv
2019-02-08;2016+ : 50 boules / 12 etoiles;VENDREDI;46;12;13;39;11;7;10;0;7;8;44;1093;2470;2419;54135;120437;38009;847307;1895732;211019;0.0;257998.6;52579.4;4676.0;200.7;70.3;126.6;15.6;13.2;21.0;8.0;4.4;10.7;False;2019012;euromillions_4.csv
2019-02-12;2016+ : 50 boules / 12 etoiles;MARDI;34;36;50;41;6;1;5;0;5;7;41;785;1684;1871;38235;84033;29044;591909;1308536;169842;0.0;293220.9;48781.7;4073.7;226.9;83.7;132.9;17.9;15.4;22.3;9.3;5.1;10.8;False;2019013;euromillions_4.csv
2019-02-15;2016+ : 50 boules / 12 etoiles;VENDREDI;49;38;27;34;15;2;10;0;6;18;67;1313;3104;2791;56613;136044;37977;811672;1946221;203919;0.0;316859.9;24600.0;3232.6;175.9;58.9;115.5;15.7;12.3;22.1;8.8;4.5;11.6;False;2019014;euromillions_4.csv
2019-02-19;2016+ : 50 boules / 12 etoiles;MARDI;19;8;18;1;39;9;7;1;5;9;77;1329;2815;3192;60643;123321;46068;845449;1706345;234752;175475380.0;317492.6;41082.0;2348.7;145.1;54.2;84.3;12.2;11.4;15.2;7.0;4.2;8.4;False;2019015;euromillions_4.csv
2019-02-22;2016+ : 50 boules / 12 etoiles;VENDREDI;50;33;29;3;27;7;3;0;3;7;65;772;1441;3488;38771;73176;50885;578383;1089961;245895;0.0;366124.7;36546.2;1925.0;172.8;73.3;53.4;13.2;13.3;9.5;7.1;4.6;5.5;False;2019016;euromillions_4.csv
2019-02-26;2016+ : 50 boules / 12 etoiles;MARDI;29;47;15;3;35;4;3;0;2;7;33;661;1318;1223;28040;53803;17023;405240;786748;94268;0.0;405947.3;27014.2;2802.8;149.2;59.2;112.6;13.5;13.3;21.1;7.5;4.7;10.7;False;2019017;euromillions_4.csv
2019-03-01;2016+ : 50 boules / 12 etoiles;VENDREDI;9;19;26;31;6;12;11;0;4;16;40;1042;3712;1576;40147;138454;23519;544016;1744195;122104;0.0;339641.4;19776.5;3869.3;158.4;35.2;146.2;15.8;8.6;25.5;9.3;3.5;13.9;False;2019018;euromillions_201902.csv
2019-03-05;2016+ : 50 boules / 12 etoiles;MARDI;16;10;46;39;6;8;11;0;0;4;22;499;1345;1038;25029;62368;16484;374161;899304;89499;0.0;0.0;272164.5;4572.4;215.0;63.1;144.2;16.5;12.5;23.7;8.8;4.5;12.3;False;2019019;euromillions_201902.csv
2019-03-08;2016+ : 50 boules / 12 etoiles;VENDREDI;40;17;24;19;18;8;4;0;7;9;51;954;1920;2372;41771;89166;36124;620211;1336119;192017;0.0;176677.8;32005.7;2762.6;157.5;61.9;88.4;13.8;12.2;15.1;7.4;4.2;8.0;False;2019020;euromillions_201902.csv
2019-03-12;2016+ : 50 boules / 12 etoiles;MARDI;5;13;7;19;31;9;2;0;2;19;108;1766;3616;2736;51929;110625;31806;586981;1226756;141942;0.0;476757.7;11688.6;1005.8;65.6;25.3;59.1;8.5;7.6;13.2;6.1;3.5;8.4;False;2019021;euromillions_201902.csv
2019-03-15;2016+ : 50 boules / 12 etoiles;VENDREDI;46;24;42;15;3;12;9;1;6;17;31;839;2034;1465;38042;96195;21579;552873;1417294;113757;83410540.0;220944.3;18162.5;4871.7;192.0;62.7;153.4;16.3;12.2;27.2;9.0;4.3;14.6;False;2019022;euromillions_201902.csv
2019-03-19;2016+ : 50 boules / 12 etoiles;MARDI;9;6;1;47;34;12;7;0;1;3;16;445;1048;842;22274;55355;12395;324348;794043;65710;0.0;753943.4;58534.0;5368.2;205.8;69.2;151.8;15.8;12.0;26.9;8.7;4.3;14.3;False;2019023;euromillions_201902.csv
2019-03-22;2016+ : 50 boules / 12 etoiles;VENDREDI;17;43;26;4;30;11;6;0;7;13;44;901;2181;1725;34752;87132;22496;481970;1182929;115283;0.0;153077.4;19198.0;2774.4;144.5;47.2;105.3;14.4;10.8;21.1;8.3;4.1;11.6;False;2019024;euromillions_201902.csv
2019-03-26;2016+ : 50 boules / 12 etoiles;MARDI;47;43;19;23;12;2;6;0;7;6;25;659;1349;1701;28860;61183;23314;400920;863340;118249;0.0;114424.2;31092.4;3649.9;147.6;57.1;79.8;12.9;11.5;15.2;7.5;4.2;8.4;False;2019025;euromillions_201902.csv
2019-03-29;2016+ : 50 boules / 12 etoiles;VENDREDI;13;23;26;47;32;6;10;0;3;10;39;820;2029;1752;37264;90504;24324;512384;1269449;124003;0.0;379140.6;26491.8;3322.5;168.5;53.9;110.1;14.2;11.1;20.7;8.3;4.1;11.4;False;2019026;euromillions_201902.csv
2019-04-02;2016+ : 50 boules / 12 etoiles;MARDI;9;26;16;2;36;6;7;0;4;5;29;819;1594;1553;34213;63932;20369;453352;886549;107168;0.0;219096.7;40824.0;3442.8;130.0;52.8;95.7;11.9;12.1;19.0;7.2;4.5;10.2;False;2019027;euromillions_201902.csv
2019-04-05;2016+ : 50 boules / 12 etoiles;VENDREDI;7;45;10;1;29;5;3;0;3;5;73;1115;2287;2975;49723;96089;42731;679420;1306372;211470;0.0;406668.0;56830.5;1903.9;132.9;51.3;69.5;11.4;11.2;12.6;6.7;4.3;7.2;False;2019028;euromillions_201902.csv
2019-04-09;2016+ : 50 boules / 12 etoiles;MARDI;38;41;18;29;21;1;11;1;5;6;34;656;1624;1121;25337;66717;17697;373477;969367;92036;79149373.0;184420.7;35794.7;3089.6;170.8;54.6;139.5;17.0;12.2;23.0;9.2;4.3;12.5;False;2019029;euromillions_201902.csv
2019-04-12;2016+ : 50 boules / 12 etoiles;VENDREDI;46;28;1;35;36;6;9;0;4;3;23;503;1070;1239;24800;54645;22172;411031;876298;135186;0.0;255487.4;79341.2;5061.9;246.8;91.8;139.9;19.2;16.5;20.4;9.3;5.3;9.4;False;2019030;euromillions_201902.csv
2019-04-16;2016+ : 50 boules / 12 etoiles;MARDI;1;49;15;8;44;2;11;0;1;8;24;414;1154;1086;21786;53562;15688;334699;810561;82585;0.0;756203.4;22016.0;3589.5;221.9;63.0;118.1;16.2;12.5;21.3;8.4;4.3;11.4;False;2019031;euromillions_201902.csv
2019-04-19;2016+ : 50 boules / 12 etoiles;VENDREDI;32;49;8;7;41;11;5;0;0;3;27;583;1236;1267;27630;62283;20266;434540;982151;111831;0.0;0.0;407121.4;4179.8;206.4;77.1;132.6;16.7;14.0;21.6;8.5;4.6;11.1;False;2019032;euromillions_201902.csv
2019-04-23;2016+ : 50 boules / 12 etoiles;MARDI;23;44;18;27;42;7;2;1;3;5;38;580;1182;1864;28192;53531;25949;394701;772418;128211;44153561.0;245317.7;34282.3;2206.3;154.1;59.8;66.9;12.2;12.1;12.5;7.0;4.4;7.1;False;2019033;euromillions_201902.csv
2019-04-26;2016+ : 50 boules / 12 etoiles;VENDREDI;33;35;50;47;14;11;9;0;0;6;29;521;1277;1212;26054;58923;17295;392402;906394;93752;0.0;0.0;199617.2;3816.2;226.5;73.1;135.9;17.4;14.6;24.8;9.3;4.9;12.9;False;2019034;euromillions_201902.csv
2019-04-30;2016+ : 50 boules / 12 etoiles;MARDI;20;26;12;48;5;2;11;1;3;5;28;653;1650;1264;25907;65654;16198;357845;878520;84365;25326022.0;253763.7;35462.6;3097.4;141.6;44.3;102.1;13.7;10.2;20.8;7.9;4.0;11.3;False;2019035;euromillions_201902.csv
2019-05-03;2016+ : 50 boules / 12 etoiles;VENDREDI;2;20;27;43;9;5;6;0;4;7;32;798;1736;1533;35833;71945;22301;508803;1003636;115887;0.0;239796.9;31915.1;3414.8;146.0;53.1;106.1;12.5;11.8;19.0;7.0;4.4;10.3;False;2019036;euromillions_201902.csv
2019-05-07;2016+ : 50 boules / 12 etoiles;MARDI;32;20;47;7;26;2;11;1;3;9;26;484;1119;1162;21674;51594;16424;322911;775242;83651;25024461.0;244572.6;18987.9;3214.9;184.2;63.0;107.1;15.8;12.6;19.7;8.5;4.3;10.9;False;2019037;euromillions_201902.csv
2019-05-10;2016+ : 50 boules / 12 etoiles;VENDREDI;1;45;27;4;48;7;1;0;2;3;36;610;1191;1593;29217;59120;25284;457887;930343;134554;0.0;482697.7;74950.5;3055.0;192.3;77.9;102.7;15.4;14.4;16.9;7.9;4.7;8.9;False;2019038;euromillions_201902.csv
2019-05-14;2016+ : 50 boules / 12 etoiles;MARDI;14;25;50;10;17;2;10;0;2;2;25;570;1384;1193;26264;61193;16819;362227;860135;80710;0.0;363769.0;84725.9;3315.3;155.1;50.5;103.4;12.9;10.5;19.1;7.5;3.9;11.2;False;2019039;euromillions_201902.csv
2019-05-17;2016+ : 50 boules / 12 etoiles;VENDREDI;42;16;28;43;45;6;7;0;5;2;30;612;1229;1384;29622;60024;21374;460174;902537;120599;0.0;203560.1;118528.6;3865.0;202.0;79.6;124.7;16.0;15.0;21.0;8.3;5.2;10.5;False;2019040;euromillions_201902.csv
2019-05-21;2016+ : 50 boules / 12 etoiles;MARDI;47;32;34;33;39;12;8;0;0;4;16;391;1015;826;18600;45177;12402;284142;709901;67288;0.0;0.0;239866.1;5541.0;241.8;73.7;159.8;19.5;15.2;27.8;10.2;5.0;14.4;False;2019041;euromillions_201902.csv
2019-05-24;2016+ : 50 boules / 12 etoiles;VENDREDI;5;30;49;23;16;7;6;0;6;10;55;987;1915;1778;42096;81630;26213;576703;1124542;138645;0.0;179790.9;25125.2;2234.4;132.8;54.1;102.9;12.0;11.7;18.2;7.0;4.4;9.7;False;2019042;euromillions_201902.csv
2019-05-28;2016+ : 50 boules / 12 etoiles;MARDI;28;7;29;19;20;1;5;2;7;8;39;926;1722;1809;36293;75900;23466;467392;984096;107921;32676834.0;116990.2;23842.3;2392.2;107.4;45.7;76.7;10.5;9.5;15.4;6.5;3.8;9.5;False;2019043;euromillions_201902.csv
2019-05-31;2016+ : 50 boules / 12 etoiles;VENDREDI;1;26;23;35;24;11;1;0;1;3;25;500;1226;1288;26753;65466;18713;406788;1043126;99578;0.0;960928.7;74603.7;4378.9;233.5;75.4;126.5;16.8;13.0;22.7;8.8;4.2;12.0;False;2019044;euromillions_201902.csv
2019-06-04;2016+ : 50 boules / 12 etoiles;MARDI;31;32;9;39;41;8;2;0;2;3;28;406;886;1268;20715;45632;19530;322830;709419;115154;0.0;383119.1;59488.5;3117.6;229.3;83.1;102.4;17.3;14.8;17.3;8.9;4.9;8.3;False;2019045;euromillions_201902.csv
2019-06-07;2016+ : 50 boules / 12 etoiles;VENDREDI;34;16;4;1;20;2;5;0;6;16;97;1506;3173;3958;69133;142600;54988;985415;2037093;283917;0.0;335498.3;29303.0;2364.2;162.4;61.0;86.2;13.6;12.5;16.2;7.6;4.5;8.8;False;2019046;euromillions_201902.csv
2019-06-11;2016+ : 50 boules / 12 etoiles;MARDI;27;46;42;25;39;11;12;1;6;4;30;792;2003;1506;33452;89107;21733;478697;1313475;115944;138716863.0;212540.7;74254.7;4842.7;195.6;61.2;143.6;17.8;12.6;25.9;10.0;4.4;13.7;False;2019047;euromillions_201902.csv
2019-06-14;2016+ : 50 boules / 12 etoiles;VENDREDI;30;1;39;13;31;2;7;0;6;12;35;728;1622;2051;35750;72082;32911;533312;1051750;177551;0.0;174015.2;20265.0;3398.4;174.2;61.9;86.3;13.6;12.8;14.0;7.3;4.5;7.3;False;2019048;euromillions_201902.csv
2019-06-18;2016+ : 50 boules / 12 etoiles;MARDI;44;40;12;37;24;3;7;0;5;5;54;720;1361;1938;26506;52595;27386;369398;726272;152015;0.0;151922.7;35384.5;1602.5;128.2;53.6;66.4;13.4;12.7;12.2;7.7;4.8;6.2;False;2019049;euromillions_201902.csv
2019-06-21;2016+ : 50 boules / 12 etoiles;VENDREDI;9;8;39;25;5;3;7;0;2;3;60;938;1901;3423;42846;85581;46054;589845;1156433;223352;0.0;520195.4;80772.9;1975.4;134.7;52.6;51.5;11.3;10.7;10.0;6.6;4.1;5.8;False;2019050;euromillions_201902.csv
2019-06-25;2016+ : 50 boules / 12 etoiles;MARDI;27;34;6;26;46;1;9;0;0;1;15;456;1022;1110;22361;51866;17529;337389;777651;99304;0.0;0.0;969918.1;5974.8;209.6;74.0;120.2;16.4;13.4;19.8;8.7;4.6;9.9;False;2019051;euromillions_201902.csv
2019-06-28;2016+ : 50 boules / 12 etoiles;VENDREDI;1;33;3;49;16;2;11;0;3;15;51;707;1808;1740;34297;83417;24811;499692;1205436;127473;0.0;373141.6;17381.7;2500.5;192.4;59.5;109.1;15.2;11.8;19.9;8.4;4.2;11.0;False;2019052;euromillions_201902.csv
2019-07-02;2016+ : 50 boules / 12 etoiles;MARDI;19;44;11;29;45;12;8;0;2;9;22;590;1564;985;26672;70404;14841;383096;1004018;77719;0.0;438316.5;22686.4;4539.5;180.5;53.9;150.9;15.3;11.0;26.1;8.6;4.0;14.1;False;2019053;euromillions_201902.csv
2019-07-05;2016+ : 50 boules / 12 etoiles;VENDREDI;20;2;42;34;9;9;6;0;4;13;46;898;1862;2035;39967;81297;31188;567713;1181467;169144;0.0;296584.4;21254.7;2938.0;160.5;61.2;98.8;13.9;12.9;16.8;7.8;4.6;8.7;False;2019054;euromillions_201902.csv
2019-07-09;2016+ : 50 boules / 12 etoiles;MARDI;32;7;41;36;29;7;6;0;4;2;27;725;1356;1516;30577;60008;21973;464477;894517;121307;0.0;238382.0;111043.7;4023.3;159.8;67.6;106.6;14.6;14.0;19.2;7.7;4.9;9.8;False;2019055;euromillions_201902.csv
2019-07-12;2016+ : 50 boules / 12 etoiles;VENDREDI;2;31;39;45;47;8;4;0;3;5;47;656;1624;1842;33286;74811;28203;519499;1146340;169970;0.0;425457.9;59456.4;3093.8;236.4;75.6;117.5;17.9;15.1;20.0;9.2;5.1;9.4;False;2019056;euromillions_201902.csv
2019-07-16;2016+ : 50 boules / 12 etoiles;MARDI;5;13;18;39;3;8;7;0;6;5;47;965;1971;1857;45728;87434;25340;614745;1170916;125128;0.0;171807.9;48019.2;2498.6;129.8;50.3;94.1;10.5;10.4;18.0;6.3;4.0;10.3;False;2019057;euromillions_201902.csv
2019-07-19;2016+ : 50 boules / 12 etoiles;VENDREDI;26;17;13;14;28;7;2;1;10;21;125;1802;3200;4324;67615;127072;55442;880010;1693938;257401;107683454.0;148716.2;16494.1;1355.3;100.2;44.7;58.3;10.3;10.3;11.8;6.3;4.0;7.2;False;2019058;euromillions_201902.csv
2019-07-23;2016+ : 50 boules / 12 etoiles;MARDI;38;19;23;1;14;7;3;0;2;7;51;546;1167;2274;28152;54082;32194;403012;770852;160869;0.0;357375.7;23781.9;1596.6;159.0;58.9;53.3;11.8;11.7;9.8;6.6;4.2;5.5;False;2019059;euromillions_201902.csv
2019-07-26;2016+ : 50 boules / 12 etoiles;VENDREDI;27;2;42;5;37;10;3;0;2;5;34;598;1403;1356;29244;69869;21247;444960;1059692;110894;0.0;495804.9;46191.4;3322.5;201.5;67.9;124.0;15.8;12.5;20.6;8.3;4.3;11.2;False;2019060;euromillions_201902.csv
2019-07-30;2016+ : 50 boules / 12 etoiles;MARDI;15;27;23;40;20;3;6;0;2;3;36;667;1281;1715;29818;60055;23174;408048;835801;117052;0.0;388605.9;60340.5;2459.5;141.5;58.3;76.8;12.2;11.4;14.8;7.1;4.2;8.3;False;2019061;euromillions_201902.csv
2019-08-02;2016+ : 50 boules / 12 etoiles;VENDREDI;33;44;13;22;50;5;2;0;8;22;73;1640;3284;2536;45572;90028;31624;568519;1124825;161823;0.0;134225.4;11368.2;1675.7;79.5;31.4;71.8;11.0;10.5;15.0;7.1;4.4;8.3;False;2019062;euromillions_201902.csv
2019-08-06;2016+ : 50 boules / 12 etoiles;MARDI;38;12;29;36;13;4;12;0;2;9;17;513;1260;935;24313;63616;14355;359184;958493;75941;0.0;425429.6;22019.4;5701.9;201.5;64.9;154.3;16.3;11.8;26.2;8.9;4.1;14.0;False;2019063;euromillions_201902.csv
2019-08-09;2016+ : 50 boules / 12 etoiles;VENDREDI;35;41;14;2;42;11;10;0;1;2;19;573;1663;1214;27598;73885;19049;423084;1142259;104263;0.0;1163580.7;135505.6;6976.8;246.7;67.3;162.5;19.7;13.9;27.0;10.3;4.7;13.9;False;2019064;euromillions_201902.csv
2019-08-13;2016+ : 50 boules / 12 etoiles;MARDI;31;13;33;29;40;2;3;0;5;3;26;696;1445;1310;34919;66279;19106;486619;945333;103995;0.0;185444.5;71986.9;4062.8;161.8;61.7;120.0;12.4;12.3;21.5;7.1;4.5;11.1;False;2019065;euromillions_201902.csv
2019-08-16;2016+ : 50 boules / 12 etoiles;VENDREDI;9;42;10;27;37;1;5;0;2;9;46;828;1767;1953;38647;84907;28769;583188;1257576;153135;0.0;588983.1;30484.6;2917.3;172.8;64.1;102.3;14.2;12.2;18.1;7.5;4.3;9.6;False;2019066;euromillions_201902.csv
2019-08-20;2016+ : 50 boules / 12 etoiles;MARDI;23;24;22;20;37;1;4;0;2;4;28;659;1504;1365;29238;66071;20516;447685;1034232;112268;0.0;494469.7;57583.8;4023.7;182.3;63.2;122.8;15.8;13.2;21.3;8.3;4.4;11.0;False;2019067;euromillions_201902.csv
2019-08-23;2016+ : 50 boules / 12 etoiles;VENDREDI;4;17;42;45;35;8;2;0;5;7;50;1019;2069;2644;43330;93335;40271;641364;1378849;217127;0.0;280027.5;46586.8;3190.1;166.9;65.1;89.8;15.1;13.2;15.4;8.2;4.6;8.0;False;2019068;euromillions_201902.csv
2019-08-27;2016+ : 50 boules / 12 etoiles;MARDI;26;8;35;47;43;9;1;0;5;10;32;719;1735;1534;31446;74153;23821;464472;1066815;134690;0.0;222149.0;25870.5;3954.3;187.7;61.5;122.8;16.5;13.2;20.6;8.9;4.8;10.3;False;2019069;euromillions_201902.csv
2019-08-30;2016+ : 50 boules / 12 etoiles;VENDREDI;45;49;27;46;25;6;4;0;0;9;51;877;1978;2189;41656;93998;36140;661829;1489878;209707;0.0;0.0;215309.8;3510.9;217.7;76.4;121.7;17.6;14.8;19.2;8.9;4.8;9.3;False;2019070;euromillions_201902.csv
2019-09-03;2016+ : 50 boules / 12 etoiles;MARDI;44;11;38;7;39;10;7;0;0;6;38;989;2007;2106;44215;91842;30949;657760;1392702;159179;0.0;0.0;270365.2;3944.5;161.6;63.0;105.9;13.9;12.6;18.8;7.5;4.3;10.3;False;2019071;euromillions_201902.csv
2019-09-06;2016+ : 50 boules / 12 etoiles;VENDREDI;13;22;40;10;48;5;2;0;6;11;88;1336;2793;3555;61691;123459;50958;879585;1773357;260116;0.0;287720.4;36552.7;2234.8;157.0;59.4;82.3;13.1;12.3;15.0;7.3;4.4;8.3;False;2019072;euromillions_201902.csv
2019-09-10;2016+ : 50 boules / 12 etoiles;MARDI;3;30;49;25;22;3;6;0;3;6;45;1105;2210;2885;49165;101295;41068;721509;1470302;216090;0.0;482131.3;56146.9;3661.7;159.0;62.9;85.0;13.7;12.6;15.6;7.5;4.5;8.3;False;2019073;euromillions_201902.csv
2019-09-13;2016+ : 50 boules / 12 etoiles;VENDREDI;12;1;42;47;27;6;7;0;4;16;83;1521;2945;3434;72468;139908;50135;1069841;2079564;264157;0.0;519277.9;30236.4;2850.9;165.9;67.8;102.5;13.4;13.1;18.3;7.2;4.6;9.8;False;2019074;euromillions_201902.csv
2019-09-17;2016+ : 50 boules / 12 etoiles;MARDI;22;45;43;44;37;1;12;0;7;10;43;871;2156;1978;40987;108027;29092;595679;1613274;161118;0.0;231742.1;37782.7;4297.8;226.3;72.3;139.1;18.5;13.3;24.7;10.2;4.6;12.6;False;2019075;euromillions_201902.csv
2019-09-20;2016+ : 50 boules / 12 etoiles;VENDREDI;25;50;21;38;8;4;8;0;13;36;99;1749;3634;4132;70884;149809;59500;1018783;2163090;305185;0.0;162729.9;13686.7;2434.3;146.9;56.0;86.8;13.9;12.5;15.7;7.8;4.5;8.6;False;2019076;euromillions_201902.csv
2019-09-24;2016+ : 50 boules / 12 etoiles;MARDI;2;48;33;47;42;1;2;0;3;16;52;1068;2566;2515;53715;121412;38002;824779;1862827;211329;0.0;5012664.0;28674.3;4315.5;224.1;73.8;132.8;17.1;14.3;22.9;8.9;4.8;11.6;False;2019077;euromillions_201902.csv
2019-09-27;2016+ : 50 boules / 12 etoiles;VENDREDI;46;43;41;37;24;8;2;0;4;8;84;1341;3070;3553;64732;145079;54412;973849;2172833;328406;0.0;4698171.8;69827.4;3252.8;217.3;75.1;114.5;17.3;14.6;19.5;9.2;5.0;9.1;False;2019078;euromillions_201902.csv
2019-10-01;2016+ : 50 boules / 12 etoiles;MARDI;40;18;11;2;46;4;1;0;7;11;67;1312;2856;2733;59217;136223;40930;894326;2058749;225621;0.0;2287582.9;43272.2;3474.9;189.2;68.8;126.8;16.1;13.2;22.1;8.5;4.5;11.3;False;2019079;euromillions_201902.csv
2019-10-04;2016+ : 50 boules / 12 etoiles;VENDREDI;44;41;35;9;6;9;6;0;8;12;142;1635;3547;5408;76787;163897;76747;1191332;2484442;346714;0.0;2521014.8;49958.7;2065.0;191.3;69.8;80.7;15.6;13.9;14.8;8.1;4.7;9.3;False;2019080;euromillions_201902.csv
2019-10-08;2016+ : 50 boules / 12 etoiles;MARDI;44;15;49;10;7;3;12;1;4;25;80;1775;4105;3555;83674;199382;51358;1237128;2959529;268223;190000000.0;5227531.1;24862.4;3800.3;182.7;62.5;127.3;14.9;11.8;23.0;8.1;4.1;12.4;False;2019081;euromillions_201902.csv
2019-10-11;2016+ : 50 boules / 12 etoiles;VENDREDI;42;45;19;2;14;5;6;0;4;5;41;772;1610;1655;38137;77470;25895;587667;1155993;141583;0.0;292510.7;54503.2;3251.1;184.1;69.9;119.9;14.3;13.3;20.0;7.4;4.6;10.3;False;2019082;euromillions_201902.csv
2019-10-15;2016+ : 50 boules / 12 etoiles;MARDI;3;34;31;32;28;4;5;0;2;9;19;489;1283;1199;25168;56022;17987;398184;808691;101152;0.0;427808.3;22142.5;5130.2;212.6;64.1;121.0;15.9;13.5;21.0;8.0;4.8;10.6;False;2019083;euromillions_201902.csv
2019-10-18;2016+ : 50 boules / 12 etoiles;VENDREDI;18;22;42;41;8;11;12;0;6;17;29;657;1802;1275;28627;86638;17985;419915;1303935;96647;0.0;190540.2;15663.1;4491.1;211.4;61.0;152.0;18.7;11.6;28.1;10.2;4.0;14.8;False;2019084;euromillions_201902.csv
2019-10-22;2016+ : 50 boules / 12 etoiles;MARDI;2;5;33;47;32;7;8;0;1;5;38;578;1174;1115;27336;54245;18981;432939;833461;104750;0.0;882788.6;41122.3;2646.6;185.5;72.3;134.2;15.1;14.4;20.6;7.6;4.8;10.5;False;2019085;euromillions_201902.csv
2019-10-25;2016+ : 50 boules / 12 etoiles;VENDREDI;37;50;34;39;40;4;10;0;3;5;26;638;1443;1350;28814;66268;21046;449947;1064972;118817;0.0;400906.6;56025.4;5269.9;229.0;80.1;151.1;19.5;16.0;25.3;10.0;5.2;12.6;False;2019086;euromillions_201902.csv
2019-10-29;2016+ : 50 boules / 12 etoiles;MARDI;49;42;28;16;18;10;5;0;1;5;25;644;1397;1417;28803;65663;19878;422626;971501;107248;0.0;950560.7;44279.2;4331.6;179.3;65.4;113.7;15.4;12.8;21.1;8.4;4.5;11.1;False;2019087;euromillions_201902.csv
2019-11-01;2016+ : 50 boules / 12 etoiles;VENDREDI;39;2;44;20;48;5;7;0;2;4;43;747;1583;2025;34120;72892;32660;539730;1088807;199642;0.0;599883.0;69859.8;3178.6;195.1;72.9;100.4;16.4;14.5;16.2;8.3;5.0;7.5;False;2019088;euromillions_201902.csv
2019-11-05;2016+ : 50 boules / 12 etoiles;MARDI;25;14;33;9;48;12;2;0;3;8;27;689;1736;1158;29423;76286;17043;421319;1094855;90783;0.0;332383.3;29030.9;4207.3;175.8;55.2;146.0;15.8;11.5;25.9;8.8;4.2;13.7;False;2019089;euromillions_201902.csv
2019-11-08;2016+ : 50 boules / 12 etoiles;VENDREDI;20;8;45;23;17;2;8;0;4;8;107;1409;2770;4226;62226;123423;54626;805780;1672150;251743;0.0;376337.4;43826.6;1602.7;129.8;52.2;60.4;11.3;10.8;12.2;7.0;4.1;7.4;False;2019090;euromillions_201902.csv
2019-11-12;2016+ : 50 boules / 12 etoiles;MARDI;1;25;21;39;23;2;4;0;5;10;46;731;1632;1662;35754;77073;25801;536172;1151681;138750;0.0;217342.7;25310.8;2691.3;180.6;64.0;110.9;14.2;12.4;18.6;7.6;4.3;9.8;False;2019091;euromillions_201902.csv
2019-11-15;2016+ : 50 boules / 12 etoiles;VENDREDI;20;13;34;3;32;4;11;0;11;10;37;974;2402;2043;44697;109171;29316;651616;1604609;153744;0.0;131335.0;33648.3;4448.2;180.2;57.8;119.9;15.1;11.7;21.8;8.3;4.1;11.7;False;2019092;euromillions_201902.csv
2019-11-19;2016+ : 50 boules / 12 etoiles;MARDI;10;15;42;30;8;4;6;1;3;13;50;980;2139;2503;42830;94664;33133;586347;1299039;165627;122766852.0;394582.9;21208.3;2697.1;146.7;53.2;80.2;12.9;11.0;15.8;7.5;4.2;8.9;False;2019093;euromillions_201902.csv
2019-11-22;2016+ : 50 boules / 12 etoiles;VENDREDI;3;48;32;34;21;3;11;0;4;6;28;736;1706;1473;33185;70798;20911;471530;1024308;111809;0.0;265646.8;41248.1;4323.3;175.4;59.9;122.3;14.9;13.2;22.5;8.4;4.7;11.9;False;2019094;euromillions_201902.csv
2019-11-26;2016+ : 50 boules / 12 etoiles;MARDI;34;3;15;2;19;5;8;0;4;6;40;599;1224;1872;28745;59498;28500;427584;878486;145869;0.0;203096.8;31535.7;2313.7;164.8;63.8;73.6;13.2;12.0;12.6;7.1;4.2;6.9;False;2019095;euromillions_201902.csv
2019-11-29;2016+ : 50 boules / 12 etoiles;VENDREDI;50;42;12;3;7;6;8;0;2;5;39;850;2056;2039;41699;95157;30490;591932;1314220;154348;0.0;572142.0;53303.3;3342.6;163.5;53.5;95.1;12.8;10.6;16.6;7.2;4.0;9.2;False;2019096;euromillions_201902.csv
2019-12-03;2016+ : 50 boules / 12 etoiles;MARDI;32;31;38;18;48;12;4;1;1;4;25;455;1152;1005;23817;58409;14591;338132;853294;76990;48061132.0;883408.7;51438.9;4025.6;235.9;73.7;149.0;17.3;13.4;26.8;9.8;4.7;14.3;False;2019097;euromillions_201902.csv
2019-12-06;2016+ : 50 boules / 12 etoiles;VENDREDI;46;1;39;3;27;1;10;0;2;2;16;617;1609;1267;29386;75604;18726;438621;1111230;99123;0.0;520640.3;121263.0;7414.1;205.0;62.2;139.4;16.5;12.2;24.6;8.9;4.3;13.1;False;2019098;euromillions_201902.csv
2019-12-10;2016+ : 50 boules / 12 etoiles;MARDI;19;47;21;2;10;8;2;0;0;4;53;832;1567;2188;31627;63488;28972;421035;868710;140485;0.0;0.0;248010.2;1729.5;117.5;49.3;62.3;11.9;11.2;12.3;7.1;4.2;7.1;False;2019099;euromillions_201902.csv
2019-12-13;2016+ : 50 boules / 12 etoiles;VENDREDI;16;9;23;18;32;2;10;0;3;11;51;1106;2723;1909;44936;110577;27182;602141;1467123;136013;0.0;414803.4;26348.8;2779.7;136.7;43.9;110.5;12.9;9.9;20.2;7.7;3.9;11.4;False;2019100;euromillions_201902.csv
2019-12-17;2016+ : 50 boules / 12 etoiles;MARDI;7;1;12;25;49;9;6;1;2;14;69;1037;2427;2013;35889;79871;26312;462960;1012572;128030;48949099.0;436114.3;14510.8;1440.1;102.2;34.5;73.4;11.3;9.6;14.6;7.0;3.9;8.5;False;2019101;euromillions_201902.csv
2019-12-20;2016+ : 50 boules / 12 etoiles;VENDREDI;8;24;32;34;30;3;4;0;1;3;37;647;1384;1595;35481;69386;22516;512263;1015412;118818;0.0;1041516.4;80860.3;3206.8;195.6;72.3;110.7;13.7;13.3;20.4;7.6;4.7;10.9;False;2019102;euromillions_201902.csv
2019-12-24;2016+ : 50 boules / 12 etoiles;MARDI;47;14;11;13;3;3;6;0;1;4;45;770;1531;2204;38449;74332;31898;539471;1061792;150061;0.0;958335.1;55801.7;2426.1;151.2;60.2;73.7;11.6;11.4;13.3;6.6;4.1;8.0;False;2019103;euromillions_201902.csv
2019-12-27;2016+ : 50 boules / 12 etoiles;VENDREDI;22;26;35;7;1;5;10;0;2;9;31;725;1838;1507;34192;80968;22757;498203;1162951;117869;0.0;512121.0;26506.4;3764.0;171.6;53.6;115.2;14.0;11.2;19.9;7.7;4.0;10.8;False;2019104;euromillions_201902.csv
2019-12-31;2016+ : 50 boules / 12 etoiles;MARDI;41;31;48;33;26;4;2;0;2;6;36;823;1704;1696;35939;78300;26542;553146;1204239;152760;0.0;641759.5;49824.3;4061.7;189.5;72.4;128.3;16.7;14.5;21.4;8.7;4.9;10.5;False;2019105;euromillions_201902.csv
2020-01-03;2016+ : 50 boules / 12 etoiles;VENDREDI;15;5;20;47;36;12;8;0;5;8;26;710;1696;1294;30832;79892;18386;457864;1184249;98325;0.0;224420.6;32668.8;4916.7;192.0;63.6;147.0;17.0;12.4;27.0;9.2;4.3;14.3;False;2020001;euromillions_201902.csv
2020-01-07;2016+ : 50 boules / 12 etoiles;MARDI;8;37;12;5;43;11;6;0;2;17;28;673;1479;1359;29548;73786;19964;431059;1059296;103598;0.0;472957.8;12959.6;3848.6;170.7;61.5;118.0;14.9;11.3;20.9;8.2;4.1;11.4;False;2020002;euromillions_201902.csv
2020-01-10;2016+ : 50 boules / 12 etoiles;VENDREDI;32;44;17;6;46;2;6;0;2;5;54;944;2075;2310;41192;88541;34755;600962;1272032;188097;0.0;644307.0;60026.5;2718.5;165.8;59.7;94.6;14.6;12.8;16.4;8.0;4.6;8.5;False;2020003;euromillions_201902.csv
2020-01-14;2016+ : 50 boules / 12 etoiles;MARDI;25;39;21;44;29;9;8;0;4;5;19;735;1385;1469;33632;67915;21378;505479;1023981;114796;0.0;259044.3;48267.5;6212.9;171.3;71.9;119.6;14.4;13.5;21.4;7.7;4.6;11.3;False;2020004;euromillions_201902.csv
2020-01-17;2016+ : 50 boules / 12 etoiles;VENDREDI;20;8;29;44;19;8;3;1;4;5;64;1164;2256;3451;54426;106522;48159;763017;1491899;220155;100779289.0;349306.0;65085.8;2487.1;145.8;59.5;68.6;12.0;11.6;12.8;6.8;4.3;7.9;False;2020005;euromillions_201902.csv
2020-01-21;2016+ : 50 boules / 12 etoiles;MARDI;36;10;24;11;46;3;5;0;3;5;21;474;983;1333;24456;47953;22813;374176;732557;127338;0.0;256141.5;35794.9;4168.6;197.0;75.2;97.7;14.7;14.1;14.9;7.7;4.8;7.5;False;2020006;euromillions_201902.csv
2020-01-24;2016+ : 50 boules / 12 etoiles;VENDREDI;9;6;4;3;24;8;5;1;5;12;97;1304;3205;3192;48109;107815;38557;590286;1252672;191616;28601720.0;212161.0;20589.4;1245.8;98.8;31.8;56.3;10.3;8.7;12.1;6.7;3.9;6.9;False;2020007;euromillions_201902.csv
2020-01-28;2016+ : 50 boules / 12 etoiles;MARDI;31;27;1;19;38;5;4;0;2;2;29;564;1125;1204;27327;55691;17912;399108;801735;93807;0.0;380558.4;88636.3;2989.9;163.9;65.0;107.2;13.0;12.1;18.8;7.1;4.3;10.1;False;2020008;euromillions_201902.csv
2020-01-31;2016+ : 50 boules / 12 etoiles;VENDREDI;20;23;13;30;18;2;4;;;;;;;;;;;;;;0.0;90934.6;14119.8;2645.0;109.3;42.0;71.9;10.9;9.8;15.4;6.7;3.9;9.2;True;2020009;euromillions_201902.csv
2020-02-04;2016+ : 50 boules / 12 etoiles;MARDI;35;21;33;23;47;6;7;0;4;9;47;659;1461;1573;32479;61757;22081;473901;910511;116314;0.0;155596.4;16162.4;963.9;126.6;42.4;56.0;10.6;10.4;14.0;5.1;4.3;6.7;False;20200010;euromillions_202002.csv
2020-02-07;2016+ : 50 boules / 12 etoiles;VENDREDI;17;15;9;25;40;9;3;1;10;21;125;1753;3470;4818;78373;154867;64186;1051780;2131657;316390;130000000.0;130443.5;14517.5;759.6;99.7;37.4;38.3;9.2;8.7;10.1;4.8;3.8;5.1;False;20200011;euromillions_202002.csv
2020-02-11;2016+ : 50 boules / 12 etoiles;MARDI;43;26;24;32;46;6;10;1;5;5;22;441;1073;1016;21754;49845;15248;319038;745826;82255;17000000.0;105507.3;24658.7;1745.5;160.4;48.9;73.6;13.4;10.9;17.2;6.5;4.4;8.0;False;20200012;euromillions_202002.csv
2020-02-14;2016+ : 50 boules / 12 etoiles;VENDREDI;5;35;20;41;49;10;6;0;3;6;22;622;1573;1413;27721;67779;20251;433629;1067373;114200;0.0;244264.1;28544.2;2424.7;157.9;46.4;73.5;14.6;11.1;18.0;6.6;4.3;8.0;False;20200013;euromillions_202002.csv
2020-02-18;2016+ : 50 boules / 12 etoiles;MARDI;34;32;11;38;47;10;2;0;2;3;22;432;1084;1051;21333;51032;14720;313390;752328;81867;0.0;262027.4;40826.7;1734.0;162.6;48.1;70.6;13.6;10.6;17.7;6.5;4.4;8.0;False;20200014;euromillions_202002.csv
2020-02-21;2016+ : 50 boules / 12 etoiles;VENDREDI;32;23;30;45;7;5;9;0;4;6;64;1075;1893;2748;41353;83014;35431;578223;1158067;180129;0.0;183306.6;28561.1;834.0;91.4;38.5;37.8;9.8;9.1;10.3;5.0;4.0;5.0;False;20200015;euromillions_202002.csv
2020-02-25;2016+ : 50 boules / 12 etoiles;MARDI;4;42;18;27;1;6;4;0;2;4;41;698;1551;1862;31969;66345;25527;437820;928177;126041;0.0;283293.4;33105.1;1005.9;108.8;36.3;43.1;9.8;8.8;11.0;5.1;3.8;5.6;False;20200016;euromillions_202002.csv
2020-02-28;2016+ : 50 boules / 12 etoiles;VENDREDI;8;11;23;20;22;4;3;1;4;6;86;1460;2778;2458;56318;110228;31146;718242;1408162;142449;67084644.0;197637.5;30794.0;669.1;72.6;28.3;45.5;7.7;7.4;12.6;4.3;3.5;6.9;False;20200017;euromillions_202002.csv
2020-03-03;2016+ : 50 boules / 12 etoiles;MARDI;27;44;4;14;45;10;1;0;2;8;31;515;1323;942;21927;60320;12916;311126;849665;69504;0.0;250722.9;14649.5;1177.5;130.5;37.7;75.4;12.7;8.5;19.3;6.3;3.7;9.0;False;20200018;euromillions_202002.csv
2020-03-06;2016+ : 50 boules / 12 etoiles;VENDREDI;15;43;38;45;46;11;1;0;3;2;24;454;1239;1195;24578;61429;17365;375415;960898;98569;0.0;233153.1;81737.5;2121.6;206.6;56.2;82.9;15.8;11.7;20.0;7.3;4.6;8.8;False;20200019;euromillions_202002.csv
2020-03-10;2016+ : 50 boules / 12 etoiles;MARDI;23;43;30;11;37;5;12;0;4;11;30;618;1393;978;25024;60287;13649;352601;865052;72480;0.0;132535.6;11263.9;1286.4;115.0;37.9;76.8;11.7;9.0;19.3;5.9;3.8;9.1;False;20200020;euromillions_202002.csv
2020-03-13;2016+ : 50 boules / 12 etoiles;VENDREDI;21;3;11;36;27;10;9;0;5;10;28;1050;2496;1458;43876;107944;21469;586799;1433503;108210;0.0;159677.5;18659.6;2075.7;101.9;31.8;77.6;10.1;7.6;18.5;5.3;3.5;9.2;False;20200021;euromillions_202002.csv
2020-03-17;2016+ : 50 boules / 12 etoiles;MARDI;5;7;16;8;20;12;2;1;1;10;20;663;1871;909;24878;65329;11361;308690;802072;56137;63600033.0;404531.9;9454.5;1472.4;81.8;21.5;63.0;9.0;6.4;17.7;5.1;3.2;9.0;False;20200022;euromillions_202002.csv
2020-03-20;2016+ : 50 boules / 12 etoiles;VENDREDI;40;9;20;34;3;6;12;1;1;5;17;372;1026;646;17906;48304;10259;257346;705250;54381;17000000.0;410858.5;19204.8;1759.3;148.1;39.8;90.1;12.7;8.7;19.9;6.3;3.7;9.4;False;20200023;euromillions_202002.csv
2020-03-24;2016+ : 50 boules / 12 etoiles;MARDI;33;12;7;26;30;11;10;0;0;7;14;342;984;517;13096;41534;7338;181198;559969;38881;0.0;0.0;50422.7;1487.6;112.1;28.9;78.4;12.1;7.1;19.4;6.2;3.2;9.2;False;20200024;euromillions_202002.csv
2020-03-27;2016+ : 50 boules / 12 etoiles;VENDREDI;14;41;27;46;11;3;2;0;3;4;11;515;922;811;20959;40640;12637;309679;594393;68974;0.0;134054.9;23498.1;2661.4;104.7;43.4;70.2;10.6;10.2;15.8;5.1;4.3;7.3;False;20200025;euromillions_202002.csv
2020-03-31;2016+ : 50 boules / 12 etoiles;MARDI;30;12;17;24;36;9;1;0;0;8;20;447;1017;883;17399;40152;12204;231617;537703;62225;0.0;0.0;48887.1;1153.8;95.1;31.0;50.8;10.1;8.1;12.9;5.4;3.7;6.3;False;20200026;euromillions_202002.csv
2020-04-03;2016+ : 50 boules / 12 etoiles;VENDREDI;50;16;34;19;46;2;6;0;1;1;27;395;862;957;18322;39155;16390;288016;615452;94506;0.0;436604.6;102041.7;1177.1;148.2;50.4;64.6;13.2;11.5;13.2;5.9;4.5;5.7;False;20200027;euromillions_202002.csv
2020-04-07;2016+ : 50 boules / 12 etoiles;MARDI;33;14;4;48;5;7;12;0;3;2;8;293;722;580;14646;35661;8985;232864;557176;48459;0.0;115795.1;40594.8;3161.0;158.9;47.9;84.9;13.1;10.0;19.2;5.8;3.9;8.9;False;20200028;euromillions_202002.csv
2020-04-10;2016+ : 50 boules / 12 etoiles;VENDREDI;33;17;3;39;10;1;4;0;0;6;27;621;1499;1122;25977;61580;15836;361603;837155;81248;0.0;0.0;97603.5;1279.8;102.5;31.5;59.9;10.1;7.9;14.9;5.1;3.6;7.3;False;20200029;euromillions_202002.csv
2020-04-14;2016+ : 50 boules / 12 etoiles;MARDI;40;34;29;6;35;11;4;0;1;0;11;249;630;580;12558;29444;9521;205136;488245;56431;0.0;357319.7;0.0;9956.6;192.4;56.5;87.3;15.8;12.5;18.6;6.8;4.6;7.9;False;20200030;euromillions_202002.csv
2020-04-17;2016+ : 50 boules / 12 etoiles;VENDREDI;37;32;45;28;16;1;11;1;2;7;25;424;1382;846;20091;54040;13216;289473;765397;72658;67188313.0;248682.9;16606.0;1448.2;157.3;35.8;83.3;13.7;9.5;18.7;6.7;4.1;8.5;False;20200031;euromillions_202002.csv
2020-04-21;2016+ : 50 boules / 12 etoiles;MARDI;11;10;23;14;28;6;8;0;0;9;36;630;1302;1220;23666;49650;15103;289915;613372;69348;0.0;0.0;44642.1;658.5;69.3;24.9;37.8;7.6;6.7;10.7;4.4;3.3;5.8;False;20200032;euromillions_202002.csv
2020-04-24;2016+ : 50 boules / 12 etoiles;VENDREDI;28;5;1;21;19;7;4;0;2;11;58;838;1666;1956;32242;63734;24446;397681;789050;112741;0.0;221796.2;9424.9;556.7;70.9;26.5;32.1;7.6;7.2;9.0;4.4;3.5;4.9;False;20200033;euromillions_202002.csv
2020-04-28;2016+ : 50 boules / 12 etoiles;MARDI;32;28;26;15;23;1;5;0;2;3;20;418;922;948;19829;41941;13442;272611;588301;68361;0.0;177507.9;27657.6;1292.2;113.8;38.3;53.0;9.9;8.7;13.1;5.1;3.8;6.5;False;20200034;euromillions_202002.csv
2020-05-01;2016+ : 50 boules / 12 etoiles;VENDREDI;47;20;19;45;38;2;6;0;2;4;18;401;856;1114;19899;43289;17825;307608;664701;103637;0.0;232361.2;27153.3;1879.4;155.4;54.0;59.1;12.9;11.1;12.9;5.9;4.4;5.6;False;20200035;euromillions_202002.csv
2020-05-05;2016+ : 50 boules / 12 etoiles;MARDI;2;27;22;10;41;3;2;0;1;2;12;611;1045;1032;25736;44589;14408;340813;623612;72201;0.0;398633.9;46583.6;2418.2;87.4;38.0;54.7;8.6;9.2;13.7;4.6;4.0;6.9;False;20200036;euromillions_202002.csv
2020-05-08;2016+ : 50 boules / 12 etoiles;VENDREDI;33;38;8;25;32;9;7;0;4;2;23;481;1018;1213;23726;49676;19060;370064;753374;109056;0.0;127034.9;59380.3;1608.3;141.6;49.7;59.3;11.8;10.5;13.2;5.4;4.2;5.8;False;20200037;euromillions_202002.csv
2020-05-12;2016+ : 50 boules / 12 etoiles;MARDI;16;9;29;39;37;4;11;0;1;11;27;482;1228;1017;21054;50289;13634;287434;683566;70785;0.0;425436.6;9039.2;1147.0;118.3;34.5;59.3;11.2;8.7;15.5;5.8;3.9;7.5;False;20200038;euromillions_202002.csv
2020-05-15;2016+ : 50 boules / 12 etoiles;VENDREDI;34;23;32;39;11;1;6;1;1;6;31;740;1844;1409;29810;70025;19013;386395;915870;101435;72969058.0;565971.2;22046.1;1329.0;102.5;30.5;56.9;10.5;8.3;14.8;5.7;3.9;6.9;False;20200039;euromillions_202002.csv
2020-05-19;2016+ : 50 boules / 12 etoiles;MARDI;43;32;37;25;5;6;7;0;1;6;21;467;934;981;20912;40300;14287;312561;614114;81398;0.0;433824.4;16898.6;1503.8;124.5;46.2;62.6;11.5;11.1;15.1;5.4;4.4;6.6;False;20200040;euromillions_202002.csv
2020-05-22;2016+ : 50 boules / 12 etoiles;VENDREDI;18;22;32;3;27;2;7;0;0;13;53;842;1496;2454;36228;69537;33462;501467;970867;158062;0.0;0.0;55708.2;806.2;93.4;39.0;33.9;9.0;8.7;8.7;4.6;3.8;4.6;False;20200041;euromillions_202002.csv
2020-05-26;2016+ : 50 boules / 12 etoiles;MARDI;9;4;27;14;21;4;6;2;5;6;63;999;1869;1993;33423;67756;24082;400538;842619;106041;18571740.0;92895.4;18092.6;536.7;62.3;24.7;33.0;7.7;7.0;9.6;4.5;3.5;5.4;False;20200042;euromillions_202002.csv
2020-05-29;2016+ : 50 boules / 12 etoiles;VENDREDI;4;11;8;46;19;4;8;1;5;13;137;897;1730;3574;37668;74615;33182;492834;984731;134296;17000000.0;116611.2;10482.2;309.8;87.1;33.5;23.1;8.5;8.0;8.7;4.6;3.7;5.4;False;20200043;euromillions_202002.csv
2020-06-02;2016+ : 50 boules / 12 etoiles;MARDI;49;22;12;26;10;11;7;0;5;9;17;547;1288;1020;23592;53698;14935;328824;745473;77349;0.0;87507.8;11362.2;1873.6;107.2;33.8;60.8;10.3;8.4;14.5;5.2;3.7;7.0;False;20200044;euromillions_202002.csv
2020-06-05;2016+ : 50 boules / 12 etoiles;VENDREDI;24;11;37;17;5;6;3;0;3;11;67;1100;2165;2434;42614;84690;31131;545858;1102940;149368;0.0;211081.7;13454.5;688.0;77.1;29.1;36.8;8.2;7.7;10.1;4.5;3.6;5.3;False;20200045;euromillions_202002.csv
2020-06-09;2016+ : 50 boules / 12 etoiles;MARDI;46;36;27;5;15;8;2;0;3;2;33;550;1095;1427;23196;51249;22240;352621;765947;120489;0.0;165913.8;58165.1;1098.0;121.3;45.2;49.4;11.9;10.0;11.1;5.5;4.1;5.1;False;20200046;euromillions_202002.csv
2020-06-12;2016+ : 50 boules / 12 etoiles;VENDREDI;24;39;46;2;45;4;8;1;2;3;38;565;1158;1564;26919;58277;23702;419915;911820;142367;51583717.0;337141.5;52530.3;1291.7;160.0;58.0;61.1;13.9;11.9;14.1;6.3;4.7;5.9;False;20200047;euromillions_202002.csv
2020-06-16;2016+ : 50 boules / 12 etoiles;MARDI;39;9;11;4;17;2;10;0;2;4;16;636;1656;1128;26331;68380;15600;353669;879179;76193;0.0;228917.4;26750.8;2083.0;96.5;27.5;57.5;9.6;6.9;14.6;5.1;3.3;7.5;False;20200048;euromillions_202002.csv
2020-06-19;2016+ : 50 boules / 12 etoiles;VENDREDI;14;5;24;43;19;3;11;0;4;8;35;744;1722;1537;33500;76928;20217;466080;1083585;103921;0.0;157456.5;18400.0;1309.9;113.5;36.4;58.0;10.4;8.4;15.5;5.3;3.6;7.5;False;20200049;euromillions_202002.csv
2020-06-23;2016+ : 50 boules / 12 etoiles;MARDI;19;46;49;12;2;8;1;0;0;3;21;487;1120;1142;22351;51961;15908;337786;773857;85896;0.0;0.0;201011.8;1694.4;134.5;43.4;60.6;12.1;9.7;15.3;5.7;4.0;7.1;False;20200050;euromillions_202002.csv
2020-06-26;2016+ : 50 boules / 12 etoiles;VENDREDI;12;26;21;1;10;5;11;0;9;18;38;1049;2726;1633;41590;98412;22953;530351;1232996;117337;0.0;75644.7;8839.7;1304.2;87.0;24.8;59.1;9.0;7.1;14.7;5.0;3.5;7.2;False;20200051;euromillions_202002.csv
2020-06-30;2016+ : 50 boules / 12 etoiles;MARDI;11;42;1;28;6;2;10;0;1;16;23;654;1688;1299;28487;71847;18420;400514;980320;95075;0.0;565114.1;8254.7;1788.6;115.8;33.3;61.6;11.0;8.1;15.2;5.5;3.6;7.4;False;20200052;euromillions_202002.csv
2020-07-03;2016+ : 50 boules / 12 etoiles;VENDREDI;27;4;16;39;37;3;6;0;10;33;98;1552;3327;3713;66033;138411;52823;940515;1961364;275443;0.0;126332.6;8947.2;938.4;109.1;37.8;48.2;10.6;9.4;11.9;5.3;4.0;5.7;False;20200053;euromillions_202002.csv
2020-07-07;2016+ : 50 boules / 12 etoiles;MARDI;41;33;23;12;16;8;10;1;8;16;54;1068;2492;1861;45013;108567;27209;631726;1527227;143534;144542315.0;112962.6;13200.6;1218.2;113.4;36.1;68.8;11.1;8.6;16.5;5.6;3.7;7.8;False;20200054;euromillions_202002.csv
2020-07-10;2016+ : 50 boules / 12 etoiles;VENDREDI;30;38;15;17;23;2;7;0;9;14;66;964;1909;2649;42487;80362;36019;573219;1095560;177965;0.0;74781.9;11235.7;742.3;93.6;35.1;36.0;8.8;8.6;9.3;4.6;3.9;4.7;False;20200055;euromillions_202002.csv
2020-07-14;2016+ : 50 boules / 12 etoiles;MARDI;30;22;37;11;47;9;10;0;0;6;19;487;1138;818;21782;51291;12292;325980;778495;66459;0.0;0.0;101330.7;1888.1;135.6;43.1;85.4;12.5;9.9;19.9;5.9;4.0;9.2;False;20200056;euromillions_202002.csv
2020-07-17;2016+ : 50 boules / 12 etoiles;VENDREDI;7;27;41;15;43;7;9;0;7;5;53;957;1739;2455;40886;72686;33820;568827;1030354;160145;0.0;96257.2;31495.6;925.4;94.4;38.5;38.9;9.1;9.5;9.9;4.6;4.1;5.2;False;20200057;euromillions_202002.csv
2020-07-21;2016+ : 50 boules / 12 etoiles;MARDI;29;15;42;14;24;2;4;1;3;3;37;555;1204;1427;26912;56710;21507;399902;832577;107554;49564587.0;177754.5;41544.1;1049.1;128.8;44.1;52.9;11.0;9.7;12.3;5.2;4.0;6.2;False;20200058;euromillions_202002.csv
2020-07-24;2016+ : 50 boules / 12 etoiles;VENDREDI;8;28;50;27;9;12;4;0;3;7;23;555;1595;1058;27279;72778;16672;416403;1125472;84996;0.0;205961.3;20629.9;1955.6;149.2;38.5;82.7;12.5;8.7;18.4;5.8;3.4;9.1;False;20200059;euromillions_202002.csv
2020-07-28;2016+ : 50 boules / 12 etoiles;MARDI;34;17;13;9;15;7;2;0;4;7;44;741;1394;2093;32694;60275;28516;434961;826953;135763;0.0;120865.8;16141.9;799.8;87.4;34.5;32.7;8.2;8.2;8.4;4.3;3.7;4.4;False;20200060;euromillions_202002.csv
2020-07-31;2016+ : 50 boules / 12 etoiles;VENDREDI;30;46;24;21;49;2;5;0;0;6;27;529;1226;1506;27797;58195;24333;450152;919223;145640;0.0;0.0;136226.5;1786.2;167.9;53.8;62.3;13.2;11.7;13.5;5.8;4.5;5.6;False;20200061;euromillions_202002.csv
2020-08-04;2016+ : 50 boules / 12 etoiles;MARDI;42;2;5;1;15;8;5;0;2;1;41;674;1192;1933;31560;62253;28050;427402;843157;141282;0.0;265150.0;123939.8;941.5;105.5;44.3;38.8;9.3;8.8;9.4;4.8;3.9;4.7;False;20200062;euromillions_202002.csv
2020-08-07;2016+ : 50 boules / 12 etoiles;VENDREDI;36;20;5;41;21;11;6;0;4;7;36;614;1533;1516;32163;76263;23353;497396;1199060;129363;0.0;195041.6;26048.2;1577.6;170.3;50.6;72.9;13.4;10.5;16.6;6.1;4.1;7.5;False;20200063;euromillions_202002.csv
2020-08-11;2016+ : 50 boules / 12 etoiles;MARDI;14;13;50;8;42;3;9;0;2;2;31;530;1237;1726;27592;59707;26334;435472;916256;144296;0.0;293190.7;68523.5;1376.9;148.3;47.2;48.1;11.8;10.1;11.0;5.3;4.0;5.0;False;20200064;euromillions_202002.csv
2020-08-14;2016+ : 50 boules / 12 etoiles;VENDREDI;49;10;42;9;19;4;12;0;5;5;24;670;1810;1449;34068;91743;21133;510793;1349713;111645;0.0;157446.8;36797.9;2387.8;157.5;43.3;77.0;12.8;8.8;18.5;6.0;3.7;8.8;False;20200065;euromillions_202002.csv
2020-08-18;2016+ : 50 boules / 12 etoiles;MARDI;12;34;42;17;6;12;5;0;5;5;30;746;1907;1354;32782;80439;18506;457082;1116083;96316;0.0;131558.4;30747.3;1596.1;118.2;34.3;68.8;11.1;8.4;17.7;5.6;3.7;8.5;False;20200066;euromillions_202002.csv
2020-08-21;2016+ : 50 boules / 12 etoiles;VENDREDI;10;35;50;15;44;5;3;0;6;9;47;993;1978;2610;44889;89552;41568;679218;1364172;219696;0.0;156509.1;24385.8;1454.4;126.8;47.2;51.0;11.6;10.8;11.2;5.4;4.3;5.3;False;20200067;euromillions_202002.csv
2020-08-25;2016+ : 50 boules / 12 etoiles;MARDI;18;37;39;30;7;10;8;0;5;11;47;944;2037;1746;40006;92808;25376;564682;1345481;132800;0.0;163573.8;17377.2;1266.7;116.1;39.9;66.4;11.3;9.1;16.0;5.7;3.8;7.7;False;20200068;euromillions_202002.csv
2020-08-28;2016+ : 50 boules / 12 etoiles;VENDREDI;31;16;17;7;12;9;7;0;9;18;104;1731;3228;4142;73247;132973;56369;974840;1815616;261389;0.0;119361.1;13948.3;751.9;83.2;33.1;36.7;8.1;8.3;9.4;4.3;3.7;5.1;False;20200069;euromillions_202002.csv
2020-09-01;2016+ : 50 boules / 12 etoiles;MARDI;46;8;4;33;10;8;11;1;6;6;44;1006;2050;1973;45746;100330;28911;654019;1486934;152250;157170843.0;153948.4;35980.2;1528.2;123.1;44.8;66.3;11.2;9.5;15.9;5.5;3.9;7.6;False;20200070;euromillions_202002.csv
2020-09-04;2016+ : 50 boules / 12 etoiles;VENDREDI;6;29;43;40;22;7;4;0;4;8;38;674;1500;1866;32338;68089;28936;491615;1013742;163884;0.0;176702.3;20649.1;1354.0;140.6;46.9;53.6;12.1;10.7;12.1;5.6;4.4;5.4;False;20200071;euromillions_202002.csv
2020-09-08;2016+ : 50 boules / 12 etoiles;MARDI;9;35;2;41;31;12;9;0;2;4;23;428;987;821;20444;48658;12450;320138;783822;68440;0.0;261831.0;30597.1;1657.4;164.0;52.8;90.4;14.2;11.1;20.9;6.4;4.2;9.5;False;20200072;euromillions_202002.csv
2020-09-11;2016+ : 50 boules / 12 etoiles;VENDREDI;34;38;45;43;42;12;9;0;2;8;25;580;1426;1055;25778;62894;16223;389847;969300;88055;0.0;352375.3;20588.9;2052.1;162.9;49.2;94.6;15.1;11.5;21.6;7.1;4.6;10.0;False;20200073;euromillions_202002.csv
2020-09-15;2016+ : 50 boules / 12 etoiles;MARDI;38;25;30;16;20;8;6;0;3;7;36;655;1344;1541;29331;60360;22037;414876;873152;113496;0.0;188472.0;18878.1;1143.3;115.7;41.9;52.0;10.7;9.6;12.7;5.3;4.1;6.2;False;20200074;euromillions_202002.csv
2020-09-18;2016+ : 50 boules / 12 etoiles;VENDREDI;25;45;19;2;10;1;7;0;5;6;61;1158;2436;2426;46944;101487;33330;646705;1368514;166868;0.0;166116.0;32353.3;991.2;96.1;33.9;48.5;9.8;8.4;12.4;5.0;3.8;6.2;False;20200075;euromillions_202002.csv
2020-09-22;2016+ : 50 boules / 12 etoiles;MARDI;28;39;25;40;16;1;6;0;5;3;21;600;1443;1285;27225;64322;20023;404454;944456;107403;0.0;123979.0;48293.2;2148.8;138.5;42.7;68.3;12.6;9.9;15.4;6.0;4.1;7.2;False;20200076;euromillions_202002.csv
2020-09-25;2016+ : 50 boules / 12 etoiles;VENDREDI;34;45;19;23;37;1;7;1;5;25;78;1590;3694;3162;63635;142425;44420;867562;1921549;237240;130000000.0;247047.8;11547.8;1152.8;104.1;33.3;55.3;10.7;8.9;13.8;5.6;4.0;6.5;False;20200077;euromillions_202002.csv
2020-09-29;2016+ : 50 boules / 12 etoiles;MARDI;16;14;4;44;41;11;12;0;1;6;16;450;1430;857;19701;59701;11989;278746;862108;64119;0.0;511878.3;19939.0;2328.9;152.5;35.6;84.6;14.4;8.8;21.2;7.2;3.7;10.0;False;20200078;euromillions_202002.csv
2020-10-02;2016+ : 50 boules / 12 etoiles;VENDREDI;15;45;12;6;40;9;3;1;8;8;48;762;1502;2195;34706;73110;32321;524166;1086594;169534;30627859.0;88921.7;20782.4;1078.8;125.1;47.1;45.9;11.3;10.0;10.9;5.3;4.1;5.2;False;20200079;euromillions_202002.csv
2020-10-06;2016+ : 50 boules / 12 etoiles;MARDI;41;36;4;21;47;11;9;0;3;5;16;395;943;887;19244;43992;13056;295086;686274;73158;0.0;165112.6;23153.7;2253.6;168.1;52.3;79.1;14.2;11.6;18.8;6.6;4.5;8.4;False;20200080;euromillions_202002.csv
2020-10-09;2016+ : 50 boules / 12 etoiles;VENDREDI;15;11;35;50;41;8;5;0;2;3;44;677;1365;1993;31487;62584;31728;477696;969596;180330;0.0;347164.3;54092.0;1148.7;137.5;50.6;49.3;12.2;11.4;10.8;5.7;4.5;4.8;False;20200081;euromillions_202002.csv
2020-10-13;2016+ : 50 boules / 12 etoiles;MARDI;5;41;46;38;14;10;1;0;1;1;19;410;1067;949;19911;51243;12725;296170;772207;72442;0.0;522745.9;122174.3;2002.8;170.9;48.8;78.0;14.5;10.5;20.4;6.9;4.3;9.0;False;20200082;euromillions_202002.csv
2020-10-16;2016+ : 50 boules / 12 etoiles;VENDREDI;15;40;38;33;50;6;3;0;1;5;50;691;1440;1693;31378;67950;26653;486562;1029066;157351;0.0;737995.3;34496.3;1074.4;143.2;51.0;61.7;13.0;11.2;13.7;5.9;4.5;5.8;False;20200083;euromillions_202002.csv
2020-10-20;2016+ : 50 boules / 12 etoiles;MARDI;15;5;42;37;6;4;3;0;3;7;23;586;1286;1151;28060;58880;18004;426910;878501;97757;0.0;189400.6;18971.1;1798.4;130.0;44.0;69.9;11.2;9.9;15.7;5.2;4.1;7.2;False;20200084;euromillions_202002.csv
2020-10-23;2016+ : 50 boules / 12 etoiles;VENDREDI;19;23;10;21;15;3;12;0;3;26;31;1410;3375;1612;49699;124813;22625;622490;1551438;110757;0.0;261553.3;7053.3;1842.6;74.6;23.1;69.0;8.7;6.5;17.2;4.9;3.2;8.8;False;20200085;euromillions_202002.csv
2020-10-27;2016+ : 50 boules / 12 etoiles;MARDI;13;15;28;44;32;12;3;1;4;9;24;735;1869;1152;30567;76077;17011;421362;1050009;87237;87757466.0;152128.9;15802.2;1845.7;111.0;32.4;74.8;11.0;8.2;17.8;5.6;3.6;8.7;False;20200086;euromillions_202002.csv
2020-10-30;2016+ : 50 boules / 12 etoiles;VENDREDI;21;16;20;12;28;9;3;0;4;8;54;1047;2083;2536;41198;83988;33733;541770;1105289;165331;0.0;163187.0;19069.7;879.9;83.6;31.2;36.4;8.8;8.0;9.6;4.7;3.7;4.9;False;20200087;euromillions_202002.csv
2020-11-03;2016+ : 50 boules / 12 etoiles;MARDI;5;7;18;20;30;7;6;0;7;14;43;1128;1939;1664;39142;69786;21016;470113;869851;99060;0.0;70929.1;8288.6;840.5;59.0;25.5;42.2;7.0;7.3;11.7;4.1;3.6;6.2;False;20200088;euromillions_202002.csv
2020-11-06;2016+ : 50 boules / 12 etoiles;VENDREDI;12;37;7;50;40;1;2;0;2;6;41;725;1488;1336;32150;72026;21182;484902;1091274;112945;0.0;347604.2;27080.2;1234.3;128.5;46.5;73.7;12.0;9.9;16.3;5.6;4.0;7.7;False;20200089;euromillions_202002.csv
2020-11-10;2016+ : 50 boules / 12 etoiles;MARDI;19;3;38;32;29;12;5;0;2;3;21;529;1360;1084;26244;62688;15129;381713;927880;79417;0.0;279894.1;43610.5;1940.5;141.9;41.0;73.2;11.8;9.2;18.4;5.7;3.8;8.8;False;20200090;euromillions_202002.csv
2020-11-13;2016+ : 50 boules / 12 etoiles;VENDREDI;31;17;1;28;5;1;10;0;4;26;56;1328;3283;2073;50710;125599;27330;644710;1633896;133357;0.0;222454.1;7998.6;1156.7;89.8;26.9;60.8;9.7;7.3;16.2;5.4;3.4;8.3;False;20200091;euromillions_202002.csv
2020-11-17;2016+ : 50 boules / 12 etoiles;MARDI;30;25;44;19;16;6;2;0;1;4;46;750;1576;1896;32885;70609;26592;464581;982134;135999;0.0;609799.2;35630.0;965.0;109.0;38.5;45.5;10.3;8.9;11.4;5.1;3.9;5.6;False;20200092;euromillions_202002.csv
2020-11-20;2016+ : 50 boules / 12 etoiles;VENDREDI;28;50;48;39;29;5;7;0;6;7;61;1144;2605;3110;53181;113770;49635;842595;1730636;298808;0.0;209127.7;41894.2;1497.4;147.0;47.9;57.1;13.1;11.4;12.5;5.8;4.6;5.2;False;20200093;euromillions_202002.csv
2020-11-24;2016+ : 50 boules / 12 etoiles;MARDI;50;33;38;42;25;12;8;0;5;12;40;830;2012;1615;37825;90012;23825;552652;1321424;125229;0.0;176840.4;17221.0;1609.1;142.8;43.7;77.6;12.9;10.1;18.4;6.3;4.2;8.8;False;20200094;euromillions_202002.csv
2020-11-27;2016+ : 50 boules / 12 etoiles;VENDREDI;8;14;16;5;2;9;8;0;3;28;90;2157;4312;2979;77208;153979;40603;976295;1999670;196484;0.0;391023.1;9791.6;948.8;72.9;27.1;55.8;8.4;7.8;14.3;4.7;3.7;7.4;False;20200095;euromillions_202002.csv
2020-12-01;2016+ : 50 boules / 12 etoiles;MARDI;29;49;20;14;47;12;4;0;3;6;53;821;1967;1848;39794;97165;26355;606731;1502470;143597;0.0;328905.6;38435.3;1355.2;161.1;49.9;75.6;13.7;10.5;18.6;6.4;4.1;8.6;False;20200096;euromillions_202002.csv
2020-12-04;2016+ : 50 boules / 12 etoiles;VENDREDI;14;38;20;27;34;1;11;0;6;26;76;1747;4703;3422;77496;204601;50925;1107720;2840869;271544;0.0;1385679.2;15425.5;1643.7;131.7;36.3;71.0;12.3;8.6;16.7;6.1;3.8;7.9;False;20200097;euromillions_202002.csv
2020-12-08;2016+ : 50 boules / 12 etoiles;MARDI;1;46;21;4;24;2;12;0;4;16;65;1319;3106;2616;58844;142857;38177;874394;2132408;203482;0.0;5684144.4;19431.3;1489.8;135.2;42.6;72.0;12.5;9.6;17.3;6.0;3.9;8.1;False;20200098;euromillions_202002.csv
2020-12-11;2016+ : 50 boules / 12 etoiles;VENDREDI;41;13;24;9;6;3;12;1;12;17;73;2271;5278;3764;91723;219032;50834;1224812;2892569;258453;200000000.0;2364169.1;22819.6;1655.2;98.0;31.3;62.5;10.0;7.8;16.2;5.3;3.6;8.0;False;20200099;euromillions_202002.csv
2020-12-15;2016+ : 50 boules / 12 etoiles;MARDI;21;9;35;13;29;2;1;0;7;11;21;783;1907;1283;33176;76794;18232;441028;1008542;92101;0.0;81129.1;12066.2;1968.6;97.2;29.6;62.7;9.5;7.6;15.5;5.0;3.5;7.7;False;20200100;euromillions_202002.csv
2020-12-18;2016+ : 50 boules / 12 etoiles;VENDREDI;2;21;17;3;13;7;8;0;4;10;80;1666;2806;2495;62830;111763;30918;757863;1390130;142041;0.0;192267.3;17974.4;699.8;61.9;27.3;43.6;6.8;7.1;12.3;4.0;3.5;6.7;False;20200101;euromillions_202002.csv
2020-12-22;2016+ : 50 boules / 12 etoiles;MARDI;42;10;50;2;16;11;4;1;4;3;15;593;1435;1273;26586;66274;18373;403099;995329;99104;43704037.0;156220.3;48681.6;3032.6;141.3;43.3;69.5;13.0;9.7;16.9;6.1;3.9;7.8;False;20200102;euromillions_202002.csv
2020-12-25;2016+ : 50 boules / 12 etoiles;VENDREDI;16;21;27;30;32;3;5;0;0;4;55;812;1613;2357;36790;70599;32983;533541;1026611;170909;0.0;0.0;207160.1;888.9;110.9;41.4;40.3;10.1;9.8;10.1;4.9;4.1;4.9;False;20200103;euromillions_202002.csv
2020-12-29;2016+ : 50 boules / 12 etoiles;MARDI;7;40;39;45;32;8;3;0;1;4;28;505;1011;1331;24993;53878;21753;384162;814532;125339;0.0;581409.4;33971.2;1511.6;154.3;57.2;61.9;12.9;11.1;13.3;5.9;4.5;5.8;False;20200104;euromillions_202002.csv
2021-01-01;2016+ : 50 boules / 12 etoiles;VENDREDI;32;16;48;44;28;1;9;1;8;10;47;1008;2435;1879;39885;96183;28333;565121;1323070;156929;44958140.0;109750.6;20520.4;1359.9;116.8;35.9;66.2;12.2;9.4;15.4;6.1;4.2;7.0;False;20211001;euromillions_202002.csv
2021-01-05;2016+ : 50 boules / 12 etoiles;MARDI;37;42;12;34;38;3;1;0;4;0;16;441;971;1054;22652;52480;14869;335506;759051;87049;0.0;131718.1;0.0;10093.3;160.2;54.0;70.8;12.9;10.3;17.6;6.1;4.4;7.5;False;20211002;euromillions_202002.csv
2021-01-08;2016+ : 50 boules / 12 etoiles;VENDREDI;42;23;37;41;18;4;6;0;4;6;47;723;1473;1717;31800;68850;28209;482668;1057516;153197;0.0;180403.7;28108.8;1117.6;133.8;48.8;59.5;12.6;10.8;12.7;5.9;4.3;5.9;False;20211003;euromillions_202002.csv
2021-01-12;2016+ : 50 boules / 12 etoiles;MARDI;10;34;2;35;18;6;9;0;1;4;25;607;1397;1384;25458;56481;20787;385051;844610;117669;0.0;562879.7;32888.5;1639.0;124.3;40.1;57.6;12.2;10.3;13.4;5.7;4.2;5.9;False;20211004;euromillions_202002.csv
2021-01-15;2016+ : 50 boules / 12 etoiles;VENDREDI;27;10;4;40;38;11;3;0;2;3;44;827;1972;1727;37538;87508;24461;541887;1251776;127458;0.0;384315.1;59880.5;1271.6;124.6;38.8;63.0;11.3;9.0;15.6;5.5;3.9;7.5;False;20211005;euromillions_202002.csv
2021-01-19;2016+ : 50 boules / 12 etoiles;MARDI;25;35;31;27;43;5;6;0;6;4;23;546;1206;1282;27536;55707;19246;425335;843964;103841;0.0;99196.6;34775.8;1883.7;146.1;49.1;65.8;12.0;11.0;15.4;5.5;4.4;7.1;False;20211006;euromillions_202002.csv
2021-01-22;2016+ : 50 boules / 12 etoiles;VENDREDI;16;47;42;8;44;7;6;1;1;2;35;722;1599;1674;36769;74683;26200;563565;1133936;144978;80566353.0;797450.9;93188.7;1658.6;148.1;49.6;67.5;12.0;11.0;15.1;5.5;4.4;6.8;False;20211007;euromillions_202002.csv
2021-01-26;2016+ : 50 boules / 12 etoiles;MARDI;7;37;25;40;5;2;8;0;0;5;25;595;1376;1670;26029;58012;23815;373011;824253;124550;0.0;0.0;122065.6;1440.5;111.4;35.8;41.9;10.5;8.8;10.3;5.2;3.8;4.9;False;20211008;euromillions_202002.csv
2021-01-29;2016+ : 50 boules / 12 etoiles;VENDREDI;27;36;5;42;1;6;1;0;3;4;30;667;1549;1702;33713;74940;25376;508307;1128677;132397;0.0;238052.2;41727.5;1732.9;143.5;45.9;59.4;11.7;9.8;14.0;5.5;4.0;6.7;False;20211009;euromillions_202002.csv
2021-02-02;2016+ : 50 boules / 12 etoiles;MARDI;38;18;48;20;35;9;12;0;1;10;28;525;1251;985;23549;59074;13819;338644;838385;76406;0.0;576287.0;13468.7;1498.2;147.1;45.8;82.9;13.5;10.0;20.7;6.7;4.3;9.4;False;20211010;euromillions_202002.csv
2021-02-05;2016+ : 50 boules / 12 etoiles;VENDREDI;45;12;37;19;44;6;2;0;9;12;113;1610;3449;3814;68836;147030;55212;980351;2108737;287111;0.0;151022.6;26472.3;875.6;113.2;39.2;50.5;10.9;9.5;12.2;5.4;4.0;5.9;False;20211011;euromillions_202002.csv
2021-02-09;2016+ : 50 boules / 12 etoiles;MARDI;24;5;31;10;37;9;10;0;1;8;56;1078;2494;1787;47850;109736;25963;667850;1553129;134742;0.0;934794.5;27309.6;1215.1;116.2;37.3;74.1;10.8;8.8;17.9;5.5;3.8;8.6;False;20211012;euromillions_202002.csv
2021-02-12;2016+ : 50 boules / 12 etoiles;VENDREDI;32;7;36;30;23;12;8;0;3;13;60;1186;3014;2328;56573;142207;33839;810020;2047679;177849;0.0;406714.9;21935.9;1480.3;137.9;40.3;74.3;11.9;8.8;17.9;5.9;3.7;8.5;False;20211013;euromillions_202002.csv
2021-02-16;2016+ : 50 boules / 12 etoiles;MARDI;30;25;29;9;5;6;7;0;5;17;75;1515;3204;2740;62736;124483;38901;850401;1678423;193196;0.0;200974.1;13814.9;975.3;88.9;31.2;51.9;8.8;8.3;12.8;4.6;3.8;6.5;False;20211014;euromillions_202002.csv
2021-02-19;2016+ : 50 boules / 12 etoiles;VENDREDI;25;48;4;46;12;12;7;0;9;15;65;1645;3619;3260;73511;165838;46931;1070213;2450775;249124;0.0;177571.4;24900.8;1789.8;130.2;43.9;69.4;12.0;9.9;16.9;5.8;4.1;8.0;False;20211015;euromillions_202002.csv
2021-02-23;2016+ : 50 boules / 12 etoiles;MARDI;30;9;39;18;45;3;1;0;6;9;69;1662;3869;3152;72114;161187;46060;1002759;2239261;252839;0.0;3519853.7;37306.4;1515.6;115.9;36.9;64.6;11.0;9.2;15.5;5.6;4.0;7.1;False;20211016;euromillions_202002.csv
2021-02-26;2016+ : 50 boules / 12 etoiles;VENDREDI;6;12;22;29;33;11;6;1;12;35;108;2406;5419;4760;101722;227281;63073;1334324;3053393;310363;210000000.0;2494703.8;11695.7;1180.5;97.6;32.1;52.1;9.5;7.9;13.8;5.1;3.6;7.0;False;20211017;euromillions_202002.csv
2021-03-02;2016+ : 50 boules / 12 etoiles;MARDI;24;49;19;26;2;6;7;0;2;5;30;712;1470;1537;33011;64927;21358;471779;928312;114577;0.0;296930.7;27759.0;1441.0;111.8;40.2;54.7;9.9;9.4;13.8;4.9;4.0;6.4;False;20211018;euromillions_202002.csv
2021-03-05;2016+ : 50 boules / 12 etoiles;VENDREDI;4;46;5;39;48;7;10;0;3;5;23;638;1338;1451;30928;68082;22791;499764;1129766;133487;0.0;267994.9;37580.8;2544.6;168.9;59.8;78.5;14.4;12.2;17.5;6.3;4.5;7.5;False;20211019;euromillions_202002.csv
2021-03-09;2016+ : 50 boules / 12 etoiles;MARDI;16;21;33;32;1;11;12;0;2;5;41;477;1386;1043;23387;67182;15161;351440;1035128;80486;0.0;306703.5;28672.6;1089.1;172.4;44.0;83.3;14.5;9.4;20.1;6.8;3.7;9.5;False;20211020;euromillions_202002.csv
2021-03-12;2016+ : 50 boules / 12 etoiles;VENDREDI;11;4;6;44;9;10;11;0;7;13;35;1098;3167;1749;44346;131304;24117;579055;1684823;120258;0.0;123876.4;15589.5;1803.5;105.9;27.2;70.2;10.8;6.8;17.9;5.9;3.2;9.0;False;20211021;euromillions_202002.csv
2021-03-16;2016+ : 50 boules / 12 etoiles;MARDI;32;25;23;47;35;2;6;0;4;6;40;628;1362;1686;29856;65078;25162;446089;963090;140955;0.0;165026.6;25712.9;1201.3;140.9;48.2;55.5;12.2;10.4;13.0;5.8;4.3;5.8;False;20211022;euromillions_202002.csv
2021-03-19;2016+ : 50 boules / 12 etoiles;VENDREDI;35;44;43;9;3;10;1;0;4;6;26;707;1820;1527;33727;88534;22752;530063;1406445;124513;0.0;220250.3;34317.4;2466.7;167.1;48.2;81.7;14.5;10.2;19.2;6.5;3.9;8.8;False;20211023;euromillions_202002.csv
2021-03-23;2016+ : 50 boules / 12 etoiles;MARDI;2;26;29;36;49;3;9;0;3;8;33;628;1354;1756;30210;65288;28140;473034;990928;161700;0.0;236598.0;20736.3;1565.7;151.5;52.2;57.3;13.0;11.2;12.5;5.9;4.5;5.4;False;20211024;euromillions_202002.csv
2021-03-26;2016+ : 50 boules / 12 etoiles;VENDREDI;49;12;50;10;37;8;3;0;5;21;55;1013;2161;2595;47140;100247;40468;716203;1509225;225736;0.0;202737.6;11281.6;1341.6;134.1;46.7;55.3;11.9;10.4;12.4;5.5;4.2;5.6;False;20211025;euromillions_202002.csv
2021-03-30;2016+ : 50 boules / 12 etoiles;MARDI;42;24;29;28;27;8;4;0;4;4;39;765;1573;2156;37459;81606;33349;586711;1261780;182285;0.0;200288.1;46810.6;1495.4;140.4;50.7;52.6;11.8;10.1;11.9;5.3;4.0;5.5;False;20211026;euromillions_202002.csv
2021-04-02;2016+ : 50 boules / 12 etoiles;VENDREDI;21;47;4;40;34;2;5;1;1;8;44;1015;2147;2498;45644;95022;38360;694744;1435512;220716;144755907.0;1027964.6;30031.5;1700.7;135.8;47.6;58.3;12.5;11.1;13.3;5.8;4.5;5.8;False;20211027;euromillions_202002.csv
2021-04-06;2016+ : 50 boules / 12 etoiles;MARDI;50;21;37;38;2;8;7;0;3;2;20;421;952;982;21900;44909;15459;354897;696508;88631;0.0;171378.8;60081.0;1871.3;163.7;53.7;74.2;13.0;11.8;16.5;5.7;4.6;7.2;False;20211028;euromillions_202002.csv
2021-04-09;2016+ : 50 boules / 12 etoiles;VENDREDI;44;8;35;32;2;8;11;0;3;13;26;777;1662;1520;34882;76962;21426;492560;1114677;114624;0.0;247364.3;13341.4;2077.7;128.0;44.4;69.2;11.8;9.9;17.2;5.9;4.2;8.1;False;20211029;euromillions_202002.csv
2021-04-13;2016+ : 50 boules / 12 etoiles;MARDI;47;16;31;50;20;8;2;0;0;9;31;536;1115;1318;24079;52748;22013;364122;804157;133290;0.0;0.0;78273.2;1340.8;142.8;51.0;61.4;13.1;11.1;12.9;6.1;4.5;5.3;False;20211030;euromillions_202002.csv
2021-04-16;2016+ : 50 boules / 12 etoiles;VENDREDI;29;11;40;48;6;9;5;0;5;5;51;767;1682;2212;36313;75862;32527;551262;1136433;180117;0.0;154073.8;36009.5;1099.6;134.6;45.6;49.3;11.7;10.5;11.7;5.5;4.3;5.3;False;20211031;euromillions_202002.csv
2021-04-20;2016+ : 50 boules / 12 etoiles;MARDI;28;46;17;5;41;11;10;1;3;7;28;639;1568;1141;26236;69173;15930;369576;1000036;83399;68414615.0;200125.0;20045.3;1560.9;125.9;38.1;74.5;12.7;8.9;18.7;6.4;3.8;9.0;False;20211032;euromillions_202002.csv
2021-04-23;2016+ : 50 boules / 12 etoiles;VENDREDI;29;19;15;3;14;2;8;0;5;9;68;979;2186;2697;41712;93109;37526;555053;1216697;181368;0.0;136455.9;17717.7;730.4;93.4;31.0;35.8;9.0;7.5;9.0;4.8;3.5;4.7;False;20211033;euromillions_202002.csv
2021-04-27;2016+ : 50 boules / 12 etoiles;MARDI;13;49;14;24;35;1;10;0;2;1;21;490;1182;977;22290;58745;14222;330528;883871;75911;0.0;267062.2;124833.7;1851.5;146.1;45.0;77.5;13.3;9.4;18.7;6.3;3.8;8.8;False;20211034;euromillions_202002.csv
2021-04-30;2016+ : 50 boules / 12 etoiles;VENDREDI;1;28;24;46;16;11;2;0;3;10;55;794;1936;1872;38059;90986;26918;556634;1322178;143162;0.0;281487.0;19736.4;1117.7;142.6;43.4;63.9;12.3;9.6;15.6;5.9;4.0;7.3;False;20211035;euromillions_202002.csv
2021-05-04;2016+ : 50 boules / 12 etoiles;MARDI;46;13;10;28;3;11;4;0;3;12;32;670;1802;1366;29362;76213;18248;404486;1014527;91973;0.0;188139.9;10992.8;1284.0;112.9;31.2;58.5;10.6;7.6;15.4;5.5;3.5;7.6;False;20211036;euromillions_202002.csv
2021-05-07;2016+ : 50 boules / 12 etoiles;VENDREDI;33;38;47;22;14;9;8;1;4;8;39;1031;2125;1687;41841;85768;23019;567932;1177496;126706;69463976.0;198903.4;23243.5;1485.0;103.4;37.2;66.8;10.5;9.5;17.2;5.5;4.2;7.8;False;20211037;euromillions_202002.csv
2021-05-11;2016+ : 50 boules / 12 etoiles;MARDI;14;46;43;34;25;6;5;0;1;5;19;498;1005;998;22890;46031;15462;338989;674594;88416;0.0;507955.6;23743.5;1946.1;136.7;50.3;72.1;12.3;11.4;16.3;5.9;4.7;7.1;False;20211038;euromillions_202002.csv
2021-05-14;2016+ : 50 boules / 12 etoiles;VENDREDI;6;38;29;16;18;6;11;0;4;7;32;800;1830;1732;35541;80947;24464;491563;1134203;116601;0.0;172797.8;23077.5;1572.3;115.8;37.6;56.5;10.8;8.8;14.0;5.5;3.8;7.4;False;20211039;euromillions_202002.csv
2021-05-18;2016+ : 50 boules / 12 etoiles;MARDI;13;39;40;38;5;4;12;0;1;2;18;460;1138;900;21583;55601;14120;330144;869002;75896;0.0;542038.1;63341.6;2192.1;158.0;47.4;85.3;13.9;10.0;19.1;6.4;3.9;8.9;False;20211040;euromillions_202002.csv
2021-05-21;2016+ : 50 boules / 12 etoiles;VENDREDI;9;13;35;2;15;10;3;0;5;5;43;842;2005;1830;39484;94556;25929;561023;1318698;133141;0.0;149387.9;34914.4;1264.5;118.9;37.1;57.8;10.5;8.1;14.3;5.2;3.6;7.0;False;20211041;euromillions_202002.csv
2021-05-25;2016+ : 50 boules / 12 etoiles;MARDI;38;21;26;1;30;8;2;0;0;3;28;550;1136;1669;27184;57873;25385;403152;872777;139240;0.0;0.0;234077.1;1479.8;138.7;49.9;48.3;11.6;10.1;11.1;5.5;4.1;5.1;False;20211042;euromillions_202002.csv
2021-05-28;2016+ : 50 boules / 12 etoiles;VENDREDI;16;40;13;11;34;1;12;0;4;8;23;667;1812;1460;31367;89013;21591;476856;1364346;119317;0.0;198582.2;23205.9;2514.1;159.6;43.6;77.1;14.0;9.2;18.3;6.5;3.7;8.3;False;20211043;euromillions_202002.csv
2021-06-01;2016+ : 50 boules / 12 etoiles;MARDI;35;10;44;3;26;7;6;0;4;14;26;772;1527;1508;33487;66919;22450;479419;954097;124879;0.0;157524.1;10518.8;1764.1;109.4;41.1;59.2;10.4;9.7;13.9;5.1;4.1;6.3;False;20211044;euromillions_202002.csv
2021-06-04;2016+ : 50 boules / 12 etoiles;VENDREDI;40;20;36;46;7;2;4;1;3;15;69;1181;2458;2623;54563;118452;41510;843437;1836279;232145;130000000.0;422567.4;19752.1;1337.4;143.9;51.3;68.5;12.9;11.0;15.2;5.9;4.3;6.8;False;20211045;euromillions_202002.csv
2021-06-08;2016+ : 50 boules / 12 etoiles;MARDI;47;26;2;36;11;9;7;0;3;3;29;521;1101;1302;24558;48064;20252;367540;721818;113013;0.0;169023.9;39503.6;1272.8;130.5;45.8;55.2;11.4;10.9;12.4;5.4;4.4;5.6;False;20211046;euromillions_202002.csv
2021-06-11;2016+ : 50 boules / 12 etoiles;VENDREDI;17;33;9;21;39;7;11;1;7;17;68;1160;2449;2095;43854;93506;26487;551033;1189088;128929;30382655.0;99796.3;9604.0;747.8;80.7;28.4;47.2;8.8;7.7;13.1;5.0;3.7;6.7;False;20211047;euromillions_202002.csv
2021-06-15;2016+ : 50 boules / 12 etoiles;MARDI;30;31;11;26;21;2;3;0;2;6;32;727;1339;1243;30482;58911;16157;400903;771992;83088;0.0;241573.8;18819.9;1099.1;89.1;35.9;55.1;8.8;8.4;14.8;4.7;3.9;7.2;False;20211048;euromillions_202002.csv
2021-06-18;2016+ : 50 boules / 12 etoiles;VENDREDI;27;20;41;11;30;3;5;0;7;8;61;916;1808;2570;40030;76478;33949;554561;1061478;171005;0.0;96928.2;19822.0;809.7;99.3;37.3;37.4;9.4;9.1;9.9;4.8;4.0;4.9;False;20211049;euromillions_202002.csv
2021-06-22;2016+ : 50 boules / 12 etoiles;MARDI;27;24;26;6;41;8;3;0;1;3;26;537;1098;1503;25742;53604;22412;386296;801213;121431;0.0;517837.3;40342.3;1449.8;129.3;46.9;48.8;11.1;9.9;11.5;5.2;4.1;5.3;False;20211050;euromillions_202002.csv
2021-06-25;2016+ : 50 boules / 12 etoiles;VENDREDI;33;29;36;1;30;12;3;0;0;7;24;523;1203;1177;26737;63393;18343;432899;1049471;100417;0.0;0.0;126640.6;2179.5;184.2;59.5;86.5;14.9;11.7;19.5;6.5;4.3;8.9;False;20211051;euromillions_202002.csv
2021-06-29;2016+ : 50 boules / 12 etoiles;MARDI;6;12;24;20;48;6;5;0;5;5;55;1139;1863;1745;36620;66073;21751;464731;881402;104567;0.0;111254.2;26001.9;736.2;65.4;29.7;45.1;8.4;8.7;12.7;4.7;4.0;6.6;False;20211052;euromillions_202002.csv
2021-07-02;2016+ : 50 boules / 12 etoiles;VENDREDI;49;29;38;9;14;7;10;1;2;7;41;969;2069;2020;42415;94868;27338;590518;1317318;145272;77959528.0;423174.2;28257.9;1502.7;117.1;40.7;59.3;11.0;9.2;15.4;5.6;4.0;7.2;False;20211053;euromillions_202002.csv
2021-07-06;2016+ : 50 boules / 12 etoiles;MARDI;2;42;5;27;21;9;11;1;2;6;23;584;1417;1103;25950;63521;15104;356761;870053;76100;17000000.0;241620.4;18823.5;1529.4;110.9;33.9;62.1;10.3;7.8;15.9;5.3;3.5;7.9;False;20211054;euromillions_202002.csv
2021-07-09;2016+ : 50 boules / 12 etoiles;VENDREDI;37;19;6;36;49;11;4;0;2;5;31;577;1318;1306;25590;61276;18096;393624;959979;98577;0.0;319379.4;29857.7;1499.9;148.4;48.2;69.3;13.8;10.7;17.5;6.4;4.2;8.1;False;20211055;euromillions_202002.csv
2021-07-13;2016+ : 50 boules / 12 etoiles;MARDI;22;11;6;8;5;3;4;1;5;17;67;1233;2587;1676;38766;81167;19398;458457;924406;87429;26482986.0;99002.3;6805.4;537.8;53.8;19.0;41.8;7.0;6.3;12.7;4.2;3.4;7.0;False;20211056;euromillions_202002.csv
2021-07-16;2016+ : 50 boules / 12 etoiles;VENDREDI;47;5;16;42;49;3;11;0;5;4;28;544;1144;1262;25421;56981;18008;390232;888347;100104;0.0;123838.4;36178.8;1609.8;152.6;53.9;69.5;13.5;11.2;17.1;6.2;4.4;7.7;False;20211057;euromillions_202002.csv
2021-07-20;2016+ : 50 boules / 12 etoiles;MARDI;19;48;3;41;12;6;9;0;4;5;28;495;1131;1445;24133;51440;20443;357031;760337;106277;0.0;120206.1;22475.3;1250.0;130.2;42.3;47.1;11.0;9.6;11.7;5.3;4.0;5.6;False;20211058;euromillions_202002.csv
2021-07-23;2016+ : 50 boules / 12 etoiles;VENDREDI;34;50;26;23;24;4;2;0;0;7;32;527;1203;1459;29694;62673;22745;469135;982592;128849;0.0;0.0;116054.0;1497.9;167.5;54.5;63.9;12.3;10.8;14.4;5.5;4.2;6.4;False;20211059;euromillions_202002.csv
2021-07-27;2016+ : 50 boules / 12 etoiles;MARDI;19;21;25;5;9;12;10;0;4;22;29;701;3077;1136;26730;101650;14194;336665;1154418;68940;0.0;130748.8;5556.0;1312.8;100.0;16.9;65.2;10.8;5.3;18.3;6.1;2.8;9.5;False;20211060;euromillions_202002.csv
2021-07-30;2016+ : 50 boules / 12 etoiles;VENDREDI;23;10;35;33;37;5;10;0;2;10;37;829;1737;1766;34600;77234;24831;502696;1133827;131983;0.0;364049.2;17016.8;1432.5;117.7;41.7;58.4;11.6;9.7;14.6;5.7;4.0;6.9;False;20211061;euromillions_202002.csv
2021-08-03;2016+ : 50 boules / 12 etoiles;MARDI;46;23;45;21;17;7;11;0;3;7;28;570;1262;1367;28177;59138;21882;424487;913172;108734;0.0;193278.1;19359.5;1507.5;136.4;45.7;60.1;11.4;10.1;13.1;5.3;4.0;6.6;False;20211062;euromillions_202002.csv
2021-08-06;2016+ : 50 boules / 12 etoiles;VENDREDI;32;21;7;26;14;12;4;0;8;17;34;1156;3552;1663;43955;121748;22313;548208;1458856;113718;0.0;99092.0;10898.5;1697.3;91.9;22.2;67.5;10.0;6.7;17.6;5.7;3.4;8.7;False;20211063;euromillions_202002.csv
2021-08-10;2016+ : 50 boules / 12 etoiles;MARDI;47;9;48;49;37;2;7;0;0;5;27;541;1159;1464;27053;57882;24538;414997;862282;146686;0.0;0.0;159798.6;1746.1;160.5;55.6;62.7;13.2;11.5;13.1;6.1;4.7;5.5;False;20211064;euromillions_202002.csv
2021-08-13;2016+ : 50 boules / 12 etoiles;VENDREDI;49;44;47;12;6;8;12;1;5;3;44;935;2148;2008;45411;108054;30340;698112;1697705;164079;113156128.0;221900.2;86436.2;1835.6;159.1;51.4;78.3;13.5;10.6;18.2;6.2;4.1;8.4;False;20211065;euromillions_202002.csv
2021-08-17;2016+ : 50 boules / 12 etoiles;MARDI;47;12;41;42;31;6;4;0;1;6;17;396;879;1062;19110;40811;16616;298416;655080;97577;0.0;478210.5;18627.6;2047.7;161.9;54.1;63.8;13.9;12.1;14.3;6.3;4.6;6.1;False;20211066;euromillions_202002.csv
2021-08-20;2016+ : 50 boules / 12 etoiles;VENDREDI;3;19;9;20;23;11;9;0;6;12;42;1309;2801;1844;46025;106470;23380;554276;1305852;106081;0.0;109566.6;12803.7;1139.4;67.3;23.3;50.5;7.9;6.3;14.0;4.6;3.1;7.7;False;20211067;euromillions_202002.csv
2021-08-24;2016+ : 50 boules / 12 etoiles;MARDI;21;36;44;19;50;3;10;0;1;4;14;513;1101;1088;28240;56666;15634;337024;771144;87604;0.0;512584.1;29949.8;2665.3;133.9;46.3;66.7;10.0;9.3;16.3;6.0;4.2;7.3;False;20211068;euromillions_202002.csv
2021-08-27;2016+ : 50 boules / 12 etoiles;VENDREDI;31;46;3;50;2;12;8;0;0;6;29;514;1287;1212;26816;64454;18015;420407;1043071;98442;0.0;0.0;146580.9;1789.4;185.9;55.1;83.3;14.7;11.4;19.7;6.6;4.3;9.0;False;20211069;euromillions_202002.csv
2021-08-31;2016+ : 50 boules / 12 etoiles;MARDI;17;5;32;13;43;2;10;3;2;12;32;720;1859;1348;29147;73331;18459;398312;980564;91842;21214762.0;275986.4;10750.4;1255.6;102.8;29.5;58.0;10.5;7.7;14.8;5.4;3.5;7.5;False;20211070;euromillions_202002.csv
2021-09-03;2016+ : 50 boules / 12 etoiles;VENDREDI;5;13;29;35;7;3;7;0;12;7;114;1349;2062;4933;52470;86583;57297;630803;1128625;228457;0.0;54980.5;22028.3;421.3;65.5;31.8;18.9;6.9;7.8;5.7;4.1;3.7;3.6;False;20211071;euromillions_202002.csv
2021-09-07;2016+ : 50 boules / 12 etoiles;MARDI;42;7;19;35;43;7;9;1;3;7;41;654;1271;1719;27743;50390;24562;396556;727146;121431;26572332.0;166558.5;16683.2;887.1;102.4;39.1;41.2;10.0;10.2;10.1;4.9;4.3;5.1;False;20211072;euromillions_202002.csv
2021-09-10;2016+ : 50 boules / 12 etoiles;VENDREDI;6;7;28;18;1;2;8;0;5;16;86;1028;2343;2859;40988;92523;36393;531205;1163970;163738;0.0;127306.6;9298.0;538.8;83.0;27.0;31.5;8.6;7.1;8.7;4.7;3.4;4.8;False;20211073;euromillions_202002.csv
2021-09-14;2016+ : 50 boules / 12 etoiles;MARDI;12;38;45;18;35;2;8;0;3;1;24;475;1019;1384;22064;47353;21603;334955;719187;119659;0.0;164473.4;115320.4;1496.6;139.2;48.2;50.5;12.4;10.7;11.3;5.8;4.3;5.1;False;20211074;euromillions_202002.csv
2021-09-17;2016+ : 50 boules / 12 etoiles;VENDREDI;10;7;5;8;34;9;1;0;2;13;62;887;2032;2384;40330;96460;29898;551567;1291010;141575;0.0;348150.6;12518.2;817.5;105.2;34.1;41.4;9.5;7.4;11.5;4.9;3.4;6.1;False;20211075;euromillions_202002.csv
2021-09-21;2016+ : 50 boules / 12 etoiles;MARDI;20;25;26;30;38;8;2;0;2;3;30;621;1168;1692;26134;56056;24791;388839;842501;136014;0.0;274869.5;42827.6;1333.9;118.7;46.8;46.0;11.6;10.1;11.0;5.5;4.1;5.0;False;20211076;euromillions_202002.csv
2021-09-24;2016+ : 50 boules / 12 etoiles;VENDREDI;27;12;20;2;41;10;12;0;5;13;51;1327;3929;2540;58376;165561;36399;804602;2298981;187120;0.0;259151.2;23295.3;1849.5;130.9;32.8;72.3;12.3;8.0;17.7;6.3;3.5;8.6;False;20211077;euromillions_202002.csv
2021-09-28;2016+ : 50 boules / 12 etoiles;MARDI;12;7;6;33;39;7;1;0;4;1;47;964;2137;2467;49107;103133;37666;725287;1518558;188980;0.0;225472.9;210786.9;1396.9;125.4;42.0;51.8;10.2;9.0;11.9;4.9;3.7;5.9;False;20211078;euromillions_202002.csv
2021-10-01;2016+ : 50 boules / 12 etoiles;VENDREDI;1;19;15;48;26;6;12;0;7;16;54;1267;3003;2540;54580;137241;36320;798724;2008099;190019;0.0;174231.4;17815.3;1644.1;129.0;40.4;68.0;12.4;9.1;16.7;6.0;3.8;8.0;False;20211079;euromillions_202002.csv
2021-10-05;2016+ : 50 boules / 12 etoiles;MARDI;45;14;36;13;11;7;9;0;1;4;61;978;2054;2802;50287;100508;44193;783281;1560164;235077;0.0;1033822.9;60405.3;1233.7;141.7;50.1;52.3;11.4;10.6;11.6;5.2;4.2;5.5;False;20211080;euromillions_202002.csv
2021-10-08;2016+ : 50 boules / 12 etoiles;VENDREDI;10;42;23;46;1;3;5;0;9;23;78;1547;3194;4027;72563;151970;62333;1094972;2257847;343913;0.0;166984.9;15271.4;1402.6;130.2;46.8;52.9;11.5;10.2;12.0;5.4;4.2;5.4;False;20211081;euromillions_202002.csv
2021-10-12;2016+ : 50 boules / 12 etoiles;MARDI;13;45;22;6;49;10;11;0;9;25;78;1567;3971;3035;70710;178170;44764;1020988;2584226;237961;0.0;1315699.9;14703.3;1467.8;134.5;39.4;73.4;12.3;9.1;17.5;6.0;3.8;8.2;False;20211082;euromillions_202002.csv
2021-10-15;2016+ : 50 boules / 12 etoiles;VENDREDI;49;21;26;34;31;5;2;1;7;13;97;1630;3579;4413;82993;178081;68202;1290335;2730160;384869;220000000.0;4608445.7;33931.7;1416.4;155.2;52.5;60.6;12.6;10.9;13.7;5.7;4.3;6.1;False;20211083;euromillions_202002.csv
2021-10-19;2016+ : 50 boules / 12 etoiles;MARDI;40;4;36;41;20;1;6;0;4;5;27;447;996;981;20587;47669;15725;327664;750694;90618;0.0;135573.4;25348.5;1462.1;162.6;54.2;78.3;14.6;11.7;17.1;6.5;4.5;7.4;False;20211084;euromillions_202002.csv
2021-10-22;2016+ : 50 boules / 12 etoiles;VENDREDI;33;12;17;39;22;2;12;0;2;12;26;865;2286;1471;36139;96218;20875;505361;1286325;102778;0.0;359277.2;13994.8;2011.8;111.3;31.3;69.2;11.0;7.7;17.1;5.6;3.5;8.7;False;20211085;euromillions_202002.csv
2021-10-26;2016+ : 50 boules / 12 etoiles;MARDI;12;44;42;15;20;2;1;0;3;6;23;745;1232;1115;26132;58287;16605;394546;884029;87663;0.0;181891.5;21255.5;1727.1;98.2;44.1;69.3;11.6;9.6;16.3;5.4;3.9;7.7;False;20211086;euromillions_202002.csv
2021-10-29;2016+ : 50 boules / 12 etoiles;VENDREDI;28;10;32;15;49;9;3;0;5;6;54;868;1762;2259;38760;80265;33767;567616;1184940;187159;0.0;155676.2;30320.0;1049.3;120.2;44.0;48.8;11.1;10.0;11.4;5.4;4.1;5.2;False;20211087;euromillions_202002.csv
2021-11-02;2016+ : 50 boules / 12 etoiles;MARDI;29;43;2;3;17;4;1;0;2;9;23;666;1511;1306;28511;67606;18106;412990;969695;94282;0.0;286677.1;14889.1;1814.7;115.4;37.7;62.2;11.1;8.7;15.7;5.4;3.7;7.6;False;20211088;euromillions_202002.csv
2021-11-05;2016+ : 50 boules / 12 etoiles;VENDREDI;41;25;2;12;30;11;8;0;5;11;30;885;2206;1654;38610;94863;23785;548191;1327463;126840;0.0;161374.4;17143.5;1957.9;122.2;36.4;69.1;11.6;8.7;16.8;5.8;3.8;7.9;False;20211089;euromillions_202002.csv
2021-11-09;2016+ : 50 boules / 12 etoiles;MARDI;33;25;36;26;17;8;1;0;1;8;23;588;1475;1431;29969;72476;20724;444087;1047359;112801;0.0;651028.5;19019.5;2060.5;148.4;43.9;64.4;12.0;9.2;15.6;5.7;3.9;7.2;False;20211090;euromillions_202002.csv
2021-11-12;2016+ : 50 boules / 12 etoiles;VENDREDI;50;15;9;47;2;9;6;0;3;10;38;879;1786;2252;41559;89086;36380;631438;1347420;190793;0.0;294755.3;20666.7;1693.9;134.9;49.3;55.6;11.8;10.2;12.1;5.5;4.1;5.8;False;20211091;euromillions_202002.csv
2021-11-16;2016+ : 50 boules / 12 etoiles;MARDI;9;32;36;19;21;4;3;0;4;9;31;924;1826;1727;40494;80527;24055;572426;1150170;125935;0.0;180375.1;18736.2;1694.2;104.7;39.3;59.2;9.8;9.2;14.9;4.9;3.9;7.1;False;20211092;euromillions_202002.csv
2021-11-19;2016+ : 50 boules / 12 etoiles;VENDREDI;50;26;47;22;38;6;2;0;2;5;49;858;2266;2424;43673;95105;36558;644602;1404040;205647;0.0;493896.8;46172.7;1467.5;154.3;43.4;57.7;12.5;10.7;13.4;6.0;4.4;6.0;False;20211093;euromillions_202002.csv
2021-11-23;2016+ : 50 boules / 12 etoiles;MARDI;21;17;42;36;46;10;7;0;2;8;40;831;1819;1796;36160;78528;25664;534870;1170306;141863;0.0;397120.9;23203.4;1445.4;128.1;43.4;62.6;12.2;10.4;15.4;5.8;4.3;7.0;False;20211094;euromillions_202002.csv
2021-11-26;2016+ : 50 boules / 12 etoiles;VENDREDI;50;20;41;42;1;3;7;1;7;7;42;927;2039;2410;43094;95975;43207;684207;1461450;279019;162289050.0;152675.6;35682.8;1852.3;154.6;52.2;62.8;13.7;11.5;12.3;6.1;4.6;4.7;False;20211095;euromillions_202002.csv
2021-11-30;2016+ : 50 boules / 12 etoiles;MARDI;43;19;33;26;20;4;1;0;1;3;23;493;1105;1049;23029;53637;16002;352475;826573;86639;0.0;523711.8;40800.0;1657.5;142.4;47.2;70.7;12.6;10.1;16.3;5.8;4.0;7.5;False;20211096;euromillions_202002.csv
2021-12-03;2016+ : 50 boules / 12 etoiles;VENDREDI;46;21;32;22;29;9;10;0;6;9;45;1029;2401;2095;50869;116931;31282;774721;1816954;168029;0.0;197329.2;30746.0;1915.3;154.2;49.1;80.1;12.9;10.4;18.8;6.0;4.1;8.8;False;20211097;euromillions_202002.csv
2021-12-07;2016+ : 50 boules / 12 etoiles;MARDI;22;31;46;47;38;7;11;1;2;8;38;744;1596;1666;36010;77524;26098;534527;1156075;147002;143469842.0;418527.2;24454.1;1603.5;150.8;52.2;71.2;12.9;11.1;15.9;6.1;4.6;7.1;False;20211098;euromillions_202002.csv
2021-12-10;2016+ : 50 boules / 12 etoiles;VENDREDI;11;21;42;38;33;8;2;0;1;9;51;858;1868;2416;36195;78448;34309;511808;1114785;177263;0.0;702913.6;18253.6;1003.3;109.8;37.4;41.2;10.7;9.2;10.2;5.4;4.0;4.9;False;20211099;euromillions_202002.csv
2021-12-14;2016+ : 50 boules / 12 etoiles;MARDI;37;19;47;21;48;3;6;0;2;5;28;535;1122;1278;23986;50934;20117;372695;779628;115410;0.0;268761.2;25125.5;1397.4;134.7;47.7;59.6;12.4;10.9;13.3;5.6;4.3;5.8;False;20211100;euromillions_202002.csv
2021-12-17;2016+ : 50 boules / 12 etoiles;VENDREDI;30;1;35;2;15;2;7;0;0;5;48;751;1409;2196;35775;70036;34116;547917;1072072;186957;0.0;0.0;181673.9;1116.6;131.4;52.0;47.5;11.4;10.8;10.7;5.3;4.3;4.9;False;20211101;euromillions_202002.csv
2021-12-21;2016+ : 50 boules / 12 etoiles;MARDI;34;38;17;12;21;2;3;0;9;12;42;931;1810;1477;37634;70096;20595;501404;956524;104598;0.0;65400.7;11463.9;1020.2;84.7;32.3;56.4;8.6;8.6;14.2;4.6;3.9;7.0;False;20211102;euromillions_202002.csv
2021-12-24;2016+ : 50 boules / 12 etoiles;VENDREDI;41;2;34;26;28;10;5;0;2;7;32;722;1652;1653;35790;82458;27096;560096;1282198;151724;0.0;437555.9;29218.2;1990.7;162.5;52.7;75.0;13.5;10.9;16.0;6.1;4.3;7.2;False;20211103;euromillions_202002.csv
2021-12-28;2016+ : 50 boules / 12 etoiles;MARDI;4;29;15;17;6;9;12;1;5;20;29;855;2372;1266;33956;90446;17231;447127;1159648;87730;79411191.0;123889.4;7238.7;1554.9;97.1;26.0;69.3;10.1;7.0;17.9;5.4;3.3;8.8;False;20211104;euromillions_202002.csv
2021-12-31;2016+ : 50 boules / 12 etoiles;VENDREDI;25;7;43;22;49;7;6;1;13;14;63;1422;2843;2488;52251;97175;33903;729226;1384192;175632;17571602.0;70556.7;15312.3;1059.8;86.4;32.1;52.2;9.7;9.7;13.4;4.9;4.2;6.5;False;20211105;euromillions_202002.csv
2022-01-04;2016+ : 50 boules / 12 etoiles;MARDI;28;41;18;35;36;6;11;0;0;4;15;441;986;914;19243;44666;14142;294292;700245;78161;0.0;0.0;153095.5;2408.9;150.9;50.1;76.9;14.3;11.4;17.4;6.6;4.5;7.9;False;20222001;euromillions_202002.csv
2022-01-07;2016+ : 50 boules / 12 etoiles;VENDREDI;14;2;50;37;44;7;11;0;4;3;35;697;1496;1521;30889;71317;22200;457480;1021956;123601;0.0;175313.9;54631.6;1458.5;134.9;46.6;65.3;12.6;10.1;15.7;6.0;4.3;7.1;False;20222002;euromillions_202002.csv
2022-01-11;2016+ : 50 boules / 12 etoiles;MARDI;33;23;44;32;4;12;9;0;4;7;24;601;1613;1011;27126;71603;14452;370274;949409;76170;0.0;140479.6;18761.3;1704.4;125.3;34.7;78.7;11.5;8.1;19.3;5.9;3.7;9.2;False;20222003;euromillions_202002.csv
2022-01-14;2016+ : 50 boules / 12 etoiles;VENDREDI;25;6;46;17;31;12;9;0;7;11;33;770;2062;1386;35096;88805;20404;495606;1256717;105704;0.0;108903.2;16197.0;1681.6;132.7;36.8;77.9;12.0;8.8;18.6;6.0;3.8;9.0;False;20222004;euromillions_202002.csv
2022-01-18;2016+ : 50 boules / 12 etoiles;MARDI;12;30;24;3;19;5;2;1;7;13;80;1255;2525;2755;45913;90734;30831;541879;1081853;141146;67441797.0;86794.8;10922.9;552.8;64.9;23.9;31.2;7.3;6.9;9.8;4.4;3.5;5.3;False;20222005;euromillions_202002.csv
2022-01-21;2016+ : 50 boules / 12 etoiles;VENDREDI;5;35;39;14;36;12;7;0;3;14;59;1208;2897;2442;56740;131061;38943;879290;2027241;215662;0.0;455155.7;22795.1;1684.7;151.5;46.9;79.2;13.3;10.7;17.4;6.1;4.2;7.9;False;20222006;euromillions_202002.csv
2022-01-25;2016+ : 50 boules / 12 etoiles;MARDI;16;6;47;18;39;2;4;0;2;5;20;521;1193;1197;24959;53056;18475;379068;806852;103012;0.0;272591.2;25483.6;1984.3;140.3;45.5;64.5;12.1;10.6;14.6;5.6;4.2;6.6;False;20222007;euromillions_202002.csv
2022-01-28;2016+ : 50 boules / 12 etoiles;VENDREDI;34;10;25;29;45;10;9;0;2;8;26;728;1664;1332;34148;77190;20463;514161;1184365;107585;0.0;385053.2;22498.3;2156.2;141.8;46.1;81.9;12.5;10.3;18.7;5.9;4.1;8.9;False;20222008;euromillions_202002.csv
2022-02-01;2016+ : 50 boules / 12 etoiles;MARDI;49;36;1;19;38;9;6;0;2;2;29;524;1195;1442;25874;55604;21962;400084;861844;124262;0.0;301800.6;70535.7;1515.1;154.4;50.3;59.3;12.9;11.2;13.6;5.9;4.4;6.0;False;20222009;euromillions_202002.csv
2022-02-04;2016+ : 50 boules / 12 etoiles;VENDREDI;49;38;3;25;43;7;3;1;9;11;83;1325;2796;4334;63476;128892;68027;951638;1915122;378974;130000000.0;151235.5;28919.6;1193.7;137.7;48.4;44.5;11.9;10.9;9.9;5.6;4.5;4.4;False;20222010;euromillions_202002.csv
2022-02-08;2016+ : 50 boules / 12 etoiles;MARDI;43;34;20;6;37;7;10;0;3;1;19;495;1039;1002;20518;46707;14890;322187;718892;86129;0.0;172300.8;120808.6;1980.4;140.0;49.5;73.1;13.9;11.4;17.2;6.3;4.5;7.5;False;20222011;euromillions_202002.csv
2022-02-11;2016+ : 50 boules / 12 etoiles;VENDREDI;45;13;42;18;38;7;11;1;3;7;33;746;1720;1627;34601;75151;24950;511434;1115721;133275;30928078.0;242348.5;24274.6;1603.8;130.6;42.1;63.3;11.6;10.0;14.5;5.6;4.1;6.8;False;20222012;euromillions_202002.csv
2022-02-15;2016+ : 50 boules / 12 etoiles;MARDI;33;20;31;9;44;12;2;0;2;9;22;464;1394;979;21957;56956;13358;318971;814913;69371;0.0;248591.9;12911.1;1645.1;143.6;35.5;71.9;12.5;9.0;18.5;6.1;3.8;8.9;False;20222013;euromillions_202002.csv
2022-02-18;2016+ : 50 boules / 12 etoiles;VENDREDI;25;41;50;43;38;6;10;0;2;5;31;533;1396;1351;27049;64231;19585;403027;962264;109089;0.0;349382.3;32662.5;1640.9;175.8;49.8;73.3;14.3;11.2;17.7;6.8;4.6;8.0;False;20222014;euromillions_202002.csv
2022-02-22;2016+ : 50 boules / 12 etoiles;MARDI;26;32;14;5;9;7;3;0;3;3;77;799;1490;2694;33685;65678;35158;457147;889711;174133;0.0;183996.6;43003.0;521.8;92.6;36.9;29.0;9.1;8.6;7.8;4.7;3.9;3.9;False;20222015;euromillions_202002.csv
2022-02-25;2016+ : 50 boules / 12 etoiles;VENDREDI;24;10;30;42;13;1;5;0;4;6;39;1070;2232;2060;43199;93110;28930;582386;1257206;141194;0.0;184664.5;28772.7;1378.7;92.5;32.9;50.8;9.4;8.2;12.7;5.0;3.7;6.5;False;20222016;euromillions_202002.csv
2022-03-01;2016+ : 50 boules / 12 etoiles;MARDI;26;24;42;39;8;5;3;0;5;11;46;723;1497;1742;29894;59918;24968;422388;842682;132283;0.0;112506.9;11952.1;890.2;104.3;37.4;45.7;10.4;9.7;11.2;5.2;4.2;5.3;False;20222017;euromillions_202002.csv
2022-03-04;2016+ : 50 boules / 12 etoiles;VENDREDI;40;20;43;6;42;10;12;1;2;6;29;605;1487;1220;28323;74154;19512;426633;1184843;105583;78587957.0;394609.6;30742.2;1981.1;174.9;52.8;91.7;15.4;11.0;20.1;7.3;4.2;9.3;False;20222018;euromillions_202002.csv
2022-03-08;2016+ : 50 boules / 12 etoiles;MARDI;18;12;31;25;21;9;2;0;4;16;46;825;1715;1651;31873;65731;21459;409157;848061;104736;0.0;122344.2;7148.4;774.4;79.5;28.4;42.0;8.5;7.7;11.3;4.7;3.6;5.8;False;20222019;euromillions_202002.csv
2022-03-11;2016+ : 50 boules / 12 etoiles;VENDREDI;23;22;12;19;48;6;2;0;1;10;50;822;1741;2509;39716;82995;34390;571093;1180456;161325;0.0;684094.8;15988.4;996.0;111.6;39.1;38.6;9.5;8.5;9.9;4.7;3.6;5.3;False;20222020;euromillions_202002.csv
2022-03-15;2016+ : 50 boules / 12 etoiles;MARDI;2;26;19;12;1;8;2;0;0;8;87;1051;1858;2705;36928;72137;30929;442888;907842;138426;0.0;0.0;79899.7;433.5;66.1;27.7;27.1;7.7;7.4;8.3;4.6;3.6;4.6;False;20222021;euromillions_202002.csv
2022-03-18;2016+ : 50 boules / 12 etoiles;VENDREDI;43;1;9;14;17;12;6;2;2;4;41;706;1877;1475;33136;89281;20381;473322;1262098;106380;26825597.0;355494.7;41542.4;1262.3;135.0;37.7;68.3;11.9;8.2;17.3;5.9;3.5;8.3;False;20222022;euromillions_202002.csv
2022-03-22;2016+ : 50 boules / 12 etoiles;MARDI;7;29;17;40;21;8;11;0;3;12;22;629;1634;1078;26797;66812;14982;352656;870083;72714;0.0;154557.3;9030.6;1534.2;98.8;28.2;60.9;9.6;7.1;15.4;5.1;3.3;7.9;False;20222023;euromillions_202002.csv
2022-03-25;2016+ : 50 boules / 12 etoiles;VENDREDI;10;29;24;6;27;12;5;0;1;15;30;1033;2571;1519;40218;99544;21028;529199;1295523;105464;0.0;710352.4;11068.0;1723.7;92.2;27.5;66.2;9.8;7.3;16.8;5.2;3.4;8.4;False;20222024;euromillions_202002.csv
2022-03-29;2016+ : 50 boules / 12 etoiles;MARDI;43;33;11;8;42;11;6;0;5;7;17;515;1190;1021;22684;53313;16431;338438;807430;86320;0.0;101294.9;16910.2;2168.8;131.8;42.3;70.3;12.4;9.8;15.3;5.9;3.9;7.3;False;20222025;euromillions_202002.csv
2022-04-01;2016+ : 50 boules / 12 etoiles;VENDREDI;21;45;31;2;7;10;4;0;2;9;37;810;2085;1607;35148;91275;22986;503421;1277295;118816;0.0;366112.2;19014.7;1440.6;121.2;34.9;64.5;11.5;8.2;15.8;5.7;3.6;7.7;False;20222026;euromillions_202002.csv
2022-04-05;2016+ : 50 boules / 12 etoiles;MARDI;13;1;24;11;49;5;6;0;4;8;42;825;1651;1567;34174;69799;20735;461263;926680;101715;0.0;138494.1;16184.1;960.1;90.0;33.4;50.1;9.0;8.2;13.3;4.7;3.7;6.8;False;20222027;euromillions_202002.csv
2022-04-08;2016+ : 50 boules / 12 etoiles;VENDREDI;16;38;1;45;15;4;11;0;0;5;34;610;1456;1447;29759;72027;21524;471896;1146720;119901;0.0;0.0;186499.3;1618.3;166.1;51.7;74.0;14.1;10.8;17.4;6.3;4.1;7.8;False;20222028;euromillions_202002.csv
2022-04-12;2016+ : 50 boules / 12 etoiles;MARDI;30;47;35;31;21;10;2;0;1;4;19;470;1075;1116;23046;55100;17129;364947;873641;96434;0.0;596185.7;34834.6;2284.2;170.1;55.2;75.7;14.3;11.1;17.3;6.4;4.3;7.7;False;20222029;euromillions_202002.csv
2022-04-15;2016+ : 50 boules / 12 etoiles;VENDREDI;32;48;6;24;30;6;5;0;1;8;45;928;1754;1908;39470;77433;26410;572191;1122181;140945;0.0;781552.4;22832.7;1264.3;112.9;44.3;58.0;11.0;10.4;14.7;5.3;4.4;6.9;False;20222030;euromillions_202002.csv
2022-04-19;2016+ : 50 boules / 12 etoiles;MARDI;28;46;2;17;12;10;6;0;2;5;45;770;1906;1615;33018;83185;21749;455485;1142793;110648;0.0;324441.0;30330.8;1049.7;113.0;33.9;56.9;10.9;8.0;14.8;5.6;3.6;7.3;False;20222031;euromillions_202002.csv
2022-04-22;2016+ : 50 boules / 12 etoiles;VENDREDI;11;6;35;36;21;9;1;0;5;9;56;992;2257;2289;45706;105901;34473;674804;1559220;184360;0.0;195342.0;25363.6;1269.6;132.0;43.1;60.4;11.8;9.5;14.1;5.7;3.9;6.6;False;20222032;euromillions_202002.csv
2022-04-26;2016+ : 50 boules / 12 etoiles;MARDI;25;4;28;34;45;11;8;0;3;5;36;797;1753;1693;36848;84377;25263;560118;1301549;136157;0.0;280770.6;39372.4;1703.2;141.7;47.8;70.5;12.6;10.3;16.6;5.9;4.1;7.7;False;20222033;euromillions_202002.csv
2022-04-29;2016+ : 50 boules / 12 etoiles;VENDREDI;37;36;10;20;11;7;3;0;1;9;75;1100;2513;4020;57714;119581;68076;900439;1835388;374753;0.0;1222554.5;31747.9;1186.6;149.0;48.4;43.1;11.7;10.5;8.9;5.3;4.2;4.0;False;20222034;euromillions_202002.csv
2022-05-03;2016+ : 50 boules / 12 etoiles;MARDI;26;48;47;8;20;8;3;0;4;5;47;892;1852;2459;43316;90377;38194;664875;1383542;208019;0.0;238540.9;44600.7;1477.8;143.4;51.3;55.0;12.2;10.9;12.4;5.6;4.3;5.7;False;20222035;euromillions_202002.csv
2022-05-06;2016+ : 50 boules / 12 etoiles;VENDREDI;3;24;8;18;40;11;3;0;5;16;89;1691;3801;3394;73930;165872;46528;989228;2237066;234573;0.0;265989.5;19426.9;1087.8;105.4;34.8;55.5;9.9;8.2;14.2;5.3;3.7;7.1;False;20222036;euromillions_202002.csv
2022-05-10;2016+ : 50 boules / 12 etoiles;MARDI;28;3;29;25;27;4;9;1;6;11;71;1534;3287;3546;65036;144748;56158;946218;2100825;305303;215840341.0;211426.5;26953.0;1300.6;110.8;38.4;50.7;10.8;9.0;11.2;5.2;3.8;5.2;False;20222037;euromillions_202002.csv
2022-05-13;2016+ : 50 boules / 12 etoiles;VENDREDI;11;45;17;48;3;8;4;0;5;8;57;766;1846;2190;38410;88536;32898;573450;1298894;173927;0.0;160032.0;23376.3;1021.9;140.0;43.1;51.7;11.5;9.3;12.1;5.5;3.9;5.7;False;20222038;euromillions_202002.csv
2022-05-17;2016+ : 50 boules / 12 etoiles;MARDI;49;28;30;5;48;5;11;0;2;2;19;447;924;1070;22610;48320;16535;347142;756950;90264;0.0;257215.2;60115.4;1970.9;154.3;55.4;68.1;12.6;11.0;15.4;5.8;4.3;7.1;False;20222039;euromillions_202002.csv
2022-05-20;2016+ : 50 boules / 12 etoiles;VENDREDI;32;23;8;22;50;3;9;0;3;6;51;749;1549;2042;35345;76630;32205;530839;1128168;170398;0.0;235008.1;27462.6;1006.3;126.2;45.3;48.9;11.0;9.5;10.9;5.2;3.9;5.1;False;20222040;euromillions_202002.csv
2022-05-24;2016+ : 50 boules / 12 etoiles;MARDI;27;13;10;36;37;10;2;1;1;3;34;541;1316;1277;25446;60944;18138;375666;898612;93118;50656220.0;537399.7;41866.3;1150.6;133.2;40.6;59.6;11.7;9.1;14.7;5.6;3.8;7.2;False;20222041;euromillions_202002.csv
2022-05-27;2016+ : 50 boules / 12 etoiles;VENDREDI;15;34;28;48;23;3;5;0;4;9;41;737;1421;1955;33243;63461;29864;490862;945421;159182;0.0;160252.9;16646.1;1138.1;116.6;44.9;46.4;10.7;10.4;10.6;5.1;4.3;5.0;False;20222042;euromillions_202002.csv
2022-05-31;2016+ : 50 boules / 12 etoiles;MARDI;42;13;10;49;3;3;9;0;4;2;52;690;1179;2030;30324;56635;29855;425458;820737;132089;0.0;128700.6;60158.9;720.6;100.0;43.4;35.9;9.4;9.4;8.5;4.7;3.9;4.8;False;20222043;euromillions_202002.csv
2022-06-03;2016+ : 50 boules / 12 etoiles;VENDREDI;29;12;48;28;34;9;11;0;2;3;23;563;1452;1322;30360;71744;19667;459619;1086312;106808;0.0;347955.6;54215.3;2202.6;165.7;47.7;74.6;12.7;10.0;17.6;5.9;4.0;8.1;False;20222044;euromillions_202002.csv
2022-06-07;2016+ : 50 boules / 12 etoiles;MARDI;17;6;31;25;16;2;6;0;5;12;47;878;1575;2118;32464;64639;25851;431683;884753;124247;0.0;106815.1;10401.8;827.2;81.5;33.7;35.7;9.1;8.5;10.2;4.8;3.8;5.3;False;20222045;euromillions_202002.csv
2022-06-10;2016+ : 50 boules / 12 etoiles;VENDREDI;37;26;40;17;36;9;12;1;1;4;29;646;1776;1253;29222;71030;18083;437591;1088946;99015;64382899.0;728597.5;42571.3;1828.9;151.2;40.8;82.4;13.8;10.6;20.0;6.5;4.2;9.2;False;20222046;euromillions_202002.csv
2022-06-14;2016+ : 50 boules / 12 etoiles;MARDI;7;40;2;27;34;3;11;0;4;8;21;499;1176;1110;23068;55124;15940;346130;795376;83711;0.0;122154.3;14274.7;1693.8;131.3;41.3;62.4;11.7;9.1;15.2;5.5;3.9;7.3;False;20222047;euromillions_202002.csv
2022-06-17;2016+ : 50 boules / 12 etoiles;VENDREDI;21;22;38;19;31;7;11;0;1;17;64;1257;2568;3032;59242;128636;42883;872854;1904166;222710;0.0;1165998.0;16030.1;1326.2;124.3;45.2;54.5;10.9;9.3;13.5;5.2;3.8;6.5;False;20222048;euromillions_202002.csv
2022-06-21;2016+ : 50 boules / 12 etoiles;MARDI;23;36;39;6;47;10;8;0;3;8;38;919;2078;1721;37137;86514;24873;538912;1270534;135871;0.0;283193.5;24820.1;1627.5;123.9;40.7;69.9;12.7;10.1;17.0;6.2;4.2;7.8;False;20222049;euromillions_202002.csv
2022-06-24;2016+ : 50 boules / 12 etoiles;VENDREDI;50;44;17;10;28;12;8;0;2;9;55;1264;3134;2286;55816;131618;31353;749465;1841469;160498;0.0;540484.2;28071.1;1430.7;114.6;34.3;67.0;10.7;8.4;17.1;5.6;3.7;8.4;False;20222050;euromillions_202002.csv
2022-06-28;2016+ : 50 boules / 12 etoiles;MARDI;35;10;47;42;48;11;2;0;5;6;32;816;1737;1674;35380;81596;27324;549223;1272807;158205;0.0;184886.3;36009.1;2102.9;151.9;53.0;78.2;14.5;11.7;16.8;6.6;4.6;7.3;False;20222051;euromillions_202002.csv
2022-07-01;2016+ : 50 boules / 12 etoiles;VENDREDI;46;6;34;24;18;12;3;0;4;18;80;1386;3286;2460;59403;140590;36778;841034;1998110;192169;0.0;318058.6;16519.0;1157.6;123.0;38.5;73.3;11.8;9.3;17.2;5.9;4.0;8.2;False;22052;euromillions_202002.csv
2022-07-05;2016+ : 50 boules / 12 etoiles;MARDI;7;25;48;45;10;3;6;0;8;6;61;1318;2911;3044;59701;129049;46292;873761;1869390;247828;0.0;147139.8;45852.0;1404.7;119.7;40.2;54.8;10.9;9.4;12.6;5.3;4.0;5.9;False;22053;euromillions_202002.csv
2022-07-08;2016+ : 50 boules / 12 etoiles;VENDREDI;28;46;43;35;31;7;4;0;9;19;90;1566;3424;3945;69278;149123;59724;1051572;2217981;345994;0.0;1453438.0;19952.4;1311.9;138.8;47.1;58.2;13.0;11.2;13.5;6.0;4.6;5.8;False;22054;euromillions_202002.csv
2022-07-12;2016+ : 50 boules / 12 etoiles;MARDI;50;18;25;24;14;11;6;0;5;10;47;1314;2986;2889;60640;143449;43803;914593;2152649;237936;0.0;4569745.7;31243.4;2070.5;136.4;44.5;65.5;12.2;9.6;15.2;5.7;3.9;7.0;False;22055;euromillions_202002.csv
2022-07-15;2016+ : 50 boules / 12 etoiles;VENDREDI;38;17;29;9;39;10;7;0;14;14;107;2251;4949;4163;86203;191410;54892;1140157;2538124;282715;0.0;1884992.9;25775.5;1050.4;91.9;31.0;52.5;9.9;8.3;14.0;5.3;3.8;6.8;False;22056;euromillions_202002.csv
2022-07-19;2016+ : 50 boules / 12 etoiles;MARDI;41;6;27;40;23;2;12;1;5;10;67;1276;3133;2639;58277;142338;37647;857757;2091175;199892;230000000.0;4413400.8;30174.5;1402.7;135.6;41.0;69.3;12.3;9.3;17.0;5.9;3.9;8.0;False;22057;euromillions_202002.csv
2022-07-22;2016+ : 50 boules / 12 etoiles;VENDREDI;32;29;50;18;16;11;4;0;0;9;32;779;1847;1719;36344;84710;25769;532663;1262564;133912;0.0;0.0;112283.5;1863.4;141.0;44.1;67.5;12.5;10.0;15.8;6.0;4.1;7.6;False;22058;euromillions_202002.csv
2022-07-26;2016+ : 50 boules / 12 etoiles;MARDI;3;5;17;27;25;9;1;0;5;16;43;1018;2530;2020;38350;90657;24340;466657;1093742;108805;0.0;109395.7;7989.8;926.0;72.0;21.5;38.3;7.9;6.2;11.1;4.6;3.1;6.2;False;22059;euromillions_202002.csv
2022-07-29;2016+ : 50 boules / 12 etoiles;VENDREDI;38;48;43;23;3;8;3;1;3;9;52;886;1674;2530;39072;73325;32761;528289;1053160;173838;41717625.0;247760.3;19301.8;1040.5;112.4;44.2;41.6;10.5;10.4;11.3;5.5;4.4;5.3;False;22060;euromillions_202002.csv
2022-08-02;2016+ : 50 boules / 12 etoiles;MARDI;28;48;18;40;7;11;8;0;4;3;28;624;1374;1233;27347;58837;16037;358935;834701;82240;0.0;128508.6;40046.1;1336.4;110.4;37.2;59.1;10.4;9.0;15.9;5.6;3.9;7.8;False;22061;euromillions_202002.csv
2022-08-05;2016+ : 50 boules / 12 etoiles;VENDREDI;29;3;44;33;35;10;8;0;3;5;43;594;1444;1343;29962;72826;19596;449494;1086210;106863;0.0;232396.3;32588.9;1180.3;157.3;48.0;73.5;12.9;9.9;17.7;6.1;4.0;8.1;False;22062;euromillions_202002.csv
2022-08-09;2016+ : 50 boules / 12 etoiles;MARDI;47;18;21;19;27;11;5;0;1;5;22;553;1267;1356;28461;64345;19501;419668;943205;99093;0.0;548278.9;25628.3;1814.2;132.9;43.1;57.3;10.7;8.8;14.0;5.1;3.6;6.9;False;22063;euromillions_202002.csv
2022-08-12;2016+ : 50 boules / 12 etoiles;VENDREDI;14;42;35;17;34;10;6;0;1;5;33;779;1913;1605;33419;80193;22802;471237;1146192;119960;0.0;734594.7;34337.3;1620.4;126.4;38.2;64.8;12.2;9.4;16.0;6.1;4.0;7.6;False;22064;euromillions_202002.csv
2022-08-16;2016+ : 50 boules / 12 etoiles;MARDI;10;25;14;39;32;7;8;0;1;8;32;688;1353;1283;29745;56424;18294;432022;825623;98087;0.0;553832.8;16179.9;1259.9;107.9;40.7;61.1;10.3;10.1;15.0;5.0;4.2;7.0;False;22065;euromillions_202002.csv
2022-08-19;2016+ : 50 boules / 12 etoiles;VENDREDI;9;2;19;38;13;2;6;0;8;11;58;1092;2104;2913;48895;97525;38526;638876;1328725;176398;0.0;95084.0;16161.9;954.7;93.4;36.0;37.0;8.6;8.0;9.8;4.6;3.6;5.4;False;20222066;euromillions_202002.csv
2022-08-23;2016+ : 50 boules / 12 etoiles;MARDI;48;39;26;19;31;2;3;0;0;5;22;688;1299;1150;29118;59930;18375;444562;893378;106314;0.0;0.0;152669.5;2047.3;120.5;47.4;76.2;11.8;10.6;16.7;5.4;4.4;7.2;False;22067;euromillions_202002.csv
2022-08-26;2016+ : 50 boules / 12 etoiles;VENDREDI;22;23;44;25;38;12;11;0;6;9;36;761;2228;1559;36246;103764;22218;526132;1503262;117951;0.0;143631.3;22379.3;1742.6;151.8;38.5;78.3;13.2;8.5;19.3;6.4;3.6;9.1;False;22068;euromillions_202002.csv
2022-08-30;2016+ : 50 boules / 12 etoiles;MARDI;6;10;4;15;19;1;4;0;6;18;44;1507;2787;2278;48513;102550;28293;574500;1287400;128023;0.0;117055.2;9119.2;1161.9;62.4;25.1;43.7;8.0;7.0;12.3;4.8;3.4;6.8;False;22069;euromillions_202002.csv
2022-09-02;2016+ : 50 boules / 12 etoiles;VENDREDI;7;45;12;20;13;3;12;1;5;17;40;1227;2875;2083;55173;129049;29649;747913;1778737;150508;128491607.0;193666.8;13312.6;1762.2;105.8;33.5;65.9;9.7;7.7;16.2;5.1;3.4;8.0;False;22070;euromillions_202002.csv
2022-09-06;2016+ : 50 boules / 12 etoiles;MARDI;10;44;7;29;22;4;5;0;8;8;38;916;1868;1529;36811;73191;20167;465267;933795;98756;0.0;66901.2;15635.9;1025.3;78.3;28.5;49.6;8.0;7.5;13.2;4.5;3.6;6.7;False;22071;euromillions_202002.csv
2022-09-09;2016+ : 50 boules / 12 etoiles;VENDREDI;26;17;23;24;27;4;9;0;7;11;71;1547;3427;3846;65480;147134;57158;935906;2053887;282824;0.0;164877.8;24522.0;1183.3;100.0;33.5;42.5;9.7;8.1;10.0;4.8;3.5;5.1;False;22072;euromillions_202002.csv
2022-09-13;2016+ : 50 boules / 12 etoiles;MARDI;40;9;12;15;47;1;11;0;2;9;31;725;1813;1694;35047;91240;23218;529536;1375378;126596;0.0;415209.7;21564.7;1950.0;153.5;45.6;69.4;13.1;9.4;17.8;6.1;3.8;8.2;False;22073;euromillions_202002.csv
2022-09-16;2016+ : 50 boules / 12 etoiles;VENDREDI;49;10;45;36;27;3;4;0;6;7;38;1121;2347;2009;50031;105337;31691;733690;1541747;177657;0.0;178373.6;35733.3;2050.2;128.0;45.4;75.5;11.8;10.5;16.8;5.7;4.4;7.5;False;22074;euromillions_202002.csv
2022-09-20;2016+ : 50 boules / 12 etoiles;MARDI;21;11;32;48;23;12;3;0;7;11;41;999;2396;1771;43062;103568;25261;605372;1453014;130620;0.0;122581.8;18231.4;1523.5;115.1;35.6;68.6;11.0;8.5;16.9;5.5;3.7;8.2;False;22075;euromillions_202002.csv
2022-09-23;2016+ : 50 boules / 12 etoiles;VENDREDI;22;35;48;15;14;8;3;1;8;7;78;1223;2570;3125;55468;116597;46012;826670;1738164;251145;193007524.0;144591.6;38621.0;1079.5;126.8;44.8;52.4;11.5;10.2;12.5;5.5;4.2;5.7;False;22076;euromillions_202002.csv
2022-09-27;2016+ : 50 boules / 12 etoiles;MARDI;34;4;44;20;21;3;1;0;4;3;28;493;1145;1039;23499;54838;16185;357150;796179;90109;0.0;128443.8;40025.9;1335.7;139.7;44.6;70.1;12.1;9.6;15.8;5.6;4.1;7.1;False;22077;euromillions_202002.csv
2022-09-30;2016+ : 50 boules / 12 etoiles;VENDREDI;2;16;11;1;26;3;12;0;4;8;35;939;2396;1410;37307;98004;20078;506261;1280166;104135;0.0;179820.0;21013.4;1496.0;102.7;29.9;72.3;10.7;7.5;17.8;5.6;3.5;8.6;False;22078;euromillions_202002.csv
2022-10-04;2016+ : 50 boules / 12 etoiles;MARDI;3;28;18;43;42;12;3;0;6;8;34;563;1400;1135;26024;61054;16195;379440;888552;83444;0.0;92436.5;16202.9;1187.4;132.1;39.4;69.2;11.8;9.3;17.0;5.7;3.9;8.3;False;22079;euromillions_202002.csv
2022-10-07;2016+ : 50 boules / 12 etoiles;VENDREDI;50;27;45;26;42;12;1;0;1;7;28;610;1399;1304;26962;69411;21194;419972;1151977;114346;0.0;758017.1;25308.7;1970.7;166.6;53.9;82.4;15.6;11.2;17.8;7.1;4.1;8.3;False;22080;euromillions_202002.csv
2022-10-11;2016+ : 50 boules / 12 etoiles;MARDI;40;35;8;32;23;8;1;0;1;5;27;677;1654;1308;28746;64639;18717;395850;900105;102097;0.0;592272.5;27684.7;1596.8;117.3;35.6;64.1;11.4;9.4;15.7;5.9;4.1;7.2;False;22081;euromillions_202002.csv
2022-10-14;2016+ : 50 boules / 12 etoiles;VENDREDI;28;48;29;24;34;7;3;0;3;4;47;684;1505;2196;33592;69182;37816;542207;1099185;233505;0.0;261311.7;45804.6;1214.2;153.6;51.8;50.6;12.9;11.7;10.3;5.7;4.5;4.2;False;22082;euromillions_202002.csv
2022-10-18;2016+ : 50 boules / 12 etoiles;MARDI;42;3;5;48;13;6;1;0;4;5;31;595;1504;1372;30673;73614;21352;451977;1064813;108701;0.0;155132.3;29005.5;1457.1;139.8;41.1;64.1;11.2;8.7;14.4;5.4;3.7;7.1;False;22083;euromillions_202002.csv
2022-10-21;2016+ : 50 boules / 12 etoiles;VENDREDI;26;28;38;25;40;1;6;0;2;11;35;829;1865;1731;36432;85805;26235;558724;1324150;146703;0.0;427941.3;18184.8;1780.1;138.4;45.7;70.0;13.0;10.3;16.2;6.0;4.1;7.3;False;22084;euromillions_202002.csv
2022-10-25;2016+ : 50 boules / 12 etoiles;MARDI;24;7;46;34;39;6;1;0;2;5;32;643;1534;1407;29347;72763;22103;453110;1095415;122624;0.0;357879.7;33456.9;1628.2;149.2;46.4;72.1;13.5;10.1;16.1;6.2;4.1;7.3;False;22085;euromillions_202002.csv
2022-10-28;2016+ : 50 boules / 12 etoiles;VENDREDI;28;35;21;16;14;11;1;0;1;16;73;2319;7431;1966;45029;124632;27405;618311;1628382;144772;0.0;948590.3;13856.3;945.9;54.8;12.7;68.4;11.7;7.8;17.2;6.0;3.7;8.2;False;22086;euromillions_202002.csv
2022-11-01;2016+ : 50 boules / 12 etoiles;MARDI;42;48;19;37;47;6;1;0;2;8;25;626;1439;1347;28884;70570;22587;446372;1075611;126246;0.0;370898.3;21671.2;2160.0;158.9;51.3;78.0;14.2;10.8;16.3;6.5;4.3;7.3;False;22087;euromillions_202002.csv
2022-11-04;2016+ : 50 boules / 12 etoiles;VENDREDI;11;2;37;47;45;2;3;1;2;10;51;1100;2259;2139;51290;104682;33996;797170;1616411;193417;160788895.0;572462.0;26758.7;1634.2;139.5;50.4;75.8;12.4;11.3;16.7;5.6;4.5;7.4;False;22088;euromillions_202002.csv
2022-11-08;2016+ : 50 boules / 12 etoiles;MARDI;50;32;33;5;3;1;8;0;3;3;15;451;1108;979;22369;51701;16606;355759;821545;90609;0.0;173618.2;40577.4;2527.7;154.8;46.8;75.4;12.9;10.4;15.6;5.7;4.0;7.2;False;22089;euromillions_202002.csv
2022-11-11;2016+ : 50 boules / 12 etoiles;VENDREDI;25;2;19;44;24;2;10;0;3;8;35;764;1585;1607;35260;78973;23625;509901;1164650;117657;0.0;230878.4;20235.0;1440.6;121.5;43.5;61.1;10.9;9.0;14.6;5.3;3.7;7.3;False;22090;euromillions_202002.csv
2022-11-15;2016+ : 50 boules / 12 etoiles;MARDI;31;21;13;24;33;1;12;0;3;6;25;595;1932;1176;26062;79418;16057;348245;1026922;80918;0.0;179655.8;20994.2;1569.4;121.4;27.7;64.9;11.4;7.0;16.7;6.1;3.3;8.3;False;22091;euromillions_202002.csv
2022-11-18;2016+ : 50 boules / 12 etoiles;VENDREDI;41;13;35;19;16;11;1;0;3;11;33;658;1722;1424;30629;78666;21279;463190;1201485;114630;0.0;245766.1;15665.3;1626.4;150.2;42.6;73.3;13.3;9.6;17.2;6.2;3.9;8.0;False;22092;euromillions_202002.csv
2022-11-22;2016+ : 50 boules / 12 etoiles;MARDI;24;29;42;21;22;3;11;0;2;3;20;503;1170;1214;26626;60413;19094;411289;921198;101554;0.0;280000.8;43627.2;2038.3;149.2;47.6;65.3;11.6;9.5;14.6;5.3;3.8;6.9;False;22093;euromillions_202002.csv
2022-11-25;2016+ : 50 boules / 12 etoiles;VENDREDI;21;19;39;35;37;2;6;0;4;10;39;812;1687;1986;35846;78160;30221;533344;1156230;164651;0.0;192883.5;18032.0;1440.1;127.4;45.5;55.0;11.9;10.2;12.7;5.7;4.2;5.8;False;22094;euromillions_202002.csv
2022-11-29;2016+ : 50 boules / 12 etoiles;MARDI;20;38;35;15;24;12;8;0;1;1;24;552;1405;1051;25966;64037;16173;389623;972239;86791;0.0;614404.5;143596.4;1863.6;149.2;43.5;82.8;13.1;9.9;18.9;6.2;4.0;8.8;False;22095;euromillions_202002.csv
2022-12-02;2016+ : 50 boules / 12 etoiles;VENDREDI;39;12;35;21;45;11;6;0;1;13;62;1122;2779;2555;53798;123299;38067;776392;1820950;202760;0.0;1174364.1;21112.9;1378.8;140.3;42.0;65.1;12.1;9.8;15.3;5.9;4.0;7.2;False;22096;euromillions_202002.csv
2022-12-06;2016+ : 50 boules / 12 etoiles;MARDI;20;25;27;26;12;8;12;1;5;4;61;902;2335;1737;41422;104275;24294;576321;1447771;123593;142897164.0;160293.3;46828.9;956.4;119.1;34.1;65.4;10.7;7.9;16.4;5.4;3.5;8.1;False;22097;euromillions_202002.csv
2022-12-09;2016+ : 50 boules / 12 etoiles;VENDREDI;8;46;31;27;50;3;1;0;2;6;35;584;1432;1422;29299;64789;21477;452332;999745;121538;0.0;343883.0;26790.3;1430.4;157.9;47.8;68.5;13.0;10.9;15.9;6.0;4.3;7.0;False;22098;euromillions_202002.csv
2022-12-13;2016+ : 50 boules / 12 etoiles;MARDI;30;3;12;26;9;10;11;0;4;17;23;780;2764;1068;28374;92344;14135;353831;1065206;71516;0.0;131029.0;7205.5;1658.8;90.1;18.8;69.5;10.2;5.8;18.4;5.8;3.1;9.1;False;22099;euromillions_202002.csv
2022-12-16;2016+ : 50 boules / 12 etoiles;VENDREDI;2;15;44;35;19;7;2;0;2;4;55;810;1565;2454;37644;72341;35975;553257;1067805;180570;0.0;354267.1;41399.0;937.8;117.3;45.1;40.9;10.4;10.1;9.8;5.0;4.2;4.9;False;22100;euromillions_202002.csv
2022-12-20;2016+ : 50 boules / 12 etoiles;MARDI;1;20;11;17;27;4;5;1;7;9;52;1077;2197;1916;40581;84067;23778;512306;1034823;111476;51605931.0;81968.4;14900.1;803.2;71.4;26.0;42.4;7.8;7.0;12.0;4.4;3.5;6.4;False;22101;euromillions_202002.csv
2022-12-23;2016+ : 50 boules / 12 etoiles;VENDREDI;16;17;26;23;35;5;11;0;2;10;34;806;1817;1846;39914;88854;25410;548914;1237331;130022;0.0;363954.6;17012.4;1558.5;121.1;39.9;55.8;10.1;8.4;14.2;5.2;3.7;7.0;False;22102;euromillions_202002.csv
2022-12-27;2016+ : 50 boules / 12 etoiles;MARDI;33;31;19;34;43;5;3;1;2;1;32;518;1015;1355;24579;48772;20900;363093;715483;120871;26956990.0;259877.4;121475.2;1182.3;134.5;51.0;54.3;11.7;11.0;12.3;5.6;4.6;5.3;False;22103;euromillions_202002.csv
2022-12-30;2016+ : 50 boules / 12 etoiles;VENDREDI;48;42;17;34;47;1;9;0;4;7;45;575;1419;1466;29331;68285;21194;434802;1011708;123442;0.0;177017.3;23641.0;1145.4;165.1;49.7;68.4;13.4;10.7;16.6;6.4;4.4;7.1;False;22104;euromillions_202002.csv
2023-01-03;2016+ : 50 boules / 12 etoiles;MARDI;20;29;21;46;45;10;3;0;2;5;21;400;903;923;20261;46476;15877;331619;755050;90728;0.0;260515.8;24354.7;1806.1;174.6;57.4;80.0;14.2;11.5;16.3;6.2;4.3;7.1;False;23001;euromillions_202002.csv
2023-01-06;2016+ : 50 boules / 12 etoiles;VENDREDI;44;16;35;45;31;12;4;0;2;0;21;535;1362;1290;25411;63472;17414;390026;986599;94055;0.0;342205.3;0.0;9989.5;171.5;50.0;75.2;14.9;11.1;19.5;6.9;4.4;9.1;False;23002;euromillions_202002.csv
2023-01-10;2016+ : 50 boules / 12 etoiles;MARDI;42;11;34;13;40;10;3;0;0;5;28;552;1342;1334;25943;59495;19941;398664;911043;105242;0.0;0.0;145098.9;1528.8;142.8;43.6;62.4;12.5;10.2;14.6;5.8;4.1;7.0;False;23003;euromillions_202002.csv
2023-01-13;2016+ : 50 boules / 12 etoiles;VENDREDI;13;4;33;25;37;10;5;1;5;11;66;1124;2818;2343;48995;116575;31940;667206;1566569;163100;68825114.0;182354.4;19372.3;1005.6;108.7;32.2;55.1;10.3;8.0;14.2;5.3;3.6;7.0;False;23004;euromillions_202002.csv
2023-01-17;2016+ : 50 boules / 12 etoiles;MARDI;18;46;30;50;21;2;6;0;6;3;30;415;962;1174;21186;46272;18805;330237;717298;107208;0.0;82263.6;38452.7;1197.7;159.4;51.1;59.6;12.9;11.0;13.0;5.8;4.3;5.7;False;23005;euromillions_202002.csv
2023-01-20;2016+ : 50 boules / 12 etoiles;VENDREDI;40;6;13;42;3;7;11;0;4;8;36;726;1588;1649;34871;78980;24580;506287;1128008;127330;0.0;170372.2;19909.4;1378.0;125.8;42.7;58.5;10.8;8.9;13.8;5.3;3.8;6.7;False;23006;euromillions_202002.csv
2023-01-24;2016+ : 50 boules / 12 etoiles;MARDI;11;27;47;41;43;7;11;0;2;4;34;496;1076;1315;24315;50173;19025;360151;748772;98362;0.0;263096.4;30744.9;1126.6;142.2;48.7;56.7;12.0;10.8;13.7;5.7;4.4;6.7;False;23007;euromillions_202002.csv
2023-01-27;2016+ : 50 boules / 12 etoiles;VENDREDI;15;19;31;8;9;12;10;0;4;13;33;797;2624;1505;33629;111310;20087;465139;1474197;101419;0.0;186490.5;13411.0;1645.5;125.5;28.3;70.2;12.3;6.9;18.4;6.3;3.2;9.2;False;23008;euromillions_202002.csv
2023-01-31;2016+ : 50 boules / 12 etoiles;MARDI;7;12;33;43;19;3;7;1;3;5;99;972;1722;3897;42115;74951;47231;544979;1000376;199918;66081021.0;202795.0;28437.9;447.3;83.9;35.1;22.1;8.0;8.3;6.4;4.4;3.8;3.8;False;23009;euromillions_202002.csv
2023-02-03;2016+ : 50 boules / 12 etoiles;VENDREDI;14;32;45;2;17;10;3;0;7;30;97;1623;4033;3561;68391;159540;49800;969875;2249589;261401;0.0;200626.3;10940.9;1053.9;116.0;34.6;55.9;11.4;9.1;14.0;5.7;3.9;6.7;False;23010;euromillions_202002.csv
2023-02-07;2016+ : 50 boules / 12 etoiles;MARDI;8;47;34;44;2;9;3;0;5;6;19;447;1050;1268;22536;49757;20488;361349;778049;121583;0.0;109249.2;21277.7;2092.8;163.8;51.8;61.0;13.4;11.3;13.2;5.9;4.4;5.6;False;23011;euromillions_202002.csv
2023-02-10;2016+ : 50 boules / 12 etoiles;VENDREDI;3;13;36;25;47;3;8;0;12;17;83;1151;2099;3184;41898;82058;35034;592301;1160251;176046;0.0;62801.6;10360.7;660.9;87.8;35.7;33.5;9.9;9.5;10.7;5.0;4.1;5.3;False;23012;euromillions_202002.csv
2023-02-14;2016+ : 50 boules / 12 etoiles;MARDI;43;24;46;26;38;2;3;0;4;2;21;611;1144;1078;25640;53177;16539;392777;803215;95339;0.0;147832.9;69102.0;2049.8;129.7;51.4;77.7;12.8;11.5;17.8;5.9;4.6;7.7;False;23013;euromillions_202002.csv
2023-02-17;2016+ : 50 boules / 12 etoiles;VENDREDI;42;27;45;23;8;1;9;0;2;10;38;915;2131;1931;39444;95550;28368;553040;1322109;146242;0.0;389007.5;18183.4;1490.4;114.0;36.3;57.1;10.9;8.4;13.6;5.5;3.7;6.6;False;23014;euromillions_202002.csv
2023-02-21;2016+ : 50 boules / 12 etoiles;MARDI;49;41;22;34;21;2;7;0;2;3;37;591;1240;1597;27372;57167;24718;418022;861278;145813;0.0;305559.4;47609.5;1202.3;138.6;49.0;54.2;12.4;11.0;12.3;5.7;4.5;5.2;False;23015;euromillions_202002.csv
2023-02-24;2016+ : 50 boules / 12 etoiles;VENDREDI;42;34;7;23;48;1;3;1;2;11;65;1295;2780;1942;48033;103245;29277;653739;1414630;158336;102242065.0;446486.9;18972.9;1000.0;92.4;31.9;65.1;10.3;8.9;15.1;5.3;4.0;7.0;False;23016;euromillions_202002.csv
2023-02-28;2016+ : 50 boules / 12 etoiles;MARDI;29;33;12;37;47;10;5;0;5;10;29;522;1123;1167;23943;55554;16880;345266;795288;89949;0.0;104365.1;12195.9;1309.9;134.0;46.2;63.3;12.1;9.7;15.3;5.9;4.1;7.2;False;23017;euromillions_202002.csv
2023-03-03;2016+ : 50 boules / 12 etoiles;VENDREDI;24;3;8;50;6;10;11;0;9;23;71;1574;4170;2768;63197;175575;38046;887391;2391851;197887;0.0;150850.4;13795.9;1392.0;115.6;32.4;69.5;11.9;7.9;17.7;6.0;3.6;8.5;False;23018;euromillions_202002.csv
2023-03-07;2016+ : 50 boules / 12 etoiles;MARDI;50;24;35;13;11;6;11;1;5;11;52;1066;2142;2235;44979;103188;32721;655921;1519654;164414;144966361.0;186010.4;19760.7;1302.0;116.9;43.2;58.9;11.4;9.3;14.1;5.5;3.8;7.0;False;23019;euromillions_202002.csv
2023-03-10;2016+ : 50 boules / 12 etoiles;VENDREDI;9;16;48;37;38;7;2;0;4;3;35;620;1395;1879;30605;64889;29236;481535;993900;172837;0.0;179080.6;55805.4;1489.8;154.9;51.1;54.0;13.0;11.4;12.2;5.8;4.5;5.1;False;23020;euromillions_202002.csv
2023-03-14;2016+ : 50 boules / 12 etoiles;MARDI;26;46;28;31;16;12;11;0;3;6;27;472;1289;890;21120;59941;12806;299524;853081;68655;0.0;176354.0;20608.4;1426.4;150.3;40.8;84.2;13.9;9.1;20.5;6.9;3.9;9.6;False;23021;euromillions_202002.csv
2023-03-17;2016+ : 50 boules / 12 etoiles;VENDREDI;37;5;26;15;49;8;11;0;7;10;31;741;1816;1409;33206;77603;21143;478919;1136779;112699;0.0;103234.9;16889.3;1696.9;130.7;39.6;72.7;12.0;9.6;17.0;5.9;4.0;8.0;False;23022;euromillions_202002.csv
2023-03-21;2016+ : 50 boules / 12 etoiles;MARDI;29;1;9;32;20;3;2;0;2;6;28;711;1379;1360;31063;61825;19222;442730;881019;102509;0.0;281195.2;21906.6;1462.1;106.0;40.6;58.6;10.0;9.4;14.5;5.0;4.0;6.8;False;23023;euromillions_202002.csv
2023-03-24;2016+ : 50 boules / 12 etoiles;VENDREDI;36;25;5;46;12;10;6;1;6;7;34;864;1896;1710;34942;85287;24195;506644;1225880;125436;66287741.0;126453.8;25332.2;1624.4;117.7;39.8;62.8;12.0;9.2;15.6;5.9;3.9;7.5;False;23024;euromillions_202002.csv
2023-03-28;2016+ : 50 boules / 12 etoiles;MARDI;21;16;34;36;44;9;10;0;1;4;19;473;1050;779;20191;47747;11497;304758;713672;63320;0.0;482807.5;28210.0;1849.8;136.8;45.8;87.8;13.2;10.4;20.9;6.2;4.3;9.5;False;23025;euromillions_202002.csv
2023-03-31;2016+ : 50 boules / 12 etoiles;VENDREDI;28;34;47;16;18;10;5;0;2;3;27;676;1501;1514;31227;70706;22272;463717;1058817;119432;0.0;346909.7;54052.3;1870.6;137.6;46.0;64.9;12.3;10.1;15.5;5.9;4.1;7.2;False;23026;euromillions_202002.csv
2023-04-04;2016+ : 50 boules / 12 etoiles;MARDI;50;33;16;31;10;3;8;0;2;5;16;475;1112;1348;24416;51848;22024;374844;785097;123299;0.0;264328.7;24711.1;2405.2;149.2;47.3;55.5;12.0;10.5;11.9;5.5;4.2;5.3;False;23027;euromillions_202002.csv
2023-04-07;2016+ : 50 boules / 12 etoiles;VENDREDI;26;28;46;5;36;12;6;0;2;6;33;664;1594;1641;30798;71565;19377;429199;1083158;105720;0.0;352535.1;27464.4;1555.3;142.3;44.0;60.9;12.7;10.1;18.1;6.4;4.1;8.3;False;23028;euromillions_202002.csv
2023-04-11;2016+ : 50 boules / 12 etoiles;MARDI;19;16;14;29;10;2;10;0;2;10;33;790;1874;1498;31615;74016;19088;409669;975578;94853;0.0;269932.1;12617.5;1190.9;91.6;28.6;51.0;9.4;7.5;14.0;5.2;3.5;7.1;False;23029;euromillions_202002.csv
2023-04-14;2016+ : 50 boules / 12 etoiles;VENDREDI;44;4;37;49;11;7;6;0;2;7;30;867;1677;1645;37902;77447;25265;560348;1123822;141622;0.0;383595.6;25615.0;1861.6;118.6;45.5;66.1;11.2;10.2;15.1;5.4;4.3;6.7;False;23030;euromillions_202002.csv
2023-04-18;2016+ : 50 boules / 12 etoiles;MARDI;37;21;17;35;23;11;10;0;4;6;37;645;1682;1083;29365;79242;16568;402950;1089552;84684;0.0;150414.5;23436.2;1183.7;125.0;35.6;78.7;11.3;7.8;18.0;5.8;3.5;8.9;False;23031;euromillions_202002.csv
2023-04-21;2016+ : 50 boules / 12 etoiles;VENDREDI;18;8;7;42;33;8;2;0;3;13;75;1279;2747;3538;54053;113805;47595;745626;1600549;234770;0.0;318105.8;17156.9;926.2;100.0;34.6;38.2;9.8;8.6;9.9;5.0;3.7;5.0;False;23032;euromillions_202002.csv
2023-04-25;2016+ : 50 boules / 12 etoiles;MARDI;29;45;40;10;30;12;1;0;1;5;40;648;1695;1717;31233;79582;19750;418973;1119406;108657;0.0;717775.8;33551.2;1306.2;148.5;42.1;59.2;12.7;9.3;18.1;6.7;4.0;8.2;False;23033;euromillions_202002.csv
2023-04-28;2016+ : 50 boules / 12 etoiles;VENDREDI;34;23;11;13;16;1;10;0;1;14;49;1194;3272;2040;51296;140130;29204;697582;1866740;147338;0.0;982720.1;16405.5;1459.9;110.3;29.9;68.2;10.6;7.2;16.7;5.5;3.3;8.3;False;23034;euromillions_202002.csv
2023-05-02;2016+ : 50 boules / 12 etoiles;MARDI;48;44;32;7;47;8;7;0;2;6;27;759;1469;1705;37168;72324;24471;553646;1069150;132698;0.0;383454.1;29873.1;2067.7;135.4;52.0;63.7;11.4;10.9;15.6;5.4;4.5;7.2;False;23035;euromillions_202002.csv
2023-05-05;2016+ : 50 boules / 12 etoiles;VENDREDI;34;8;49;18;3;3;7;3;7;9;69;1270;2521;4046;57893;113767;60931;837510;1672707;325394;53041075.0;157711.0;28668.6;1164.7;116.5;43.6;38.6;10.5;10.0;9.0;5.2;4.1;4.2;False;23036;euromillions_202002.csv
2023-05-09;2016+ : 50 boules / 12 etoiles;MARDI;21;28;13;17;46;9;7;0;0;5;42;851;1477;2057;35739;64835;25727;455562;859732;120240;0.0;0.0;126107.9;885.8;80.5;34.4;35.2;7.9;8.1;9.8;4.4;3.7;5.3;False;23037;euromillions_202002.csv
2023-05-12;2016+ : 50 boules / 12 etoiles;VENDREDI;9;44;13;39;10;6;4;0;3;8;36;676;1446;1824;34193;76574;30108;530715;1183027;158399;0.0;234925.9;20589.7;1425.1;139.8;48.5;54.7;11.4;9.5;11.6;5.2;3.7;5.5;False;23038;euromillions_202002.csv
2023-05-16;2016+ : 50 boules / 12 etoiles;MARDI;14;6;9;4;37;4;11;0;1;7;24;619;1378;1249;28842;65918;17659;392797;921483;90548;0.0;539367.9;18008.4;1636.0;116.8;38.9;61.2;10.3;8.4;15.2;5.4;3.7;7.4;False;23039;euromillions_202002.csv
2023-05-19;2016+ : 50 boules / 12 etoiles;VENDREDI;41;27;34;49;18;3;9;0;3;10;44;854;1724;2169;34696;70468;30151;491058;1016739;164870;0.0;239206.3;16771.9;1187.2;112.6;41.4;46.9;11.4;10.5;11.8;5.7;4.4;5.4;False;23040;euromillions_202002.csv
2023-05-23;2016+ : 50 boules / 12 etoiles;MARDI;34;5;14;6;23;11;2;0;3;7;38;710;1826;1377;30860;74395;19268;417707;992176;98805;0.0;187039.0;18734.6;1074.9;105.9;30.6;57.7;10.1;7.8;14.5;5.3;3.5;7.1;False;23041;euromillions_202002.csv
2023-05-26;2016+ : 50 boules / 12 etoiles;VENDREDI;38;25;15;37;41;1;7;0;4;3;31;733;1524;1525;33279;72955;24475;499263;1098037;142592;0.0;190665.0;59415.4;1790.9;139.5;49.8;70.8;12.7;10.8;15.5;6.0;4.4;6.7;False;23042;euromillions_202002.csv
2023-05-30;2016+ : 50 boules / 12 etoiles;MARDI;27;47;33;29;32;8;2;0;5;5;25;504;1059;1423;24707;55123;23583;390205;869044;137171;0.0;117606.7;27486.6;1712.2;156.4;55.3;58.5;13.2;11.0;12.4;5.9;4.3;5.3;False;23043;euromillions_202002.csv
2023-06-02;2016+ : 50 boules / 12 etoiles;VENDREDI;25;3;15;43;12;10;11;1;7;19;43;1432;4021;2355;58189;163451;33967;805125;2190204;176285;130000000.0;172851.1;14883.5;2048.4;113.3;29.9;72.8;11.5;7.6;17.7;5.9;3.5;8.5;False;23044;euromillions_202002.csv
2023-06-06;2016+ : 50 boules / 12 etoiles;MARDI;21;13;39;32;50;10;2;0;2;10;13;483;1277;1069;21545;53210;15267;323130;788725;81443;0.0;248559.5;11618.4;2783.7;138.0;38.7;65.9;12.8;9.6;16.2;6.0;4.0;7.6;False;23045;euromillions_202002.csv
2023-06-09;2016+ : 50 boules / 12 etoiles;VENDREDI;18;26;36;50;41;11;12;0;0;6;27;491;1246;1106;24280;61820;16897;368537;984666;90562;0.0;0.0;139523.4;1829.4;185.3;54.2;86.9;15.5;11.3;20.0;7.2;4.3;9.3;False;23046;euromillions_202002.csv
2023-06-13;2016+ : 50 boules / 12 etoiles;MARDI;15;16;21;50;41;5;6;0;2;4;24;431;1003;1137;23096;47792;17324;370621;754062;94572;0.0;260975.4;30497.1;1583.1;162.3;51.8;65.0;12.5;11.2;15.0;5.5;4.3;6.9;False;23047;euromillions_202002.csv
2023-06-16;2016+ : 50 boules / 12 etoiles;VENDREDI;34;7;41;26;44;9;11;0;2;0;30;725;1660;1422;32355;73053;20597;474646;1090118;112220;0.0;357495.2;0.0;7305.1;132.2;42.9;71.2;12.2;10.1;17.2;5.9;4.1;7.9;False;23048;euromillions_202002.csv
2023-06-20;2016+ : 50 boules / 12 etoiles;MARDI;35;28;11;32;17;6;5;1;5;3;28;808;1595;1427;32401;64230;19914;445356;892025;101300;64343648.0;111169.0;43303.3;1445.1;92.2;34.7;55.2;9.5;8.9;13.9;4.9;3.9;6.8;False;23049;euromillions_202002.csv
2023-06-23;2016+ : 50 boules / 12 etoiles;VENDREDI;11;3;33;46;1;10;11;0;2;1;23;622;1683;1242;28315;76547;17629;400175;1100172;91328;0.0;318086.9;148684.3;2013.5;137.1;37.6;72.6;12.4;8.5;17.9;6.2;3.6;8.7;False;23050;euromillions_202002.csv
2023-06-27;2016+ : 50 boules / 12 etoiles;MARDI;27;22;44;17;23;7;1;0;2;6;33;763;1648;1602;31074;68314;22649;417505;882869;103274;0.0;244467.6;19045.3;1078.5;85.9;29.5;43.2;8.7;7.4;10.7;4.6;3.5;5.9;False;23051;euromillions_202002.csv
2023-06-30;2016+ : 50 boules / 12 etoiles;VENDREDI;29;25;6;36;1;10;7;0;3;6;31;646;1474;1428;31013;70921;21588;470703;1064851;116296;0.0;225928.1;26401.5;1591.6;140.6;45.8;67.2;12.1;9.8;15.6;5.6;4.0;7.3;False;23052;euromillions_202002.csv
2023-07-04;2016+ : 50 boules / 12 etoiles;MARDI;23;36;44;17;14;8;2;0;2;10;58;719;1611;2739;31605;66346;30195;421101;891791;132533;0.0;272715.7;12747.6;684.5;101.7;33.7;28.2;9.5;8.5;8.9;5.1;3.8;5.1;False;23053;euromillions_202002.csv
2023-07-07;2016+ : 50 boules / 12 etoiles;VENDREDI;2;12;19;11;38;8;4;0;1;6;50;926;2115;2466;42976;95953;33617;586538;1288917;165314;0.0;731833.6;28506.9;1065.5;105.9;34.4;42.0;9.4;7.8;10.8;4.9;3.6;5.5;False;23054;euromillions_202002.csv
2023-07-11;2016+ : 50 boules / 12 etoiles;MARDI;48;28;2;11;42;4;9;2;3;6;43;568;1298;1662;27258;61942;24767;407310;916501;131874;36621161.0;195184.2;22808.8;991.3;138.2;44.9;49.9;11.9;9.7;11.7;5.6;4.0;5.5;False;23055;euromillions_202002.csv
2023-07-14;2016+ : 50 boules / 12 etoiles;VENDREDI;5;29;48;8;35;5;6;0;2;6;28;651;1350;1413;30850;60425;21537;470633;919464;113533;0.0;309646.0;24123.1;1610.0;127.5;45.6;62.1;11.1;10.6;14.3;5.1;4.2;6.8;False;23056;euromillions_202002.csv
2023-07-18;2016+ : 50 boules / 12 etoiles;MARDI;34;35;12;4;45;9;1;0;2;6;26;406;1005;1059;19519;46764;15657;303565;723488;87899;0.0;243239.5;18949.6;1362.0;160.6;48.2;65.1;13.8;10.7;15.4;6.3;4.2;6.9;False;23057;euromillions_202002.csv
2023-07-21;2016+ : 50 boules / 12 etoiles;VENDREDI;7;35;33;36;31;10;7;0;4;4;23;593;1297;1378;27088;58941;21089;449586;947756;118614;0.0;164674.3;38487.1;2084.8;148.9;50.5;67.7;13.5;11.5;15.5;5.7;4.4;6.9;False;23058;euromillions_202002.csv
2023-07-25;2016+ : 50 boules / 12 etoiles;MARDI;11;7;27;5;37;12;6;0;5;15;24;682;2353;1291;30007;93361;16128;378064;1066813;79211;0.0;104441.7;8136.5;1583.9;102.6;22.1;57.3;9.6;5.7;16.1;5.4;3.1;8.2;False;23059;euromillions_202002.csv
2023-07-28;2016+ : 50 boules / 12 etoiles;VENDREDI;38;7;34;32;33;9;6;0;0;8;25;604;1452;1588;30296;66535;26395;483808;1060382;150228;0.0;0.0;110849.1;2093.0;159.5;49.3;64.1;13.1;11.1;13.5;5.8;4.3;5.9;False;23060;euromillions_202002.csv
2023-08-01;2016+ : 50 boules / 12 etoiles;MARDI;35;27;25;45;40;7;11;1;2;3;51;597;1216;1279;25530;58000;18880;380992;824731;109013;72144196.0;293061.6;45662.2;836.6;131.6;48.0;64.9;12.7;10.4;15.4;6.0;4.5;6.7;False;23061;euromillions_202002.csv
2023-08-04;2016+ : 50 boules / 12 etoiles;VENDREDI;15;31;48;20;44;1;3;0;4;9;28;636;1369;1303;27388;61041;19841;418775;921973;112585;0.0;159371.2;16554.5;1657.3;134.4;46.3;69.3;12.9;10.8;16.0;6.0;4.3;7.0;False;23062;euromillions_202002.csv
2023-08-08;2016+ : 50 boules / 12 etoiles;MARDI;40;8;33;9;35;6;3;0;2;2;23;440;987;1141;21226;45557;19202;349370;728739;109652;0.0;245845.5;57458.1;1556.2;149.8;49.6;61.0;12.8;11.1;12.7;5.5;4.2;5.6;False;23063;euromillions_202002.csv
2023-08-11;2016+ : 50 boules / 12 etoiles;VENDREDI;10;13;34;4;6;3;5;0;3;7;59;887;1871;2513;41304;82076;33401;561320;1104392;168411;0.0;219719.2;22007.9;813.2;99.6;35.0;37.1;8.8;8.3;9.8;4.6;3.7;4.9;False;23064;euromillions_202002.csv
2023-08-15;2016+ : 50 boules / 12 etoiles;MARDI;3;32;5;43;9;6;10;0;4;2;17;448;1137;1109;22553;58173;15560;333639;843678;81329;0.0;122572.4;57294.4;2099.5;146.7;42.9;62.6;12.0;8.7;15.6;5.7;3.6;7.5;False;23065;euromillions_202002.csv
2023-08-18;2016+ : 50 boules / 12 etoiles;VENDREDI;47;25;23;30;44;9;12;0;5;4;34;644;1459;1238;29658;72652;18387;453505;1138029;98111;0.0;141503.9;41339.7;1514.8;147.3;48.3;81.0;13.2;10.0;19.1;6.1;3.9;9.0;False;23066;euromillions_202002.csv
2023-08-22;2016+ : 50 boules / 12 etoiles;MARDI;23;9;40;2;32;6;7;0;7;5;35;808;1625;1472;31518;64403;20111;447873;885697;109273;0.0;82102.9;26864.3;1195.3;95.3;35.2;55.3;10.1;9.2;14.2;5.0;4.1;6.5;False;23067;euromillions_202002.csv
2023-08-25;2016+ : 50 boules / 12 etoiles;VENDREDI;44;35;16;34;17;5;10;0;3;6;37;756;1635;1628;35610;79034;25593;526240;1197301;138950;0.0;262115.9;30630.4;1547.1;139.4;47.9;68.4;12.2;10.2;15.3;5.8;4.1;7.0;False;23068;euromillions_202002.csv
2023-08-29;2016+ : 50 boules / 12 etoiles;MARDI;21;40;23;32;49;11;8;0;1;6;37;618;1398;1349;28320;65585;19845;422460;965572;104102;0.0;636120.6;24778.6;1251.5;138.0;45.3;66.8;12.4;10.0;15.9;5.9;4.1;7.6;False;23069;euromillions_202002.csv
2023-09-01;2016+ : 50 boules / 12 etoiles;VENDREDI;35;43;37;5;4;5;6;1;2;7;34;729;1625;1724;39276;80385;29522;640740;1302539;167390;109268140.0;470297.3;31404.6;2013.8;173.0;57.6;77.3;13.3;12.1;15.8;5.7;4.5;7.0;False;23070;euromillions_202002.csv
2023-09-05;2016+ : 50 boules / 12 etoiles;MARDI;41;48;7;1;24;10;12;0;3;9;21;370;1057;809;18242;53554;12234;275963;825123;65178;0.0;162494.7;12659.2;1689.8;176.6;45.9;85.4;14.8;9.4;19.8;6.9;3.7;9.3;False;23071;euromillions_202002.csv
2023-09-08;2016+ : 50 boules / 12 etoiles;VENDREDI;33;20;10;21;26;4;3;0;4;5;36;779;1548;1688;39063;77154;23538;555775;1102069;117661;0.0;167780.7;31370.4;1357.1;115.5;43.1;56.3;9.5;8.9;14.2;4.7;3.8;7.1;False;23072;euromillions_202002.csv
2023-09-12;2016+ : 50 boules / 12 etoiles;MARDI;14;5;42;36;40;11;2;0;2;3;21;440;999;1025;20855;48569;15637;322572;751416;86644;0.0;258198.5;40230.1;1790.1;157.3;51.4;71.4;13.7;10.9;16.4;6.3;4.3;7.4;False;23073;euromillions_202002.csv
2023-09-15;2016+ : 50 boules / 12 etoiles;VENDREDI;21;45;12;48;14;8;11;2;3;8;26;728;1650;1599;35296;83822;23985;537055;1272189;128333;27475869.0;264520.2;23183.5;2221.8;146.1;47.9;70.3;12.4;9.7;16.4;5.8;3.9;7.7;False;23074;euromillions_202002.csv
2023-09-19;2016+ : 50 boules / 12 etoiles;MARDI;10;31;41;15;42;2;5;0;1;2;22;433;883;1158;21182;42564;18272;338329;674676;103564;0.0;473970.0;55387.3;1568.3;146.7;53.4;58.0;12.4;11.5;12.9;5.5;4.4;5.7;False;23075;euromillions_202002.csv
2023-09-22;2016+ : 50 boules / 12 etoiles;VENDREDI;3;23;35;34;24;8;5;0;1;5;35;643;1346;2025;31719;67383;33739;507911;1067407;178760;0.0;681329.0;31847.5;1417.1;142.0;50.4;47.6;11.9;10.4;10.0;5.2;4.0;4.7;False;23076;euromillions_202002.csv
2023-09-26;2016+ : 50 boules / 12 etoiles;MARDI;14;6;23;2;19;5;7;0;6;14;75;1010;1992;2645;38632;72530;31767;480181;918463;146389;0.0;87504.6;8764.8;509.6;69.7;26.2;28.1;7.5;7.4;8.2;4.3;3.6;4.4;False;23077;euromillions_202002.csv
2023-09-29;2016+ : 50 boules / 12 etoiles;VENDREDI;32;9;11;21;13;7;2;1;16;25;147;2294;4422;5675;90926;177627;69584;1144130;2286033;321029;130000000.0;81127.9;12135.0;642.8;75.8;29.2;32.4;7.9;7.5;9.2;4.4;3.6;5.0;False;23078;euromillions_202002.csv
2023-10-03;2016+ : 50 boules / 12 etoiles;MARDI;45;6;22;24;20;5;4;0;4;8;24;509;1067;1258;25810;52762;17205;379813;770818;90431;0.0;124708.1;14573.1;1513.0;131.4;46.5;56.2;10.7;9.7;14.4;5.1;4.1;6.9;False;23079;euromillions_202002.csv
2023-10-06;2016+ : 50 boules / 12 etoiles;VENDREDI;31;43;21;29;34;2;9;0;1;5;39;623;1347;1607;30408;66296;24918;465860;1002138;136495;0.0;687153.2;32119.8;1282.6;147.9;50.8;60.6;12.5;10.7;13.7;5.8;4.3;6.3;False;23080;euromillions_202002.csv
2023-10-10;2016+ : 50 boules / 12 etoiles;MARDI;18;33;20;22;43;3;9;0;1;6;37;574;1231;1564;25995;55643;23158;381729;788883;122739;0.0;515171.2;20067.3;1013.5;120.3;41.6;46.6;11.0;9.5;11.0;5.3;4.1;5.2;False;23081;euromillions_202002.csv
2023-10-13;2016+ : 50 boules / 12 etoiles;VENDREDI;41;26;21;40;28;4;2;0;1;12;32;748;1621;1813;37127;80354;28571;590399;1274707;158565;0.0;867786.7;16901.3;1974.1;155.5;53.3;67.8;12.9;11.1;15.1;5.8;4.3;6.8;False;23082;euromillions_202002.csv
2023-10-17;2016+ : 50 boules / 12 etoiles;MARDI;40;20;10;35;17;4;3;1;4;12;26;724;1523;1458;32752;68098;18681;428190;866503;95136;67318140.0;139123.9;10838.5;1558.1;103.0;36.3;54.1;9.4;8.4;14.8;5.1;4.0;7.3;False;23083;euromillions_202002.csv
2023-10-20;2016+ : 50 boules / 12 etoiles;VENDREDI;20;40;28;2;45;5;1;0;0;7;33;613;1379;1377;29067;64755;21173;436996;960647;116541;0.0;0.0;114759.5;1436.3;142.4;47.0;67.0;12.4;10.4;15.3;5.8;4.3;7.0;False;23084;euromillions_202002.csv
2023-10-24;2016+ : 50 boules / 12 etoiles;MARDI;18;16;8;31;34;6;9;1;1;7;41;608;1235;1425;25009;54674;19526;354127;774426;103331;26274769.0;484142.9;16164.5;859.6;106.7;39.0;48.1;10.7;9.1;12.3;5.3;3.9;5.8;False;23085;euromillions_202002.csv
2023-10-27;2016+ : 50 boules / 12 etoiles;VENDREDI;29;48;33;49;35;8;3;1;2;2;25;524;1116;1391;24878;53753;23256;405387;850884;139631;17000000.0;322693.9;75418.8;1879.2;165.1;57.6;65.7;14.4;12.4;13.8;6.2;4.8;5.7;False;23086;euromillions_202002.csv
2023-10-31;2016+ : 50 boules / 12 etoiles;MARDI;20;40;5;50;7;10;2;0;5;3;21;577;1402;1184;25925;59923;15789;339907;805649;82503;0.0;96734.8;37680.8;1676.6;112.4;34.3;57.9;10.3;8.3;15.2;5.6;3.8;7.3;False;23087;euromillions_202002.csv
2023-11-03;2016+ : 50 boules / 12 etoiles;VENDREDI;31;47;21;39;8;9;5;1;6;4;53;823;1628;2208;35295;74644;31335;522472;1093856;170549;31218086.0;123697.3;43365.1;1019.4;120.9;45.4;47.6;11.6;10.2;11.7;5.6;4.3;5.4;False;23088;euromillions_202002.csv
2023-11-07;2016+ : 50 boules / 12 etoiles;MARDI;8;10;11;39;30;10;4;0;0;3;29;536;1340;1001;23231;57012;14771;331651;808515;76374;0.0;0.0;189164.1;1154.6;115.0;34.1;65.1;11.0;8.3;15.5;5.4;3.6;7.5;False;23089;euromillions_202002.csv
2023-11-10;2016+ : 50 boules / 12 etoiles;VENDREDI;30;42;10;21;38;12;2;0;2;10;26;716;1800;1261;30440;75435;17183;431046;1075258;91145;0.0;324751.7;15179.9;1818.5;121.6;35.9;73.0;11.8;8.9;18.8;5.9;3.8;8.9;False;23090;euromillions_202002.csv
2023-11-14;2016+ : 50 boules / 12 etoiles;MARDI;13;50;36;16;44;3;5;0;1;4;30;477;971;1201;21924;45060;20003;348491;693633;115461;0.0;486731.5;28439.2;1181.0;136.8;49.9;57.4;12.3;11.1;12.1;5.5;4.4;5.2;False;23091;euromillions_202002.csv
2023-11-17;2016+ : 50 boules / 12 etoiles;VENDREDI;26;50;24;2;46;2;7;0;4;2;33;646;1279;1857;30178;61288;29115;473573;942535;167340;0.0;171009.9;79935.6;1508.9;141.9;53.2;52.2;12.5;11.5;11.7;5.7;4.6;5.1;False;23092;euromillions_202002.csv
2023-11-21;2016+ : 50 boules / 12 etoiles;MARDI;46;47;29;34;19;2;3;0;3;5;25;436;970;1001;21592;45902;14690;352623;721492;90678;0.0;175300.0;24582.3;1531.3;161.7;54.0;74.4;13.5;11.8;17.8;5.8;4.6;7.2;False;23093;euromillions_202002.csv
2023-11-24;2016+ : 50 boules / 12 etoiles;VENDREDI;48;15;29;20;39;7;1;0;3;8;39;704;1635;1584;31928;72282;24643;488145;1078084;137550;0.0;243253.9;21319.6;1362.1;139.0;44.4;65.3;12.6;10.4;14.7;5.8;4.3;6.6;False;23094;euromillions_202002.csv
2023-11-28;2016+ : 50 boules / 12 etoiles;MARDI;27;44;12;33;16;7;8;1;4;6;45;846;1675;1500;36297;67580;20184;494025;940100;103722;83068817.0;145719.3;22704.6;942.9;92.3;34.6;55.0;8.9;8.9;14.3;4.6;3.9;7.0;False;23095;euromillions_202002.csv
2023-12-01;2016+ : 50 boules / 12 etoiles;VENDREDI;38;10;4;14;50;9;12;0;6;18;58;1609;3942;3072;71488;174658;45380;1055902;2566667;241471;0.0;266632.9;20772.1;2007.9;133.3;40.4;73.8;12.4;9.4;17.5;5.9;3.9;8.3;False;23096;euromillions_202002.csv
2023-12-05;2016+ : 50 boules / 12 etoiles;MARDI;6;20;4;24;25;5;9;0;8;16;88;1517;3338;3609;64967;139986;50374;906029;1940512;260163;0.0;146494.6;17119.1;969.4;103.5;34.9;46.0;10.0;8.6;11.5;5.1;3.8;5.6;False;23097;euromillions_202002.csv
2023-12-08;2016+ : 50 boules / 12 etoiles;VENDREDI;48;30;50;42;17;4;8;1;5;16;89;1496;3496;3751;72556;163113;59915;1100646;2482059;342084;240000000.0;1584039.1;24836.4;1390.7;152.4;48.4;64.2;13.0;10.7;14.1;6.0;4.3;6.2;False;23098;euromillions_202002.csv
2023-12-12;2016+ : 50 boules / 12 etoiles;MARDI;43;39;28;37;6;9;12;0;1;2;21;444;1099;813;20231;50775;12674;304485;760714;70525;0.0;523847.3;61215.8;1815.9;158.2;47.4;91.3;14.3;10.6;20.5;6.7;4.3;9.3;False;23099;euromillions_202002.csv
2023-12-15;2016+ : 50 boules / 12 etoiles;VENDREDI;2;13;37;38;48;9;5;0;1;5;35;689;1327;1751;29721;64665;27167;470477;991215;158926;0.0;695067.7;32489.7;1445.6;135.2;52.1;56.2;12.9;11.1;12.7;5.8;4.4;5.4;False;23100;euromillions_202002.csv
2023-12-19;2016+ : 50 boules / 12 etoiles;MARDI;20;43;41;45;10;12;2;0;1;7;13;396;1068;915;19855;48406;13514;308486;763848;73827;0.0;529973.7;17694.7;2967.7;179.4;49.4;82.1;14.8;11.3;19.5;6.7;4.4;8.9;False;23101;euromillions_202002.csv
2023-12-22;2016+ : 50 boules / 12 etoiles;VENDREDI;14;49;34;44;6;12;4;1;7;5;54;698;1739;1546;33434;78958;20788;475534;1187664;112843;55662868.0;113308.6;37074.9;1069.2;152.3;45.4;72.7;13.1;10.3;19.0;6.5;4.2;8.8;False;23102;euromillions_202002.csv
2023-12-26;2016+ : 50 boules / 12 etoiles;MARDI;47;27;8;30;35;9;10;0;0;0;18;419;899;727;19378;44899;11216;294756;693402;60460;0.0;0.0;0.0;32617.8;143.8;49.7;87.6;12.8;10.3;19.9;6.0;4.1;9.3;False;23103;euromillions_202002.csv
2023-12-29;2016+ : 50 boules / 12 etoiles;VENDREDI;2;36;19;37;3;9;6;0;3;5;38;622;1301;1684;30489;66465;27202;494759;1068091;150297;0.0;235723.3;33055.4;1354.7;152.4;54.1;59.5;12.8;11.0;12.9;5.6;4.2;5.8;False;23104;euromillions_202002.csv
2024-01-02;2016+ : 50 boules / 12 etoiles;MARDI;7;18;49;46;15;12;10;0;0;5;6;404;1142;822;19434;54361;12774;286826;841787;67547;0.0;0.0;123090.6;6052.5;165.5;43.5;86.0;14.2;9.4;19.4;6.8;3.7;9.2;False;24001;euromillions_202002.csv
2024-01-05;2016+ : 50 boules / 12 etoiles;VENDREDI;18;4;39;7;50;8;3;0;2;7;59;749;1713;2001;35938;77956;32990;538106;1133782;166715;0.0;359048.5;23975.8;886.0;128.5;41.7;50.8;11.1;9.5;10.8;5.2;4.0;5.3;False;24002;euromillions_202002.csv
2024-01-09;2016+ : 50 boules / 12 etoiles;MARDI;12;9;2;39;40;3;1;0;1;7;19;572;1323;1256;27088;60687;19412;407111;904413;100262;0.0;563511.3;18814.5;2159.0;132.1;42.4;63.6;11.5;9.6;14.4;5.4;3.9;7.0;False;24003;euromillions_202002.csv
2024-01-12;2016+ : 50 boules / 12 etoiles;VENDREDI;18;16;17;49;45;9;12;0;3;10;41;674;1682;1434;33053;78911;22939;531557;1282524;125191;0.0;281236.6;19718.8;1498.0;167.8;49.9;83.4;14.1;11.0;18.3;6.2;4.1;8.4;False;24004;euromillions_202002.csv
2024-01-16;2016+ : 50 boules / 12 etoiles;MARDI;18;21;33;45;10;12;8;1;3;22;30;858;2054;1203;30461;76506;16758;410612;1035293;87790;87952574.0;201336.7;6416.6;1465.6;94.4;29.2;71.1;11.0;8.1;17.9;5.8;3.7;8.6;False;24005;euromillions_202002.csv
2024-01-19;2016+ : 50 boules / 12 etoiles;VENDREDI;50;27;28;48;44;7;12;1;3;5;27;515;1228;1212;26591;59382;17992;414068;952524;97560;17000000.0;215402.7;30205.9;1742.2;168.2;52.4;75.5;13.5;11.2;17.8;6.1;4.3;8.2;False;24006;euromillions_202002.csv
2024-01-23;2016+ : 50 boules / 12 etoiles;MARDI;48;23;14;50;39;12;3;0;1;2;18;451;1142;917;21242;48410;13501;315496;725468;68707;0.0;482958.1;56437.6;1953.2;143.6;42.1;74.6;12.6;10.3;17.8;6.0;4.2;8.8;False;24007;euromillions_202002.csv
2024-01-26;2016+ : 50 boules / 12 etoiles;VENDREDI;32;19;41;8;42;12;9;0;9;8;51;1288;3026;2523;57510;140388;36883;846899;2087605;200543;0.0;146288.8;38463.8;1879.3;137.0;43.3;73.9;12.7;9.7;17.7;6.1;4.0;8.2;False;24008;euromillions_202002.csv
2024-01-30;2016+ : 50 boules / 12 etoiles;MARDI;10;27;5;30;19;6;5;2;11;22;83;1933;3570;3057;68776;129934;36427;806112;1601176;167646;72274808.0;82195.8;9605.2;793.0;62.7;25.2;41.9;7.3;7.1;12.3;4.4;3.5;6.7;False;24009;euromillions_202002.csv
2024-02-02;2016+ : 50 boules / 12 etoiles;VENDREDI;13;42;27;23;20;9;5;0;4;7;93;1155;2593;2846;45275;96147;36285;587629;1199431;171481;0.0;171330.2;22881.5;536.4;79.5;26.3;34.1;8.4;7.3;9.4;4.6;3.6;5.0;False;24010;euromillions_202002.csv
2024-02-06;2016+ : 50 boules / 12 etoiles;MARDI;45;7;2;28;21;11;5;0;2;6;30;699;1599;1327;29688;68863;18003;388042;890199;89461;0.0;252419.4;19664.8;1225.0;96.8;31.4;53.9;9.4;7.5;13.9;5.1;3.6;7.0;False;24011;euromillions_202002.csv
2024-02-09;2016+ : 50 boules / 12 etoiles;VENDREDI;37;35;45;24;23;12;9;0;1;4;19;600;1310;1209;27565;67644;18226;421884;1039739;101495;0.0;688624.9;40235.7;2638.4;153.9;52.3;80.7;13.8;10.5;18.8;6.4;4.2;8.5;False;24012;euromillions_202002.csv
2024-02-13;2016+ : 50 boules / 12 etoiles;MARDI;13;18;46;17;20;9;4;0;2;6;34;550;1261;1598;26919;58929;24766;406778;898873;131538;0.0;269795.0;21018.5;1155.3;131.5;42.6;47.8;11.1;9.4;10.8;5.2;3.8;5.1;False;24013;euromillions_202002.csv
2024-02-16;2016+ : 50 boules / 12 etoiles;VENDREDI;26;14;13;24;8;1;2;0;2;13;54;1118;2500;1891;45869;102828;24074;592332;1341440;118061;0.0;365544.0;13143.6;985.5;87.6;29.1;54.8;8.8;7.3;15.1;4.8;3.4;7.7;False;24014;euromillions_202002.csv
2024-02-20;2016+ : 50 boules / 12 etoiles;MARDI;42;31;37;48;23;7;3;1;4;3;42;520;1091;1974;26063;53216;29695;400597;793739;167972;73448160.0;143586.8;44744.8;995.4;148.1;52.4;41.2;12.2;11.1;9.6;5.6;4.5;4.2;False;24015;euromillions_202002.csv
2024-02-23;2016+ : 50 boules / 12 etoiles;VENDREDI;27;49;30;24;28;1;12;0;0;5;24;499;1231;1161;24559;66563;17444;371425;1049508;95080;0.0;0.0;155533.6;1911.9;169.3;51.0;76.9;14.2;9.7;17.9;6.6;3.8;8.3;False;24016;euromillions_202002.csv
2024-02-27;2016+ : 50 boules / 12 etoiles;MARDI;20;3;4;9;12;5;6;0;8;10;37;1053;2348;1701;37856;77533;19655;449963;905443;92139;0.0;61868.9;11567.8;973.8;63.0;20.9;41.2;7.2;6.6;12.5;4.3;3.4;6.7;False;24017;euromillions_202002.csv
2024-03-01;2016+ : 50 boules / 12 etoiles;VENDREDI;34;20;4;19;7;2;4;0;4;9;58;1001;1890;2268;43849;84586;30073;573714;1169473;138480;0.0;169602.1;17617.2;851.4;90.8;35.7;42.4;8.5;8.2;11.2;4.6;3.6;6.1;False;24018;euromillions_202002.csv
2024-03-05;2016+ : 50 boules / 12 etoiles;MARDI;23;36;2;17;15;8;3;0;2;7;34;746;1509;1869;31466;63100;26006;437488;879843;129369;0.0;267433.8;17858.2;1145.1;96.1;35.3;40.5;9.4;8.7;10.2;4.8;3.8;5.1;False;24019;euromillions_202002.csv
2024-03-08;2016+ : 50 boules / 12 etoiles;VENDREDI;12;11;8;44;16;4;7;0;1;9;48;981;1867;2566;44407;88672;37704;615114;1244791;182988;0.0;729847.1;18953.0;1106.8;99.7;38.9;40.3;9.1;8.5;9.6;4.6;3.7;4.9;False;24020;euromillions_202002.csv
2024-03-12;2016+ : 50 boules / 12 etoiles;MARDI;30;38;19;13;46;4;12;0;2;4;20;561;1325;1026;25020;62934;15548;363360;934872;81999;0.0;285832.3;33401.8;2080.7;136.6;42.9;78.9;12.6;9.3;18.3;6.2;3.8;8.7;False;24021;euromillions_202002.csv
2024-03-15;2016+ : 50 boules / 12 etoiles;VENDREDI;31;40;34;4;1;4;5;1;3;11;47;1053;2273;2762;53453;111082;40123;855579;1770373;220823;130000000.0;420494.8;26802.7;1953.8;160.6;55.2;64.7;13.1;11.7;15.6;5.8;4.5;7.1;False;24022;euromillions_202002.csv
2024-03-19;2016+ : 50 boules / 12 etoiles;MARDI;32;18;7;20;16;1;3;0;3;6;23;648;1401;1238;26685;59872;17254;365158;803809;87492;0.0;156244.2;18258.4;1483.5;97.0;33.3;53.6;9.7;8.0;13.5;5.0;3.7;6.7;False;24023;euromillions_202002.csv
2024-03-22;2016+ : 50 boules / 12 etoiles;VENDREDI;32;8;44;11;23;9;10;0;12;28;37;1226;2946;1275;38488;93918;17390;483588;1176361;89886;0.0;54013.3;5410.2;1275.2;70.8;21.9;72.0;9.3;7.1;18.5;5.2;3.5;9.0;False;24024;euromillions_202002.csv
2024-03-26;2016+ : 50 boules / 12 etoiles;MARDI;14;26;29;13;2;5;6;0;5;5;38;843;1676;1400;33176;65640;19001;427543;850599;93205;0.0;99867.4;23340.6;956.5;79.4;29.6;50.5;8.3;7.8;13.0;4.6;3.7;6.7;False;24025;euromillions_202002.csv
2024-03-29;2016+ : 50 boules / 12 etoiles;VENDREDI;49;35;36;17;16;10;1;0;1;6;24;588;1289;1135;25345;63117;17335;390707;1018156;96601;0.0;687795.5;26791.5;2086.2;156.8;53.1;85.9;15.0;11.2;19.7;6.9;4.2;8.9;False;24026;euromillions_202002.csv
2024-04-02;2016+ : 50 boules / 12 etoiles;MARDI;36;1;48;23;31;8;5;0;0;2;24;406;893;1272;21138;45917;20899;332177;711622;122707;0.0;0.0;311771.8;1533.0;166.9;56.3;56.3;13.2;11.3;12.0;6.0;4.5;5.1;False;24027;euromillions_202002.csv
2024-04-05;2016+ : 50 boules / 12 etoiles;VENDREDI;26;37;35;18;13;11;8;0;2;13;41;790;1804;1521;34693;81880;22405;500313;1187042;116993;0.0;364537.4;13107.4;1294.4;123.7;40.2;67.9;11.6;9.2;16.2;5.7;3.9;7.8;False;24028;euromillions_202002.csv
2024-04-09;2016+ : 50 boules / 12 etoiles;MARDI;27;46;19;23;26;2;10;0;0;5;27;578;1382;1290;29808;69641;19907;427979;1007228;102086;0.0;0.0;143308.7;1565.9;134.7;41.8;63.8;10.8;8.6;14.5;5.3;3.6;7.1;False;24029;euromillions_202002.csv
2024-04-12;2016+ : 50 boules / 12 etoiles;VENDREDI;45;16;12;2;3;11;2;0;2;8;37;847;1841;1862;39506;89196;26529;566236;1318782;138497;0.0;389492.2;22757.6;1532.6;123.3;42.1;59.3;10.9;9.0;14.6;5.4;3.7;7.0;False;24030;euromillions_202002.csv
2024-04-16;2016+ : 50 boules / 12 etoiles;MARDI;39;31;46;29;22;3;7;0;2;5;44;601;1451;1918;29654;61758;31921;460357;940834;188726;0.0;337636.5;31564.4;1117.2;150.6;46.3;49.9;12.6;11.3;10.5;5.7;4.5;4.4;False;24031;euromillions_202002.csv
2024-04-19;2016+ : 50 boules / 12 etoiles;VENDREDI;10;20;46;40;44;1;3;0;1;11;39;918;2069;1995;44084;96956;28576;604285;1364068;160692;0.0;938778.2;19946.1;1752.3;137.1;45.1;66.7;11.8;10.0;16.3;6.1;4.3;7.3;False;24032;euromillions_202002.csv
2024-04-23;2016+ : 50 boules / 12 etoiles;MARDI;9;49;11;6;32;2;10;0;4;8;34;800;1927;1759;37357;90637;25779;535723;1305450;135438;0.0;195277.7;22819.8;1672.4;130.9;40.3;62.9;11.6;8.9;15.0;5.7;3.8;7.2;False;24033;euromillions_202002.csv
2024-04-26;2016+ : 50 boules / 12 etoiles;VENDREDI;47;2;39;20;40;8;4;0;2;11;46;987;2238;2421;46215;103414;39302;710644;1579596;227046;0.0;560301.5;23809.3;1773.4;152.2;49.8;65.6;13.4;11.2;14.2;6.2;4.5;6.1;False;24034;euromillions_202002.csv
2024-04-30;2016+ : 50 boules / 12 etoiles;MARDI;24;47;13;22;33;5;1;1;8;13;68;1385;3144;2517;51784;117948;33591;688604;1549560;165534;166790050.0;114649.1;16489.4;981.8;88.8;29.0;51.6;9.8;8.0;13.6;5.2;3.7;6.9;False;24035;euromillions_202002.csv
2024-05-03;2016+ : 50 boules / 12 etoiles;VENDREDI;6;49;9;30;10;4;3;0;3;8;24;816;1610;1569;35764;75020;21715;508536;1027342;109236;0.0;211741.0;18557.7;1926.7;104.3;39.3;57.3;9.8;8.7;14.5;4.9;3.9;7.2;False;24036;euromillions_202002.csv
2024-05-07;2016+ : 50 boules / 12 etoiles;MARDI;45;35;42;36;41;11;6;0;0;3;21;346;804;841;16490;38152;13572;272183;627708;77930;0.0;0.0;202575.5;1707.6;190.9;61.0;83.0;16.5;13.3;18.0;7.1;4.9;7.9;False;24037;euromillions_202002.csv
2024-05-10;2016+ : 50 boules / 12 etoiles;VENDREDI;29;44;13;48;28;12;4;0;3;6;18;629;1499;1241;28133;72372;18174;415055;1067762;93179;0.0;213998.1;25007.4;2596.4;136.8;42.6;73.3;12.6;9.1;17.5;6.1;3.8;8.6;False;24038;euromillions_202002.csv
2024-05-14;2016+ : 50 boules / 12 etoiles;MARDI;35;2;8;28;17;7;9;1;5;7;43;856;1704;1704;32287;66637;23530;429438;858175;120656;48748900.0;104539.9;17451.9;884.9;81.8;30.5;43.4;8.9;8.1;11.0;4.8;3.8;5.4;False;24039;euromillions_202002.csv
2024-05-17;2016+ : 50 boules / 12 etoiles;VENDREDI;31;41;46;32;18;10;1;0;2;3;25;437;1108;1009;21945;54773;14760;333262;853890;83136;0.0;306136.5;47699.4;1782.8;187.8;55.0;86.0;15.5;11.5;20.6;7.2;4.5;9.2;False;24040;euromillions_202002.csv
2024-05-21;2016+ : 50 boules / 12 etoiles;MARDI;13;11;48;14;34;9;7;0;1;5;33;447;919;1264;22989;45943;20234;362186;707727;109565;0.0;461188.2;21557.4;1017.3;138.3;49.9;51.7;11.1;10.3;11.3;5.0;4.1;5.2;False;24041;euromillions_202002.csv
2024-05-24;2016+ : 50 boules / 12 etoiles;VENDREDI;12;9;22;18;50;1;3;0;2;6;29;803;1760;1757;37089;79991;24731;512888;1114599;120936;0.0;321429.7;25041.1;1613.7;107.3;36.3;51.8;9.6;8.3;12.9;4.9;3.6;6.6;False;24042;euromillions_202002.csv
2024-05-28;2016+ : 50 boules / 12 etoiles;MARDI;18;16;35;41;36;6;7;0;2;12;15;513;928;973;21209;42788;15394;332149;668155;87237;0.0;250693.2;9765.1;2433.2;131.0;53.8;73.0;13.1;12.1;16.2;5.9;4.7;7.2;False;24043;euromillions_202002.csv
2024-05-31;2016+ : 50 boules / 12 etoiles;VENDREDI;16;33;4;34;7;8;7;0;2;3;29;828;1539;1741;41733;76287;24339;591308;1102388;126555;0.0;351238.0;54726.7;1763.3;113.7;45.4;57.1;9.3;9.5;14.3;4.6;4.0;6.9;False;24044;euromillions_202002.csv
2024-06-04;2016+ : 50 boules / 12 etoiles;MARDI;43;7;6;9;14;4;3;0;2;7;26;647;1443;1608;33014;67722;20966;473384;948932;100326;0.0;279488.3;18663.1;1565.0;115.8;38.5;49.2;9.4;8.5;13.2;4.6;3.7;6.9;False;24045;euromillions_202002.csv
2024-06-07;2016+ : 50 boules / 12 etoiles;VENDREDI;30;26;15;37;16;8;5;0;9;5;79;1312;2910;3821;60826;127695;56573;885563;1876170;294555;0.0;136127.5;57267.4;1128.9;125.2;41.9;45.4;11.1;9.9;10.7;5.4;4.1;5.2;False;24046;euromillions_202002.csv
2024-06-11;2016+ : 50 boules / 12 etoiles;MARDI;48;15;7;34;45;7;9;0;5;10;56;945;1867;2360;41280;82326;34664;616187;1209516;187141;0.0;168413.4;19680.5;1094.6;119.4;44.9;50.5;11.3;10.5;12.0;5.3;4.4;5.6;False;24047;euromillions_202002.csv
2024-06-14;2016+ : 50 boules / 12 etoiles;VENDREDI;13;2;16;24;32;7;1;0;10;19;88;1604;3742;3325;64389;142255;42911;848501;1847351;214237;0.0;109895.2;13518.0;909.0;91.8;29.2;46.8;9.4;7.9;12.7;5.1;3.7;6.4;False;24048;euromillions_202002.csv
2024-06-18;2016+ : 50 boules / 12 etoiles;MARDI;34;11;36;33;3;12;1;0;5;6;41;800;2029;1713;36552;101523;26555;553256;1534807;143991;0.0;185067.0;36044.3;1642.9;155.1;45.4;76.5;14.0;9.4;17.3;6.6;3.8;8.0;False;24049;euromillions_202002.csv
2024-06-21;2016+ : 50 boules / 12 etoiles;VENDREDI;4;3;11;7;17;12;3;0;14;44;74;3055;6419;3238;91280;204607;40818;1030776;2392296;198681;0.0;86983.1;6468.4;1197.9;53.4;18.8;53.3;7.4;6.1;14.8;4.6;3.2;7.6;False;24050;euromillions_202002.csv
2024-06-25;2016+ : 50 boules / 12 etoiles;MARDI;14;16;49;45;37;5;7;1;8;15;55;1122;2296;2697;49896;103586;44842;764555;1553498;260815;213887390.0;141110.2;17589.2;1494.1;134.9;48.9;59.3;12.5;11.2;12.5;5.8;4.6;5.4;False;24051;euromillions_202002.csv
2024-06-28;2016+ : 50 boules / 12 etoiles;VENDREDI;10;18;35;16;22;10;1;0;1;5;25;617;1847;1401;31109;82728;19080;436567;1139040;96503;0.0;653225.3;30533.9;1902.1;141.9;35.2;66.0;11.6;8.1;17.0;5.9;3.6;8.4;False;24052;euromillions_202002.csv
2024-07-02;2016+ : 50 boules / 12 etoiles;MARDI;46;7;2;34;35;6;8;0;2;2;21;396;972;1009;20357;46192;16589;327200;735440;96176;0.0;248851.1;58160.6;1725.2;168.5;51.0;69.9;13.5;11.1;14.9;6.0;4.3;6.4;False;24053;euromillions_202002.csv
2024-07-05;2016+ : 50 boules / 12 etoiles;VENDREDI;29;47;31;13;11;11;1;1;6;14;45;847;2056;1591;32900;83957;20981;448978;1150742;100491;39132032.0;109598.2;10977.8;1063.7;104.1;31.8;58.5;11.1;8.1;15.6;5.7;3.6;8.1;False;24054;euromillions_202002.csv
2024-07-09;2016+ : 50 boules / 12 etoiles;MARDI;28;15;19;39;6;7;11;0;2;7;34;607;1410;1213;25585;57756;16910;352051;792341;86685;0.0;233146.7;15568.6;998.3;103.0;32.9;54.4;10.1;8.3;13.7;5.2;3.7;6.7;False;24055;euromillions_202002.csv
2024-07-12;2016+ : 50 boules / 12 etoiles;VENDREDI;12;39;24;25;18;10;8;0;3;8;36;743;1835;1383;33345;82980;19646;455333;1112596;99530;0.0;211029.3;18495.3;1280.1;114.2;34.3;64.8;10.5;7.8;16.0;5.4;3.6;7.9;False;24056;euromillions_202002.csv
2024-07-16;2016+ : 50 boules / 12 etoiles;MARDI;39;35;2;36;32;7;8;0;1;5;18;371;795;859;18872;39280;13715;309957;619066;80470;0.0;492731.3;23031.8;1992.7;178.0;61.7;81.3;14.5;12.9;17.8;6.2;5.0;7.6;False;24057;euromillions_202002.csv
2024-07-19;2016+ : 50 boules / 12 etoiles;VENDREDI;44;22;35;48;15;6;7;2;3;3;42;851;1790;1582;36053;71874;23538;513956;1033719;128931;26181999.0;240060.3;56106.0;1248.2;113.4;40.0;64.5;11.0;10.3;15.2;5.5;4.4;6.9;False;24058;euromillions_202002.csv
2024-07-23;2016+ : 50 boules / 12 etoiles;MARDI;8;10;16;34;4;8;4;0;3;7;76;630;1240;2862;28739;54425;25377;359529;731173;97862;0.0;147222.0;14746.3;423.0;94.0;35.4;21.8;8.5;8.3;8.6;4.8;3.8;5.6;False;24059;euromillions_202002.csv
2024-07-26;2016+ : 50 boules / 12 etoiles;VENDREDI;35;37;23;19;4;8;4;1;4;10;54;902;1741;1966;34471;71010;27669;459322;975900;140022;28649442.0;152025.2;14212.3;819.7;90.4;34.7;43.8;9.8;8.8;10.9;5.2;3.9;5.4;False;24060;euromillions_202002.csv
2024-07-30;2016+ : 50 boules / 12 etoiles;MARDI;28;37;9;38;25;2;8;0;0;5;23;436;831;1224;20354;44479;20011;311867;671590;108011;0.0;0.0;108423.6;1390.7;135.1;52.6;50.8;11.9;10.2;10.9;5.5;4.1;5.0;False;24061;euromillions_202002.csv
2024-08-02;2016+ : 50 boules / 12 etoiles;VENDREDI;12;7;33;5;46;3;12;0;3;14;32;817;1882;1359;34379;79750;19020;462879;1092703;95045;0.0;204919.7;10262.8;1398.5;100.9;32.5;64.1;9.9;7.9;16.0;5.2;3.5;8.1;False;24062;euromillions_202002.csv
2024-08-06;2016+ : 50 boules / 12 etoiles;MARDI;41;27;50;1;18;2;12;0;4;7;23;489;1214;881;21234;51760;13024;305973;759216;68138;0.0;121482.3;16224.2;1538.0;133.2;39.8;78.1;12.7;9.7;18.5;6.2;4.0;8.9;False;24063;euromillions_202002.csv
2024-08-09;2016+ : 50 boules / 12 etoiles;VENDREDI;33;23;25;44;21;4;10;0;4;6;33;844;1836;1481;33542;87750;21243;454827;1148588;108813;0.0;163953.0;25545.6;1446.7;104.1;35.5;62.7;10.8;7.7;15.3;5.6;3.6;7.5;False;24064;euromillions_202002.csv
2024-08-13;2016+ : 50 boules / 12 etoiles;MARDI;15;16;40;47;39;1;6;0;1;3;26;420;977;1048;20234;47407;15680;319528;756665;89519;0.0;534410.6;41633.5;1496.2;170.6;54.4;72.2;14.6;11.6;16.9;6.6;4.4;7.4;False;24065;euromillions_202002.csv
2024-08-16;2016+ : 50 boules / 12 etoiles;VENDREDI;49;45;15;29;17;10;1;0;4;5;29;663;1744;1352;30884;82155;20538;459663;1208658;106693;0.0;184603.5;34515.9;1853.5;149.3;42.1;77.4;13.2;9.2;17.9;6.3;3.8;8.6;False;24066;euromillions_202002.csv
2024-08-20;2016+ : 50 boules / 12 etoiles;MARDI;10;18;13;26;7;12;3;0;8;17;50;1155;2802;1615;41344;98103;19267;483099;1152657;90712;0.0;71422.4;7855.3;831.8;66.3;20.3;50.1;7.6;6.0;14.7;4.6;3.1;7.8;False;24067;euromillions_202002.csv
2024-08-23;2016+ : 50 boules / 12 etoiles;VENDREDI;50;47;24;9;15;8;9;0;1;7;28;799;1604;1669;37459;76049;24219;568176;1163902;129475;0.0;778922.8;26006.7;2025.1;130.7;48.3;66.1;11.5;10.5;16.0;5.4;4.2;7.5;False;24068;euromillions_202002.csv
2024-08-27;2016+ : 50 boules / 12 etoiles;MARDI;1;47;42;8;11;11;4;0;0;5;36;626;1368;1394;29083;66704;20589;444203;1036127;108715;0.0;0.0;160042.0;1311.5;138.9;47.2;65.9;12.3;10.0;15.6;5.7;3.9;7.4;False;24069;euromillions_202002.csv
2024-08-30;2016+ : 50 boules / 12 etoiles;VENDREDI;3;24;42;33;27;6;4;0;5;14;48;1148;2523;2702;50222;111392;37184;687522;1536840;189326;0.0;184395.8;15391.5;1398.2;107.6;36.4;48.3;10.1;8.5;12.3;5.2;3.8;6.1;False;24070;euromillions_202002.csv
2024-09-03;2016+ : 50 boules / 12 etoiles;MARDI;7;9;11;45;16;5;2;0;3;11;55;1014;2309;2788;48894;102946;37098;663338;1378289;178225;0.0;262554.0;16735.4;1042.5;104.1;33.9;40.0;8.9;7.9;10.5;4.6;3.6;5.5;False;24071;euromillions_202002.csv
2024-09-06;2016+ : 50 boules / 12 etoiles;VENDREDI;34;47;14;12;41;3;4;1;4;7;55;1022;2061;2111;46435;96179;31655;717046;1470121;175554;149017789.0;257427.9;34380.0;1362.9;135.1;49.7;69.1;12.3;11.0;16.2;5.6;4.4;7.3;False;24072;euromillions_202002.csv
2024-09-10;2016+ : 50 boules / 12 etoiles;MARDI;48;46;6;29;47;9;2;0;1;6;13;357;811;954;18241;40170;15401;290184;629021;93391;0.0;484860.8;18886.6;2715.1;182.1;59.5;72.0;14.7;12.4;15.6;6.5;4.8;6.5;False;24073;euromillions_202002.csv
2024-09-13;2016+ : 50 boules / 12 etoiles;VENDREDI;31;42;10;15;17;4;12;0;3;5;23;749;2144;1516;35525;94256;21197;509083;1330865;111292;0.0;252503.6;35408.5;2397.5;135.6;35.1;70.8;11.8;8.3;17.7;5.8;3.6;8.5;False;24074;euromillions_202002.csv
2024-09-17;2016+ : 50 boules / 12 etoiles;MARDI;30;32;20;41;44;10;1;0;0;4;19;460;1158;917;20774;49650;13868;296919;752833;73056;0.0;0.0;159071.5;1976.0;150.3;44.3;79.7;13.7;10.7;18.5;6.8;4.3;8.8;False;24075;euromillions_202002.csv
2024-09-20;2016+ : 50 boules / 12 etoiles;VENDREDI;16;37;34;25;29;3;7;0;3;13;54;752;1537;2608;34527;68306;37366;502378;994624;207694;0.0;231778.9;12500.9;937.3;123.9;45.0;37.7;11.1;10.5;9.2;5.4;4.4;4.1;False;24076;euromillions_202002.csv
2024-09-24;2016+ : 50 boules / 12 etoiles;MARDI;20;21;49;36;18;5;3;0;4;2;25;535;1096;1429;24809;51717;22528;400108;793593;129548;0.0;138661.1;64814.7;1615.0;139.0;50.4;55.0;12.4;11.0;12.2;5.4;4.4;5.3;False;24077;euromillions_202002.csv
2024-09-27;2016+ : 50 boules / 12 etoiles;VENDREDI;7;21;38;20;27;12;5;0;3;18;68;1478;3682;2773;67092;164809;39401;940455;2273779;199805;0.0;416328.8;16217.1;1337.0;113.3;33.7;63.8;10.3;7.8;15.7;5.2;3.4;7.8;False;24078;euromillions_202002.csv
2024-10-01;2016+ : 50 boules / 12 etoiles;MARDI;22;41;8;42;29;9;11;0;7;10;46;846;2087;1791;40760;93991;26227;587531;1358844;141713;0.0;124015.8;20289.1;1373.8;137.6;41.4;68.7;11.8;9.5;16.4;5.8;4.0;7.6;False;24079;euromillions_202002.csv
2024-10-04;2016+ : 50 boules / 12 etoiles;VENDREDI;4;17;8;16;20;6;1;1;12;20;97;1811;4613;3444;68777;167492;43110;870340;2086207;204256;162256512.0;94700.0;13279.7;852.8;84.1;24.5;46.7;9.1;7.0;13.1;5.1;3.4;6.9;False;24080;euromillions_202002.csv
2024-10-08;2016+ : 50 boules / 12 etoiles;MARDI;7;19;34;14;40;8;6;0;4;7;31;533;1279;1313;25616;56697;19378;372862;821666;100095;0.0;122519.2;16362.7;1150.8;123.3;38.1;52.9;10.6;8.9;12.5;5.1;3.7;6.1;False;24081;euromillions_202002.csv
2024-10-11;2016+ : 50 boules / 12 etoiles;VENDREDI;23;46;32;16;49;5;4;0;3;6;30;738;1437;1369;31194;64209;20133;463749;946037;112915;0.0;223088.0;26069.6;1624.0;121.6;46.3;69.3;11.9;10.7;16.5;5.6;4.4;7.4;False;24082;euromillions_202002.csv
2024-10-15;2016+ : 50 boules / 12 etoiles;MARDI;15;48;2;36;32;3;9;0;1;5;27;481;1035;1221;21401;45553;19239;328382;692194;113067;0.0;506802.6;23689.6;1366.4;141.2;48.7;58.8;13.1;11.5;13.1;6.0;4.6;5.6;False;24083;euromillions_202002.csv
2024-10-18;2016+ : 50 boules / 12 etoiles;VENDREDI;23;39;4;15;30;12;1;0;2;6;35;706;2170;1479;30918;94852;20021;432047;1256893;107220;0.0;352631.7;27471.9;1466.8;133.9;32.3;67.5;12.6;7.6;17.5;6.4;3.5;8.2;False;24084;euromillions_202002.csv
2024-10-22;2016+ : 50 boules / 12 etoiles;MARDI;13;46;3;27;30;1;2;0;2;9;24;705;1695;1155;29417;69726;16432;402090;930745;85273;0.0;269163.3;13979.5;1632.8;102.3;31.6;66.0;10.1;7.9;16.3;5.2;3.6;7.9;False;24085;euromillions_202002.csv
2024-10-25;2016+ : 50 boules / 12 etoiles;VENDREDI;4;20;45;25;17;9;8;0;2;7;40;1014;2069;1724;45365;94572;25930;630402;1321965;131896;0.0;402669.5;26888.7;1465.6;106.5;38.7;66.2;9.8;8.8;15.4;5.0;3.8;7.6;False;24086;euromillions_202002.csv
2024-10-29;2016+ : 50 boules / 12 etoiles;MARDI;45;30;19;1;2;12;10;0;2;3;23;478;1368;1027;22908;65223;15437;342322;984152;81020;0.0;293155.7;45676.8;1855.7;164.4;42.6;80.9;14.2;9.2;18.9;6.7;3.7;9.0;False;24087;euromillions_202002.csv
2024-11-01;2016+ : 50 boules / 12 etoiles;VENDREDI;44;7;50;33;38;2;7;0;5;4;50;701;1589;2297;39237;77972;33152;567133;1113984;184689;0.0;152337.6;44504.7;1108.9;145.7;47.7;47.0;10.7;10.1;11.4;5.3;4.3;5.1;False;24088;euromillions_202002.csv
2024-11-05;2016+ : 50 boules / 12 etoiles;MARDI;50;8;37;1;19;9;6;0;6;8;44;870;1846;1882;35363;80046;27255;501357;1128830;146834;0.0;119513.0;20949.1;1186.3;110.5;38.6;54.0;11.2;9.2;13.1;5.6;4.0;6.1;False;24089;euromillions_202002.csv
2024-11-08;2016+ : 50 boules / 12 etoiles;VENDREDI;48;2;35;33;42;1;3;0;3;12;39;811;1838;1816;38734;87064;27240;594236;1340773;157954;0.0;316791.8;18509.8;1773.9;157.1;51.5;74.1;13.6;11.2;17.3;6.3;4.5;7.5;False;24090;euromillions_202002.csv
2024-11-12;2016+ : 50 boules / 12 etoiles;MARDI;11;12;50;10;22;10;1;0;3;12;41;910;2292;1827;39940;98242;24670;545032;1394060;119027;0.0;256306.6;14975.7;1365.2;113.3;33.4;59.6;10.6;8.0;15.5;5.5;3.5;8.0;False;24091;euromillions_202002.csv
2024-11-15;2016+ : 50 boules / 12 etoiles;VENDREDI;7;39;8;44;34;2;6;0;1;9;51;821;1870;2331;45700;100728;38936;723305;1612654;215347;0.0;1030972.9;26772.8;1471.6;168.3;54.9;62.6;12.5;10.5;13.1;5.6;4.0;5.9;False;24092;euromillions_202002.csv
2024-11-19;2016+ : 50 boules / 12 etoiles;MARDI;28;20;49;13;4;7;12;0;2;11;54;1110;2307;2142;45762;105496;28642;638935;1464889;141623;0.0;437600.4;18595.3;1179.8;105.7;37.7;57.9;10.6;8.5;15.2;5.4;3.7;7.7;False;24093;euromillions_202002.csv
2024-11-22;2016+ : 50 boules / 12 etoiles;VENDREDI;12;10;29;11;31;11;8;0;11;27;93;2182;5351;3916;90710;217100;56732;1246775;2931777;295013;0.0;151312.4;14407.6;1302.8;102.2;30.9;60.2;10.1;7.9;14.6;5.2;3.6;7.0;False;24094;euromillions_202002.csv
2024-11-26;2016+ : 50 boules / 12 etoiles;MARDI;40;25;31;11;7;12;9;1;15;14;55;1492;3462;2400;57385;144615;33051;781193;1953020;168815;212448937.0;73659.1;18445.0;1462.4;99.3;31.7;65.2;10.6;7.9;16.6;5.5;3.5;8.2;False;24095;euromillions_202002.csv
2024-11-29;2016+ : 50 boules / 12 etoiles;VENDREDI;8;18;43;17;29;5;9;0;4;6;46;936;1883;2459;39040;81499;32798;545804;1123038;164667;0.0;171105.2;26660.0;1083.1;98.0;36.2;39.4;9.7;8.6;10.3;4.9;3.8;5.2;False;24096;euromillions_202002.csv
2024-12-03;2016+ : 50 boules / 12 etoiles;MARDI;46;23;34;25;47;6;8;0;0;5;21;443;967;1158;21694;46965;17740;338553;736296;100698;0.0;0.0;129039.7;1812.8;158.3;53.8;64.0;13.3;11.5;14.6;6.0;4.5;6.5;False;24097;euromillions_202002.csv
2024-12-06;2016+ : 50 boules / 12 etoiles;VENDREDI;25;39;47;14;44;6;10;0;0;11;39;608;1479;1415;28649;69227;20745;426665;1025701;112234;0.0;0.0;78150.9;1300.6;153.6;46.9;69.8;13.5;10.4;16.7;6.4;4.3;7.7;False;24098;euromillions_202002.csv
2024-12-10;2016+ : 50 boules / 12 etoiles;MARDI;29;25;5;47;24;9;5;0;1;3;30;596;1118;1816;28922;56637;27028;434741;859369;136199;0.0;554372.4;43188.6;1345.2;124.7;49.3;43.2;10.6;10.1;10.2;5.0;4.1;5.0;False;24099;euromillions_202002.csv
2024-12-13;2016+ : 50 boules / 12 etoiles;VENDREDI;25;1;42;15;50;10;4;0;1;9;46;805;2226;1775;37914;94973;26101;556232;1372521;143323;0.0;880351.0;22861.3;1393.1;146.6;39.3;70.3;12.8;9.5;16.7;6.2;4.0;7.6;False;24100;euromillions_202002.csv
2024-12-17;2016+ : 50 boules / 12 etoiles;MARDI;1;21;4;29;3;7;2;1;1;8;48;923;1749;2094;39664;75380;30297;505740;1002365;152149;77557137.0;603073.3;17618.5;914.6;87.6;34.3;40.8;8.4;8.2;9.9;4.7;3.8;4.9;False;24101;euromillions_202002.csv
2024-12-20;2016+ : 50 boules / 12 etoiles;VENDREDI;14;10;50;33;21;6;9;0;3;8;47;792;1797;1908;35050;77174;27621;496007;1095328;142307;0.0;222689.4;19517.3;1034.7;113.1;37.0;49.6;10.5;8.9;12.0;5.3;3.8;5.8;False;24102;euromillions_202002.csv
2024-12-24;2016+ : 50 boules / 12 etoiles;MARDI;6;24;16;23;10;12;11;0;2;16;32;763;2663;1285;30239;97631;16824;409663;1235083;85694;0.0;306780.3;8962.4;1395.7;107.8;22.9;67.6;11.2;6.5;18.1;5.9;3.1;8.9;False;24103;euromillions_202002.csv
2024-12-27;2016+ : 50 boules / 12 etoiles;VENDREDI;45;33;12;27;22;4;8;1;5;9;60;854;1923;2174;36455;80975;29649;496697;1098086;147394;41205363.0;129991.8;16878.4;788.5;102.0;33.6;42.3;9.9;8.3;10.9;5.1;3.7;5.5;False;24104;euromillions_202002.csv
2024-12-31;2016+ : 50 boules / 12 etoiles;MARDI;33;24;19;26;28;12;8;0;4;11;32;782;1961;1606;36088;90132;22223;525874;1309459;118600;0.0;188075.1;15984.0;1711.4;129.0;38.2;66.4;11.5;8.6;16.8;5.6;3.6;7.9;False;24105;euromillions_202002.csv
2025-01-03;2016+ : 50 boules / 12 etoiles;VENDREDI;19;35;37;3;29;1;9;0;2;6;29;608;1418;1591;29727;68729;22935;439059;1008934;119525;0.0;316853.4;24684.6;1590.7;139.7;44.5;56.4;11.8;9.5;13.7;5.6;3.9;6.6;False;25001;euromillions_202002.csv
2025-01-07;2016+ : 50 boules / 12 etoiles;MARDI;41;20;35;33;47;4;12;0;1;5;14;412;1026;924;19699;48369;13140;293098;731851;71968;0.0;521898.3;24395.2;2713.7;169.8;50.6;80.0;14.7;11.1;19.7;7.0;4.5;9.0;False;25002;euromillions_202002.csv
2025-01-10;2016+ : 50 boules / 12 etoiles;VENDREDI;36;37;27;42;12;7;6;0;4;3;31;801;1557;1720;37007;69838;24794;539324;1040834;131395;0.0;179667.0;55988.1;1687.6;120.3;45.9;59.2;10.7;10.6;14.4;5.2;4.3;6.8;False;25003;euromillions_202002.csv
2025-01-14;2016+ : 50 boules / 12 etoiles;MARDI;41;48;29;20;18;5;9;0;6;5;19;491;1095;1512;25394;52451;23134;391066;811530;131241;0.0;95604.5;26813.2;2197.8;156.6;52.1;53.7;12.5;11.3;12.3;5.7;4.4;5.4;False;25004;euromillions_202002.csv
2025-01-17;2016+ : 50 boules / 12 etoiles;VENDREDI;24;42;15;35;8;8;6;0;9;13;64;1052;2032;2312;42987;84911;31713;576078;1192259;156737;0.0;85022.7;13756.9;870.3;97.5;37.5;46.9;9.8;9.3;12.0;5.2;4.0;6.1;False;25005;euromillions_202002.csv
2025-01-21;2016+ : 50 boules / 12 etoiles;MARDI;8;6;14;27;41;5;4;0;5;6;35;837;1748;1514;35112;71448;21547;482098;974545;110536;0.0;121051.8;23576.5;1258.8;96.9;34.4;56.6;9.5;8.7;13.9;4.9;3.9;6.8;False;25006;euromillions_202002.csv
2025-01-24;2016+ : 50 boules / 12 etoiles;VENDREDI;30;2;19;49;11;3;8;1;9;14;64;1193;2385;2564;46224;97848;37569;641405;1351272;191091;99397573.0;92865.4;13952.6;950.6;93.9;34.9;46.2;10.0;8.8;11.0;5.1;3.9;5.4;False;25007;euromillions_202002.csv
2025-01-28;2016+ : 50 boules / 12 etoiles;MARDI;42;41;37;49;9;9;1;0;1;1;20;334;783;964;17824;40350;14770;282713;631428;85554;0.0;474163.9;110819.9;1725.8;190.3;60.3;69.7;14.7;12.1;15.9;6.6;4.7;6.9;False;25008;euromillions_202002.csv
2025-01-31;2016+ : 50 boules / 12 etoiles;VENDREDI;30;41;49;44;22;7;2;0;1;3;28;529;1165;1514;26701;57187;25940;430353;892502;154092;0.0;662510.1;51613.1;1722.4;167.9;56.6;62.0;13.7;11.9;12.7;6.0;4.7;5.3;False;25009;euromillions_202002.csv
2025-02-04;2016+ : 50 boules / 12 etoiles;MARDI;29;43;3;39;4;5;10;0;0;1;24;463;966;1003;21383;49792;16585;341234;792657;91488;0.0;0.0;643777.5;1582.7;151.1;53.8;73.7;13.5;10.8;15.6;6.0;4.1;7.1;False;25010;euromillions_202002.csv
2025-02-07;2016+ : 50 boules / 12 etoiles;VENDREDI;10;24;45;29;23;8;10;0;0;6;48;673;1570;1634;35090;81279;22992;508548;1199016;115925;0.0;0.0;146483.2;1080.4;141.9;45.2;61.8;11.2;9.0;15.4;5.5;3.7;7.6;False;25011;euromillions_202002.csv
2025-02-11;2016+ : 50 boules / 12 etoiles;MARDI;21;3;46;36;41;6;1;0;5;4;30;519;1087;1056;21756;51207;16549;343915;805259;94596;0.0;113658.3;33204.7;1378.9;146.8;52.0;76.2;14.5;11.4;17.1;6.5;4.4;7.5;False;25012;euromillions_202002.csv
2025-02-14;2016+ : 50 boules / 12 etoiles;VENDREDI;38;14;36;31;4;10;3;1;2;5;45;770;1803;1735;36861;84809;28237;572136;1322764;158678;78450739.0;442087.5;41329.2;1430.3;153.9;48.8;72.2;13.3;10.7;15.5;6.0;4.2;6.9;False;25013;euromillions_202002.csv
2025-02-18;2016+ : 50 boules / 12 etoiles;MARDI;26;40;5;25;14;5;7;0;1;4;38;596;1171;2036;27683;50884;28069;392145;720876;133047;0.0;469895.3;27455.5;900.1;105.7;39.9;32.7;9.4;9.5;8.3;4.7;4.1;4.4;False;25014;euromillions_202002.csv
2025-02-21;2016+ : 50 boules / 12 etoiles;VENDREDI;1;43;3;20;11;11;2;0;3;10;32;745;1752;1584;33261;77813;21878;461955;1088811;113178;0.0;213502.4;14969.7;1457.0;115.2;36.4;57.3;10.6;8.5;14.5;5.4;3.7;7.0;False;25015;euromillions_202002.csv
2025-02-25;2016+ : 50 boules / 12 etoiles;MARDI;23;24;44;17;22;11;6;0;3;6;22;544;1374;1169;27761;69403;17726;373133;929020;88397;0.0;167896.0;19620.0;1666.6;124.1;36.5;61.0;10.0;7.5;14.1;5.3;3.4;7.1;False;25016;euromillions_202002.csv
2025-02-28;2016+ : 50 boules / 12 etoiles;VENDREDI;43;31;46;16;7;9;5;1;2;8;35;702;1485;1975;33630;69321;29005;490638;1023433;161746;52448674.0;353112.6;20632.0;1468.8;134.9;47.3;50.6;11.6;10.5;12.1;5.6;4.3;5.4;False;25017;euromillions_202002.csv
2025-03-04;2016+ : 50 boules / 12 etoiles;MARDI;29;42;15;20;35;9;2;0;7;5;28;530;1141;1221;22979;48863;18059;344094;724716;96708;0.0;68564.8;22434.6;1247.8;121.4;41.9;55.7;11.6;10.1;13.2;5.5;4.2;6.2;False;25018;euromillions_202002.csv
2025-03-07;2016+ : 50 boules / 12 etoiles;VENDREDI;32;6;48;27;10;8;3;0;3;12;89;1507;3081;3784;64892;136202;53706;946610;1986190;286792;0.0;429799.4;25112.8;1054.6;114.7;41.6;48.3;11.0;9.7;11.9;5.3;4.1;5.6;False;25019;euromillions_202002.csv
2025-03-11;2016+ : 50 boules / 12 etoiles;MARDI;36;37;42;47;13;11;7;0;3;10;37;800;1679;2056;39147;82665;30755;596277;1269940;167267;0.0;302199.8;21188.7;1783.7;151.9;53.7;62.5;12.8;11.3;14.6;6.0;4.5;6.7;False;25020;euromillions_202002.csv
2025-03-14;2016+ : 50 boules / 12 etoiles;VENDREDI;8;33;49;35;10;2;9;0;3;8;55;1126;2540;2642;52637;114586;41736;806481;1755386;232010;0.0;387524.6;33964.0;1538.7;138.4;45.5;62.3;12.2;10.4;13.8;5.6;4.2;6.2;False;25021;euromillions_202002.csv
2025-03-18;2016+ : 50 boules / 12 etoiles;MARDI;46;9;35;4;50;8;11;0;3;6;33;848;1793;1879;39406;91297;28656;620751;1447963;160779;0.0;332090.3;38807.4;2197.7;157.5;55.3;75.1;14.0;11.2;17.3;6.3;4.3;7.7;False;25022;euromillions_202002.csv
2025-03-21;2016+ : 50 boules / 12 etoiles;VENDREDI;9;17;18;21;50;12;5;0;4;17;72;1407;3328;2983;69007;161655;41905;977456;2319001;214175;0.0;330212.8;18159.1;1335.4;125.8;39.5;62.7;10.6;8.4;15.6;5.3;3.6;7.7;False;25023;euromillions_202002.csv
2025-03-25;2016+ : 50 boules / 12 etoiles;MARDI;36;3;18;33;1;6;2;0;2;8;69;1334;2774;3076;59429;132501;46584;876893;1942643;247081;0.0;616553.4;36024.6;1300.9;123.9;44.2;56.8;11.5;9.6;13.1;5.5;4.0;6.2;False;25024;euromillions_202002.csv
2025-03-28;2016+ : 50 boules / 12 etoiles;VENDREDI;10;21;30;45;42;1;9;1;9;24;116;2040;4772;4599;88580;210303;64252;1300647;3111406;338662;250000000.0;338645.8;18585.6;1197.7;125.4;39.8;58.8;11.9;9.3;14.7;5.7;3.8;7.0;False;25025;euromillions_202002.csv
2025-04-01;2016+ : 50 boules / 12 etoiles;MARDI;30;49;46;9;24;4;12;0;2;9;9;393;998;921;21031;51822;14128;320432;810737;77262;0.0;266728.5;13853.0;4314.8;182.0;53.2;82.1;14.0;10.6;18.8;6.5;4.1;8.6;False;25026;euromillions_202002.csv
2025-04-04;2016+ : 50 boules / 12 etoiles;VENDREDI;50;27;39;45;41;7;5;1;1;5;28;597;1386;1751;29436;60328;27314;444405;886742;165425;30117535.0;684735.2;32006.7;1780.2;153.8;49.2;55.4;12.9;11.7;12.4;6.0;4.9;5.1;False;25027;euromillions_202002.csv
2025-04-08;2016+ : 50 boules / 12 etoiles;MARDI;15;3;48;14;49;1;7;0;4;4;26;468;858;1091;21045;45047;17230;336626;716092;96020;0.0;121704.9;28444.4;1363.0;139.4;56.5;63.2;12.8;11.1;14.0;5.7;4.3;6.3;False;25028;euromillions_202002.csv
2025-04-11;2016+ : 50 boules / 12 etoiles;VENDREDI;14;34;46;49;28;3;8;0;4;6;34;621;1336;1706;28376;59927;25904;438492;914696;145952;0.0;165122.3;25727.8;1414.1;142.6;49.2;54.8;12.9;11.4;12.6;5.9;4.5;5.6;False;25029;euromillions_202002.csv
2025-04-15;2016+ : 50 boules / 12 etoiles;MARDI;3;31;38;44;33;12;6;0;0;5;23;415;1042;825;20484;52563;14405;314277;807850;77515;0.0;0.0;127814.0;1639.5;167.3;49.5;89.0;14.0;10.1;17.9;6.5;4.0;8.3;False;25030;euromillions_202002.csv
2025-04-18;2016+ : 50 boules / 12 etoiles;VENDREDI;20;48;39;35;27;3;8;0;5;6;44;694;1397;1760;30751;63633;26824;452131;941740;148487;0.0;134387.6;26173.8;1111.7;129.8;47.9;54.1;12.1;10.9;12.4;5.8;4.5;5.6;False;25031;euromillions_202002.csv
2025-04-22;2016+ : 50 boules / 12 etoiles;MARDI;37;47;33;7;28;9;12;0;0;4;28;498;1250;947;24882;62197;13963;342032;848025;74011;0.0;0.0;161263.0;1359.3;140.7;41.6;78.2;11.6;8.6;18.6;6.0;3.9;8.8;False;25032;euromillions_202002.csv
2025-04-25;2016+ : 50 boules / 12 etoiles;VENDREDI;13;32;39;41;22;1;12;0;5;5;41;696;2202;1345;29462;85992;20366;426810;1213128;111027;0.0;148333.5;34667.9;1316.8;142.8;33.5;78.1;13.9;8.9;18.1;6.8;3.8;8.3;False;25033;euromillions_202002.csv
2025-04-29;2016+ : 50 boules / 12 etoiles;MARDI;24;30;41;2;9;11;1;0;0;11;32;605;1502;1156;25854;67339;16848;373985;972679;89036;0.0;0.0;65420.2;1326.9;129.2;38.6;71.5;12.5;8.9;17.2;6.1;3.8;8.2;False;25034;euromillions_202002.csv
2025-05-02;2016+ : 50 boules / 12 etoiles;VENDREDI;21;49;5;3;19;1;10;0;4;8;42;1050;2832;1847;43044;116371;25353;591292;1576485;127471;0.0;209233.3;24450.6;1450.6;106.8;29.4;64.2;10.8;7.4;16.4;5.5;3.3;8.2;False;25035;euromillions_202002.csv
2025-05-06;2016+ : 50 boules / 12 etoiles;MARDI;23;24;47;48;8;4;9;0;3;7;34;590;1386;1803;30711;68538;28867;476415;1050239;156396;0.0;226674.4;22704.6;1455.9;154.5;48.8;53.4;12.3;10.2;11.7;5.6;4.1;5.4;False;25036;euromillions_202002.csv
2025-05-09;2016+ : 50 boules / 12 etoiles;VENDREDI;15;18;25;47;29;9;5;0;6;6;69;1070;2190;3254;49730;100159;43669;704694;1430207;219063;0.0;153430.4;35859.2;971.2;115.3;41.8;40.1;10.2;9.5;10.5;5.1;4.0;5.2;False;25037;euromillions_202002.csv
2025-05-13;2016+ : 50 boules / 12 etoiles;MARDI;19;9;44;47;50;2;9;0;2;4;48;760;1643;2167;46202;81295;29645;558850;1142108;156013;0.0;382845.1;44738.6;1161.2;135.1;46.4;50.0;9.2;9.7;12.8;5.4;4.2;6.1;False;25038;euromillions_202002.csv
2025-05-16;2016+ : 50 boules / 12 etoiles;VENDREDI;25;9;37;46;6;6;12;0;5;7;50;1074;2348;2132;44698;106981;30789;656758;1578227;160167;0.0;199795.2;33353.8;1454.4;124.7;42.3;66.4;12.4;9.6;16.1;6.0;4.0;7.8;False;25039;euromillions_202002.csv
2025-05-20;2016+ : 50 boules / 12 etoiles;MARDI;47;1;29;8;13;5;6;0;1;7;49;1034;2154;2060;45087;96677;28703;644453;1352916;148864;0.0;839110.4;28016.2;1246.6;108.8;38.8;57.7;10.3;8.9;14.5;5.1;3.9;7.0;False;25040;euromillions_202002.csv
2025-05-23;2016+ : 50 boules / 12 etoiles;VENDREDI;49;43;29;46;10;12;7;0;4;10;43;882;2151;1925;43716;97583;29802;673673;1527587;167141;0.0;270867.0;25322.4;1834.2;164.7;50.1;79.7;13.7;11.4;18.1;6.3;4.5;8.1;False;25041;euromillions_202002.csv
2025-05-27;2016+ : 50 boules / 12 etoiles;MARDI;30;41;38;12;40;4;12;0;2;10;42;891;1987;1815;40249;94907;27160;601177;1451448;147631;0.0;486735.0;22751.6;1687.2;146.5;48.8;76.0;13.4;10.6;17.8;6.3;4.2;8.2;False;25042;euromillions_202002.csv
2025-05-30;2016+ : 50 boules / 12 etoiles;VENDREDI;36;7;14;4;33;1;5;0;10;18;59;1313;3336;3138;66133;157111;44407;932814;2129110;226299;0.0;126179.9;16383.5;1556.8;128.8;37.6;57.0;10.5;8.3;14.1;5.3;3.7;6.9;False;25043;euromillions_202002.csv
2025-06-03;2016+ : 50 boules / 12 etoiles;MARDI;47;12;15;38;48;7;5;0;6;9;77;1180;2562;3348;57834;120208;52778;881610;1826079;294124;0.0;212330.1;33083.3;1204.4;144.7;49.5;53.9;12.2;10.9;12.0;5.7;4.4;5.4;False;25044;euromillions_202002.csv
2025-06-06;2016+ : 50 boules / 12 etoiles;VENDREDI;30;29;21;20;35;2;12;0;7;18;99;1764;3843;3682;82454;186493;53529;1198212;2871563;283271;0.0;2737810.6;23054.2;1305.6;134.9;46.0;68.3;11.9;9.8;16.5;5.8;3.9;7.8;False;25045;euromillions_202002.csv
2025-06-10;2016+ : 50 boules / 12 etoiles;MARDI;36;40;45;39;19;5;6;0;4;12;56;1221;2723;2672;58295;127177;41884;900370;1918167;235400;0.0;5914294.6;26957.4;1799.2;152.0;50.6;73.4;13.1;11.2;16.4;6.0;4.5;7.3;False;25046;euromillions_202002.csv
2025-06-13;2016+ : 50 boules / 12 etoiles;VENDREDI;43;40;45;2;28;3;7;0;7;17;86;1613;3546;4505;76430;163963;73437;1191575;2534452;450381;0.0;4493785.7;25302.2;1557.8;153.0;51.7;57.9;13.3;11.6;12.4;6.0;4.6;5.1;False;25047;euromillions_202002.csv
2025-06-17;2016+ : 50 boules / 12 etoiles;MARDI;22;44;49;23;13;3;5;1;3;16;77;1609;3302;4042;76119;153398;59720;1129769;2222499;308585;250000000.0;7825661.0;20064.1;1298.5;114.4;41.4;48.1;10.0;9.2;11.4;4.7;3.9;5.5;False;25048;euromillions_202002.csv
2025-06-20;2016+ : 50 boules / 12 etoiles;VENDREDI;37;24;47;5;8;9;3;0;4;4;41;814;1596;2032;34959;72626;30280;510014;1064811;160260;0.0;172608.9;40341.5;1225.8;113.7;43.0;48.1;10.9;9.8;11.3;5.3;4.1;5.3;False;25049;euromillions_202002.csv
2025-06-24;2016+ : 50 boules / 12 etoiles;MARDI;16;21;39;7;23;11;7;0;4;2;31;718;1602;1708;33379;68902;22541;442550;942225;102456;0.0;129694.4;60623.4;1218.2;96.8;32.2;43.0;8.6;7.7;11.4;4.6;3.4;6.3;False;25050;euromillions_202002.csv
2025-06-27;2016+ : 50 boules / 12 etoiles;VENDREDI;27;45;19;36;49;7;10;0;5;6;34;790;1643;1525;32660;72964;21480;467164;1027285;119182;0.0;139732.9;27214.9;1495.9;118.5;42.3;64.9;11.8;9.9;16.2;5.9;4.3;7.3;False;25051;euromillions_202002.csv
2025-07-01;2016+ : 50 boules / 12 etoiles;MARDI;34;17;1;28;32;7;8;0;3;8;34;602;1122;1231;29582;55354;18291;433847;825734;97882;0.0;186076.9;16308.4;1195.2;124.3;49.5;64.2;10.4;10.4;15.2;5.0;4.2;7.1;False;25052;euromillions_202002.csv
2025-07-04;2016+ : 50 boules / 12 etoiles;VENDREDI;45;19;48;29;42;5;7;0;1;10;39;661;1392;2016;32558;66828;32284;506291;1025052;184953;0.0;723367.0;16906.2;1350.2;146.7;51.7;50.8;12.3;11.1;11.1;5.6;4.4;4.9;False;25053;euromillions_202002.csv
2025-07-08;2016+ : 50 boules / 12 etoiles;MARDI;50;18;9;1;8;5;1;0;9;6;44;974;1736;1898;37143;72418;23391;470066;985419;112534;0.0;66695.4;23381.7;993.1;82.6;34.4;44.8;8.9;8.5;12.7;5.0;3.8;6.6;False;25054;euromillions_202002.csv
2025-07-11;2016+ : 50 boules / 12 etoiles;VENDREDI;8;24;45;23;49;2;10;0;1;8;32;724;1754;1520;33587;81649;24375;510338;1233108;130005;0.0;762238.8;22268.4;1734.0;141.1;43.2;71.0;12.6;9.6;15.5;5.8;3.9;7.3;False;25055;euromillions_202002.csv
2025-07-15;2016+ : 50 boules / 12 etoiles;MARDI;41;45;24;49;38;1;6;0;1;10;24;503;1242;1155;24263;58905;17486;362410;859234;99931;0.0;625081.3;14609.1;1896.0;166.6;50.1;76.7;14.3;10.9;17.8;6.8;4.6;7.8;False;25056;euromillions_202002.csv
2025-07-18;2016+ : 50 boules / 12 etoiles;VENDREDI;25;19;42;45;13;9;2;0;8;8;52;1189;2432;2628;49680;106931;37716;709562;1500884;190854;0.0;114872.3;26847.5;1286.5;103.6;37.6;49.5;10.2;8.8;12.1;5.1;3.8;6.0;False;25057;euromillions_202002.csv
2025-07-22;2016+ : 50 boules / 12 etoiles;MARDI;8;41;33;26;15;9;10;0;5;13;20;955;2090;1355;35872;82421;19255;500245;1172483;102270;0.0;144005.0;12944.7;2620.7;101.1;34.3;75.3;11.1;9.0;18.6;5.6;3.9;8.8;False;25058;euromillions_202002.csv
2025-07-25;2016+ : 50 boules / 12 etoiles;VENDREDI;32;36;23;6;7;11;12;0;5;9;27;854;2261;1611;39057;109645;23762;568250;1597566;126862;0.0;180631.1;23453.5;2435.0;141.8;39.7;79.4;12.8;8.5;18.9;6.2;3.5;8.9;False;25059;euromillions_202002.csv
2025-07-29;2016+ : 50 boules / 12 etoiles;MARDI;5;46;44;6;42;4;8;0;4;5;25;582;1380;1651;30308;66114;28236;500434;1121436;174670;0.0;193669.0;36210.9;2255.7;178.4;55.9;66.5;14.2;12.1;13.6;6.1;4.3;5.5;False;25060;euromillions_202002.csv
2025-08-01;2016+ : 50 boules / 12 etoiles;VENDREDI;29;4;25;16;30;10;2;0;3;14;68;1313;3201;2461;52194;126467;34085;704224;1683554;172275;0.0;331615.7;16608.0;1065.0;101.6;30.9;57.3;10.5;8.1;14.5;5.5;3.7;7.2;False;25061;euromillions_202002.csv
2025-08-05;2016+ : 50 boules / 12 etoiles;MARDI;1;3;5;42;47;5;10;0;3;5;28;736;1683;1848;38712;89293;27758;579368;1303797;154890;0.0;281225.8;39436.2;2193.4;153.7;49.9;64.7;12.1;9.7;15.1;5.7;4.1;6.8;False;25062;euromillions_202002.csv
2025-08-08;2016+ : 50 boules / 12 etoiles;VENDREDI;2;34;19;12;44;10;6;0;6;21;72;1464;4276;2636;54367;136121;36400;761556;1883537;185239;0.0;183180.9;12232.1;1111.2;100.6;25.6;59.1;11.2;8.3;15.0;5.6;3.7;7.4;False;25063;euromillions_202002.csv
2025-08-12;2016+ : 50 boules / 12 etoiles;MARDI;46;48;28;18;42;3;9;0;1;6;58;839;1914;2359;42492;92517;36957;640893;1364969;215719;0.0;970058.3;37786.4;1217.5;155.0;50.4;58.2;12.6;10.8;13.0;5.9;4.5;5.6;False;25064;euromillions_202002.csv
2025-08-15;2016+ : 50 boules / 12 etoiles;VENDREDI;36;40;35;30;13;6;2;0;2;13;63;1023;2339;2481;48421;109005;40120;759032;1688844;234111;0.0;592222.9;21294.1;1368.6;155.2;50.4;67.6;13.5;11.2;14.7;6.1;4.4;6.3;False;25065;euromillions_202002.csv
2025-08-19;2016+ : 50 boules / 12 etoiles;MARDI;24;43;41;34;31;8;6;1;7;7;78;1150;2286;2489;47427;105829;38081;734877;1622924;214362;250000000.0;270238.9;38515.6;1076.6;134.5;50.2;65.7;13.5;11.2;15.0;6.1;4.5;6.7;False;25066;euromillions_202002.csv
2025-08-22;2016+ : 50 boules / 12 etoiles;VENDREDI;39;30;9;12;6;10;4;0;2;11;36;823;2100;1602;34752;91081;21707;465401;1170392;109421;0.0;330801.2;14057.0;1337.8;107.8;31.3;58.5;10.5;7.5;15.1;5.6;3.5;7.5;False;25067;euromillions_202002.csv
2025-08-26;2016+ : 50 boules / 12 etoiles;MARDI;2;42;38;14;45;11;10;0;2;4;19;468;1079;832;20246;50826;12514;295080;770372;68046;0.0;255796.2;29891.9;1960.1;146.5;47.2;87.1;14.0;10.4;20.3;6.8;4.2;9.4;False;25068;euromillions_202002.csv
2025-08-29;2016+ : 50 boules / 12 etoiles;VENDREDI;6;13;37;10;9;1;7;0;5;2;65;910;1893;2147;41690;87909;32086;574759;1208430;150987;0.0;138979.1;81204.3;778.2;102.4;36.5;45.8;9.2;8.1;10.7;4.7;3.6;5.7;False;25069;euromillions_202002.csv
2025-09-02;2016+ : 50 boules / 12 etoiles;MARDI;31;32;36;13;30;12;1;0;2;4;20;429;1064;982;20546;54062;15911;323676;880244;86825;0.0;284860.2;33288.2;2073.6;178.0;53.3;82.2;15.4;10.9;17.8;6.9;4.1;8.2;False;25070;euromillions_202002.csv
2025-09-05;2016+ : 50 boules / 12 etoiles;VENDREDI;30;27;41;31;43;5;8;1;1;5;30;621;1386;1934;32080;67211;30838;493537;1046162;179491;65278573.0;743932.4;34773.8;1805.2;160.6;53.4;54.5;12.8;11.4;12.0;5.9;4.5;5.1;False;25071;euromillions_202002.csv
2025-09-09;2016+ : 50 boules / 12 etoiles;MARDI;3;24;13;39;40;8;2;0;0;5;21;598;1321;1542;24829;56664;22193;360618;807700;116099;0.0;0.0;123026.7;1728.4;111.8;37.5;45.8;11.1;9.1;11.1;5.4;3.9;5.3;False;25072;euromillions_202002.csv
2025-09-12;2016+ : 50 boules / 12 etoiles;VENDREDI;10;37;31;5;23;3;11;0;2;5;49;761;1911;1674;36368;81573;23276;502978;1136356;118433;0.0;333007.5;31131.7;989.4;117.3;34.7;56.4;10.1;8.4;14.2;5.2;3.7;7.0;False;25073;euromillions_202002.csv
2025-09-16;2016+ : 50 boules / 12 etoiles;MARDI;35;9;13;1;40;6;5;0;2;3;26;542;1232;1210;27066;55780;18150;404814;824639;96689;0.0;265444.1;41359.1;1486.4;131.3;42.9;62.1;10.8;9.8;14.5;5.1;4.0;6.8;False;25074;euromillions_202002.csv
2025-09-19;2016+ : 50 boules / 12 etoiles;VENDREDI;26;32;42;8;10;9;12;0;1;5;36;677;1615;1383;30632;77812;19071;461345;1168223;100763;0.0;700266.5;32732.7;1416.0;138.7;43.1;71.7;12.7;9.3;18.2;5.9;3.8;8.7;False;25075;euromillions_202002.csv
2025-09-23;2016+ : 50 boules / 12 etoiles;MARDI;13;29;33;11;24;5;2;0;1;4;64;884;1861;2140;40618;80304;27386;496268;1015359;127952;0.0;565440.8;33038.2;643.1;85.7;30.2;37.4;7.7;7.2;10.2;4.4;3.5;5.5;False;25076;euromillions_202002.csv
2025-09-26;2016+ : 50 boules / 12 etoiles;VENDREDI;25;17;4;44;28;11;5;1;12;17;94;1708;4004;3013;66930;154860;41525;869935;1999731;207067;130000000.0;95952.4;15829.8;891.7;90.4;28.6;54.1;9.5;7.6;13.8;5.2;3.6;6.9;False;25077;euromillions_202002.csv
2025-09-30;2016+ : 50 boules / 12 etoiles;MARDI;48;15;8;3;17;2;8;0;8;2;47;645;1243;1907;29414;59939;26244;406247;848336;127594;0.0;62213.2;58161.0;770.8;103.4;39.8;36.9;9.4;8.5;9.4;4.8;3.7;4.8;False;25078;euromillions_202002.csv
2025-10-03;2016+ : 50 boules / 12 etoiles;VENDREDI;25;41;6;12;18;2;6;1;1;8;67;985;1952;2427;40937;81557;31531;531787;1109294;149056;29922038.0;674530.3;19706.1;732.8;91.8;34.4;39.3;9.1;8.5;10.6;5.0;3.8;5.6;False;25079;euromillions_202002.csv
2025-10-07;2016+ : 50 boules / 12 etoiles;MARDI;24;39;48;43;42;5;8;0;2;3;22;373;851;1213;18910;40481;19086;294871;623926;112362;0.0;241122.5;37569.5;1595.7;173.3;56.4;56.3;14.1;12.3;12.5;6.4;4.9;5.3;False;25080;euromillions_202002.csv
2025-10-10;2016+ : 50 boules / 12 etoiles;VENDREDI;7;21;20;17;6;10;1;1;11;13;37;897;2549;1656;38649;107097;21288;501601;1360688;100891;29671390.0;60131.5;11891.6;1301.3;98.8;25.8;56.6;9.5;6.3;15.4;5.2;3.0;8.2;False;25081;euromillions_202002.csv
2025-10-14;2016+ : 50 boules / 12 etoiles;MARDI;8;5;18;16;14;10;3;0;2;8;26;708;1702;1318;27890;67762;17604;372233;876026;87453;0.0;234121.9;13679.5;1311.0;88.6;27.4;50.3;9.3;7.1;13.2;4.9;3.3;6.7;False;25082;euromillions_202002.csv
2025-10-17;2016+ : 50 boules / 12 etoiles;VENDREDI;39;44;35;47;13;3;5;0;1;6;37;635;1242;1585;30386;60552;25880;444580;888164;146767;0.0;647213.6;25210.7;1273.3;136.6;51.9;57.8;11.8;11.0;12.4;5.7;4.6;5.5;False;25083;euromillions_202002.csv
2025-10-21;2016+ : 50 boules / 12 etoiles;MARDI;5;29;40;24;42;6;12;0;0;4;16;443;1097;977;20790;53264;14683;317298;812936;77393;0.0;0.0;155906.7;2299.8;153.0;45.9;73.3;13.5;9.8;17.1;6.2;3.9;8.1;False;25084;euromillions_202002.csv
2025-10-24;2016+ : 50 boules / 12 etoiles;VENDREDI;25;8;45;7;31;12;7;0;2;12;32;854;1784;1430;36614;80170;21481;521011;1166133;109256;0.0;343025.2;13361.7;1560.6;107.7;38.3;68.0;10.4;8.8;15.9;5.1;3.7;7.8;False;25085;euromillions_202002.csv
2025-10-28;2016+ : 50 boules / 12 etoiles;MARDI;35;49;24;7;8;2;12;0;1;9;22;533;1321;1051;24554;61526;15057;363956;917369;79662;0.0;540419.6;14033.8;1788.2;135.9;40.7;72.8;12.2;9.0;17.8;5.8;3.7;8.4;False;25086;euromillions_202002.csv
2025-10-31;2016+ : 50 boules / 12 etoiles;VENDREDI;43;38;5;45;14;7;11;0;2;6;41;704;1545;1646;34264;75210;26385;528099;1165262;148030;0.0;405711.3;31607.1;1440.7;154.5;52.3;69.8;13.1;11.1;15.3;6.0;4.4;6.8;False;25087;euromillions_202002.csv
2025-11-04;2016+ : 50 boules / 12 etoiles;MARDI;25;28;45;9;6;1;4;0;3;8;29;711;1759;1404;30878;74726;19536;431470;1023577;98351;0.0;197503.1;17309.9;1487.3;111.7;33.5;59.8;10.6;8.2;15.1;5.4;3.6;7.5;False;25088;euromillions_202002.csv
2025-11-07;2016+ : 50 boules / 12 etoiles;VENDREDI;40;21;43;11;39;8;2;0;4;7;30;695;1459;1983;34361;76186;31389;526727;1164335;181670;0.0;199745.2;26676.4;1938.7;154.1;54.5;57.1;12.9;10.8;12.6;5.9;4.3;5.5;False;25089;euromillions_202002.csv
2025-11-11;2016+ : 50 boules / 12 etoiles;MARDI;47;22;32;36;4;2;10;0;2;4;31;593;1353;1351;26686;62698;19910;400105;944285;108725;0.0;322798.6;37721.6;1516.0;145.9;47.5;67.7;13.4;10.6;16.1;6.3;4.3;7.4;False;25090;euromillions_202002.csv
2025-11-14;2016+ : 50 boules / 12 etoiles;VENDREDI;9;45;26;48;27;9;8;0;3;4;41;852;1706;1949;43975;88029;27927;650475;1317488;145774;0.0;294047.9;51542.8;1566.2;138.8;51.5;64.1;11.1;10.3;15.7;5.3;4.2;7.5;False;25091;euromillions_202002.csv
2025-11-18;2016+ : 50 boules / 12 etoiles;MARDI;48;4;2;21;15;12;6;0;6;8;35;744;1940;1488;33187;83955;22269;479072;1219556;115687;0.0;122146.5;21410.7;1524.3;132.0;37.6;69.8;12.2;9.0;16.3;6.0;3.8;7.9;False;25092;euromillions_202002.csv
2025-11-21;2016+ : 50 boules / 12 etoiles;VENDREDI;35;17;48;29;19;9;5;0;5;9;67;1034;2348;2862;49206;99866;42501;703948;1454386;221576;0.0;187734.7;24375.9;1019.8;121.7;39.8;46.4;10.5;9.7;11.0;5.2;4.1;5.3;False;25093;euromillions_202002.csv
2025-11-25;2016+ : 50 boules / 12 etoiles;MARDI;11;35;44;17;6;7;3;0;0;13;73;985;1979;3109;44650;88922;44655;624136;1240535;231707;0.0;0.0;74451.3;782.3;106.8;39.4;35.7;9.7;9.1;8.7;4.9;4.0;4.2;False;25094;euromillions_202002.csv
2025-11-28;2016+ : 50 boules / 12 etoiles;VENDREDI;5;33;42;29;39;3;9;1;5;6;60;1054;2222;2987;49711;102915;46143;749530;1533526;243240;178656733.0;205348.8;39994.5;1245.7;130.6;46.0;48.7;11.4;10.3;11.0;5.4;4.2;5.2;False;25095;euromillions_202002.csv
2025-12-02;2016+ : 50 boules / 12 etoiles;MARDI;14;4;41;13;20;6;12;0;2;9;23;467;1141;1004;21976;58195;14715;326849;860109;78527;0.0;249653.5;12966.2;1580.3;143.3;43.5;70.5;12.6;8.8;16.9;6.0;3.6;7.9;False;25096;euromillions_202002.csv
2025-12-05;2016+ : 50 boules / 12 etoiles;VENDREDI;34;25;15;46;9;8;12;0;2;14;48;1097;2755;2013;48247;119175;30712;712359;1772798;164376;0.0;548975.6;18329.2;1665.1;134.2;39.7;77.3;12.6;9.5;17.8;6.0;3.9;8.3;False;25097;euromillions_202002.csv
2025-12-09;2016+ : 50 boules / 12 etoiles;MARDI;13;49;2;29;8;2;11;1;7;11;46;971;2143;1982;41793;93471;28586;571700;1301047;143957;142433804.0;110381.7;16416.9;1222.7;106.7;35.9;55.2;10.2;8.5;13.4;5.3;3.7;6.7;False;25098;euromillions_202002.csv
2025-12-12;2016+ : 50 boules / 12 etoiles;VENDREDI;30;7;25;41;37;11;5;1;4;5;26;611;1460;1447;30341;68638;21430;457820;1031927;115000;17000000.0;164437.2;30745.3;1841.6;144.3;44.8;64.4;12.0;9.9;15.2;5.6;4.0;7.1;False;25099;euromillions_202002.csv
2025-12-16;2016+ : 50 boules / 12 etoiles;MARDI;41;14;16;44;40;2;10;0;1;7;16;418;925;979;18645;44138;14388;293965;693990;81894;0.0;488880.9;16322.7;2224.3;156.8;52.6;70.7;14.5;11.4;16.9;6.5;4.4;7.4;False;25100;euromillions_202002.csv
2025-12-19;2016+ : 50 boules / 12 etoiles;VENDREDI;39;43;44;21;17;1;11;0;2;6;17;647;1589;1197;28182;72337;18490;417169;1095056;101590;0.0;338895.2;26401.8;2902.4;140.4;42.4;80.2;13.3;9.6;18.2;6.4;3.9;8.3;False;25101;euromillions_202002.csv
2025-12-23;2016+ : 50 boules / 12 etoiles;MARDI;26;29;44;8;27;11;12;0;6;8;22;614;1459;1046;27189;75938;15398;382289;1073472;81923;0.0;99593.3;17457.4;1977.2;130.5;40.7;80.9;12.2;8.1;19.3;6.1;3.5;9.1;False;25102;euromillions_202002.csv
2025-12-26;2016+ : 50 boules / 12 etoiles;VENDREDI;22;32;48;12;36;3;4;1;9;8;23;801;1654;1407;32786;66857;19713;463404;939287;110345;54026007.0;73045.2;19205.8;2080.7;110.0;39.5;66.2;11.1;10.1;16.6;5.5;4.4;7.4;False;25103;euromillions_202002.csv
2025-12-30;2016+ : 50 boules / 12 etoiles;MARDI;29;44;26;11;34;10;1;0;1;6;22;493;1405;962;23190;63325;14686;337455;918795;77735;0.0;539027.5;20996.6;1783.6;146.6;38.2;79.4;12.9;8.8;18.2;6.3;3.7;8.6;False;25104;euromillions_202002.csv
2026-01-02;2016+ : 50 boules / 12 etoiles;VENDREDI;46;42;27;44;8;10;1;0;4;9;37;619;1563;1344;29286;76932;19962;435736;1161243;107521;0.0;181127.3;18814.4;1425.4;156.9;46.1;76.4;13.7;9.7;18.0;6.5;3.9;8.4;False;26001;euromillions_202002.csv
2026-01-06;2016+ : 50 boules / 12 etoiles;MARDI;5;17;18;14;31;12;10;0;0;3;22;540;1693;1007;22783;71070;13573;313379;962787;68508;0.0;0.0;204841.2;1648.2;123.6;29.3;70.1;12.1;7.2;18.2;6.2;3.2;9.1;False;26002;euromillions_202002.csv
2026-01-09;2016+ : 50 boules / 12 etoiles;VENDREDI;10;34;26;7;1;2;4;0;6;9;45;928;2090;1945;40232;88601;26684;550548;1194409;133462;0.0;116285.0;18118.4;1128.6;100.8;33.2;50.8;9.6;8.1;13.0;5.0;3.7;6.5;False;26003;euromillions_202002.csv
2026-01-13;2016+ : 50 boules / 12 etoiles;MARDI;47;6;44;10;18;10;2;0;3;6;22;573;1350;1292;25611;59191;19414;383361;894698;99749;0.0;187049.9;21858.3;1856.8;131.3;41.4;61.5;12.1;9.8;14.3;5.7;3.9;7.0;False;26004;euromillions_202002.csv
2026-01-16;2016+ : 50 boules / 12 etoiles;VENDREDI;5;24;17;50;29;10;5;0;3;16;52;1028;2257;2143;43718;97505;29909;606740;1353642;148081;0.0;265077.7;11616.1;1113.2;103.7;35.0;52.6;10.1;8.4;13.2;5.1;3.7;6.7;False;26005;euromillions_202002.csv
2026-01-20;2016+ : 50 boules / 12 etoiles;MARDI;22;18;19;50;11;1;11;0;2;3;40;615;1468;1406;28948;71902;19497;412376;1058593;95225;0.0;295401.4;46026.7;1075.2;128.8;40.0;59.5;11.3;8.5;15.0;5.6;3.5;7.7;False;26006;euromillions_202002.csv
2026-01-23;2016+ : 50 boules / 12 etoiles;VENDREDI;4;42;5;13;21;3;10;0;2;6;60;1034;2531;2305;47096;107828;30529;644533;1429692;151415;0.0;398883.8;31075.2;967.9;103.4;31.3;49.0;9.4;7.6;13.0;4.8;3.5;6.6;False;26007;euromillions_202002.csv
2026-01-27;2016+ : 50 boules / 12 etoiles;MARDI;47;42;23;43;4;9;3;0;0;8;24;574;1092;1638;26850;56729;26682;441567;882221;142515;0.0;0.0;95070.1;1869.9;144.0;56.2;53.3;12.7;11.2;11.5;5.5;4.4;5.4;False;26008;euromillions_202002.csv
2026-01-30;2016+ : 50 boules / 12 etoiles;VENDREDI;14;18;31;35;46;7;11;1;3;7;50;854;1874;1892;38283;83970;28458;575481;1257673;155850;123555827.0;289086.8;28956.1;1262.6;136.1;46.1;64.9;12.5;10.6;15.1;5.9;4.3;6.9;False;26009;euromillions_202002.csv
2026-02-03;2016+ : 50 boules / 12 etoiles;MARDI;27;28;37;34;26;4;9;0;1;7;18;388;877;1151;18939;41789;19584;312092;690122;111331;0.0;471469.2;15741.4;1906.7;162.9;53.5;58.0;13.8;11.6;11.9;5.9;4.3;5.3;False;26010;euromillions_202002.csv
2026-02-06;2016+ : 50 boules / 12 etoiles;VENDREDI;20;10;24;13;23;6;11;0;5;14;37;984;2662;1623;38119;100007;22579;499088;1258739;110407;0.0;126931.6;10595.0;1248.6;86.4;23.7;55.4;9.2;6.5;14.0;5.0;3.2;7.2;False;26011;euromillions_202002.csv
2026-02-10;2016+ : 50 boules / 12 etoiles;MARDI;1;19;42;17;34;8;5;0;0;6;39;551;1144;1631;25601;56574;23940;370210;797590;127436;0.0;0.0;102136.1;927.1;120.8;43.2;43.1;10.7;9.0;10.3;5.2;3.9;4.8;False;26012;euromillions_202002.csv
2026-02-13;2016+ : 50 boules / 12 etoiles;VENDREDI;37;40;13;31;9;6;9;0;3;7;55;837;1771;2259;39671;83918;33340;579594;1231716;171434;0.0;263509.1;26394.1;1046.3;126.6;44.4;49.6;11.0;9.7;11.8;5.3;4.0;5.7;False;26013;euromillions_202002.csv
2026-02-17;2016+ : 50 boules / 12 etoiles;MARDI;6;41;1;10;4;12;5;0;5;4;30;664;1653;1087;26733;67841;15352;372429;905276;81765;0.0;109156.5;31889.6;1324.3;110.2;32.8;71.1;11.3;8.3;17.7;5.7;3.8;8.3;False;26014;euromillions_202002.csv
2026-02-20;2016+ : 50 boules / 12 etoiles;VENDREDI;24;33;28;35;13;5;9;0;7;10;66;1412;2881;3804;62730;129858;52618;877573;1834281;261719;0.0;161198.0;26372.2;1244.5;107.1;39.0;42.0;9.9;8.9;10.6;5.0;3.9;5.4;False;26015;euromillions_202002.csv
2026-02-24;2016+ : 50 boules / 12 etoiles;MARDI;10;43;47;40;27;10;6;0;4;6;40;772;1740;1764;33171;77066;25330;505784;1178407;136052;0.0;199961.6;31156.2;1455.6;138.9;45.7;64.2;13.3;10.7;15.7;6.2;4.3;7.3;False;26016;euromillions_202002.csv
2026-02-27;2016+ : 50 boules / 12 etoiles;VENDREDI;27;24;39;42;14;10;6;0;14;31;76;1610;3615;2710;54853;130052;36233;734167;1755815;185628;0.0;75686.5;7988.6;1014.9;88.2;29.1;55.4;10.7;8.4;14.5;5.6;3.8;7.1;False;26017;euromillions_202002.csv
2026-03-03;2016+ : 50 boules / 12 etoiles;MARDI;50;24;6;34;7;5;7;0;6;5;46;915;1744;2592;43355;86078;41288;677964;1342534;225691;0.0;147207.1;41285.6;1397.7;129.4;50.4;48.3;11.3;10.6;10.6;5.1;4.1;4.9;False;26018;euromillions_202002.csv
2026-03-06;2016+ : 50 boules / 12 etoiles;VENDREDI;16;19;15;28;37;9;6;0;5;9;75;1355;2990;3475;62853;135577;48703;870310;1887204;251189;0.0;233193.4;30278.4;1131.7;115.3;38.8;47.5;10.3;8.8;11.9;5.2;3.9;5.8;False;26019;euromillions_202002.csv
2026-03-10;2016+ : 50 boules / 12 etoiles;MARDI;27;12;50;14;44;4;12;1;2;10;52;1125;2598;2306;48880;119072;32452;704669;1744382;163108;209527211.0;516689.7;24151.7;1446.6;123.1;39.6;63.5;11.7;8.9;15.8;5.7;3.7;7.9;False;26020;euromillions_202002.csv
2026-03-13;2016+ : 50 boules / 12 etoiles;VENDREDI;26;17;48;41;13;10;4;0;2;5;54;867;2202;1980;39875;97919;27769;569073;1399692;142691;0.0;415147.6;38810.7;1119.3;128.4;37.5;59.4;11.5;8.7;14.8;5.7;3.7;7.2;False;26021;euromillions_202002.csv
2026-03-17;2016+ : 50 boules / 12 etoiles;MARDI;28;33;41;17;5;9;3;0;12;16;52;842;1621;1906;30247;59922;25081;395936;813883;125629;0.0;42063.7;7373.2;706.6;80.3;31.0;37.5;9.2;8.7;10.0;5.0;3.9;5.0;False;26022;euromillions_202002.csv
2026-03-20;2016+ : 50 boules / 12 etoiles;VENDREDI;16;12;5;37;46;8;10;0;3;3;20;659;1422;1314;29512;69774;19313;436798;1048414;101943;0.0;220584.6;51554.2;2408.6;134.6;46.3;71.3;12.4;9.8;17.0;5.9;4.0;8.1;False;26023;euromillions_202002.csv
2026-03-24;2016+ : 50 boules / 12 etoiles;MARDI;18;27;16;12;17;3;1;0;3;9;29;804;1645;1602;31703;70112;20456;433402;950092;95948;0.0;172870.7;13467.5;1301.8;86.4;31.4;45.8;9.0;7.6;12.6;4.7;3.4;6.7;False;26024;euromillions_202002.csv
2026-03-27;2016+ : 50 boules / 12 etoiles;VENDREDI;44;4;43;10;48;4;2;0;2;6;31;605;1172;1398;29474;60402;23682;478401;990321;133485;0.0;353647.2;27551.0;1660.9;156.7;60.1;71.7;13.3;12.1;14.8;5.8;4.5;6.6;False;26025;euromillions_202002.csv
2026-03-31;2016+ : 50 boules / 12 etoiles;MARDI;8;38;10;5;33;2;7;0;3;6;42;573;1335;1818;30287;63580;27033;454155;924494;140223;0.0;189523.0;22147.3;985.4;133.0;42.4;44.3;10.4;9.2;10.4;4.9;3.9;5.0;False;26026;euromillions_202002.csv
2026-04-03;2016+ : 50 boules / 12 etoiles;VENDREDI;27;46;8;49;29;10;2;0;3;3;42;617;1462;1583;30417;72157;22828;459870;1100234;120579;0.0;236718.4;55324.9;1230.8;154.3;48.3;63.5;12.9;10.1;15.4;6.0;4.1;7.3;False;26027;euromillions_202002.csv
2026-04-07;2016+ : 50 boules / 12 etoiles;MARDI;14;49;11;19;36;7;6;0;5;3;33;617;1242;1342;28764;56719;20355;435910;864402;107960;0.0;113717.3;44296.0;1254.2;123.5;45.6;60.0;10.9;10.3;13.9;5.1;4.1;6.5;False;26028;euromillions_202002.csv
2026-04-10;2016+ : 50 boules / 12 etoiles;VENDREDI;10;13;41;38;14;6;9;0;3;3;42;860;1767;2122;37799;82775;32793;587746;1280340;176245;0.0;270959.6;63327.7;1408.9;126.7;45.8;54.3;11.9;10.1;12.3;5.4;4.0;5.7;False;26029;euromillions_202002.csv
2026-04-14;2016+ : 50 boules / 12 etoiles;MARDI;1;2;4;44;28;12;5;0;2;2;37;662;1597;1408;32379;80566;20342;466267;1122055;109721;0.0;344056.4;80411.6;1353.8;139.3;42.9;69.2;11.8;8.8;16.8;5.8;3.8;7.8;False;26030;euromillions_202002.csv
2026-04-17;2016+ : 50 boules / 12 etoiles;VENDREDI;22;23;47;28;41;6;8;0;3;13;37;853;1721;2083;41164;90194;34393;663338;1455435;192949;0.0;322491.1;17393.4;1903.4;152.0;56.0;65.8;13.0;11.0;14.0;5.7;4.2;6.2;False;26031;euromillions_202002.csv
2026-04-21;2016+ : 50 boules / 12 etoiles;MARDI;29;47;16;13;40;4;3;3;5;10;34;819;1645;1543;37302;76810;23601;555464;1139139;130852;48175066.0;152175.4;17782.9;1629.1;124.5;46.0;69.9;11.3;10.2;16.0;5.4;4.2;7.2;False;26032;euromillions_202002.csv
2026-04-24;2016+ : 50 boules / 12 etoiles;VENDREDI;40;30;45;26;25;5;1;0;3;8;17;570;1242;1329;28326;58532;19949;409643;881728;108046;0.0;204255.1;17901.6;2623.9;144.1;49.1;65.3;12.0;10.8;15.2;5.9;4.4;7.1;False;26033;euromillions_202002.csv
2026-04-28;2016+ : 50 boules / 12 etoiles;MARDI;46;47;29;26;41;9;8;0;1;1;17;367;845;869;18776;40046;13006;300164;629888;73556;0.0;480828.0;112377.4;2058.9;175.6;56.6;78.4;14.2;12.4;18.4;6.3;4.8;8.1;False;26034;euromillions_202002.csv
2026-05-01;2016+ : 50 boules / 12 etoiles;VENDREDI;42;47;46;3;9;11;1;0;4;4;27;526;1281;1229;26222;62446;19149;418568;1042979;104637;0.0;171526.9;40088.6;1849.8;174.9;53.3;79.1;14.5;11.3;17.8;6.4;4.1;8.2;False;26035;euromillions_202002.csv
2026-05-05;2016+ : 50 boules / 12 etoiles;MARDI;4;8;3;31;20;6;8;0;4;6;43;839;1525;1607;31857;66559;21603;421221;894639;108130;0.0;131785.5;20533.6;892.4;84.2;34.4;46.5;9.1;8.1;12.1;4.9;3.7;6.1;False;26036;euromillions_202002.csv
2026-05-08;2016+ : 50 boules / 12 etoiles;VENDREDI;19;17;37;34;2;11;8;0;3;13;25;784;1922;1489;33335;80745;21299;483556;1159111;110595;0.0;233549.0;12596.3;2040.1;119.8;36.3;66.7;11.6;8.9;16.3;5.7;3.8;7.9;False;26037;euromillions_202002.csv
2026-05-12;2016+ : 50 boules / 12 etoiles;MARDI;26;35;32;36;4;7;5;0;0;3;23;414;984;1359;22838;47072;22052;369066;748811;137523;0.0;0.0;229375.5;1765.3;180.6;56.4;58.1;13.5;12.2;12.5;5.9;4.7;5.0;False;26038;euromillions_202002.csv
2026-05-15;2016+ : 50 boules / 12 etoiles;VENDREDI;10;38;43;41;3;2;9;0;1;2;27;568;1324;1577;29717;64558;25304;470189;1015066;143226;0.0;710654.0;83045.7;1916.0;167.7;53.4;63.8;13.2;11.3;13.9;5.9;4.4;6.2;False;26039;euromillions_202002.csv
2026-05-19;2016+ : 50 boules / 12 etoiles;MARDI;12;20;45;38;2;5;2;0;3;9;23;640;1365;1623;30031;58287;24973;432564;858994;128487;0.0;195442.2;15226.0;1855.7;122.8;42.7;51.2;10.8;10.4;11.6;5.3;4.3;5.7;False;26040;euromillions_202002.csv
2026-05-22;2016+ : 50 boules / 12 etoiles;VENDREDI;6;31;37;22;26;5;8;0;5;5;49;832;1663;2357;38001;81809;35864;568167;1214421;195050;0.0;157970.0;36920.1;1173.4;127.3;47.3;47.5;11.5;9.9;10.9;5.4;4.1;5.0;False;26041;euromillions_202002.csv
2026-05-26;2016+ : 50 boules / 12 etoiles;MARDI;23;37;6;35;25;12;6;0;1;2;18;578;1291;1298;27104;66392;19021;408086;1004678;100048;0.0;624963.4;73032.1;2527.5;144.9;48.2;68.2;12.8;9.7;16.3;6.0;3.9;7.8;False;26042;euromillions_202002.csv
2026-05-29;2016+ : 50 boules / 12 etoiles;VENDREDI;5;14;35;31;18;12;2;0;9;11;42;990;2631;1777;41495;103967;25593;595679;1495645;134217;0.0;98854.1;18903.1;1542.0;120.5;33.6;70.9;11.9;8.8;17.3;5.8;3.7;8.3;False;26043;euromillions_202002.csv
2026-06-02;2016+ : 50 boules / 12 etoiles;MARDI;18;9;17;42;6;7;9;0;4;7;54;1132;2032;2764;51293;98632;39480;701061;1381662;186839;0.0;204367.1;27293.6;1102.0;96.8;40.0;41.9;8.8;8.5;10.3;4.6;3.7;5.4;False;26044;euromillions_202002.csv
2026-06-05;2016+ : 50 boules / 12 etoiles;VENDREDI;5;6;16;17;49;2;12;0;3;12;37;1096;2475;2181;50504;123783;33566;762299;1873424;175938;0.0;365514.6;21356.7;2157.4;134.1;44.1;71.2;12.0;9.1;16.2;5.6;3.7;7.8;False;26045;euromillions_202002.csv
2026-06-09;2016+ : 50 boules / 12 etoiles;MARDI;44;2;23;46;7;5;3;1;6;9;54;968;2055;2576;52650;100180;38150;745660;1424090;201996;174984088.0;148909.6;23201.7;1204.4;123.7;43.3;49.1;9.4;9.2;11.6;4.7;3.9;5.5;False;26046;euromillions_202002.csv
2026-06-12;2016+ : 50 boules / 12 etoiles;VENDREDI;14;7;22;4;23;7;1;0;3;13;77;1533;2686;2696;52307;108670;32004;593648;1209750;136915;0.0;212362.3;11453.6;602.3;55.7;23.6;33.4;6.7;6.0;9.9;4.2;3.3;5.8;False;26047;euromillions_202002.csv
2026-06-16;2016+ : 50 boules / 12 etoiles;MARDI;18;25;37;31;45;4;9;0;0;7;22;496;1095;1410;21848;48177;19927;325136;714942;108392;0.0;0.0;85884.0;1612.4;131.7;44.3;48.9;12.3;10.4;12.1;5.9;4.3;5.6;False;26048;euromillions_202002.csv
2026-06-19;2016+ : 50 boules / 12 etoiles;VENDREDI;39;41;42;8;34;2;7;0;0;7;19;453;1110;1531;26024;55202;23965;404196;848710;141949;0.0;0.0;110334.5;2398.5;185.3;56.1;57.9;13.3;11.7;13.0;6.1;4.6;5.5;False;26049;euromillions_202002.csv
2026-06-23;2016+ : 50 boules / 12 etoiles;MARDI;45;36;33;3;46;5;6;0;3;5;22;408;894;986;20811;44050;14697;325105;672893;82965;0.0;166281.5;23317.6;1650.6;163.9;55.5;71.7;13.3;11.7;16.9;6.0;4.7;7.5;False;26050;euromillions_202002.csv
2026-06-26;2016+ : 50 boules / 12 etoiles;VENDREDI;6;35;16;26;34;11;12;0;3;12;24;542;1726;1067;26452;76248;15988;375348;1065466;85067;0.0;216058.5;12624.1;1966.0;160.3;37.4;86.1;13.6;8.7;20.1;6.8;3.8;9.5;False;26051;euromillions_202002.csv
2026-06-30;2016+ : 50 boules / 12 etoiles;MARDI;37;48;44;1;8;6;2;0;2;8;24;429;907;1201;21803;48350;18644;348128;768876;108275;0.0;268526.7;15689.7;1628.9;167.8;58.9;63.3;13.6;11.4;14.3;6.0;4.4;6.2;False;26052;euromillions_202002.csv
2026-07-03;2016+ : 50 boules / 12 etoiles;VENDREDI;12;2;25;39;17;2;1;1;3;9;50;996;2073;1600;40821;88162;22846;543566;1195498;113324;80220498.0;233586.2;18197.6;1020.2;94.3;33.6;62.0;9.5;8.2;15.2;5.0;3.7;7.7;False;26053;euromillions_202002.csv
2026-07-07;2016+ : 50 boules / 12 etoiles;MARDI;45;5;33;29;47;8;5;0;3;5;27;481;965;1398;21114;43565;20917;316806;646656;114244;0.0;150509.8;21105.9;1217.4;125.8;46.6;45.7;11.8;10.7;10.7;5.6;4.4;4.9;False;26054;euromillions_202002.csv
2026-07-10;2016+ : 50 boules / 12 etoiles;VENDREDI;2;28;14;33;48;8;10;0;4;7;32;659;1351;1186;27622;64779;17535;400598;940529;93242;0.0;149698.4;19992.5;1362.1;121.8;44.1;71.5;12.0;9.5;17.0;5.8;4.0;8.0;False;26055;euromillions_202002.csv
2026-07-14;2016+ : 50 boules / 12 etoiles;MARDI;42;10;19;37;47;9;12;0;2;5;24;467;1168;866;20400;50012;12776;301034;752440;66955;0.0;238156.4;22264.4;1444.7;136.7;40.6;77.9;12.9;9.8;18.5;6.2;4.0;8.9;False;26056;euromillions_202002.csv
2026-07-17;2016+ : 50 boules / 12 etoiles;VENDREDI;34;21;40;12;23;10;9;0;0;7;21;726;1679;1149;31505;75769;16279;442664;1065262;86415;0.0;0.0;111131.4;2185.8;116.4;37.4;77.7;11.1;8.6;19.2;5.6;3.7;9.1;False;26057;euromillions_202002.csv
2026-07-21;2016+ : 50 boules / 12 etoiles;MARDI;39;8;28;2;3;11;2;0;2;2;19;606;1150;1224;26369;58007;17520;365439;836260;89922;0.0;250104.3;58453.5;1916.5;110.6;43.3;57.9;10.5;8.9;14.2;5.4;3.8;6.9;False;26058;euromillions_202002.csv
2026-07-24;2016+ : 50 boules / 12 etoiles;VENDREDI;47;30;10;36;8;1;4;0;1;5;19;539;1331;1267;27343;64240;19442;423659;986232;104580;0.0;645724.0;30183.2;2474.0;160.6;48.3;72.2;13.1;10.3;16.5;6.0;4.1;7.7;False;26059;euromillions_202002.csv
2026-07-28;2016+ : 50 boules / 12 etoiles;MARDI;7;5;49;24;30;11;10;0;1;2;29;596;1506;1010;25052;68880;14328;350687;959974;73599;0.0;522575.9;61067.3;1311.7;117.5;34.5;73.3;11.5;7.8;18.1;5.8;3.4;8.8;False;26060;euromillions_202002.csv
2026-07-31;2016+ : 50 boules / 12 etoiles;VENDREDI;10;25;31;24;45;5;4;0;2;8;38;792;1644;1725;37743;74771;24176;529751;1062178;122160;0.0;343065.5;20045.0;1314.4;116.1;41.5;56.3;10.0;9.4;14.1;5.1;4.1;7.0;False;26061;euromillions_202002.csv
2026-08-04;2016+ : 50 boules / 12 etoiles;MARDI;25;50;34;46;30;1;12;0;3;6;20;474;1122;1106;20848;52122;17126;316485;824628;87386;0.0;192409.4;22484.6;2101.0;163.3;51.2;73.9;15.3;11.4;16.7;7.1;4.4;8.2;False;26062;euromillions_202002.csv
2026-08-07;2016+ : 50 boules / 12 etoiles;VENDREDI;35;26;29;47;38;1;2;1;7;6;22;723;1855;1420;33369;80063;20313;490858;1156077;114617;111058174.0;112479.1;30669.6;2605.3;146.0;42.2;78.6;13.1;10.1;19.3;6.3;4.3;8.6;False;26063;euromillions_202002.csv
2026-08-11;2016+ : 50 boules / 12 etoiles;MARDI;48;17;11;3;46;2;1;0;4;8;22;471;1022;846;20835;49002;13152;317094;732437;71638;0.0;112648.8;13163.9;1490.9;128.2;43.9;75.5;12.0;9.5;17.0;5.6;3.9;7.8;False;26064;euromillions_202002.csv
2026-08-14;2016+ : 50 boules / 12 etoiles;VENDREDI;29;5;39;49;48;4;8;0;0;8;25;524;1120;1232;23608;55317;20059;364011;820610;121007;0.0;0.0;90666.1;1711.9;150.4;52.2;67.6;13.8;10.9;14.5;6.3;4.5;6.0;False;26065;euromillions_202002.csv
2026-08-18;2016+ : 50 boules / 12 etoiles;MARDI;38;40;50;3;9;6;10;0;2;2;9;363;880;884;17979;44238;14080;292322;715142;76664;0.0;235389.4;55014.3;3807.9;173.9;53.2;75.4;14.5;11.0;16.6;6.3;4.1;7.6;False;26066;euromillions_202002.csv
2026-08-21;2016+ : 50 boules / 12 etoiles;VENDREDI;19;10;14;45;15;4;12;0;4;8;14;654;1603;1137;28722;73763;17534;422020;1103731;94060;0.0;157317.3;18383.8;3272.0;129.0;39.1;78.4;12.1;8.8;17.8;5.8;3.6;8.3;False;26067;euromillions_202002.csv
2026-08-25;2016+ : 50 boules / 12 etoiles;MARDI;48;30;16;8;47;4;9;0;1;2;21;482;1026;1331;21761;48566;20402;336743;744518;111653;0.0;505933.6;59122.5;1753.8;140.7;49.1;53.8;12.9;10.7;12.3;5.9;4.3;5.6;False;26068;euromillions_202002.csv
2026-08-28;2016+ : 50 boules / 12 etoiles;VENDREDI;45;42;7;14;28;6;9;0;6;18;76;1186;2554;2126;40116;85879;27496;490996;1079861;141929;0.0;109518.6;8532.1;629.4;74.2;25.6;43.8;9.1;7.9;11.9;5.2;3.8;5.8;False;26069;euromillions_202002.csv
2026-09-01;2016+ : 50 boules / 12 etoiles;MARDI;23;47;37;10;2;3;5;0;6;8;40;615;1317;1525;28681;57831;23344;412548;810885;125435;0.0;88442.5;15502.8;965.7;115.7;40.1;49.3;10.2;9.4;11.3;5.0;4.1;5.3;False;26070;euromillions_202002.csv
2026-09-04;2016+ : 50 boules / 12 etoiles;VENDREDI;46;27;12;19;11;4;12;0;1;9;34;842;2188;1497;36860;95645;21219;496931;1279265;106642;0.0;694559.2;18036.6;1487.1;110.6;31.6;65.7;10.4;7.5;16.3;5.5;3.4;8.1;False;26071;euromillions_202002.csv
2026-09-08;2016+ : 50 boules / 12 etoiles;MARDI;13;17;33;35;39;7;12;0;3;12;41;723;1645;1206;30502;68115;17437;428975;962587;90921;0.0;194608.6;11370.8;1036.6;108.2;35.3;68.6;10.6;8.8;16.6;5.3;3.8;8.0;False;26072;euromillions_202002.csv
2026-09-11;2016+ : 50 boules / 12 etoiles;VENDREDI;39;15;7;1;50;1;11;1;3;6;39;830;1861;1977;37853;86849;26167;533172;1276869;131709;111516282.0;265189.6;30989.5;1484.9;128.5;42.5;57.0;11.6;9.4;15.1;5.8;3.9;7.5;False;26073;euromillions_202002.csv
2026-09-15;2016+ : 50 boules / 12 etoiles;MARDI;22;28;10;18;16;10;6;0;7;10;32;786;1859;1239;26222;63143;16273;336498;810916;77615;0.0;63610.9;10406.8;1012.9;75.9;23.8;50.9;9.4;7.2;13.6;5.2;3.4;7.1;False;26074;euromillions_202002.csv
