date_tirage;regime;position;numero;type
2004-02-13;2004-2011 : 50 boules / 9 etoiles;boule_2;16;boule
2004-02-13;2004-2011 : 50 boules / 9 etoiles;boule_3;29;boule
2004-02-13;2004-2011 : 50 boules / 9 etoiles;boule_1;32;boule
2004-02-13;2004-2011 : 50 boules / 9 etoiles;boule_5;36;boule
2004-02-13;2004-2011 : 50 boules / 9 etoiles;boule_4;41;boule
2004-02-13;2004-2011 : 50 boules / 9 etoiles;etoile_2;7;etoile
2004-02-13;2004-2011 : 50 boules / 9 etoiles;etoile_1;9;etoile
2004-02-20;2004-2011 : 50 boules / 9 etoiles;boule_4;7;boule
2004-02-20;2004-2011 : 50 boules / 9 etoiles;boule_1;13;boule
2004-02-20;2004-2011 : 50 boules / 9 etoiles;boule_5;39;boule
2004-02-20;2004-2011 : 50 boules / 9 etoiles;boule_3;47;boule
2004-02-20;2004-2011 : 50 boules / 9 etoiles;boule_2;50;boule
2004-02-20;2004-2011 : 50 boules / 9 etoiles;etoile_1;2;etoile
2004-02-20;2004-2011 : 50 boules / 9 etoiles;etoile_2;5;etoile
2004-02-27;2004-2011 : 50 boules / 9 etoiles;boule_4;14;boule
2004-02-27;2004-2011 : 50 boules / 9 etoiles;boule_3;18;boule
2004-02-27;2004-2011 : 50 boules / 9 etoiles;boule_2;19;boule
2004-02-27;2004-2011 : 50 boules / 9 etoiles;boule_5;31;boule
2004-02-27;2004-2011 : 50 boules / 9 etoiles;boule_1;37;boule
2004-02-27;2004-2011 : 50 boules / 9 etoiles;etoile_2;4;etoile
2004-02-27;2004-2011 : 50 boules / 9 etoiles;etoile_1;5;etoile
2004-03-05;2004-2011 : 50 boules / 9 etoiles;boule_3;4;boule
2004-03-05;2004-2011 : 50 boules / 9 etoiles;boule_4;7;boule
2004-03-05;2004-2011 : 50 boules / 9 etoiles;boule_5;33;boule
2004-03-05;2004-2011 : 50 boules / 9 etoiles;boule_2;37;boule
2004-03-05;2004-2011 : 50 boules / 9 etoiles;boule_1;39;boule
2004-03-05;2004-2011 : 50 boules / 9 etoiles;etoile_2;1;etoile
2004-03-05;2004-2011 : 50 boules / 9 etoiles;etoile_1;5;etoile
2004-03-12;2004-2011 : 50 boules / 9 etoiles;boule_3;15;boule
2004-03-12;2004-2011 : 50 boules / 9 etoiles;boule_5;24;boule
2004-03-12;2004-2011 : 50 boules / 9 etoiles;boule_4;28;boule
2004-03-12;2004-2011 : 50 boules / 9 etoiles;boule_1;44;boule
2004-03-12;2004-2011 : 50 boules / 9 etoiles;boule_2;47;boule
2004-03-12;2004-2011 : 50 boules / 9 etoiles;etoile_1;4;etoile
2004-03-12;2004-2011 : 50 boules / 9 etoiles;etoile_2;5;etoile
2004-03-19;2004-2011 : 50 boules / 9 etoiles;boule_3;33;boule
2004-03-19;2004-2011 : 50 boules / 9 etoiles;boule_5;36;boule
2004-03-19;2004-2011 : 50 boules / 9 etoiles;boule_4;37;boule
2004-03-19;2004-2011 : 50 boules / 9 etoiles;boule_1;42;boule
2004-03-19;2004-2011 : 50 boules / 9 etoiles;boule_2;45;boule
2004-03-19;2004-2011 : 50 boules / 9 etoiles;etoile_2;4;etoile
2004-03-19;2004-2011 : 50 boules / 9 etoiles;etoile_1;9;etoile
2004-03-26;2004-2011 : 50 boules / 9 etoiles;boule_3;3;boule
2004-03-26;2004-2011 : 50 boules / 9 etoiles;boule_4;4;boule
2004-03-26;2004-2011 : 50 boules / 9 etoiles;boule_5;10;boule
2004-03-26;2004-2011 : 50 boules / 9 etoiles;boule_1;23;boule
2004-03-26;2004-2011 : 50 boules / 9 etoiles;boule_2;43;boule
2004-03-26;2004-2011 : 50 boules / 9 etoiles;etoile_1;2;etoile
2004-03-26;2004-2011 : 50 boules / 9 etoiles;etoile_2;4;etoile
2004-04-02;2004-2011 : 50 boules / 9 etoiles;boule_1;4;boule
2004-04-02;2004-2011 : 50 boules / 9 etoiles;boule_3;12;boule
2004-04-02;2004-2011 : 50 boules / 9 etoiles;boule_2;24;boule
2004-04-02;2004-2011 : 50 boules / 9 etoiles;boule_5;27;boule
2004-04-02;2004-2011 : 50 boules / 9 etoiles;boule_4;36;boule
2004-04-02;2004-2011 : 50 boules / 9 etoiles;etoile_1;2;etoile
2004-04-02;2004-2011 : 50 boules / 9 etoiles;etoile_2;9;etoile
2004-04-09;2004-2011 : 50 boules / 9 etoiles;boule_4;1;boule
2004-04-09;2004-2011 : 50 boules / 9 etoiles;boule_5;4;boule
2004-04-09;2004-2011 : 50 boules / 9 etoiles;boule_3;10;boule
2004-04-09;2004-2011 : 50 boules / 9 etoiles;boule_2;19;boule
2004-04-09;2004-2011 : 50 boules / 9 etoiles;boule_1;23;boule
2004-04-09;2004-2011 : 50 boules / 9 etoiles;etoile_1;2;etoile
2004-04-09;2004-2011 : 50 boules / 9 etoiles;etoile_2;8;etoile
2004-04-16;2004-2011 : 50 boules / 9 etoiles;boule_3;14;boule
2004-04-16;2004-2011 : 50 boules / 9 etoiles;boule_4;15;boule
2004-04-16;2004-2011 : 50 boules / 9 etoiles;boule_1;28;boule
2004-04-16;2004-2011 : 50 boules / 9 etoiles;boule_5;35;boule
2004-04-16;2004-2011 : 50 boules / 9 etoiles;boule_2;40;boule
2004-04-16;2004-2011 : 50 boules / 9 etoiles;etoile_2;1;etoile
2004-04-16;2004-2011 : 50 boules / 9 etoiles;etoile_1;3;etoile
2004-04-23;2004-2011 : 50 boules / 9 etoiles;boule_3;6;boule
2004-04-23;2004-2011 : 50 boules / 9 etoiles;boule_5;10;boule
2004-04-23;2004-2011 : 50 boules / 9 etoiles;boule_2;21;boule
2004-04-23;2004-2011 : 50 boules / 9 etoiles;boule_1;45;boule
2004-04-23;2004-2011 : 50 boules / 9 etoiles;boule_4;49;boule
2004-04-23;2004-2011 : 50 boules / 9 etoiles;etoile_2;3;etoile
2004-04-23;2004-2011 : 50 boules / 9 etoiles;etoile_1;5;etoile
2004-04-30;2004-2011 : 50 boules / 9 etoiles;boule_4;5;boule
2004-04-30;2004-2011 : 50 boules / 9 etoiles;boule_3;6;boule
2004-04-30;2004-2011 : 50 boules / 9 etoiles;boule_2;16;boule
2004-04-30;2004-2011 : 50 boules / 9 etoiles;boule_5;23;boule
2004-04-30;2004-2011 : 50 boules / 9 etoiles;boule_1;27;boule
2004-04-30;2004-2011 : 50 boules / 9 etoiles;etoile_2;6;etoile
2004-04-30;2004-2011 : 50 boules / 9 etoiles;etoile_1;7;etoile
2004-05-07;2004-2011 : 50 boules / 9 etoiles;boule_3;15;boule
2004-05-07;2004-2011 : 50 boules / 9 etoiles;boule_4;16;boule
2004-05-07;2004-2011 : 50 boules / 9 etoiles;boule_5;21;boule
2004-05-07;2004-2011 : 50 boules / 9 etoiles;boule_2;36;boule
2004-05-07;2004-2011 : 50 boules / 9 etoiles;boule_1;38;boule
2004-05-07;2004-2011 : 50 boules / 9 etoiles;etoile_1;1;etoile
2004-05-07;2004-2011 : 50 boules / 9 etoiles;etoile_2;5;etoile
2004-05-14;2004-2011 : 50 boules / 9 etoiles;boule_3;1;boule
2004-05-14;2004-2011 : 50 boules / 9 etoiles;boule_2;3;boule
2004-05-14;2004-2011 : 50 boules / 9 etoiles;boule_5;21;boule
2004-05-14;2004-2011 : 50 boules / 9 etoiles;boule_1;32;boule
2004-05-14;2004-2011 : 50 boules / 9 etoiles;boule_4;39;boule
2004-05-14;2004-2011 : 50 boules / 9 etoiles;etoile_1;2;etoile
2004-05-14;2004-2011 : 50 boules / 9 etoiles;etoile_2;6;etoile
2004-05-21;2004-2011 : 50 boules / 9 etoiles;boule_4;15;boule
2004-05-21;2004-2011 : 50 boules / 9 etoiles;boule_3;29;boule
2004-05-21;2004-2011 : 50 boules / 9 etoiles;boule_1;37;boule
2004-05-21;2004-2011 : 50 boules / 9 etoiles;boule_2;39;boule
2004-05-21;2004-2011 : 50 boules / 9 etoiles;boule_5;49;boule
2004-05-21;2004-2011 : 50 boules / 9 etoiles;etoile_1;4;etoile
2004-05-21;2004-2011 : 50 boules / 9 etoiles;etoile_2;9;etoile
2004-05-28;2004-2011 : 50 boules / 9 etoiles;boule_3;6;boule
2004-05-28;2004-2011 : 50 boules / 9 etoiles;boule_5;11;boule
2004-05-28;2004-2011 : 50 boules / 9 etoiles;boule_4;35;boule
2004-05-28;2004-2011 : 50 boules / 9 etoiles;boule_1;41;boule
2004-05-28;2004-2011 : 50 boules / 9 etoiles;boule_2;44;boule
2004-05-28;2004-2011 : 50 boules / 9 etoiles;etoile_2;5;etoile
2004-05-28;2004-2011 : 50 boules / 9 etoiles;etoile_1;6;etoile
2004-06-04;2004-2011 : 50 boules / 9 etoiles;boule_5;9;boule
2004-06-04;2004-2011 : 50 boules / 9 etoiles;boule_4;13;boule
2004-06-04;2004-2011 : 50 boules / 9 etoiles;boule_3;34;boule
2004-06-04;2004-2011 : 50 boules / 9 etoiles;boule_1;41;boule
2004-06-04;2004-2011 : 50 boules / 9 etoiles;boule_2;42;boule
2004-06-04;2004-2011 : 50 boules / 9 etoiles;etoile_2;3;etoile
2004-06-04;2004-2011 : 50 boules / 9 etoiles;etoile_1;7;etoile
2004-06-11;2004-2011 : 50 boules / 9 etoiles;boule_2;2;boule
2004-06-11;2004-2011 : 50 boules / 9 etoiles;boule_1;7;boule
2004-06-11;2004-2011 : 50 boules / 9 etoiles;boule_5;8;boule
2004-06-11;2004-2011 : 50 boules / 9 etoiles;boule_4;10;boule
2004-06-11;2004-2011 : 50 boules / 9 etoiles;boule_3;47;boule
2004-06-11;2004-2011 : 50 boules / 9 etoiles;etoile_1;1;etoile
2004-06-11;2004-2011 : 50 boules / 9 etoiles;etoile_2;7;etoile
2004-06-18;2004-2011 : 50 boules / 9 etoiles;boule_2;2;boule
2004-06-18;2004-2011 : 50 boules / 9 etoiles;boule_4;23;boule
2004-06-18;2004-2011 : 50 boules / 9 etoiles;boule_1;28;boule
2004-06-18;2004-2011 : 50 boules / 9 etoiles;boule_3;40;boule
2004-06-18;2004-2011 : 50 boules / 9 etoiles;boule_5;43;boule
2004-06-18;2004-2011 : 50 boules / 9 etoiles;etoile_2;2;etoile
2004-06-18;2004-2011 : 50 boules / 9 etoiles;etoile_1;6;etoile
2004-06-25;2004-2011 : 50 boules / 9 etoiles;boule_4;3;boule
2004-06-25;2004-2011 : 50 boules / 9 etoiles;boule_2;21;boule
2004-06-25;2004-2011 : 50 boules / 9 etoiles;boule_1;30;boule
2004-06-25;2004-2011 : 50 boules / 9 etoiles;boule_5;34;boule
2004-06-25;2004-2011 : 50 boules / 9 etoiles;boule_3;35;boule
2004-06-25;2004-2011 : 50 boules / 9 etoiles;etoile_1;1;etoile
2004-06-25;2004-2011 : 50 boules / 9 etoiles;etoile_2;2;etoile
2004-07-02;2004-2011 : 50 boules / 9 etoiles;boule_1;4;boule
2004-07-02;2004-2011 : 50 boules / 9 etoiles;boule_4;23;boule
2004-07-02;2004-2011 : 50 boules / 9 etoiles;boule_3;24;boule
2004-07-02;2004-2011 : 50 boules / 9 etoiles;boule_2;28;boule
2004-07-02;2004-2011 : 50 boules / 9 etoiles;boule_5;34;boule
2004-07-02;2004-2011 : 50 boules / 9 etoiles;etoile_1;1;etoile
2004-07-02;2004-2011 : 50 boules / 9 etoiles;etoile_2;3;etoile
2004-07-09;2004-2011 : 50 boules / 9 etoiles;boule_5;2;boule
2004-07-09;2004-2011 : 50 boules / 9 etoiles;boule_3;5;boule
2004-07-09;2004-2011 : 50 boules / 9 etoiles;boule_4;12;boule
2004-07-09;2004-2011 : 50 boules / 9 etoiles;boule_2;19;boule
2004-07-09;2004-2011 : 50 boules / 9 etoiles;boule_1;44;boule
2004-07-09;2004-2011 : 50 boules / 9 etoiles;etoile_1;8;etoile
2004-07-09;2004-2011 : 50 boules / 9 etoiles;etoile_2;9;etoile
2004-07-16;2004-2011 : 50 boules / 9 etoiles;boule_4;24;boule
2004-07-16;2004-2011 : 50 boules / 9 etoiles;boule_1;26;boule
2004-07-16;2004-2011 : 50 boules / 9 etoiles;boule_3;31;boule
2004-07-16;2004-2011 : 50 boules / 9 etoiles;boule_5;38;boule
2004-07-16;2004-2011 : 50 boules / 9 etoiles;boule_2;50;boule
2004-07-16;2004-2011 : 50 boules / 9 etoiles;etoile_2;5;etoile
2004-07-16;2004-2011 : 50 boules / 9 etoiles;etoile_1;8;etoile
2004-07-23;2004-2011 : 50 boules / 9 etoiles;boule_3;7;boule
2004-07-23;2004-2011 : 50 boules / 9 etoiles;boule_1;10;boule
2004-07-23;2004-2011 : 50 boules / 9 etoiles;boule_2;27;boule
2004-07-23;2004-2011 : 50 boules / 9 etoiles;boule_5;31;boule
2004-07-23;2004-2011 : 50 boules / 9 etoiles;boule_4;34;boule
2004-07-23;2004-2011 : 50 boules / 9 etoiles;etoile_2;3;etoile
2004-07-23;2004-2011 : 50 boules / 9 etoiles;etoile_1;8;etoile
2004-07-30;2004-2011 : 50 boules / 9 etoiles;boule_3;9;boule
2004-07-30;2004-2011 : 50 boules / 9 etoiles;boule_2;10;boule
2004-07-30;2004-2011 : 50 boules / 9 etoiles;boule_4;19;boule
2004-07-30;2004-2011 : 50 boules / 9 etoiles;boule_5;37;boule
2004-07-30;2004-2011 : 50 boules / 9 etoiles;boule_1;50;boule
2004-07-30;2004-2011 : 50 boules / 9 etoiles;etoile_2;1;etoile
2004-07-30;2004-2011 : 50 boules / 9 etoiles;etoile_1;6;etoile
2004-08-06;2004-2011 : 50 boules / 9 etoiles;boule_1;5;boule
2004-08-06;2004-2011 : 50 boules / 9 etoiles;boule_4;15;boule
2004-08-06;2004-2011 : 50 boules / 9 etoiles;boule_5;24;boule
2004-08-06;2004-2011 : 50 boules / 9 etoiles;boule_2;35;boule
2004-08-06;2004-2011 : 50 boules / 9 etoiles;boule_3;44;boule
2004-08-06;2004-2011 : 50 boules / 9 etoiles;etoile_2;5;etoile
2004-08-06;2004-2011 : 50 boules / 9 etoiles;etoile_1;6;etoile
2004-08-13;2004-2011 : 50 boules / 9 etoiles;boule_1;20;boule
2004-08-13;2004-2011 : 50 boules / 9 etoiles;boule_2;27;boule
2004-08-13;2004-2011 : 50 boules / 9 etoiles;boule_3;41;boule
2004-08-13;2004-2011 : 50 boules / 9 etoiles;boule_4;43;boule
2004-08-13;2004-2011 : 50 boules / 9 etoiles;boule_5;50;boule
2004-08-13;2004-2011 : 50 boules / 9 etoiles;etoile_1;5;etoile
2004-08-13;2004-2011 : 50 boules / 9 etoiles;etoile_2;8;etoile
2004-08-20;2004-2011 : 50 boules / 9 etoiles;boule_5;6;boule
2004-08-20;2004-2011 : 50 boules / 9 etoiles;boule_4;9;boule
2004-08-20;2004-2011 : 50 boules / 9 etoiles;boule_2;10;boule
2004-08-20;2004-2011 : 50 boules / 9 etoiles;boule_1;27;boule
2004-08-20;2004-2011 : 50 boules / 9 etoiles;boule_3;35;boule
2004-08-20;2004-2011 : 50 boules / 9 etoiles;etoile_1;6;etoile
2004-08-20;2004-2011 : 50 boules / 9 etoiles;etoile_2;8;etoile
2004-08-27;2004-2011 : 50 boules / 9 etoiles;boule_2;1;boule
2004-08-27;2004-2011 : 50 boules / 9 etoiles;boule_5;11;boule
2004-08-27;2004-2011 : 50 boules / 9 etoiles;boule_4;22;boule
2004-08-27;2004-2011 : 50 boules / 9 etoiles;boule_1;28;boule
2004-08-27;2004-2011 : 50 boules / 9 etoiles;boule_3;44;boule
2004-08-27;2004-2011 : 50 boules / 9 etoiles;etoile_1;1;etoile
2004-08-27;2004-2011 : 50 boules / 9 etoiles;etoile_2;9;etoile
2004-09-03;2004-2011 : 50 boules / 9 etoiles;boule_5;8;boule
2004-09-03;2004-2011 : 50 boules / 9 etoiles;boule_2;12;boule
2004-09-03;2004-2011 : 50 boules / 9 etoiles;boule_1;14;boule
2004-09-03;2004-2011 : 50 boules / 9 etoiles;boule_3;15;boule
2004-09-03;2004-2011 : 50 boules / 9 etoiles;boule_4;34;boule
2004-09-03;2004-2011 : 50 boules / 9 etoiles;etoile_2;6;etoile
2004-09-03;2004-2011 : 50 boules / 9 etoiles;etoile_1;7;etoile
2004-09-10;2004-2011 : 50 boules / 9 etoiles;boule_1;5;boule
2004-09-10;2004-2011 : 50 boules / 9 etoiles;boule_4;25;boule
2004-09-10;2004-2011 : 50 boules / 9 etoiles;boule_5;33;boule
2004-09-10;2004-2011 : 50 boules / 9 etoiles;boule_3;36;boule
2004-09-10;2004-2011 : 50 boules / 9 etoiles;boule_2;38;boule
2004-09-10;2004-2011 : 50 boules / 9 etoiles;etoile_2;2;etoile
2004-09-10;2004-2011 : 50 boules / 9 etoiles;etoile_1;5;etoile
2004-09-17;2004-2011 : 50 boules / 9 etoiles;boule_3;15;boule
2004-09-17;2004-2011 : 50 boules / 9 etoiles;boule_4;18;boule
2004-09-17;2004-2011 : 50 boules / 9 etoiles;boule_5;29;boule
2004-09-17;2004-2011 : 50 boules / 9 etoiles;boule_2;39;boule
2004-09-17;2004-2011 : 50 boules / 9 etoiles;boule_1;41;boule
2004-09-17;2004-2011 : 50 boules / 9 etoiles;etoile_2;5;etoile
2004-09-17;2004-2011 : 50 boules / 9 etoiles;etoile_1;8;etoile
2004-09-24;2004-2011 : 50 boules / 9 etoiles;boule_2;21;boule
2004-09-24;2004-2011 : 50 boules / 9 etoiles;boule_3;26;boule
2004-09-24;2004-2011 : 50 boules / 9 etoiles;boule_4;27;boule
2004-09-24;2004-2011 : 50 boules / 9 etoiles;boule_5;44;boule
2004-09-24;2004-2011 : 50 boules / 9 etoiles;boule_1;48;boule
2004-09-24;2004-2011 : 50 boules / 9 etoiles;etoile_1;1;etoile
2004-09-24;2004-2011 : 50 boules / 9 etoiles;etoile_2;7;etoile
2004-10-01;2004-2011 : 50 boules / 9 etoiles;boule_5;12;boule
2004-10-01;2004-2011 : 50 boules / 9 etoiles;boule_2;20;boule
2004-10-01;2004-2011 : 50 boules / 9 etoiles;boule_4;21;boule
2004-10-01;2004-2011 : 50 boules / 9 etoiles;boule_3;45;boule
2004-10-01;2004-2011 : 50 boules / 9 etoiles;boule_1;48;boule
2004-10-01;2004-2011 : 50 boules / 9 etoiles;etoile_2;5;etoile
2004-10-01;2004-2011 : 50 boules / 9 etoiles;etoile_1;6;etoile
2004-10-08;2004-2011 : 50 boules / 9 etoiles;boule_4;1;boule
2004-10-08;2004-2011 : 50 boules / 9 etoiles;boule_2;10;boule
2004-10-08;2004-2011 : 50 boules / 9 etoiles;boule_1;12;boule
2004-10-08;2004-2011 : 50 boules / 9 etoiles;boule_5;16;boule
2004-10-08;2004-2011 : 50 boules / 9 etoiles;boule_3;48;boule
2004-10-08;2004-2011 : 50 boules / 9 etoiles;etoile_1;2;etoile
2004-10-08;2004-2011 : 50 boules / 9 etoiles;etoile_2;6;etoile
2004-10-15;2004-2011 : 50 boules / 9 etoiles;boule_3;14;boule
2004-10-15;2004-2011 : 50 boules / 9 etoiles;boule_2;21;boule
2004-10-15;2004-2011 : 50 boules / 9 etoiles;boule_5;22;boule
2004-10-15;2004-2011 : 50 boules / 9 etoiles;boule_1;37;boule
2004-10-15;2004-2011 : 50 boules / 9 etoiles;boule_4;43;boule
2004-10-15;2004-2011 : 50 boules / 9 etoiles;etoile_1;5;etoile
2004-10-15;2004-2011 : 50 boules / 9 etoiles;etoile_2;8;etoile
2004-10-22;2004-2011 : 50 boules / 9 etoiles;boule_3;1;boule
2004-10-22;2004-2011 : 50 boules / 9 etoiles;boule_1;9;boule
2004-10-22;2004-2011 : 50 boules / 9 etoiles;boule_5;23;boule
2004-10-22;2004-2011 : 50 boules / 9 etoiles;boule_2;25;boule
2004-10-22;2004-2011 : 50 boules / 9 etoiles;boule_4;40;boule
2004-10-22;2004-2011 : 50 boules / 9 etoiles;etoile_1;3;etoile
2004-10-22;2004-2011 : 50 boules / 9 etoiles;etoile_2;9;etoile
2004-10-29;2004-2011 : 50 boules / 9 etoiles;boule_2;1;boule
2004-10-29;2004-2011 : 50 boules / 9 etoiles;boule_5;8;boule
2004-10-29;2004-2011 : 50 boules / 9 etoiles;boule_1;32;boule
2004-10-29;2004-2011 : 50 boules / 9 etoiles;boule_4;35;boule
2004-10-29;2004-2011 : 50 boules / 9 etoiles;boule_3;38;boule
2004-10-29;2004-2011 : 50 boules / 9 etoiles;etoile_2;4;etoile
2004-10-29;2004-2011 : 50 boules / 9 etoiles;etoile_1;9;etoile
2004-11-05;2004-2011 : 50 boules / 9 etoiles;boule_5;6;boule
2004-11-05;2004-2011 : 50 boules / 9 etoiles;boule_4;19;boule
2004-11-05;2004-2011 : 50 boules / 9 etoiles;boule_1;25;boule
2004-11-05;2004-2011 : 50 boules / 9 etoiles;boule_2;42;boule
2004-11-05;2004-2011 : 50 boules / 9 etoiles;boule_3;49;boule
2004-11-05;2004-2011 : 50 boules / 9 etoiles;etoile_1;1;etoile
2004-11-05;2004-2011 : 50 boules / 9 etoiles;etoile_2;7;etoile
2004-11-12;2004-2011 : 50 boules / 9 etoiles;boule_3;4;boule
2004-11-12;2004-2011 : 50 boules / 9 etoiles;boule_5;11;boule
2004-11-12;2004-2011 : 50 boules / 9 etoiles;boule_1;12;boule
2004-11-12;2004-2011 : 50 boules / 9 etoiles;boule_2;13;boule
2004-11-12;2004-2011 : 50 boules / 9 etoiles;boule_4;32;boule
2004-11-12;2004-2011 : 50 boules / 9 etoiles;etoile_2;3;etoile
2004-11-12;2004-2011 : 50 boules / 9 etoiles;etoile_1;9;etoile
2004-11-19;2004-2011 : 50 boules / 9 etoiles;boule_5;1;boule
2004-11-19;2004-2011 : 50 boules / 9 etoiles;boule_4;18;boule
2004-11-19;2004-2011 : 50 boules / 9 etoiles;boule_2;29;boule
2004-11-19;2004-2011 : 50 boules / 9 etoiles;boule_3;34;boule
2004-11-19;2004-2011 : 50 boules / 9 etoiles;boule_1;37;boule
2004-11-19;2004-2011 : 50 boules / 9 etoiles;etoile_2;2;etoile
2004-11-19;2004-2011 : 50 boules / 9 etoiles;etoile_1;6;etoile
2004-11-26;2004-2011 : 50 boules / 9 etoiles;boule_2;1;boule
2004-11-26;2004-2011 : 50 boules / 9 etoiles;boule_4;4;boule
2004-11-26;2004-2011 : 50 boules / 9 etoiles;boule_1;24;boule
2004-11-26;2004-2011 : 50 boules / 9 etoiles;boule_3;34;boule
2004-11-26;2004-2011 : 50 boules / 9 etoiles;boule_5;36;boule
2004-11-26;2004-2011 : 50 boules / 9 etoiles;etoile_2;6;etoile
2004-11-26;2004-2011 : 50 boules / 9 etoiles;etoile_1;8;etoile
2004-12-03;2004-2011 : 50 boules / 9 etoiles;boule_4;1;boule
2004-12-03;2004-2011 : 50 boules / 9 etoiles;boule_3;11;boule
2004-12-03;2004-2011 : 50 boules / 9 etoiles;boule_1;15;boule
2004-12-03;2004-2011 : 50 boules / 9 etoiles;boule_2;42;boule
2004-12-03;2004-2011 : 50 boules / 9 etoiles;boule_5;49;boule
2004-12-03;2004-2011 : 50 boules / 9 etoiles;etoile_2;3;etoile
2004-12-03;2004-2011 : 50 boules / 9 etoiles;etoile_1;4;etoile
2004-12-10;2004-2011 : 50 boules / 9 etoiles;boule_4;1;boule
2004-12-10;2004-2011 : 50 boules / 9 etoiles;boule_1;3;boule
2004-12-10;2004-2011 : 50 boules / 9 etoiles;boule_2;13;boule
2004-12-10;2004-2011 : 50 boules / 9 etoiles;boule_5;16;boule
2004-12-10;2004-2011 : 50 boules / 9 etoiles;boule_3;43;boule
2004-12-10;2004-2011 : 50 boules / 9 etoiles;etoile_2;2;etoile
2004-12-10;2004-2011 : 50 boules / 9 etoiles;etoile_1;7;etoile
2004-12-17;2004-2011 : 50 boules / 9 etoiles;boule_4;15;boule
2004-12-17;2004-2011 : 50 boules / 9 etoiles;boule_3;19;boule
2004-12-17;2004-2011 : 50 boules / 9 etoiles;boule_2;22;boule
2004-12-17;2004-2011 : 50 boules / 9 etoiles;boule_5;46;boule
2004-12-17;2004-2011 : 50 boules / 9 etoiles;boule_1;49;boule
2004-12-17;2004-2011 : 50 boules / 9 etoiles;etoile_2;2;etoile
2004-12-17;2004-2011 : 50 boules / 9 etoiles;etoile_1;9;etoile
2004-12-24;2004-2011 : 50 boules / 9 etoiles;boule_1;3;boule
2004-12-24;2004-2011 : 50 boules / 9 etoiles;boule_4;4;boule
2004-12-24;2004-2011 : 50 boules / 9 etoiles;boule_2;27;boule
2004-12-24;2004-2011 : 50 boules / 9 etoiles;boule_3;29;boule
2004-12-24;2004-2011 : 50 boules / 9 etoiles;boule_5;37;boule
2004-12-24;2004-2011 : 50 boules / 9 etoiles;etoile_2;5;etoile
2004-12-24;2004-2011 : 50 boules / 9 etoiles;etoile_1;6;etoile
2004-12-31;2004-2011 : 50 boules / 9 etoiles;boule_2;7;boule
2004-12-31;2004-2011 : 50 boules / 9 etoiles;boule_1;8;boule
2004-12-31;2004-2011 : 50 boules / 9 etoiles;boule_5;24;boule
2004-12-31;2004-2011 : 50 boules / 9 etoiles;boule_4;25;boule
2004-12-31;2004-2011 : 50 boules / 9 etoiles;boule_3;47;boule
2004-12-31;2004-2011 : 50 boules / 9 etoiles;etoile_1;8;etoile
2004-12-31;2004-2011 : 50 boules / 9 etoiles;etoile_2;9;etoile
2005-01-07;2004-2011 : 50 boules / 9 etoiles;boule_4;3;boule
2005-01-07;2004-2011 : 50 boules / 9 etoiles;boule_5;23;boule
2005-01-07;2004-2011 : 50 boules / 9 etoiles;boule_2;27;boule
2005-01-07;2004-2011 : 50 boules / 9 etoiles;boule_3;47;boule
2005-01-07;2004-2011 : 50 boules / 9 etoiles;boule_1;50;boule
2005-01-07;2004-2011 : 50 boules / 9 etoiles;etoile_2;2;etoile
2005-01-07;2004-2011 : 50 boules / 9 etoiles;etoile_1;3;etoile
2005-01-14;2004-2011 : 50 boules / 9 etoiles;boule_4;6;boule
2005-01-14;2004-2011 : 50 boules / 9 etoiles;boule_1;11;boule
2005-01-14;2004-2011 : 50 boules / 9 etoiles;boule_2;14;boule
2005-01-14;2004-2011 : 50 boules / 9 etoiles;boule_5;19;boule
2005-01-14;2004-2011 : 50 boules / 9 etoiles;boule_3;29;boule
2005-01-14;2004-2011 : 50 boules / 9 etoiles;etoile_2;1;etoile
2005-01-14;2004-2011 : 50 boules / 9 etoiles;etoile_1;3;etoile
2005-01-21;2004-2011 : 50 boules / 9 etoiles;boule_3;10;boule
2005-01-21;2004-2011 : 50 boules / 9 etoiles;boule_1;12;boule
2005-01-21;2004-2011 : 50 boules / 9 etoiles;boule_2;14;boule
2005-01-21;2004-2011 : 50 boules / 9 etoiles;boule_5;24;boule
2005-01-21;2004-2011 : 50 boules / 9 etoiles;boule_4;26;boule
2005-01-21;2004-2011 : 50 boules / 9 etoiles;etoile_2;5;etoile
2005-01-21;2004-2011 : 50 boules / 9 etoiles;etoile_1;8;etoile
2005-01-28;2004-2011 : 50 boules / 9 etoiles;boule_3;7;boule
2005-01-28;2004-2011 : 50 boules / 9 etoiles;boule_2;21;boule
2005-01-28;2004-2011 : 50 boules / 9 etoiles;boule_1;26;boule
2005-01-28;2004-2011 : 50 boules / 9 etoiles;boule_4;43;boule
2005-01-28;2004-2011 : 50 boules / 9 etoiles;boule_5;45;boule
2005-01-28;2004-2011 : 50 boules / 9 etoiles;etoile_1;5;etoile
2005-01-28;2004-2011 : 50 boules / 9 etoiles;etoile_2;7;etoile
2005-02-04;2004-2011 : 50 boules / 9 etoiles;boule_2;1;boule
2005-02-04;2004-2011 : 50 boules / 9 etoiles;boule_5;8;boule
2005-02-04;2004-2011 : 50 boules / 9 etoiles;boule_1;11;boule
2005-02-04;2004-2011 : 50 boules / 9 etoiles;boule_4;30;boule
2005-02-04;2004-2011 : 50 boules / 9 etoiles;boule_3;40;boule
2005-02-04;2004-2011 : 50 boules / 9 etoiles;etoile_1;7;etoile
2005-02-04;2004-2011 : 50 boules / 9 etoiles;etoile_2;8;etoile
2005-02-11;2004-2011 : 50 boules / 9 etoiles;boule_1;11;boule
2005-02-11;2004-2011 : 50 boules / 9 etoiles;boule_2;13;boule
2005-02-11;2004-2011 : 50 boules / 9 etoiles;boule_3;25;boule
2005-02-11;2004-2011 : 50 boules / 9 etoiles;boule_4;32;boule
2005-02-11;2004-2011 : 50 boules / 9 etoiles;boule_5;50;boule
2005-02-11;2004-2011 : 50 boules / 9 etoiles;etoile_2;4;etoile
2005-02-11;2004-2011 : 50 boules / 9 etoiles;etoile_1;7;etoile
2005-02-18;2004-2011 : 50 boules / 9 etoiles;boule_3;20;boule
2005-02-18;2004-2011 : 50 boules / 9 etoiles;boule_4;21;boule
2005-02-18;2004-2011 : 50 boules / 9 etoiles;boule_5;26;boule
2005-02-18;2004-2011 : 50 boules / 9 etoiles;boule_1;32;boule
2005-02-18;2004-2011 : 50 boules / 9 etoiles;boule_2;46;boule
2005-02-18;2004-2011 : 50 boules / 9 etoiles;etoile_1;8;etoile
2005-02-18;2004-2011 : 50 boules / 9 etoiles;etoile_2;9;etoile
2005-02-25;2004-2011 : 50 boules / 9 etoiles;boule_2;3;boule
2005-02-25;2004-2011 : 50 boules / 9 etoiles;boule_3;27;boule
2005-02-25;2004-2011 : 50 boules / 9 etoiles;boule_5;30;boule
2005-02-25;2004-2011 : 50 boules / 9 etoiles;boule_1;43;boule
2005-02-25;2004-2011 : 50 boules / 9 etoiles;boule_4;44;boule
2005-02-25;2004-2011 : 50 boules / 9 etoiles;etoile_2;4;etoile
2005-02-25;2004-2011 : 50 boules / 9 etoiles;etoile_1;8;etoile
2005-03-04;2004-2011 : 50 boules / 9 etoiles;boule_1;12;boule
2005-03-04;2004-2011 : 50 boules / 9 etoiles;boule_5;24;boule
2005-03-04;2004-2011 : 50 boules / 9 etoiles;boule_2;32;boule
2005-03-04;2004-2011 : 50 boules / 9 etoiles;boule_3;37;boule
2005-03-04;2004-2011 : 50 boules / 9 etoiles;boule_4;39;boule
2005-03-04;2004-2011 : 50 boules / 9 etoiles;etoile_1;7;etoile
2005-03-04;2004-2011 : 50 boules / 9 etoiles;etoile_2;9;etoile
2005-03-11;2004-2011 : 50 boules / 9 etoiles;boule_5;8;boule
2005-03-11;2004-2011 : 50 boules / 9 etoiles;boule_2;12;boule
2005-03-11;2004-2011 : 50 boules / 9 etoiles;boule_4;23;boule
2005-03-11;2004-2011 : 50 boules / 9 etoiles;boule_1;40;boule
2005-03-11;2004-2011 : 50 boules / 9 etoiles;boule_3;43;boule
2005-03-11;2004-2011 : 50 boules / 9 etoiles;etoile_1;1;etoile
2005-03-11;2004-2011 : 50 boules / 9 etoiles;etoile_2;4;etoile
2005-03-18;2004-2011 : 50 boules / 9 etoiles;boule_4;6;boule
2005-03-18;2004-2011 : 50 boules / 9 etoiles;boule_3;23;boule
2005-03-18;2004-2011 : 50 boules / 9 etoiles;boule_2;39;boule
2005-03-18;2004-2011 : 50 boules / 9 etoiles;boule_5;43;boule
2005-03-18;2004-2011 : 50 boules / 9 etoiles;boule_1;48;boule
2005-03-18;2004-2011 : 50 boules / 9 etoiles;etoile_1;5;etoile
2005-03-18;2004-2011 : 50 boules / 9 etoiles;etoile_2;7;etoile
2005-03-25;2004-2011 : 50 boules / 9 etoiles;boule_4;4;boule
2005-03-25;2004-2011 : 50 boules / 9 etoiles;boule_1;29;boule
2005-03-25;2004-2011 : 50 boules / 9 etoiles;boule_2;33;boule
2005-03-25;2004-2011 : 50 boules / 9 etoiles;boule_5;37;boule
2005-03-25;2004-2011 : 50 boules / 9 etoiles;boule_3;38;boule
2005-03-25;2004-2011 : 50 boules / 9 etoiles;etoile_2;6;etoile
2005-03-25;2004-2011 : 50 boules / 9 etoiles;etoile_1;9;etoile
2005-04-01;2004-2011 : 50 boules / 9 etoiles;boule_4;25;boule
2005-04-01;2004-2011 : 50 boules / 9 etoiles;boule_1;26;boule
2005-04-01;2004-2011 : 50 boules / 9 etoiles;boule_5;41;boule
2005-04-01;2004-2011 : 50 boules / 9 etoiles;boule_2;44;boule
2005-04-01;2004-2011 : 50 boules / 9 etoiles;boule_3;47;boule
2005-04-01;2004-2011 : 50 boules / 9 etoiles;etoile_1;3;etoile
2005-04-01;2004-2011 : 50 boules / 9 etoiles;etoile_2;7;etoile
2005-04-08;2004-2011 : 50 boules / 9 etoiles;boule_5;7;boule
2005-04-08;2004-2011 : 50 boules / 9 etoiles;boule_4;11;boule
2005-04-08;2004-2011 : 50 boules / 9 etoiles;boule_3;25;boule
2005-04-08;2004-2011 : 50 boules / 9 etoiles;boule_1;31;boule
2005-04-08;2004-2011 : 50 boules / 9 etoiles;boule_2;50;boule
2005-04-08;2004-2011 : 50 boules / 9 etoiles;etoile_2;1;etoile
2005-04-08;2004-2011 : 50 boules / 9 etoiles;etoile_1;3;etoile
2005-04-15;2004-2011 : 50 boules / 9 etoiles;boule_1;6;boule
2005-04-15;2004-2011 : 50 boules / 9 etoiles;boule_5;28;boule
2005-04-15;2004-2011 : 50 boules / 9 etoiles;boule_2;31;boule
2005-04-15;2004-2011 : 50 boules / 9 etoiles;boule_4;38;boule
2005-04-15;2004-2011 : 50 boules / 9 etoiles;boule_3;42;boule
2005-04-15;2004-2011 : 50 boules / 9 etoiles;etoile_2;3;etoile
2005-04-15;2004-2011 : 50 boules / 9 etoiles;etoile_1;9;etoile
2005-04-22;2004-2011 : 50 boules / 9 etoiles;boule_5;3;boule
2005-04-22;2004-2011 : 50 boules / 9 etoiles;boule_2;10;boule
2005-04-22;2004-2011 : 50 boules / 9 etoiles;boule_1;13;boule
2005-04-22;2004-2011 : 50 boules / 9 etoiles;boule_3;24;boule
2005-04-22;2004-2011 : 50 boules / 9 etoiles;boule_4;47;boule
2005-04-22;2004-2011 : 50 boules / 9 etoiles;etoile_2;5;etoile
2005-04-22;2004-2011 : 50 boules / 9 etoiles;etoile_1;9;etoile
2005-04-29;2004-2011 : 50 boules / 9 etoiles;boule_4;3;boule
2005-04-29;2004-2011 : 50 boules / 9 etoiles;boule_3;9;boule
2005-04-29;2004-2011 : 50 boules / 9 etoiles;boule_2;35;boule
2005-04-29;2004-2011 : 50 boules / 9 etoiles;boule_5;39;boule
2005-04-29;2004-2011 : 50 boules / 9 etoiles;boule_1;42;boule
2005-04-29;2004-2011 : 50 boules / 9 etoiles;etoile_1;1;etoile
2005-04-29;2004-2011 : 50 boules / 9 etoiles;etoile_2;8;etoile
2005-05-06;2004-2011 : 50 boules / 9 etoiles;boule_4;7;boule
2005-05-06;2004-2011 : 50 boules / 9 etoiles;boule_3;12;boule
2005-05-06;2004-2011 : 50 boules / 9 etoiles;boule_2;21;boule
2005-05-06;2004-2011 : 50 boules / 9 etoiles;boule_5;26;boule
2005-05-06;2004-2011 : 50 boules / 9 etoiles;boule_1;44;boule
2005-05-06;2004-2011 : 50 boules / 9 etoiles;etoile_1;6;etoile
2005-05-06;2004-2011 : 50 boules / 9 etoiles;etoile_2;8;etoile
2005-05-13;2004-2011 : 50 boules / 9 etoiles;boule_1;12;boule
2005-05-13;2004-2011 : 50 boules / 9 etoiles;boule_4;17;boule
2005-05-13;2004-2011 : 50 boules / 9 etoiles;boule_3;31;boule
2005-05-13;2004-2011 : 50 boules / 9 etoiles;boule_5;32;boule
2005-05-13;2004-2011 : 50 boules / 9 etoiles;boule_2;40;boule
2005-05-13;2004-2011 : 50 boules / 9 etoiles;etoile_2;2;etoile
2005-05-13;2004-2011 : 50 boules / 9 etoiles;etoile_1;9;etoile
2005-05-20;2004-2011 : 50 boules / 9 etoiles;boule_2;6;boule
2005-05-20;2004-2011 : 50 boules / 9 etoiles;boule_4;7;boule
2005-05-20;2004-2011 : 50 boules / 9 etoiles;boule_5;13;boule
2005-05-20;2004-2011 : 50 boules / 9 etoiles;boule_1;28;boule
2005-05-20;2004-2011 : 50 boules / 9 etoiles;boule_3;47;boule
2005-05-20;2004-2011 : 50 boules / 9 etoiles;etoile_2;5;etoile
2005-05-20;2004-2011 : 50 boules / 9 etoiles;etoile_1;8;etoile
2005-05-27;2004-2011 : 50 boules / 9 etoiles;boule_4;2;boule
2005-05-27;2004-2011 : 50 boules / 9 etoiles;boule_5;24;boule
2005-05-27;2004-2011 : 50 boules / 9 etoiles;boule_3;31;boule
2005-05-27;2004-2011 : 50 boules / 9 etoiles;boule_2;48;boule
2005-05-27;2004-2011 : 50 boules / 9 etoiles;boule_1;50;boule
2005-05-27;2004-2011 : 50 boules / 9 etoiles;etoile_2;4;etoile
2005-05-27;2004-2011 : 50 boules / 9 etoiles;etoile_1;9;etoile
2005-06-03;2004-2011 : 50 boules / 9 etoiles;boule_3;3;boule
2005-06-03;2004-2011 : 50 boules / 9 etoiles;boule_1;8;boule
2005-06-03;2004-2011 : 50 boules / 9 etoiles;boule_2;11;boule
2005-06-03;2004-2011 : 50 boules / 9 etoiles;boule_4;17;boule
2005-06-03;2004-2011 : 50 boules / 9 etoiles;boule_5;50;boule
2005-06-03;2004-2011 : 50 boules / 9 etoiles;etoile_2;1;etoile
2005-06-03;2004-2011 : 50 boules / 9 etoiles;etoile_1;5;etoile
2005-06-10;2004-2011 : 50 boules / 9 etoiles;boule_5;6;boule
2005-06-10;2004-2011 : 50 boules / 9 etoiles;boule_4;7;boule
2005-06-10;2004-2011 : 50 boules / 9 etoiles;boule_2;32;boule
2005-06-10;2004-2011 : 50 boules / 9 etoiles;boule_1;37;boule
2005-06-10;2004-2011 : 50 boules / 9 etoiles;boule_3;47;boule
2005-06-10;2004-2011 : 50 boules / 9 etoiles;etoile_2;1;etoile
2005-06-10;2004-2011 : 50 boules / 9 etoiles;etoile_1;7;etoile
2005-06-17;2004-2011 : 50 boules / 9 etoiles;boule_2;4;boule
2005-06-17;2004-2011 : 50 boules / 9 etoiles;boule_1;8;boule
2005-06-17;2004-2011 : 50 boules / 9 etoiles;boule_3;10;boule
2005-06-17;2004-2011 : 50 boules / 9 etoiles;boule_5;18;boule
2005-06-17;2004-2011 : 50 boules / 9 etoiles;boule_4;21;boule
2005-06-17;2004-2011 : 50 boules / 9 etoiles;etoile_2;1;etoile
2005-06-17;2004-2011 : 50 boules / 9 etoiles;etoile_1;7;etoile
2005-06-24;2004-2011 : 50 boules / 9 etoiles;boule_1;6;boule
2005-06-24;2004-2011 : 50 boules / 9 etoiles;boule_3;8;boule
2005-06-24;2004-2011 : 50 boules / 9 etoiles;boule_4;14;boule
2005-06-24;2004-2011 : 50 boules / 9 etoiles;boule_2;15;boule
2005-06-24;2004-2011 : 50 boules / 9 etoiles;boule_5;45;boule
2005-06-24;2004-2011 : 50 boules / 9 etoiles;etoile_1;7;etoile
2005-06-24;2004-2011 : 50 boules / 9 etoiles;etoile_2;8;etoile
2005-07-01;2004-2011 : 50 boules / 9 etoiles;boule_4;4;boule
2005-07-01;2004-2011 : 50 boules / 9 etoiles;boule_3;5;boule
2005-07-01;2004-2011 : 50 boules / 9 etoiles;boule_1;23;boule
2005-07-01;2004-2011 : 50 boules / 9 etoiles;boule_5;25;boule
2005-07-01;2004-2011 : 50 boules / 9 etoiles;boule_2;28;boule
2005-07-01;2004-2011 : 50 boules / 9 etoiles;etoile_1;3;etoile
2005-07-01;2004-2011 : 50 boules / 9 etoiles;etoile_2;4;etoile
2005-07-08;2004-2011 : 50 boules / 9 etoiles;boule_4;35;boule
2005-07-08;2004-2011 : 50 boules / 9 etoiles;boule_3;36;boule
2005-07-08;2004-2011 : 50 boules / 9 etoiles;boule_1;42;boule
2005-07-08;2004-2011 : 50 boules / 9 etoiles;boule_2;46;boule
2005-07-08;2004-2011 : 50 boules / 9 etoiles;boule_5;49;boule
2005-07-08;2004-2011 : 50 boules / 9 etoiles;etoile_2;2;etoile
2005-07-08;2004-2011 : 50 boules / 9 etoiles;etoile_1;8;etoile
2005-07-15;2004-2011 : 50 boules / 9 etoiles;boule_3;1;boule
2005-07-15;2004-2011 : 50 boules / 9 etoiles;boule_4;11;boule
2005-07-15;2004-2011 : 50 boules / 9 etoiles;boule_5;12;boule
2005-07-15;2004-2011 : 50 boules / 9 etoiles;boule_2;23;boule
2005-07-15;2004-2011 : 50 boules / 9 etoiles;boule_1;42;boule
2005-07-15;2004-2011 : 50 boules / 9 etoiles;etoile_2;3;etoile
2005-07-15;2004-2011 : 50 boules / 9 etoiles;etoile_1;6;etoile
2005-07-22;2004-2011 : 50 boules / 9 etoiles;boule_4;3;boule
2005-07-22;2004-2011 : 50 boules / 9 etoiles;boule_2;14;boule
2005-07-22;2004-2011 : 50 boules / 9 etoiles;boule_3;41;boule
2005-07-22;2004-2011 : 50 boules / 9 etoiles;boule_5;48;boule
2005-07-22;2004-2011 : 50 boules / 9 etoiles;boule_1;49;boule
2005-07-22;2004-2011 : 50 boules / 9 etoiles;etoile_1;1;etoile
2005-07-22;2004-2011 : 50 boules / 9 etoiles;etoile_2;4;etoile
2005-07-29;2004-2011 : 50 boules / 9 etoiles;boule_2;3;boule
2005-07-29;2004-2011 : 50 boules / 9 etoiles;boule_3;19;boule
2005-07-29;2004-2011 : 50 boules / 9 etoiles;boule_5;26;boule
2005-07-29;2004-2011 : 50 boules / 9 etoiles;boule_4;49;boule
2005-07-29;2004-2011 : 50 boules / 9 etoiles;boule_1;50;boule
2005-07-29;2004-2011 : 50 boules / 9 etoiles;etoile_2;4;etoile
2005-07-29;2004-2011 : 50 boules / 9 etoiles;etoile_1;5;etoile
2005-08-05;2004-2011 : 50 boules / 9 etoiles;boule_3;2;boule
2005-08-05;2004-2011 : 50 boules / 9 etoiles;boule_2;11;boule
2005-08-05;2004-2011 : 50 boules / 9 etoiles;boule_1;21;boule
2005-08-05;2004-2011 : 50 boules / 9 etoiles;boule_4;22;boule
2005-08-05;2004-2011 : 50 boules / 9 etoiles;boule_5;30;boule
2005-08-05;2004-2011 : 50 boules / 9 etoiles;etoile_1;4;etoile
2005-08-05;2004-2011 : 50 boules / 9 etoiles;etoile_2;6;etoile
2005-08-12;2004-2011 : 50 boules / 9 etoiles;boule_4;15;boule
2005-08-12;2004-2011 : 50 boules / 9 etoiles;boule_2;23;boule
2005-08-12;2004-2011 : 50 boules / 9 etoiles;boule_5;30;boule
2005-08-12;2004-2011 : 50 boules / 9 etoiles;boule_1;37;boule
2005-08-12;2004-2011 : 50 boules / 9 etoiles;boule_3;40;boule
2005-08-12;2004-2011 : 50 boules / 9 etoiles;etoile_1;7;etoile
2005-08-12;2004-2011 : 50 boules / 9 etoiles;etoile_2;9;etoile
2005-08-19;2004-2011 : 50 boules / 9 etoiles;boule_3;11;boule
2005-08-19;2004-2011 : 50 boules / 9 etoiles;boule_4;24;boule
2005-08-19;2004-2011 : 50 boules / 9 etoiles;boule_2;29;boule
2005-08-19;2004-2011 : 50 boules / 9 etoiles;boule_5;31;boule
2005-08-19;2004-2011 : 50 boules / 9 etoiles;boule_1;41;boule
2005-08-19;2004-2011 : 50 boules / 9 etoiles;etoile_2;1;etoile
2005-08-19;2004-2011 : 50 boules / 9 etoiles;etoile_1;3;etoile
2005-08-26;2004-2011 : 50 boules / 9 etoiles;boule_5;9;boule
2005-08-26;2004-2011 : 50 boules / 9 etoiles;boule_1;29;boule
2005-08-26;2004-2011 : 50 boules / 9 etoiles;boule_2;35;boule
2005-08-26;2004-2011 : 50 boules / 9 etoiles;boule_3;40;boule
2005-08-26;2004-2011 : 50 boules / 9 etoiles;boule_4;41;boule
2005-08-26;2004-2011 : 50 boules / 9 etoiles;etoile_2;1;etoile
2005-08-26;2004-2011 : 50 boules / 9 etoiles;etoile_1;6;etoile
2005-09-02;2004-2011 : 50 boules / 9 etoiles;boule_2;3;boule
2005-09-02;2004-2011 : 50 boules / 9 etoiles;boule_3;4;boule
2005-09-02;2004-2011 : 50 boules / 9 etoiles;boule_5;14;boule
2005-09-02;2004-2011 : 50 boules / 9 etoiles;boule_1;43;boule
2005-09-02;2004-2011 : 50 boules / 9 etoiles;boule_4;50;boule
2005-09-02;2004-2011 : 50 boules / 9 etoiles;etoile_1;3;etoile
2005-09-02;2004-2011 : 50 boules / 9 etoiles;etoile_2;6;etoile
2005-09-09;2004-2011 : 50 boules / 9 etoiles;boule_5;8;boule
2005-09-09;2004-2011 : 50 boules / 9 etoiles;boule_2;12;boule
2005-09-09;2004-2011 : 50 boules / 9 etoiles;boule_4;19;boule
2005-09-09;2004-2011 : 50 boules / 9 etoiles;boule_1;31;boule
2005-09-09;2004-2011 : 50 boules / 9 etoiles;boule_3;50;boule
2005-09-09;2004-2011 : 50 boules / 9 etoiles;etoile_2;6;etoile
2005-09-09;2004-2011 : 50 boules / 9 etoiles;etoile_1;7;etoile
2005-09-16;2004-2011 : 50 boules / 9 etoiles;boule_3;12;boule
2005-09-16;2004-2011 : 50 boules / 9 etoiles;boule_4;13;boule
2005-09-16;2004-2011 : 50 boules / 9 etoiles;boule_1;19;boule
2005-09-16;2004-2011 : 50 boules / 9 etoiles;boule_5;21;boule
2005-09-16;2004-2011 : 50 boules / 9 etoiles;boule_2;38;boule
2005-09-16;2004-2011 : 50 boules / 9 etoiles;etoile_1;3;etoile
2005-09-16;2004-2011 : 50 boules / 9 etoiles;etoile_2;9;etoile
2005-09-23;2004-2011 : 50 boules / 9 etoiles;boule_1;1;boule
2005-09-23;2004-2011 : 50 boules / 9 etoiles;boule_4;26;boule
2005-09-23;2004-2011 : 50 boules / 9 etoiles;boule_2;31;boule
2005-09-23;2004-2011 : 50 boules / 9 etoiles;boule_3;34;boule
2005-09-23;2004-2011 : 50 boules / 9 etoiles;boule_5;47;boule
2005-09-23;2004-2011 : 50 boules / 9 etoiles;etoile_1;4;etoile
2005-09-23;2004-2011 : 50 boules / 9 etoiles;etoile_2;9;etoile
2005-09-30;2004-2011 : 50 boules / 9 etoiles;boule_4;6;boule
2005-09-30;2004-2011 : 50 boules / 9 etoiles;boule_1;11;boule
2005-09-30;2004-2011 : 50 boules / 9 etoiles;boule_5;47;boule
2005-09-30;2004-2011 : 50 boules / 9 etoiles;boule_3;48;boule
2005-09-30;2004-2011 : 50 boules / 9 etoiles;boule_2;50;boule
2005-09-30;2004-2011 : 50 boules / 9 etoiles;etoile_1;1;etoile
2005-09-30;2004-2011 : 50 boules / 9 etoiles;etoile_2;6;etoile
2005-10-07;2004-2011 : 50 boules / 9 etoiles;boule_5;2;boule
2005-10-07;2004-2011 : 50 boules / 9 etoiles;boule_4;13;boule
2005-10-07;2004-2011 : 50 boules / 9 etoiles;boule_3;21;boule
2005-10-07;2004-2011 : 50 boules / 9 etoiles;boule_1;26;boule
2005-10-07;2004-2011 : 50 boules / 9 etoiles;boule_2;44;boule
2005-10-07;2004-2011 : 50 boules / 9 etoiles;etoile_1;3;etoile
2005-10-07;2004-2011 : 50 boules / 9 etoiles;etoile_2;9;etoile
2005-10-14;2004-2011 : 50 boules / 9 etoiles;boule_1;10;boule
2005-10-14;2004-2011 : 50 boules / 9 etoiles;boule_3;11;boule
2005-10-14;2004-2011 : 50 boules / 9 etoiles;boule_2;19;boule
2005-10-14;2004-2011 : 50 boules / 9 etoiles;boule_5;20;boule
2005-10-14;2004-2011 : 50 boules / 9 etoiles;boule_4;23;boule
2005-10-14;2004-2011 : 50 boules / 9 etoiles;etoile_2;1;etoile
2005-10-14;2004-2011 : 50 boules / 9 etoiles;etoile_1;6;etoile
2005-10-21;2004-2011 : 50 boules / 9 etoiles;boule_4;1;boule
2005-10-21;2004-2011 : 50 boules / 9 etoiles;boule_2;14;boule
2005-10-21;2004-2011 : 50 boules / 9 etoiles;boule_1;19;boule
2005-10-21;2004-2011 : 50 boules / 9 etoiles;boule_5;29;boule
2005-10-21;2004-2011 : 50 boules / 9 etoiles;boule_3;33;boule
2005-10-21;2004-2011 : 50 boules / 9 etoiles;etoile_1;1;etoile
2005-10-21;2004-2011 : 50 boules / 9 etoiles;etoile_2;8;etoile
2005-10-28;2004-2011 : 50 boules / 9 etoiles;boule_1;14;boule
2005-10-28;2004-2011 : 50 boules / 9 etoiles;boule_5;36;boule
2005-10-28;2004-2011 : 50 boules / 9 etoiles;boule_4;44;boule
2005-10-28;2004-2011 : 50 boules / 9 etoiles;boule_3;47;boule
2005-10-28;2004-2011 : 50 boules / 9 etoiles;boule_2;50;boule
2005-10-28;2004-2011 : 50 boules / 9 etoiles;etoile_1;3;etoile
2005-10-28;2004-2011 : 50 boules / 9 etoiles;etoile_2;5;etoile
2005-11-04;2004-2011 : 50 boules / 9 etoiles;boule_5;26;boule
2005-11-04;2004-2011 : 50 boules / 9 etoiles;boule_3;36;boule
2005-11-04;2004-2011 : 50 boules / 9 etoiles;boule_4;37;boule
2005-11-04;2004-2011 : 50 boules / 9 etoiles;boule_1;38;boule
2005-11-04;2004-2011 : 50 boules / 9 etoiles;boule_2;42;boule
2005-11-04;2004-2011 : 50 boules / 9 etoiles;etoile_1;2;etoile
2005-11-04;2004-2011 : 50 boules / 9 etoiles;etoile_2;6;etoile
2005-11-11;2004-2011 : 50 boules / 9 etoiles;boule_5;15;boule
2005-11-11;2004-2011 : 50 boules / 9 etoiles;boule_2;16;boule
2005-11-11;2004-2011 : 50 boules / 9 etoiles;boule_3;36;boule
2005-11-11;2004-2011 : 50 boules / 9 etoiles;boule_1;41;boule
2005-11-11;2004-2011 : 50 boules / 9 etoiles;boule_4;42;boule
2005-11-11;2004-2011 : 50 boules / 9 etoiles;etoile_2;3;etoile
2005-11-11;2004-2011 : 50 boules / 9 etoiles;etoile_1;5;etoile
2005-11-18;2004-2011 : 50 boules / 9 etoiles;boule_2;17;boule
2005-11-18;2004-2011 : 50 boules / 9 etoiles;boule_3;18;boule
2005-11-18;2004-2011 : 50 boules / 9 etoiles;boule_5;25;boule
2005-11-18;2004-2011 : 50 boules / 9 etoiles;boule_1;34;boule
2005-11-18;2004-2011 : 50 boules / 9 etoiles;boule_4;48;boule
2005-11-18;2004-2011 : 50 boules / 9 etoiles;etoile_2;2;etoile
2005-11-18;2004-2011 : 50 boules / 9 etoiles;etoile_1;3;etoile
2005-11-25;2004-2011 : 50 boules / 9 etoiles;boule_5;1;boule
2005-11-25;2004-2011 : 50 boules / 9 etoiles;boule_4;6;boule
2005-11-25;2004-2011 : 50 boules / 9 etoiles;boule_1;27;boule
2005-11-25;2004-2011 : 50 boules / 9 etoiles;boule_2;39;boule
2005-11-25;2004-2011 : 50 boules / 9 etoiles;boule_3;47;boule
2005-11-25;2004-2011 : 50 boules / 9 etoiles;etoile_2;1;etoile
2005-11-25;2004-2011 : 50 boules / 9 etoiles;etoile_1;6;etoile
2005-12-02;2004-2011 : 50 boules / 9 etoiles;boule_1;1;boule
2005-12-02;2004-2011 : 50 boules / 9 etoiles;boule_4;9;boule
2005-12-02;2004-2011 : 50 boules / 9 etoiles;boule_3;20;boule
2005-12-02;2004-2011 : 50 boules / 9 etoiles;boule_5;23;boule
2005-12-02;2004-2011 : 50 boules / 9 etoiles;boule_2;30;boule
2005-12-02;2004-2011 : 50 boules / 9 etoiles;etoile_1;4;etoile
2005-12-02;2004-2011 : 50 boules / 9 etoiles;etoile_2;7;etoile
2005-12-09;2004-2011 : 50 boules / 9 etoiles;boule_1;11;boule
2005-12-09;2004-2011 : 50 boules / 9 etoiles;boule_5;18;boule
2005-12-09;2004-2011 : 50 boules / 9 etoiles;boule_4;35;boule
2005-12-09;2004-2011 : 50 boules / 9 etoiles;boule_3;38;boule
2005-12-09;2004-2011 : 50 boules / 9 etoiles;boule_2;42;boule
2005-12-09;2004-2011 : 50 boules / 9 etoiles;etoile_1;1;etoile
2005-12-09;2004-2011 : 50 boules / 9 etoiles;etoile_2;5;etoile
2005-12-16;2004-2011 : 50 boules / 9 etoiles;boule_1;2;boule
2005-12-16;2004-2011 : 50 boules / 9 etoiles;boule_3;3;boule
2005-12-16;2004-2011 : 50 boules / 9 etoiles;boule_4;15;boule
2005-12-16;2004-2011 : 50 boules / 9 etoiles;boule_2;18;boule
2005-12-16;2004-2011 : 50 boules / 9 etoiles;boule_5;32;boule
2005-12-16;2004-2011 : 50 boules / 9 etoiles;etoile_2;6;etoile
2005-12-16;2004-2011 : 50 boules / 9 etoiles;etoile_1;7;etoile
2005-12-23;2004-2011 : 50 boules / 9 etoiles;boule_5;15;boule
2005-12-23;2004-2011 : 50 boules / 9 etoiles;boule_1;31;boule
2005-12-23;2004-2011 : 50 boules / 9 etoiles;boule_4;36;boule
2005-12-23;2004-2011 : 50 boules / 9 etoiles;boule_3;37;boule
2005-12-23;2004-2011 : 50 boules / 9 etoiles;boule_2;42;boule
2005-12-23;2004-2011 : 50 boules / 9 etoiles;etoile_1;1;etoile
2005-12-23;2004-2011 : 50 boules / 9 etoiles;etoile_2;7;etoile
2005-12-30;2004-2011 : 50 boules / 9 etoiles;boule_4;8;boule
2005-12-30;2004-2011 : 50 boules / 9 etoiles;boule_5;16;boule
2005-12-30;2004-2011 : 50 boules / 9 etoiles;boule_1;19;boule
2005-12-30;2004-2011 : 50 boules / 9 etoiles;boule_3;43;boule
2005-12-30;2004-2011 : 50 boules / 9 etoiles;boule_2;45;boule
2005-12-30;2004-2011 : 50 boules / 9 etoiles;etoile_1;1;etoile
2005-12-30;2004-2011 : 50 boules / 9 etoiles;etoile_2;4;etoile
2006-01-06;2004-2011 : 50 boules / 9 etoiles;boule_5;2;boule
2006-01-06;2004-2011 : 50 boules / 9 etoiles;boule_1;6;boule
2006-01-06;2004-2011 : 50 boules / 9 etoiles;boule_4;9;boule
2006-01-06;2004-2011 : 50 boules / 9 etoiles;boule_3;14;boule
2006-01-06;2004-2011 : 50 boules / 9 etoiles;boule_2;26;boule
2006-01-06;2004-2011 : 50 boules / 9 etoiles;etoile_1;4;etoile
2006-01-06;2004-2011 : 50 boules / 9 etoiles;etoile_2;5;etoile
2006-01-13;2004-2011 : 50 boules / 9 etoiles;boule_5;8;boule
2006-01-13;2004-2011 : 50 boules / 9 etoiles;boule_1;12;boule
2006-01-13;2004-2011 : 50 boules / 9 etoiles;boule_2;19;boule
2006-01-13;2004-2011 : 50 boules / 9 etoiles;boule_3;33;boule
2006-01-13;2004-2011 : 50 boules / 9 etoiles;boule_4;34;boule
2006-01-13;2004-2011 : 50 boules / 9 etoiles;etoile_1;1;etoile
2006-01-13;2004-2011 : 50 boules / 9 etoiles;etoile_2;6;etoile
2006-01-20;2004-2011 : 50 boules / 9 etoiles;boule_2;12;boule
2006-01-20;2004-2011 : 50 boules / 9 etoiles;boule_1;15;boule
2006-01-20;2004-2011 : 50 boules / 9 etoiles;boule_4;33;boule
2006-01-20;2004-2011 : 50 boules / 9 etoiles;boule_5;44;boule
2006-01-20;2004-2011 : 50 boules / 9 etoiles;boule_3;50;boule
2006-01-20;2004-2011 : 50 boules / 9 etoiles;etoile_2;2;etoile
2006-01-20;2004-2011 : 50 boules / 9 etoiles;etoile_1;6;etoile
2006-01-27;2004-2011 : 50 boules / 9 etoiles;boule_1;9;boule
2006-01-27;2004-2011 : 50 boules / 9 etoiles;boule_3;15;boule
2006-01-27;2004-2011 : 50 boules / 9 etoiles;boule_2;21;boule
2006-01-27;2004-2011 : 50 boules / 9 etoiles;boule_4;40;boule
2006-01-27;2004-2011 : 50 boules / 9 etoiles;boule_5;49;boule
2006-01-27;2004-2011 : 50 boules / 9 etoiles;etoile_2;1;etoile
2006-01-27;2004-2011 : 50 boules / 9 etoiles;etoile_1;4;etoile
2006-02-03;2004-2011 : 50 boules / 9 etoiles;boule_3;9;boule
2006-02-03;2004-2011 : 50 boules / 9 etoiles;boule_4;21;boule
2006-02-03;2004-2011 : 50 boules / 9 etoiles;boule_1;30;boule
2006-02-03;2004-2011 : 50 boules / 9 etoiles;boule_2;39;boule
2006-02-03;2004-2011 : 50 boules / 9 etoiles;boule_5;50;boule
2006-02-03;2004-2011 : 50 boules / 9 etoiles;etoile_2;1;etoile
2006-02-03;2004-2011 : 50 boules / 9 etoiles;etoile_1;3;etoile
2006-02-10;2004-2011 : 50 boules / 9 etoiles;boule_1;5;boule
2006-02-10;2004-2011 : 50 boules / 9 etoiles;boule_3;6;boule
2006-02-10;2004-2011 : 50 boules / 9 etoiles;boule_2;38;boule
2006-02-10;2004-2011 : 50 boules / 9 etoiles;boule_4;48;boule
2006-02-10;2004-2011 : 50 boules / 9 etoiles;boule_5;50;boule
2006-02-10;2004-2011 : 50 boules / 9 etoiles;etoile_1;6;etoile
2006-02-10;2004-2011 : 50 boules / 9 etoiles;etoile_2;7;etoile
2006-02-17;2004-2011 : 50 boules / 9 etoiles;boule_1;4;boule
2006-02-17;2004-2011 : 50 boules / 9 etoiles;boule_2;23;boule
2006-02-17;2004-2011 : 50 boules / 9 etoiles;boule_4;24;boule
2006-02-17;2004-2011 : 50 boules / 9 etoiles;boule_5;26;boule
2006-02-17;2004-2011 : 50 boules / 9 etoiles;boule_3;38;boule
2006-02-17;2004-2011 : 50 boules / 9 etoiles;etoile_2;2;etoile
2006-02-17;2004-2011 : 50 boules / 9 etoiles;etoile_1;4;etoile
2006-02-24;2004-2011 : 50 boules / 9 etoiles;boule_3;1;boule
2006-02-24;2004-2011 : 50 boules / 9 etoiles;boule_5;11;boule
2006-02-24;2004-2011 : 50 boules / 9 etoiles;boule_1;18;boule
2006-02-24;2004-2011 : 50 boules / 9 etoiles;boule_2;19;boule
2006-02-24;2004-2011 : 50 boules / 9 etoiles;boule_4;47;boule
2006-02-24;2004-2011 : 50 boules / 9 etoiles;etoile_2;3;etoile
2006-02-24;2004-2011 : 50 boules / 9 etoiles;etoile_1;7;etoile
2006-03-03;2004-2011 : 50 boules / 9 etoiles;boule_5;3;boule
2006-03-03;2004-2011 : 50 boules / 9 etoiles;boule_1;5;boule
2006-03-03;2004-2011 : 50 boules / 9 etoiles;boule_4;8;boule
2006-03-03;2004-2011 : 50 boules / 9 etoiles;boule_3;10;boule
2006-03-03;2004-2011 : 50 boules / 9 etoiles;boule_2;44;boule
2006-03-03;2004-2011 : 50 boules / 9 etoiles;etoile_1;3;etoile
2006-03-03;2004-2011 : 50 boules / 9 etoiles;etoile_2;5;etoile
2006-03-10;2004-2011 : 50 boules / 9 etoiles;boule_1;1;boule
2006-03-10;2004-2011 : 50 boules / 9 etoiles;boule_3;21;boule
2006-03-10;2004-2011 : 50 boules / 9 etoiles;boule_2;33;boule
2006-03-10;2004-2011 : 50 boules / 9 etoiles;boule_4;45;boule
2006-03-10;2004-2011 : 50 boules / 9 etoiles;boule_5;49;boule
2006-03-10;2004-2011 : 50 boules / 9 etoiles;etoile_1;4;etoile
2006-03-10;2004-2011 : 50 boules / 9 etoiles;etoile_2;8;etoile
2006-03-17;2004-2011 : 50 boules / 9 etoiles;boule_3;5;boule
2006-03-17;2004-2011 : 50 boules / 9 etoiles;boule_5;32;boule
2006-03-17;2004-2011 : 50 boules / 9 etoiles;boule_2;44;boule
2006-03-17;2004-2011 : 50 boules / 9 etoiles;boule_4;45;boule
2006-03-17;2004-2011 : 50 boules / 9 etoiles;boule_1;50;boule
2006-03-17;2004-2011 : 50 boules / 9 etoiles;etoile_2;1;etoile
2006-03-17;2004-2011 : 50 boules / 9 etoiles;etoile_1;7;etoile
2006-03-24;2004-2011 : 50 boules / 9 etoiles;boule_1;17;boule
2006-03-24;2004-2011 : 50 boules / 9 etoiles;boule_3;28;boule
2006-03-24;2004-2011 : 50 boules / 9 etoiles;boule_4;33;boule
2006-03-24;2004-2011 : 50 boules / 9 etoiles;boule_5;35;boule
2006-03-24;2004-2011 : 50 boules / 9 etoiles;boule_2;47;boule
2006-03-24;2004-2011 : 50 boules / 9 etoiles;etoile_1;4;etoile
2006-03-24;2004-2011 : 50 boules / 9 etoiles;etoile_2;9;etoile
2006-03-31;2004-2011 : 50 boules / 9 etoiles;boule_2;3;boule
2006-03-31;2004-2011 : 50 boules / 9 etoiles;boule_4;20;boule
2006-03-31;2004-2011 : 50 boules / 9 etoiles;boule_5;31;boule
2006-03-31;2004-2011 : 50 boules / 9 etoiles;boule_3;45;boule
2006-03-31;2004-2011 : 50 boules / 9 etoiles;boule_1;50;boule
2006-03-31;2004-2011 : 50 boules / 9 etoiles;etoile_2;6;etoile
2006-03-31;2004-2011 : 50 boules / 9 etoiles;etoile_1;7;etoile
2006-04-07;2004-2011 : 50 boules / 9 etoiles;boule_2;12;boule
2006-04-07;2004-2011 : 50 boules / 9 etoiles;boule_1;13;boule
2006-04-07;2004-2011 : 50 boules / 9 etoiles;boule_3;29;boule
2006-04-07;2004-2011 : 50 boules / 9 etoiles;boule_5;44;boule
2006-04-07;2004-2011 : 50 boules / 9 etoiles;boule_4;50;boule
2006-04-07;2004-2011 : 50 boules / 9 etoiles;etoile_1;4;etoile
2006-04-07;2004-2011 : 50 boules / 9 etoiles;etoile_2;5;etoile
2006-04-14;2004-2011 : 50 boules / 9 etoiles;boule_4;16;boule
2006-04-14;2004-2011 : 50 boules / 9 etoiles;boule_3;26;boule
2006-04-14;2004-2011 : 50 boules / 9 etoiles;boule_1;34;boule
2006-04-14;2004-2011 : 50 boules / 9 etoiles;boule_2;35;boule
2006-04-14;2004-2011 : 50 boules / 9 etoiles;boule_5;49;boule
2006-04-14;2004-2011 : 50 boules / 9 etoiles;etoile_2;2;etoile
2006-04-14;2004-2011 : 50 boules / 9 etoiles;etoile_1;6;etoile
2006-04-21;2004-2011 : 50 boules / 9 etoiles;boule_2;1;boule
2006-04-21;2004-2011 : 50 boules / 9 etoiles;boule_4;20;boule
2006-04-21;2004-2011 : 50 boules / 9 etoiles;boule_3;22;boule
2006-04-21;2004-2011 : 50 boules / 9 etoiles;boule_5;37;boule
2006-04-21;2004-2011 : 50 boules / 9 etoiles;boule_1;46;boule
2006-04-21;2004-2011 : 50 boules / 9 etoiles;etoile_1;1;etoile
2006-04-21;2004-2011 : 50 boules / 9 etoiles;etoile_2;9;etoile
2006-04-28;2004-2011 : 50 boules / 9 etoiles;boule_2;5;boule
2006-04-28;2004-2011 : 50 boules / 9 etoiles;boule_5;10;boule
2006-04-28;2004-2011 : 50 boules / 9 etoiles;boule_1;17;boule
2006-04-28;2004-2011 : 50 boules / 9 etoiles;boule_4;22;boule
2006-04-28;2004-2011 : 50 boules / 9 etoiles;boule_3;33;boule
2006-04-28;2004-2011 : 50 boules / 9 etoiles;etoile_2;5;etoile
2006-04-28;2004-2011 : 50 boules / 9 etoiles;etoile_1;7;etoile
2006-05-05;2004-2011 : 50 boules / 9 etoiles;boule_4;4;boule
2006-05-05;2004-2011 : 50 boules / 9 etoiles;boule_1;8;boule
2006-05-05;2004-2011 : 50 boules / 9 etoiles;boule_5;14;boule
2006-05-05;2004-2011 : 50 boules / 9 etoiles;boule_3;16;boule
2006-05-05;2004-2011 : 50 boules / 9 etoiles;boule_2;50;boule
2006-05-05;2004-2011 : 50 boules / 9 etoiles;etoile_2;3;etoile
2006-05-05;2004-2011 : 50 boules / 9 etoiles;etoile_1;9;etoile
2006-05-12;2004-2011 : 50 boules / 9 etoiles;boule_2;5;boule
2006-05-12;2004-2011 : 50 boules / 9 etoiles;boule_3;20;boule
2006-05-12;2004-2011 : 50 boules / 9 etoiles;boule_1;23;boule
2006-05-12;2004-2011 : 50 boules / 9 etoiles;boule_4;34;boule
2006-05-12;2004-2011 : 50 boules / 9 etoiles;boule_5;50;boule
2006-05-12;2004-2011 : 50 boules / 9 etoiles;etoile_1;1;etoile
2006-05-12;2004-2011 : 50 boules / 9 etoiles;etoile_2;5;etoile
2006-05-19;2004-2011 : 50 boules / 9 etoiles;boule_4;3;boule
2006-05-19;2004-2011 : 50 boules / 9 etoiles;boule_5;5;boule
2006-05-19;2004-2011 : 50 boules / 9 etoiles;boule_3;25;boule
2006-05-19;2004-2011 : 50 boules / 9 etoiles;boule_2;34;boule
2006-05-19;2004-2011 : 50 boules / 9 etoiles;boule_1;49;boule
2006-05-19;2004-2011 : 50 boules / 9 etoiles;etoile_2;5;etoile
2006-05-19;2004-2011 : 50 boules / 9 etoiles;etoile_1;8;etoile
2006-05-26;2004-2011 : 50 boules / 9 etoiles;boule_4;2;boule
2006-05-26;2004-2011 : 50 boules / 9 etoiles;boule_3;12;boule
2006-05-26;2004-2011 : 50 boules / 9 etoiles;boule_1;21;boule
2006-05-26;2004-2011 : 50 boules / 9 etoiles;boule_2;41;boule
2006-05-26;2004-2011 : 50 boules / 9 etoiles;boule_5;49;boule
2006-05-26;2004-2011 : 50 boules / 9 etoiles;etoile_1;3;etoile
2006-05-26;2004-2011 : 50 boules / 9 etoiles;etoile_2;7;etoile
2006-06-02;2004-2011 : 50 boules / 9 etoiles;boule_2;7;boule
2006-06-02;2004-2011 : 50 boules / 9 etoiles;boule_5;8;boule
2006-06-02;2004-2011 : 50 boules / 9 etoiles;boule_4;27;boule
2006-06-02;2004-2011 : 50 boules / 9 etoiles;boule_1;41;boule
2006-06-02;2004-2011 : 50 boules / 9 etoiles;boule_3;48;boule
2006-06-02;2004-2011 : 50 boules / 9 etoiles;etoile_2;1;etoile
2006-06-02;2004-2011 : 50 boules / 9 etoiles;etoile_1;6;etoile
2006-06-09;2004-2011 : 50 boules / 9 etoiles;boule_1;3;boule
2006-06-09;2004-2011 : 50 boules / 9 etoiles;boule_5;12;boule
2006-06-09;2004-2011 : 50 boules / 9 etoiles;boule_4;15;boule
2006-06-09;2004-2011 : 50 boules / 9 etoiles;boule_2;34;boule
2006-06-09;2004-2011 : 50 boules / 9 etoiles;boule_3;39;boule
2006-06-09;2004-2011 : 50 boules / 9 etoiles;etoile_1;4;etoile
2006-06-09;2004-2011 : 50 boules / 9 etoiles;etoile_2;6;etoile
2006-06-16;2004-2011 : 50 boules / 9 etoiles;boule_3;1;boule
2006-06-16;2004-2011 : 50 boules / 9 etoiles;boule_4;16;boule
2006-06-16;2004-2011 : 50 boules / 9 etoiles;boule_1;26;boule
2006-06-16;2004-2011 : 50 boules / 9 etoiles;boule_5;30;boule
2006-06-16;2004-2011 : 50 boules / 9 etoiles;boule_2;36;boule
2006-06-16;2004-2011 : 50 boules / 9 etoiles;etoile_2;3;etoile
2006-06-16;2004-2011 : 50 boules / 9 etoiles;etoile_1;9;etoile
2006-06-23;2004-2011 : 50 boules / 9 etoiles;boule_3;9;boule
2006-06-23;2004-2011 : 50 boules / 9 etoiles;boule_4;21;boule
2006-06-23;2004-2011 : 50 boules / 9 etoiles;boule_2;30;boule
2006-06-23;2004-2011 : 50 boules / 9 etoiles;boule_5;43;boule
2006-06-23;2004-2011 : 50 boules / 9 etoiles;boule_1;44;boule
2006-06-23;2004-2011 : 50 boules / 9 etoiles;etoile_2;1;etoile
2006-06-23;2004-2011 : 50 boules / 9 etoiles;etoile_1;9;etoile
2006-06-30;2004-2011 : 50 boules / 9 etoiles;boule_2;6;boule
2006-06-30;2004-2011 : 50 boules / 9 etoiles;boule_3;15;boule
2006-06-30;2004-2011 : 50 boules / 9 etoiles;boule_1;16;boule
2006-06-30;2004-2011 : 50 boules / 9 etoiles;boule_4;40;boule
2006-06-30;2004-2011 : 50 boules / 9 etoiles;boule_5;43;boule
2006-06-30;2004-2011 : 50 boules / 9 etoiles;etoile_1;1;etoile
2006-06-30;2004-2011 : 50 boules / 9 etoiles;etoile_2;2;etoile
2006-07-07;2004-2011 : 50 boules / 9 etoiles;boule_3;7;boule
2006-07-07;2004-2011 : 50 boules / 9 etoiles;boule_2;9;boule
2006-07-07;2004-2011 : 50 boules / 9 etoiles;boule_5;18;boule
2006-07-07;2004-2011 : 50 boules / 9 etoiles;boule_1;35;boule
2006-07-07;2004-2011 : 50 boules / 9 etoiles;boule_4;43;boule
2006-07-07;2004-2011 : 50 boules / 9 etoiles;etoile_2;5;etoile
2006-07-07;2004-2011 : 50 boules / 9 etoiles;etoile_1;7;etoile
2006-07-14;2004-2011 : 50 boules / 9 etoiles;boule_1;1;boule
2006-07-14;2004-2011 : 50 boules / 9 etoiles;boule_3;7;boule
2006-07-14;2004-2011 : 50 boules / 9 etoiles;boule_4;17;boule
2006-07-14;2004-2011 : 50 boules / 9 etoiles;boule_2;31;boule
2006-07-14;2004-2011 : 50 boules / 9 etoiles;boule_5;36;boule
2006-07-14;2004-2011 : 50 boules / 9 etoiles;etoile_2;2;etoile
2006-07-14;2004-2011 : 50 boules / 9 etoiles;etoile_1;8;etoile
2006-07-21;2004-2011 : 50 boules / 9 etoiles;boule_4;2;boule
2006-07-21;2004-2011 : 50 boules / 9 etoiles;boule_2;4;boule
2006-07-21;2004-2011 : 50 boules / 9 etoiles;boule_5;9;boule
2006-07-21;2004-2011 : 50 boules / 9 etoiles;boule_3;38;boule
2006-07-21;2004-2011 : 50 boules / 9 etoiles;boule_1;50;boule
2006-07-21;2004-2011 : 50 boules / 9 etoiles;etoile_2;6;etoile
2006-07-21;2004-2011 : 50 boules / 9 etoiles;etoile_1;8;etoile
2006-07-28;2004-2011 : 50 boules / 9 etoiles;boule_1;3;boule
2006-07-28;2004-2011 : 50 boules / 9 etoiles;boule_4;8;boule
2006-07-28;2004-2011 : 50 boules / 9 etoiles;boule_5;12;boule
2006-07-28;2004-2011 : 50 boules / 9 etoiles;boule_3;29;boule
2006-07-28;2004-2011 : 50 boules / 9 etoiles;boule_2;43;boule
2006-07-28;2004-2011 : 50 boules / 9 etoiles;etoile_1;6;etoile
2006-07-28;2004-2011 : 50 boules / 9 etoiles;etoile_2;7;etoile
2006-08-04;2004-2011 : 50 boules / 9 etoiles;boule_5;1;boule
2006-08-04;2004-2011 : 50 boules / 9 etoiles;boule_4;14;boule
2006-08-04;2004-2011 : 50 boules / 9 etoiles;boule_2;15;boule
2006-08-04;2004-2011 : 50 boules / 9 etoiles;boule_1;26;boule
2006-08-04;2004-2011 : 50 boules / 9 etoiles;boule_3;32;boule
2006-08-04;2004-2011 : 50 boules / 9 etoiles;etoile_2;3;etoile
2006-08-04;2004-2011 : 50 boules / 9 etoiles;etoile_1;7;etoile
2006-08-11;2004-2011 : 50 boules / 9 etoiles;boule_5;27;boule
2006-08-11;2004-2011 : 50 boules / 9 etoiles;boule_4;28;boule
2006-08-11;2004-2011 : 50 boules / 9 etoiles;boule_2;31;boule
2006-08-11;2004-2011 : 50 boules / 9 etoiles;boule_3;46;boule
2006-08-11;2004-2011 : 50 boules / 9 etoiles;boule_1;47;boule
2006-08-11;2004-2011 : 50 boules / 9 etoiles;etoile_2;2;etoile
2006-08-11;2004-2011 : 50 boules / 9 etoiles;etoile_1;5;etoile
2006-08-18;2004-2011 : 50 boules / 9 etoiles;boule_4;12;boule
2006-08-18;2004-2011 : 50 boules / 9 etoiles;boule_1;37;boule
2006-08-18;2004-2011 : 50 boules / 9 etoiles;boule_5;39;boule
2006-08-18;2004-2011 : 50 boules / 9 etoiles;boule_2;40;boule
2006-08-18;2004-2011 : 50 boules / 9 etoiles;boule_3;50;boule
2006-08-18;2004-2011 : 50 boules / 9 etoiles;etoile_1;1;etoile
2006-08-18;2004-2011 : 50 boules / 9 etoiles;etoile_2;2;etoile
2006-08-25;2004-2011 : 50 boules / 9 etoiles;boule_2;10;boule
2006-08-25;2004-2011 : 50 boules / 9 etoiles;boule_3;28;boule
2006-08-25;2004-2011 : 50 boules / 9 etoiles;boule_5;40;boule
2006-08-25;2004-2011 : 50 boules / 9 etoiles;boule_1;47;boule
2006-08-25;2004-2011 : 50 boules / 9 etoiles;boule_4;48;boule
2006-08-25;2004-2011 : 50 boules / 9 etoiles;etoile_2;6;etoile
2006-08-25;2004-2011 : 50 boules / 9 etoiles;etoile_1;8;etoile
2006-09-01;2004-2011 : 50 boules / 9 etoiles;boule_5;3;boule
2006-09-01;2004-2011 : 50 boules / 9 etoiles;boule_3;7;boule
2006-09-01;2004-2011 : 50 boules / 9 etoiles;boule_1;25;boule
2006-09-01;2004-2011 : 50 boules / 9 etoiles;boule_4;45;boule
2006-09-01;2004-2011 : 50 boules / 9 etoiles;boule_2;50;boule
2006-09-01;2004-2011 : 50 boules / 9 etoiles;etoile_2;6;etoile
2006-09-01;2004-2011 : 50 boules / 9 etoiles;etoile_1;9;etoile
2006-09-08;2004-2011 : 50 boules / 9 etoiles;boule_5;1;boule
2006-09-08;2004-2011 : 50 boules / 9 etoiles;boule_2;10;boule
2006-09-08;2004-2011 : 50 boules / 9 etoiles;boule_1;12;boule
2006-09-08;2004-2011 : 50 boules / 9 etoiles;boule_3;32;boule
2006-09-08;2004-2011 : 50 boules / 9 etoiles;boule_4;33;boule
2006-09-08;2004-2011 : 50 boules / 9 etoiles;etoile_2;1;etoile
2006-09-08;2004-2011 : 50 boules / 9 etoiles;etoile_1;8;etoile
2006-09-15;2004-2011 : 50 boules / 9 etoiles;boule_4;6;boule
2006-09-15;2004-2011 : 50 boules / 9 etoiles;boule_1;10;boule
2006-09-15;2004-2011 : 50 boules / 9 etoiles;boule_5;16;boule
2006-09-15;2004-2011 : 50 boules / 9 etoiles;boule_3;26;boule
2006-09-15;2004-2011 : 50 boules / 9 etoiles;boule_2;49;boule
2006-09-15;2004-2011 : 50 boules / 9 etoiles;etoile_1;7;etoile
2006-09-15;2004-2011 : 50 boules / 9 etoiles;etoile_2;9;etoile
2006-09-22;2004-2011 : 50 boules / 9 etoiles;boule_5;10;boule
2006-09-22;2004-2011 : 50 boules / 9 etoiles;boule_4;29;boule
2006-09-22;2004-2011 : 50 boules / 9 etoiles;boule_1;30;boule
2006-09-22;2004-2011 : 50 boules / 9 etoiles;boule_2;45;boule
2006-09-22;2004-2011 : 50 boules / 9 etoiles;boule_3;49;boule
2006-09-22;2004-2011 : 50 boules / 9 etoiles;etoile_2;3;etoile
2006-09-22;2004-2011 : 50 boules / 9 etoiles;etoile_1;8;etoile
2006-09-29;2004-2011 : 50 boules / 9 etoiles;boule_1;1;boule
2006-09-29;2004-2011 : 50 boules / 9 etoiles;boule_2;3;boule
2006-09-29;2004-2011 : 50 boules / 9 etoiles;boule_4;6;boule
2006-09-29;2004-2011 : 50 boules / 9 etoiles;boule_5;18;boule
2006-09-29;2004-2011 : 50 boules / 9 etoiles;boule_3;24;boule
2006-09-29;2004-2011 : 50 boules / 9 etoiles;etoile_1;5;etoile
2006-09-29;2004-2011 : 50 boules / 9 etoiles;etoile_2;8;etoile
2006-10-06;2004-2011 : 50 boules / 9 etoiles;boule_1;5;boule
2006-10-06;2004-2011 : 50 boules / 9 etoiles;boule_3;11;boule
2006-10-06;2004-2011 : 50 boules / 9 etoiles;boule_4;22;boule
2006-10-06;2004-2011 : 50 boules / 9 etoiles;boule_2;35;boule
2006-10-06;2004-2011 : 50 boules / 9 etoiles;boule_5;38;boule
2006-10-06;2004-2011 : 50 boules / 9 etoiles;etoile_1;7;etoile
2006-10-06;2004-2011 : 50 boules / 9 etoiles;etoile_2;8;etoile
2006-10-13;2004-2011 : 50 boules / 9 etoiles;boule_1;2;boule
2006-10-13;2004-2011 : 50 boules / 9 etoiles;boule_5;25;boule
2006-10-13;2004-2011 : 50 boules / 9 etoiles;boule_2;32;boule
2006-10-13;2004-2011 : 50 boules / 9 etoiles;boule_3;38;boule
2006-10-13;2004-2011 : 50 boules / 9 etoiles;boule_4;41;boule
2006-10-13;2004-2011 : 50 boules / 9 etoiles;etoile_2;3;etoile
2006-10-13;2004-2011 : 50 boules / 9 etoiles;etoile_1;5;etoile
2006-10-20;2004-2011 : 50 boules / 9 etoiles;boule_1;10;boule
2006-10-20;2004-2011 : 50 boules / 9 etoiles;boule_4;19;boule
2006-10-20;2004-2011 : 50 boules / 9 etoiles;boule_2;34;boule
2006-10-20;2004-2011 : 50 boules / 9 etoiles;boule_5;45;boule
2006-10-20;2004-2011 : 50 boules / 9 etoiles;boule_3;47;boule
2006-10-20;2004-2011 : 50 boules / 9 etoiles;etoile_2;3;etoile
2006-10-20;2004-2011 : 50 boules / 9 etoiles;etoile_1;6;etoile
2006-10-27;2004-2011 : 50 boules / 9 etoiles;boule_1;3;boule
2006-10-27;2004-2011 : 50 boules / 9 etoiles;boule_4;4;boule
2006-10-27;2004-2011 : 50 boules / 9 etoiles;boule_5;8;boule
2006-10-27;2004-2011 : 50 boules / 9 etoiles;boule_3;44;boule
2006-10-27;2004-2011 : 50 boules / 9 etoiles;boule_2;50;boule
2006-10-27;2004-2011 : 50 boules / 9 etoiles;etoile_2;7;etoile
2006-10-27;2004-2011 : 50 boules / 9 etoiles;etoile_1;8;etoile
2006-11-03;2004-2011 : 50 boules / 9 etoiles;boule_2;11;boule
2006-11-03;2004-2011 : 50 boules / 9 etoiles;boule_1;13;boule
2006-11-03;2004-2011 : 50 boules / 9 etoiles;boule_4;24;boule
2006-11-03;2004-2011 : 50 boules / 9 etoiles;boule_3;44;boule
2006-11-03;2004-2011 : 50 boules / 9 etoiles;boule_5;49;boule
2006-11-03;2004-2011 : 50 boules / 9 etoiles;etoile_2;3;etoile
2006-11-03;2004-2011 : 50 boules / 9 etoiles;etoile_1;9;etoile
2006-11-10;2004-2011 : 50 boules / 9 etoiles;boule_3;14;boule
2006-11-10;2004-2011 : 50 boules / 9 etoiles;boule_5;21;boule
2006-11-10;2004-2011 : 50 boules / 9 etoiles;boule_4;27;boule
2006-11-10;2004-2011 : 50 boules / 9 etoiles;boule_2;30;boule
2006-11-10;2004-2011 : 50 boules / 9 etoiles;boule_1;36;boule
2006-11-10;2004-2011 : 50 boules / 9 etoiles;etoile_1;2;etoile
2006-11-10;2004-2011 : 50 boules / 9 etoiles;etoile_2;3;etoile
2006-11-17;2004-2011 : 50 boules / 9 etoiles;boule_2;12;boule
2006-11-17;2004-2011 : 50 boules / 9 etoiles;boule_4;22;boule
2006-11-17;2004-2011 : 50 boules / 9 etoiles;boule_5;32;boule
2006-11-17;2004-2011 : 50 boules / 9 etoiles;boule_3;33;boule
2006-11-17;2004-2011 : 50 boules / 9 etoiles;boule_1;36;boule
2006-11-17;2004-2011 : 50 boules / 9 etoiles;etoile_1;2;etoile
2006-11-17;2004-2011 : 50 boules / 9 etoiles;etoile_2;6;etoile
2006-11-24;2004-2011 : 50 boules / 9 etoiles;boule_2;5;boule
2006-11-24;2004-2011 : 50 boules / 9 etoiles;boule_1;8;boule
2006-11-24;2004-2011 : 50 boules / 9 etoiles;boule_5;17;boule
2006-11-24;2004-2011 : 50 boules / 9 etoiles;boule_4;25;boule
2006-11-24;2004-2011 : 50 boules / 9 etoiles;boule_3;40;boule
2006-11-24;2004-2011 : 50 boules / 9 etoiles;etoile_2;1;etoile
2006-11-24;2004-2011 : 50 boules / 9 etoiles;etoile_1;5;etoile
2006-12-01;2004-2011 : 50 boules / 9 etoiles;boule_5;4;boule
2006-12-01;2004-2011 : 50 boules / 9 etoiles;boule_3;8;boule
2006-12-01;2004-2011 : 50 boules / 9 etoiles;boule_1;16;boule
2006-12-01;2004-2011 : 50 boules / 9 etoiles;boule_2;37;boule
2006-12-01;2004-2011 : 50 boules / 9 etoiles;boule_4;41;boule
2006-12-01;2004-2011 : 50 boules / 9 etoiles;etoile_1;2;etoile
2006-12-01;2004-2011 : 50 boules / 9 etoiles;etoile_2;5;etoile
2006-12-08;2004-2011 : 50 boules / 9 etoiles;boule_4;16;boule
2006-12-08;2004-2011 : 50 boules / 9 etoiles;boule_3;17;boule
2006-12-08;2004-2011 : 50 boules / 9 etoiles;boule_5;18;boule
2006-12-08;2004-2011 : 50 boules / 9 etoiles;boule_2;36;boule
2006-12-08;2004-2011 : 50 boules / 9 etoiles;boule_1;47;boule
2006-12-08;2004-2011 : 50 boules / 9 etoiles;etoile_1;1;etoile
2006-12-08;2004-2011 : 50 boules / 9 etoiles;etoile_2;2;etoile
2006-12-15;2004-2011 : 50 boules / 9 etoiles;boule_3;9;boule
2006-12-15;2004-2011 : 50 boules / 9 etoiles;boule_5;23;boule
2006-12-15;2004-2011 : 50 boules / 9 etoiles;boule_1;35;boule
2006-12-15;2004-2011 : 50 boules / 9 etoiles;boule_2;37;boule
2006-12-15;2004-2011 : 50 boules / 9 etoiles;boule_4;42;boule
2006-12-15;2004-2011 : 50 boules / 9 etoiles;etoile_1;3;etoile
2006-12-15;2004-2011 : 50 boules / 9 etoiles;etoile_2;7;etoile
2006-12-22;2004-2011 : 50 boules / 9 etoiles;boule_4;9;boule
2006-12-22;2004-2011 : 50 boules / 9 etoiles;boule_2;11;boule
2006-12-22;2004-2011 : 50 boules / 9 etoiles;boule_1;20;boule
2006-12-22;2004-2011 : 50 boules / 9 etoiles;boule_5;38;boule
2006-12-22;2004-2011 : 50 boules / 9 etoiles;boule_3;43;boule
2006-12-22;2004-2011 : 50 boules / 9 etoiles;etoile_1;2;etoile
2006-12-22;2004-2011 : 50 boules / 9 etoiles;etoile_2;3;etoile
2006-12-29;2004-2011 : 50 boules / 9 etoiles;boule_3;6;boule
2006-12-29;2004-2011 : 50 boules / 9 etoiles;boule_2;9;boule
2006-12-29;2004-2011 : 50 boules / 9 etoiles;boule_4;13;boule
2006-12-29;2004-2011 : 50 boules / 9 etoiles;boule_1;14;boule
2006-12-29;2004-2011 : 50 boules / 9 etoiles;boule_5;35;boule
2006-12-29;2004-2011 : 50 boules / 9 etoiles;etoile_1;3;etoile
2006-12-29;2004-2011 : 50 boules / 9 etoiles;etoile_2;4;etoile
2007-01-05;2004-2011 : 50 boules / 9 etoiles;boule_1;17;boule
2007-01-05;2004-2011 : 50 boules / 9 etoiles;boule_5;19;boule
2007-01-05;2004-2011 : 50 boules / 9 etoiles;boule_4;29;boule
2007-01-05;2004-2011 : 50 boules / 9 etoiles;boule_3;36;boule
2007-01-05;2004-2011 : 50 boules / 9 etoiles;boule_2;45;boule
2007-01-05;2004-2011 : 50 boules / 9 etoiles;etoile_2;5;etoile
2007-01-05;2004-2011 : 50 boules / 9 etoiles;etoile_1;6;etoile
2007-01-12;2004-2011 : 50 boules / 9 etoiles;boule_2;8;boule
2007-01-12;2004-2011 : 50 boules / 9 etoiles;boule_5;11;boule
2007-01-12;2004-2011 : 50 boules / 9 etoiles;boule_1;14;boule
2007-01-12;2004-2011 : 50 boules / 9 etoiles;boule_4;19;boule
2007-01-12;2004-2011 : 50 boules / 9 etoiles;boule_3;25;boule
2007-01-12;2004-2011 : 50 boules / 9 etoiles;etoile_1;3;etoile
2007-01-12;2004-2011 : 50 boules / 9 etoiles;etoile_2;5;etoile
2007-01-19;2004-2011 : 50 boules / 9 etoiles;boule_2;5;boule
2007-01-19;2004-2011 : 50 boules / 9 etoiles;boule_3;13;boule
2007-01-19;2004-2011 : 50 boules / 9 etoiles;boule_1;27;boule
2007-01-19;2004-2011 : 50 boules / 9 etoiles;boule_4;33;boule
2007-01-19;2004-2011 : 50 boules / 9 etoiles;boule_5;42;boule
2007-01-19;2004-2011 : 50 boules / 9 etoiles;etoile_2;2;etoile
2007-01-19;2004-2011 : 50 boules / 9 etoiles;etoile_1;4;etoile
2007-01-26;2004-2011 : 50 boules / 9 etoiles;boule_2;11;boule
2007-01-26;2004-2011 : 50 boules / 9 etoiles;boule_4;15;boule
2007-01-26;2004-2011 : 50 boules / 9 etoiles;boule_3;23;boule
2007-01-26;2004-2011 : 50 boules / 9 etoiles;boule_5;30;boule
2007-01-26;2004-2011 : 50 boules / 9 etoiles;boule_1;38;boule
2007-01-26;2004-2011 : 50 boules / 9 etoiles;etoile_1;4;etoile
2007-01-26;2004-2011 : 50 boules / 9 etoiles;etoile_2;9;etoile
2007-02-02;2004-2011 : 50 boules / 9 etoiles;boule_2;14;boule
2007-02-02;2004-2011 : 50 boules / 9 etoiles;boule_4;23;boule
2007-02-02;2004-2011 : 50 boules / 9 etoiles;boule_3;27;boule
2007-02-02;2004-2011 : 50 boules / 9 etoiles;boule_5;30;boule
2007-02-02;2004-2011 : 50 boules / 9 etoiles;boule_1;36;boule
2007-02-02;2004-2011 : 50 boules / 9 etoiles;etoile_1;1;etoile
2007-02-02;2004-2011 : 50 boules / 9 etoiles;etoile_2;6;etoile
2007-02-09;2004-2011 : 50 boules / 9 etoiles;boule_5;14;boule
2007-02-09;2004-2011 : 50 boules / 9 etoiles;boule_2;16;boule
2007-02-09;2004-2011 : 50 boules / 9 etoiles;boule_4;30;boule
2007-02-09;2004-2011 : 50 boules / 9 etoiles;boule_1;36;boule
2007-02-09;2004-2011 : 50 boules / 9 etoiles;boule_3;46;boule
2007-02-09;2004-2011 : 50 boules / 9 etoiles;etoile_2;2;etoile
2007-02-09;2004-2011 : 50 boules / 9 etoiles;etoile_1;8;etoile
2007-02-16;2004-2011 : 50 boules / 9 etoiles;boule_5;8;boule
2007-02-16;2004-2011 : 50 boules / 9 etoiles;boule_1;19;boule
2007-02-16;2004-2011 : 50 boules / 9 etoiles;boule_3;20;boule
2007-02-16;2004-2011 : 50 boules / 9 etoiles;boule_2;39;boule
2007-02-16;2004-2011 : 50 boules / 9 etoiles;boule_4;50;boule
2007-02-16;2004-2011 : 50 boules / 9 etoiles;etoile_1;6;etoile
2007-02-16;2004-2011 : 50 boules / 9 etoiles;etoile_2;9;etoile
2007-02-23;2004-2011 : 50 boules / 9 etoiles;boule_2;2;boule
2007-02-23;2004-2011 : 50 boules / 9 etoiles;boule_5;15;boule
2007-02-23;2004-2011 : 50 boules / 9 etoiles;boule_4;18;boule
2007-02-23;2004-2011 : 50 boules / 9 etoiles;boule_1;20;boule
2007-02-23;2004-2011 : 50 boules / 9 etoiles;boule_3;22;boule
2007-02-23;2004-2011 : 50 boules / 9 etoiles;etoile_2;2;etoile
2007-02-23;2004-2011 : 50 boules / 9 etoiles;etoile_1;5;etoile
2007-03-02;2004-2011 : 50 boules / 9 etoiles;boule_1;3;boule
2007-03-02;2004-2011 : 50 boules / 9 etoiles;boule_2;16;boule
2007-03-02;2004-2011 : 50 boules / 9 etoiles;boule_4;34;boule
2007-03-02;2004-2011 : 50 boules / 9 etoiles;boule_5;38;boule
2007-03-02;2004-2011 : 50 boules / 9 etoiles;boule_3;48;boule
2007-03-02;2004-2011 : 50 boules / 9 etoiles;etoile_2;5;etoile
2007-03-02;2004-2011 : 50 boules / 9 etoiles;etoile_1;8;etoile
2007-03-09;2004-2011 : 50 boules / 9 etoiles;boule_4;2;boule
2007-03-09;2004-2011 : 50 boules / 9 etoiles;boule_3;3;boule
2007-03-09;2004-2011 : 50 boules / 9 etoiles;boule_2;25;boule
2007-03-09;2004-2011 : 50 boules / 9 etoiles;boule_1;43;boule
2007-03-09;2004-2011 : 50 boules / 9 etoiles;boule_5;48;boule
2007-03-09;2004-2011 : 50 boules / 9 etoiles;etoile_2;6;etoile
2007-03-09;2004-2011 : 50 boules / 9 etoiles;etoile_1;9;etoile
2007-03-16;2004-2011 : 50 boules / 9 etoiles;boule_2;4;boule
2007-03-16;2004-2011 : 50 boules / 9 etoiles;boule_5;14;boule
2007-03-16;2004-2011 : 50 boules / 9 etoiles;boule_3;31;boule
2007-03-16;2004-2011 : 50 boules / 9 etoiles;boule_1;45;boule
2007-03-16;2004-2011 : 50 boules / 9 etoiles;boule_4;49;boule
2007-03-16;2004-2011 : 50 boules / 9 etoiles;etoile_2;4;etoile
2007-03-16;2004-2011 : 50 boules / 9 etoiles;etoile_1;9;etoile
2007-03-23;2004-2011 : 50 boules / 9 etoiles;boule_3;5;boule
2007-03-23;2004-2011 : 50 boules / 9 etoiles;boule_5;13;boule
2007-03-23;2004-2011 : 50 boules / 9 etoiles;boule_2;17;boule
2007-03-23;2004-2011 : 50 boules / 9 etoiles;boule_4;40;boule
2007-03-23;2004-2011 : 50 boules / 9 etoiles;boule_1;43;boule
2007-03-23;2004-2011 : 50 boules / 9 etoiles;etoile_2;1;etoile
2007-03-23;2004-2011 : 50 boules / 9 etoiles;etoile_1;3;etoile
2007-03-30;2004-2011 : 50 boules / 9 etoiles;boule_2;9;boule
2007-03-30;2004-2011 : 50 boules / 9 etoiles;boule_4;17;boule
2007-03-30;2004-2011 : 50 boules / 9 etoiles;boule_1;19;boule
2007-03-30;2004-2011 : 50 boules / 9 etoiles;boule_5;41;boule
2007-03-30;2004-2011 : 50 boules / 9 etoiles;boule_3;46;boule
2007-03-30;2004-2011 : 50 boules / 9 etoiles;etoile_1;1;etoile
2007-03-30;2004-2011 : 50 boules / 9 etoiles;etoile_2;8;etoile
2007-04-06;2004-2011 : 50 boules / 9 etoiles;boule_5;15;boule
2007-04-06;2004-2011 : 50 boules / 9 etoiles;boule_4;23;boule
2007-04-06;2004-2011 : 50 boules / 9 etoiles;boule_3;29;boule
2007-04-06;2004-2011 : 50 boules / 9 etoiles;boule_1;41;boule
2007-04-06;2004-2011 : 50 boules / 9 etoiles;boule_2;48;boule
2007-04-06;2004-2011 : 50 boules / 9 etoiles;etoile_2;3;etoile
2007-04-06;2004-2011 : 50 boules / 9 etoiles;etoile_1;6;etoile
2007-04-13;2004-2011 : 50 boules / 9 etoiles;boule_4;7;boule
2007-04-13;2004-2011 : 50 boules / 9 etoiles;boule_1;20;boule
2007-04-13;2004-2011 : 50 boules / 9 etoiles;boule_5;25;boule
2007-04-13;2004-2011 : 50 boules / 9 etoiles;boule_3;38;boule
2007-04-13;2004-2011 : 50 boules / 9 etoiles;boule_2;41;boule
2007-04-13;2004-2011 : 50 boules / 9 etoiles;etoile_1;3;etoile
2007-04-13;2004-2011 : 50 boules / 9 etoiles;etoile_2;7;etoile
2007-04-20;2004-2011 : 50 boules / 9 etoiles;boule_5;23;boule
2007-04-20;2004-2011 : 50 boules / 9 etoiles;boule_2;26;boule
2007-04-20;2004-2011 : 50 boules / 9 etoiles;boule_3;32;boule
2007-04-20;2004-2011 : 50 boules / 9 etoiles;boule_1;41;boule
2007-04-20;2004-2011 : 50 boules / 9 etoiles;boule_4;45;boule
2007-04-20;2004-2011 : 50 boules / 9 etoiles;etoile_1;3;etoile
2007-04-20;2004-2011 : 50 boules / 9 etoiles;etoile_2;7;etoile
2007-04-27;2004-2011 : 50 boules / 9 etoiles;boule_3;7;boule
2007-04-27;2004-2011 : 50 boules / 9 etoiles;boule_2;18;boule
2007-04-27;2004-2011 : 50 boules / 9 etoiles;boule_5;27;boule
2007-04-27;2004-2011 : 50 boules / 9 etoiles;boule_4;36;boule
2007-04-27;2004-2011 : 50 boules / 9 etoiles;boule_1;44;boule
2007-04-27;2004-2011 : 50 boules / 9 etoiles;etoile_1;1;etoile
2007-04-27;2004-2011 : 50 boules / 9 etoiles;etoile_2;2;etoile
2007-05-04;2004-2011 : 50 boules / 9 etoiles;boule_4;6;boule
2007-05-04;2004-2011 : 50 boules / 9 etoiles;boule_1;17;boule
2007-05-04;2004-2011 : 50 boules / 9 etoiles;boule_3;35;boule
2007-05-04;2004-2011 : 50 boules / 9 etoiles;boule_2;41;boule
2007-05-04;2004-2011 : 50 boules / 9 etoiles;boule_5;45;boule
2007-05-04;2004-2011 : 50 boules / 9 etoiles;etoile_1;1;etoile
2007-05-04;2004-2011 : 50 boules / 9 etoiles;etoile_2;5;etoile
2007-05-11;2004-2011 : 50 boules / 9 etoiles;boule_4;7;boule
2007-05-11;2004-2011 : 50 boules / 9 etoiles;boule_1;12;boule
2007-05-11;2004-2011 : 50 boules / 9 etoiles;boule_2;26;boule
2007-05-11;2004-2011 : 50 boules / 9 etoiles;boule_5;29;boule
2007-05-11;2004-2011 : 50 boules / 9 etoiles;boule_3;49;boule
2007-05-11;2004-2011 : 50 boules / 9 etoiles;etoile_2;2;etoile
2007-05-11;2004-2011 : 50 boules / 9 etoiles;etoile_1;6;etoile
2007-05-18;2004-2011 : 50 boules / 9 etoiles;boule_4;26;boule
2007-05-18;2004-2011 : 50 boules / 9 etoiles;boule_3;34;boule
2007-05-18;2004-2011 : 50 boules / 9 etoiles;boule_2;37;boule
2007-05-18;2004-2011 : 50 boules / 9 etoiles;boule_5;39;boule
2007-05-18;2004-2011 : 50 boules / 9 etoiles;boule_1;49;boule
2007-05-18;2004-2011 : 50 boules / 9 etoiles;etoile_1;2;etoile
2007-05-18;2004-2011 : 50 boules / 9 etoiles;etoile_2;6;etoile
2007-05-25;2004-2011 : 50 boules / 9 etoiles;boule_5;25;boule
2007-05-25;2004-2011 : 50 boules / 9 etoiles;boule_2;26;boule
2007-05-25;2004-2011 : 50 boules / 9 etoiles;boule_4;29;boule
2007-05-25;2004-2011 : 50 boules / 9 etoiles;boule_1;49;boule
2007-05-25;2004-2011 : 50 boules / 9 etoiles;boule_3;50;boule
2007-05-25;2004-2011 : 50 boules / 9 etoiles;etoile_2;7;etoile
2007-05-25;2004-2011 : 50 boules / 9 etoiles;etoile_1;8;etoile
2007-06-01;2004-2011 : 50 boules / 9 etoiles;boule_5;6;boule
2007-06-01;2004-2011 : 50 boules / 9 etoiles;boule_1;22;boule
2007-06-01;2004-2011 : 50 boules / 9 etoiles;boule_4;37;boule
2007-06-01;2004-2011 : 50 boules / 9 etoiles;boule_2;41;boule
2007-06-01;2004-2011 : 50 boules / 9 etoiles;boule_3;42;boule
2007-06-01;2004-2011 : 50 boules / 9 etoiles;etoile_1;6;etoile
2007-06-01;2004-2011 : 50 boules / 9 etoiles;etoile_2;9;etoile
2007-06-08;2004-2011 : 50 boules / 9 etoiles;boule_5;1;boule
2007-06-08;2004-2011 : 50 boules / 9 etoiles;boule_1;15;boule
2007-06-08;2004-2011 : 50 boules / 9 etoiles;boule_2;17;boule
2007-06-08;2004-2011 : 50 boules / 9 etoiles;boule_3;25;boule
2007-06-08;2004-2011 : 50 boules / 9 etoiles;boule_4;45;boule
2007-06-08;2004-2011 : 50 boules / 9 etoiles;etoile_2;2;etoile
2007-06-08;2004-2011 : 50 boules / 9 etoiles;etoile_1;8;etoile
2007-06-15;2004-2011 : 50 boules / 9 etoiles;boule_1;5;boule
2007-06-15;2004-2011 : 50 boules / 9 etoiles;boule_4;7;boule
2007-06-15;2004-2011 : 50 boules / 9 etoiles;boule_2;14;boule
2007-06-15;2004-2011 : 50 boules / 9 etoiles;boule_5;21;boule
2007-06-15;2004-2011 : 50 boules / 9 etoiles;boule_3;40;boule
2007-06-15;2004-2011 : 50 boules / 9 etoiles;etoile_1;3;etoile
2007-06-15;2004-2011 : 50 boules / 9 etoiles;etoile_2;8;etoile
2007-06-22;2004-2011 : 50 boules / 9 etoiles;boule_4;11;boule
2007-06-22;2004-2011 : 50 boules / 9 etoiles;boule_3;16;boule
2007-06-22;2004-2011 : 50 boules / 9 etoiles;boule_2;17;boule
2007-06-22;2004-2011 : 50 boules / 9 etoiles;boule_1;22;boule
2007-06-22;2004-2011 : 50 boules / 9 etoiles;boule_5;34;boule
2007-06-22;2004-2011 : 50 boules / 9 etoiles;etoile_1;5;etoile
2007-06-22;2004-2011 : 50 boules / 9 etoiles;etoile_2;6;etoile
2007-06-29;2004-2011 : 50 boules / 9 etoiles;boule_2;8;boule
2007-06-29;2004-2011 : 50 boules / 9 etoiles;boule_5;12;boule
2007-06-29;2004-2011 : 50 boules / 9 etoiles;boule_1;28;boule
2007-06-29;2004-2011 : 50 boules / 9 etoiles;boule_3;33;boule
2007-06-29;2004-2011 : 50 boules / 9 etoiles;boule_4;45;boule
2007-06-29;2004-2011 : 50 boules / 9 etoiles;etoile_1;1;etoile
2007-06-29;2004-2011 : 50 boules / 9 etoiles;etoile_2;3;etoile
2007-07-06;2004-2011 : 50 boules / 9 etoiles;boule_3;4;boule
2007-07-06;2004-2011 : 50 boules / 9 etoiles;boule_5;5;boule
2007-07-06;2004-2011 : 50 boules / 9 etoiles;boule_4;19;boule
2007-07-06;2004-2011 : 50 boules / 9 etoiles;boule_1;39;boule
2007-07-06;2004-2011 : 50 boules / 9 etoiles;boule_2;41;boule
2007-07-06;2004-2011 : 50 boules / 9 etoiles;etoile_2;8;etoile
2007-07-06;2004-2011 : 50 boules / 9 etoiles;etoile_1;9;etoile
2007-07-13;2004-2011 : 50 boules / 9 etoiles;boule_2;9;boule
2007-07-13;2004-2011 : 50 boules / 9 etoiles;boule_1;13;boule
2007-07-13;2004-2011 : 50 boules / 9 etoiles;boule_4;15;boule
2007-07-13;2004-2011 : 50 boules / 9 etoiles;boule_3;31;boule
2007-07-13;2004-2011 : 50 boules / 9 etoiles;boule_5;48;boule
2007-07-13;2004-2011 : 50 boules / 9 etoiles;etoile_2;3;etoile
2007-07-13;2004-2011 : 50 boules / 9 etoiles;etoile_1;6;etoile
2007-07-20;2004-2011 : 50 boules / 9 etoiles;boule_3;10;boule
2007-07-20;2004-2011 : 50 boules / 9 etoiles;boule_4;21;boule
2007-07-20;2004-2011 : 50 boules / 9 etoiles;boule_5;25;boule
2007-07-20;2004-2011 : 50 boules / 9 etoiles;boule_2;26;boule
2007-07-20;2004-2011 : 50 boules / 9 etoiles;boule_1;50;boule
2007-07-20;2004-2011 : 50 boules / 9 etoiles;etoile_2;4;etoile
2007-07-20;2004-2011 : 50 boules / 9 etoiles;etoile_1;9;etoile
2007-07-27;2004-2011 : 50 boules / 9 etoiles;boule_4;1;boule
2007-07-27;2004-2011 : 50 boules / 9 etoiles;boule_1;4;boule
2007-07-27;2004-2011 : 50 boules / 9 etoiles;boule_3;21;boule
2007-07-27;2004-2011 : 50 boules / 9 etoiles;boule_2;29;boule
2007-07-27;2004-2011 : 50 boules / 9 etoiles;boule_5;41;boule
2007-07-27;2004-2011 : 50 boules / 9 etoiles;etoile_2;7;etoile
2007-07-27;2004-2011 : 50 boules / 9 etoiles;etoile_1;8;etoile
2007-08-03;2004-2011 : 50 boules / 9 etoiles;boule_5;10;boule
2007-08-03;2004-2011 : 50 boules / 9 etoiles;boule_4;30;boule
2007-08-03;2004-2011 : 50 boules / 9 etoiles;boule_2;33;boule
2007-08-03;2004-2011 : 50 boules / 9 etoiles;boule_3;37;boule
2007-08-03;2004-2011 : 50 boules / 9 etoiles;boule_1;41;boule
2007-08-03;2004-2011 : 50 boules / 9 etoiles;etoile_1;1;etoile
2007-08-03;2004-2011 : 50 boules / 9 etoiles;etoile_2;8;etoile
2007-08-10;2004-2011 : 50 boules / 9 etoiles;boule_5;23;boule
2007-08-10;2004-2011 : 50 boules / 9 etoiles;boule_1;40;boule
2007-08-10;2004-2011 : 50 boules / 9 etoiles;boule_4;42;boule
2007-08-10;2004-2011 : 50 boules / 9 etoiles;boule_2;43;boule
2007-08-10;2004-2011 : 50 boules / 9 etoiles;boule_3;49;boule
2007-08-10;2004-2011 : 50 boules / 9 etoiles;etoile_2;2;etoile
2007-08-10;2004-2011 : 50 boules / 9 etoiles;etoile_1;6;etoile
2007-08-17;2004-2011 : 50 boules / 9 etoiles;boule_1;2;boule
2007-08-17;2004-2011 : 50 boules / 9 etoiles;boule_4;3;boule
2007-08-17;2004-2011 : 50 boules / 9 etoiles;boule_2;13;boule
2007-08-17;2004-2011 : 50 boules / 9 etoiles;boule_5;38;boule
2007-08-17;2004-2011 : 50 boules / 9 etoiles;boule_3;42;boule
2007-08-17;2004-2011 : 50 boules / 9 etoiles;etoile_1;7;etoile
2007-08-17;2004-2011 : 50 boules / 9 etoiles;etoile_2;8;etoile
2007-08-24;2004-2011 : 50 boules / 9 etoiles;boule_4;1;boule
2007-08-24;2004-2011 : 50 boules / 9 etoiles;boule_2;3;boule
2007-08-24;2004-2011 : 50 boules / 9 etoiles;boule_1;16;boule
2007-08-24;2004-2011 : 50 boules / 9 etoiles;boule_3;42;boule
2007-08-24;2004-2011 : 50 boules / 9 etoiles;boule_5;48;boule
2007-08-24;2004-2011 : 50 boules / 9 etoiles;etoile_1;2;etoile
2007-08-24;2004-2011 : 50 boules / 9 etoiles;etoile_2;3;etoile
2007-08-31;2004-2011 : 50 boules / 9 etoiles;boule_5;6;boule
2007-08-31;2004-2011 : 50 boules / 9 etoiles;boule_4;18;boule
2007-08-31;2004-2011 : 50 boules / 9 etoiles;boule_1;22;boule
2007-08-31;2004-2011 : 50 boules / 9 etoiles;boule_3;23;boule
2007-08-31;2004-2011 : 50 boules / 9 etoiles;boule_2;37;boule
2007-08-31;2004-2011 : 50 boules / 9 etoiles;etoile_2;5;etoile
2007-08-31;2004-2011 : 50 boules / 9 etoiles;etoile_1;6;etoile
2007-09-07;2004-2011 : 50 boules / 9 etoiles;boule_4;2;boule
2007-09-07;2004-2011 : 50 boules / 9 etoiles;boule_2;3;boule
2007-09-07;2004-2011 : 50 boules / 9 etoiles;boule_5;33;boule
2007-09-07;2004-2011 : 50 boules / 9 etoiles;boule_3;34;boule
2007-09-07;2004-2011 : 50 boules / 9 etoiles;boule_1;42;boule
2007-09-07;2004-2011 : 50 boules / 9 etoiles;etoile_2;3;etoile
2007-09-07;2004-2011 : 50 boules / 9 etoiles;etoile_1;5;etoile
2007-09-14;2004-2011 : 50 boules / 9 etoiles;boule_3;5;boule
2007-09-14;2004-2011 : 50 boules / 9 etoiles;boule_4;9;boule
2007-09-14;2004-2011 : 50 boules / 9 etoiles;boule_5;11;boule
2007-09-14;2004-2011 : 50 boules / 9 etoiles;boule_2;29;boule
2007-09-14;2004-2011 : 50 boules / 9 etoiles;boule_1;33;boule
2007-09-14;2004-2011 : 50 boules / 9 etoiles;etoile_1;7;etoile
2007-09-14;2004-2011 : 50 boules / 9 etoiles;etoile_2;9;etoile
2007-09-21;2004-2011 : 50 boules / 9 etoiles;boule_4;1;boule
2007-09-21;2004-2011 : 50 boules / 9 etoiles;boule_3;17;boule
2007-09-21;2004-2011 : 50 boules / 9 etoiles;boule_5;32;boule
2007-09-21;2004-2011 : 50 boules / 9 etoiles;boule_1;35;boule
2007-09-21;2004-2011 : 50 boules / 9 etoiles;boule_2;37;boule
2007-09-21;2004-2011 : 50 boules / 9 etoiles;etoile_2;1;etoile
2007-09-21;2004-2011 : 50 boules / 9 etoiles;etoile_1;8;etoile
2007-09-28;2004-2011 : 50 boules / 9 etoiles;boule_1;22;boule
2007-09-28;2004-2011 : 50 boules / 9 etoiles;boule_4;30;boule
2007-09-28;2004-2011 : 50 boules / 9 etoiles;boule_2;34;boule
2007-09-28;2004-2011 : 50 boules / 9 etoiles;boule_5;35;boule
2007-09-28;2004-2011 : 50 boules / 9 etoiles;boule_3;44;boule
2007-09-28;2004-2011 : 50 boules / 9 etoiles;etoile_1;4;etoile
2007-09-28;2004-2011 : 50 boules / 9 etoiles;etoile_2;5;etoile
2007-10-05;2004-2011 : 50 boules / 9 etoiles;boule_5;11;boule
2007-10-05;2004-2011 : 50 boules / 9 etoiles;boule_1;20;boule
2007-10-05;2004-2011 : 50 boules / 9 etoiles;boule_2;27;boule
2007-10-05;2004-2011 : 50 boules / 9 etoiles;boule_3;35;boule
2007-10-05;2004-2011 : 50 boules / 9 etoiles;boule_4;44;boule
2007-10-05;2004-2011 : 50 boules / 9 etoiles;etoile_2;2;etoile
2007-10-05;2004-2011 : 50 boules / 9 etoiles;etoile_1;5;etoile
2007-10-12;2004-2011 : 50 boules / 9 etoiles;boule_3;21;boule
2007-10-12;2004-2011 : 50 boules / 9 etoiles;boule_4;32;boule
2007-10-12;2004-2011 : 50 boules / 9 etoiles;boule_1;36;boule
2007-10-12;2004-2011 : 50 boules / 9 etoiles;boule_5;46;boule
2007-10-12;2004-2011 : 50 boules / 9 etoiles;boule_2;47;boule
2007-10-12;2004-2011 : 50 boules / 9 etoiles;etoile_1;3;etoile
2007-10-12;2004-2011 : 50 boules / 9 etoiles;etoile_2;4;etoile
2007-10-19;2004-2011 : 50 boules / 9 etoiles;boule_1;7;boule
2007-10-19;2004-2011 : 50 boules / 9 etoiles;boule_2;18;boule
2007-10-19;2004-2011 : 50 boules / 9 etoiles;boule_3;34;boule
2007-10-19;2004-2011 : 50 boules / 9 etoiles;boule_4;35;boule
2007-10-19;2004-2011 : 50 boules / 9 etoiles;boule_5;40;boule
2007-10-19;2004-2011 : 50 boules / 9 etoiles;etoile_1;7;etoile
2007-10-19;2004-2011 : 50 boules / 9 etoiles;etoile_2;8;etoile
2007-10-26;2004-2011 : 50 boules / 9 etoiles;boule_2;7;boule
2007-10-26;2004-2011 : 50 boules / 9 etoiles;boule_1;20;boule
2007-10-26;2004-2011 : 50 boules / 9 etoiles;boule_3;38;boule
2007-10-26;2004-2011 : 50 boules / 9 etoiles;boule_4;40;boule
2007-10-26;2004-2011 : 50 boules / 9 etoiles;boule_5;43;boule
2007-10-26;2004-2011 : 50 boules / 9 etoiles;etoile_2;1;etoile
2007-10-26;2004-2011 : 50 boules / 9 etoiles;etoile_1;8;etoile
2007-11-02;2004-2011 : 50 boules / 9 etoiles;boule_3;3;boule
2007-11-02;2004-2011 : 50 boules / 9 etoiles;boule_2;16;boule
2007-11-02;2004-2011 : 50 boules / 9 etoiles;boule_5;18;boule
2007-11-02;2004-2011 : 50 boules / 9 etoiles;boule_4;19;boule
2007-11-02;2004-2011 : 50 boules / 9 etoiles;boule_1;40;boule
2007-11-02;2004-2011 : 50 boules / 9 etoiles;etoile_2;1;etoile
2007-11-02;2004-2011 : 50 boules / 9 etoiles;etoile_1;2;etoile
2007-11-09;2004-2011 : 50 boules / 9 etoiles;boule_4;5;boule
2007-11-09;2004-2011 : 50 boules / 9 etoiles;boule_1;14;boule
2007-11-09;2004-2011 : 50 boules / 9 etoiles;boule_5;22;boule
2007-11-09;2004-2011 : 50 boules / 9 etoiles;boule_2;25;boule
2007-11-09;2004-2011 : 50 boules / 9 etoiles;boule_3;36;boule
2007-11-09;2004-2011 : 50 boules / 9 etoiles;etoile_2;5;etoile
2007-11-09;2004-2011 : 50 boules / 9 etoiles;etoile_1;6;etoile
2007-11-16;2004-2011 : 50 boules / 9 etoiles;boule_5;9;boule
2007-11-16;2004-2011 : 50 boules / 9 etoiles;boule_2;18;boule
2007-11-16;2004-2011 : 50 boules / 9 etoiles;boule_1;23;boule
2007-11-16;2004-2011 : 50 boules / 9 etoiles;boule_3;33;boule
2007-11-16;2004-2011 : 50 boules / 9 etoiles;boule_4;37;boule
2007-11-16;2004-2011 : 50 boules / 9 etoiles;etoile_1;1;etoile
2007-11-16;2004-2011 : 50 boules / 9 etoiles;etoile_2;8;etoile
2007-11-23;2004-2011 : 50 boules / 9 etoiles;boule_2;2;boule
2007-11-23;2004-2011 : 50 boules / 9 etoiles;boule_5;10;boule
2007-11-23;2004-2011 : 50 boules / 9 etoiles;boule_1;22;boule
2007-11-23;2004-2011 : 50 boules / 9 etoiles;boule_4;29;boule
2007-11-23;2004-2011 : 50 boules / 9 etoiles;boule_3;48;boule
2007-11-23;2004-2011 : 50 boules / 9 etoiles;etoile_2;3;etoile
2007-11-23;2004-2011 : 50 boules / 9 etoiles;etoile_1;9;etoile
2007-11-30;2004-2011 : 50 boules / 9 etoiles;boule_3;12;boule
2007-11-30;2004-2011 : 50 boules / 9 etoiles;boule_4;19;boule
2007-11-30;2004-2011 : 50 boules / 9 etoiles;boule_2;20;boule
2007-11-30;2004-2011 : 50 boules / 9 etoiles;boule_5;30;boule
2007-11-30;2004-2011 : 50 boules / 9 etoiles;boule_1;38;boule
2007-11-30;2004-2011 : 50 boules / 9 etoiles;etoile_2;7;etoile
2007-11-30;2004-2011 : 50 boules / 9 etoiles;etoile_1;9;etoile
2007-12-07;2004-2011 : 50 boules / 9 etoiles;boule_4;2;boule
2007-12-07;2004-2011 : 50 boules / 9 etoiles;boule_3;4;boule
2007-12-07;2004-2011 : 50 boules / 9 etoiles;boule_5;32;boule
2007-12-07;2004-2011 : 50 boules / 9 etoiles;boule_2;43;boule
2007-12-07;2004-2011 : 50 boules / 9 etoiles;boule_1;48;boule
2007-12-07;2004-2011 : 50 boules / 9 etoiles;etoile_1;1;etoile
2007-12-07;2004-2011 : 50 boules / 9 etoiles;etoile_2;7;etoile
2007-12-14;2004-2011 : 50 boules / 9 etoiles;boule_1;8;boule
2007-12-14;2004-2011 : 50 boules / 9 etoiles;boule_4;25;boule
2007-12-14;2004-2011 : 50 boules / 9 etoiles;boule_2;30;boule
2007-12-14;2004-2011 : 50 boules / 9 etoiles;boule_3;36;boule
2007-12-14;2004-2011 : 50 boules / 9 etoiles;boule_5;44;boule
2007-12-14;2004-2011 : 50 boules / 9 etoiles;etoile_2;3;etoile
2007-12-14;2004-2011 : 50 boules / 9 etoiles;etoile_1;4;etoile
2007-12-21;2004-2011 : 50 boules / 9 etoiles;boule_2;7;boule
2007-12-21;2004-2011 : 50 boules / 9 etoiles;boule_5;9;boule
2007-12-21;2004-2011 : 50 boules / 9 etoiles;boule_4;28;boule
2007-12-21;2004-2011 : 50 boules / 9 etoiles;boule_1;37;boule
2007-12-21;2004-2011 : 50 boules / 9 etoiles;boule_3;44;boule
2007-12-21;2004-2011 : 50 boules / 9 etoiles;etoile_2;6;etoile
2007-12-21;2004-2011 : 50 boules / 9 etoiles;etoile_1;7;etoile
2007-12-28;2004-2011 : 50 boules / 9 etoiles;boule_3;20;boule
2007-12-28;2004-2011 : 50 boules / 9 etoiles;boule_5;21;boule
2007-12-28;2004-2011 : 50 boules / 9 etoiles;boule_4;22;boule
2007-12-28;2004-2011 : 50 boules / 9 etoiles;boule_2;31;boule
2007-12-28;2004-2011 : 50 boules / 9 etoiles;boule_1;45;boule
2007-12-28;2004-2011 : 50 boules / 9 etoiles;etoile_2;7;etoile
2007-12-28;2004-2011 : 50 boules / 9 etoiles;etoile_1;9;etoile
2008-01-04;2004-2011 : 50 boules / 9 etoiles;boule_3;10;boule
2008-01-04;2004-2011 : 50 boules / 9 etoiles;boule_4;12;boule
2008-01-04;2004-2011 : 50 boules / 9 etoiles;boule_2;24;boule
2008-01-04;2004-2011 : 50 boules / 9 etoiles;boule_5;25;boule
2008-01-04;2004-2011 : 50 boules / 9 etoiles;boule_1;41;boule
2008-01-04;2004-2011 : 50 boules / 9 etoiles;etoile_1;3;etoile
2008-01-04;2004-2011 : 50 boules / 9 etoiles;etoile_2;5;etoile
2008-01-11;2004-2011 : 50 boules / 9 etoiles;boule_4;8;boule
2008-01-11;2004-2011 : 50 boules / 9 etoiles;boule_1;24;boule
2008-01-11;2004-2011 : 50 boules / 9 etoiles;boule_2;36;boule
2008-01-11;2004-2011 : 50 boules / 9 etoiles;boule_5;49;boule
2008-01-11;2004-2011 : 50 boules / 9 etoiles;boule_3;50;boule
2008-01-11;2004-2011 : 50 boules / 9 etoiles;etoile_1;4;etoile
2008-01-11;2004-2011 : 50 boules / 9 etoiles;etoile_2;8;etoile
2008-01-18;2004-2011 : 50 boules / 9 etoiles;boule_4;14;boule
2008-01-18;2004-2011 : 50 boules / 9 etoiles;boule_3;16;boule
2008-01-18;2004-2011 : 50 boules / 9 etoiles;boule_5;23;boule
2008-01-18;2004-2011 : 50 boules / 9 etoiles;boule_2;40;boule
2008-01-18;2004-2011 : 50 boules / 9 etoiles;boule_1;46;boule
2008-01-18;2004-2011 : 50 boules / 9 etoiles;etoile_2;4;etoile
2008-01-18;2004-2011 : 50 boules / 9 etoiles;etoile_1;8;etoile
2008-01-25;2004-2011 : 50 boules / 9 etoiles;boule_1;2;boule
2008-01-25;2004-2011 : 50 boules / 9 etoiles;boule_5;6;boule
2008-01-25;2004-2011 : 50 boules / 9 etoiles;boule_3;9;boule
2008-01-25;2004-2011 : 50 boules / 9 etoiles;boule_2;19;boule
2008-01-25;2004-2011 : 50 boules / 9 etoiles;boule_4;45;boule
2008-01-25;2004-2011 : 50 boules / 9 etoiles;etoile_1;7;etoile
2008-01-25;2004-2011 : 50 boules / 9 etoiles;etoile_2;8;etoile
2008-02-01;2004-2011 : 50 boules / 9 etoiles;boule_5;22;boule
2008-02-01;2004-2011 : 50 boules / 9 etoiles;boule_1;30;boule
2008-02-01;2004-2011 : 50 boules / 9 etoiles;boule_3;45;boule
2008-02-01;2004-2011 : 50 boules / 9 etoiles;boule_4;47;boule
2008-02-01;2004-2011 : 50 boules / 9 etoiles;boule_2;49;boule
2008-02-01;2004-2011 : 50 boules / 9 etoiles;etoile_1;4;etoile
2008-02-01;2004-2011 : 50 boules / 9 etoiles;etoile_2;9;etoile
2008-02-08;2004-2011 : 50 boules / 9 etoiles;boule_1;17;boule
2008-02-08;2004-2011 : 50 boules / 9 etoiles;boule_3;28;boule
2008-02-08;2004-2011 : 50 boules / 9 etoiles;boule_5;30;boule
2008-02-08;2004-2011 : 50 boules / 9 etoiles;boule_2;38;boule
2008-02-08;2004-2011 : 50 boules / 9 etoiles;boule_4;44;boule
2008-02-08;2004-2011 : 50 boules / 9 etoiles;etoile_1;1;etoile
2008-02-08;2004-2011 : 50 boules / 9 etoiles;etoile_2;4;etoile
2008-02-15;2004-2011 : 50 boules / 9 etoiles;boule_3;12;boule
2008-02-15;2004-2011 : 50 boules / 9 etoiles;boule_1;27;boule
2008-02-15;2004-2011 : 50 boules / 9 etoiles;boule_4;29;boule
2008-02-15;2004-2011 : 50 boules / 9 etoiles;boule_2;45;boule
2008-02-15;2004-2011 : 50 boules / 9 etoiles;boule_5;46;boule
2008-02-15;2004-2011 : 50 boules / 9 etoiles;etoile_2;4;etoile
2008-02-15;2004-2011 : 50 boules / 9 etoiles;etoile_1;7;etoile
2008-02-22;2004-2011 : 50 boules / 9 etoiles;boule_3;4;boule
2008-02-22;2004-2011 : 50 boules / 9 etoiles;boule_4;27;boule
2008-02-22;2004-2011 : 50 boules / 9 etoiles;boule_5;32;boule
2008-02-22;2004-2011 : 50 boules / 9 etoiles;boule_1;46;boule
2008-02-22;2004-2011 : 50 boules / 9 etoiles;boule_2;50;boule
2008-02-22;2004-2011 : 50 boules / 9 etoiles;etoile_1;8;etoile
2008-02-22;2004-2011 : 50 boules / 9 etoiles;etoile_2;9;etoile
2008-02-29;2004-2011 : 50 boules / 9 etoiles;boule_5;12;boule
2008-02-29;2004-2011 : 50 boules / 9 etoiles;boule_1;37;boule
2008-02-29;2004-2011 : 50 boules / 9 etoiles;boule_4;40;boule
2008-02-29;2004-2011 : 50 boules / 9 etoiles;boule_2;47;boule
2008-02-29;2004-2011 : 50 boules / 9 etoiles;boule_3;49;boule
2008-02-29;2004-2011 : 50 boules / 9 etoiles;etoile_2;2;etoile
2008-02-29;2004-2011 : 50 boules / 9 etoiles;etoile_1;9;etoile
2008-03-07;2004-2011 : 50 boules / 9 etoiles;boule_5;2;boule
2008-03-07;2004-2011 : 50 boules / 9 etoiles;boule_3;7;boule
2008-03-07;2004-2011 : 50 boules / 9 etoiles;boule_1;14;boule
2008-03-07;2004-2011 : 50 boules / 9 etoiles;boule_2;17;boule
2008-03-07;2004-2011 : 50 boules / 9 etoiles;boule_4;35;boule
2008-03-07;2004-2011 : 50 boules / 9 etoiles;etoile_2;1;etoile
2008-03-07;2004-2011 : 50 boules / 9 etoiles;etoile_1;6;etoile
2008-03-14;2004-2011 : 50 boules / 9 etoiles;boule_1;13;boule
2008-03-14;2004-2011 : 50 boules / 9 etoiles;boule_4;21;boule
2008-03-14;2004-2011 : 50 boules / 9 etoiles;boule_5;25;boule
2008-03-14;2004-2011 : 50 boules / 9 etoiles;boule_3;35;boule
2008-03-14;2004-2011 : 50 boules / 9 etoiles;boule_2;48;boule
2008-03-14;2004-2011 : 50 boules / 9 etoiles;etoile_1;4;etoile
2008-03-14;2004-2011 : 50 boules / 9 etoiles;etoile_2;8;etoile
2008-03-21;2004-2011 : 50 boules / 9 etoiles;boule_2;2;boule
2008-03-21;2004-2011 : 50 boules / 9 etoiles;boule_1;10;boule
2008-03-21;2004-2011 : 50 boules / 9 etoiles;boule_4;18;boule
2008-03-21;2004-2011 : 50 boules / 9 etoiles;boule_3;22;boule
2008-03-21;2004-2011 : 50 boules / 9 etoiles;boule_5;36;boule
2008-03-21;2004-2011 : 50 boules / 9 etoiles;etoile_2;4;etoile
2008-03-21;2004-2011 : 50 boules / 9 etoiles;etoile_1;6;etoile
2008-03-28;2004-2011 : 50 boules / 9 etoiles;boule_4;5;boule
2008-03-28;2004-2011 : 50 boules / 9 etoiles;boule_2;9;boule
2008-03-28;2004-2011 : 50 boules / 9 etoiles;boule_5;17;boule
2008-03-28;2004-2011 : 50 boules / 9 etoiles;boule_3;29;boule
2008-03-28;2004-2011 : 50 boules / 9 etoiles;boule_1;39;boule
2008-03-28;2004-2011 : 50 boules / 9 etoiles;etoile_1;3;etoile
2008-03-28;2004-2011 : 50 boules / 9 etoiles;etoile_2;6;etoile
2008-04-04;2004-2011 : 50 boules / 9 etoiles;boule_5;11;boule
2008-04-04;2004-2011 : 50 boules / 9 etoiles;boule_4;13;boule
2008-04-04;2004-2011 : 50 boules / 9 etoiles;boule_1;18;boule
2008-04-04;2004-2011 : 50 boules / 9 etoiles;boule_2;37;boule
2008-04-04;2004-2011 : 50 boules / 9 etoiles;boule_3;47;boule
2008-04-04;2004-2011 : 50 boules / 9 etoiles;etoile_2;1;etoile
2008-04-04;2004-2011 : 50 boules / 9 etoiles;etoile_1;6;etoile
2008-04-11;2004-2011 : 50 boules / 9 etoiles;boule_5;6;boule
2008-04-11;2004-2011 : 50 boules / 9 etoiles;boule_3;25;boule
2008-04-11;2004-2011 : 50 boules / 9 etoiles;boule_2;30;boule
2008-04-11;2004-2011 : 50 boules / 9 etoiles;boule_4;45;boule
2008-04-11;2004-2011 : 50 boules / 9 etoiles;boule_1;50;boule
2008-04-11;2004-2011 : 50 boules / 9 etoiles;etoile_1;5;etoile
2008-04-11;2004-2011 : 50 boules / 9 etoiles;etoile_2;7;etoile
2008-04-18;2004-2011 : 50 boules / 9 etoiles;boule_5;3;boule
2008-04-18;2004-2011 : 50 boules / 9 etoiles;boule_2;6;boule
2008-04-18;2004-2011 : 50 boules / 9 etoiles;boule_3;7;boule
2008-04-18;2004-2011 : 50 boules / 9 etoiles;boule_1;27;boule
2008-04-18;2004-2011 : 50 boules / 9 etoiles;boule_4;50;boule
2008-04-18;2004-2011 : 50 boules / 9 etoiles;etoile_1;5;etoile
2008-04-18;2004-2011 : 50 boules / 9 etoiles;etoile_2;9;etoile
2008-04-25;2004-2011 : 50 boules / 9 etoiles;boule_1;4;boule
2008-04-25;2004-2011 : 50 boules / 9 etoiles;boule_4;19;boule
2008-04-25;2004-2011 : 50 boules / 9 etoiles;boule_3;26;boule
2008-04-25;2004-2011 : 50 boules / 9 etoiles;boule_5;27;boule
2008-04-25;2004-2011 : 50 boules / 9 etoiles;boule_2;30;boule
2008-04-25;2004-2011 : 50 boules / 9 etoiles;etoile_2;3;etoile
2008-04-25;2004-2011 : 50 boules / 9 etoiles;etoile_1;8;etoile
2008-05-02;2004-2011 : 50 boules / 9 etoiles;boule_5;2;boule
2008-05-02;2004-2011 : 50 boules / 9 etoiles;boule_1;26;boule
2008-05-02;2004-2011 : 50 boules / 9 etoiles;boule_4;37;boule
2008-05-02;2004-2011 : 50 boules / 9 etoiles;boule_3;45;boule
2008-05-02;2004-2011 : 50 boules / 9 etoiles;boule_2;48;boule
2008-05-02;2004-2011 : 50 boules / 9 etoiles;etoile_2;4;etoile
2008-05-02;2004-2011 : 50 boules / 9 etoiles;etoile_1;8;etoile
2008-05-09;2004-2011 : 50 boules / 9 etoiles;boule_1;8;boule
2008-05-09;2004-2011 : 50 boules / 9 etoiles;boule_2;9;boule
2008-05-09;2004-2011 : 50 boules / 9 etoiles;boule_4;40;boule
2008-05-09;2004-2011 : 50 boules / 9 etoiles;boule_3;42;boule
2008-05-09;2004-2011 : 50 boules / 9 etoiles;boule_5;45;boule
2008-05-09;2004-2011 : 50 boules / 9 etoiles;etoile_2;6;etoile
2008-05-09;2004-2011 : 50 boules / 9 etoiles;etoile_1;7;etoile
2008-05-16;2004-2011 : 50 boules / 9 etoiles;boule_1;6;boule
2008-05-16;2004-2011 : 50 boules / 9 etoiles;boule_3;9;boule
2008-05-16;2004-2011 : 50 boules / 9 etoiles;boule_5;15;boule
2008-05-16;2004-2011 : 50 boules / 9 etoiles;boule_4;25;boule
2008-05-16;2004-2011 : 50 boules / 9 etoiles;boule_2;38;boule
2008-05-16;2004-2011 : 50 boules / 9 etoiles;etoile_1;4;etoile
2008-05-16;2004-2011 : 50 boules / 9 etoiles;etoile_2;9;etoile
2008-05-23;2004-2011 : 50 boules / 9 etoiles;boule_1;5;boule
2008-05-23;2004-2011 : 50 boules / 9 etoiles;boule_3;9;boule
2008-05-23;2004-2011 : 50 boules / 9 etoiles;boule_4;19;boule
2008-05-23;2004-2011 : 50 boules / 9 etoiles;boule_5;21;boule
2008-05-23;2004-2011 : 50 boules / 9 etoiles;boule_2;38;boule
2008-05-23;2004-2011 : 50 boules / 9 etoiles;etoile_1;1;etoile
2008-05-23;2004-2011 : 50 boules / 9 etoiles;etoile_2;7;etoile
2008-05-30;2004-2011 : 50 boules / 9 etoiles;boule_5;5;boule
2008-05-30;2004-2011 : 50 boules / 9 etoiles;boule_4;7;boule
2008-05-30;2004-2011 : 50 boules / 9 etoiles;boule_1;14;boule
2008-05-30;2004-2011 : 50 boules / 9 etoiles;boule_2;20;boule
2008-05-30;2004-2011 : 50 boules / 9 etoiles;boule_3;49;boule
2008-05-30;2004-2011 : 50 boules / 9 etoiles;etoile_2;2;etoile
2008-05-30;2004-2011 : 50 boules / 9 etoiles;etoile_1;8;etoile
2008-06-06;2004-2011 : 50 boules / 9 etoiles;boule_5;7;boule
2008-06-06;2004-2011 : 50 boules / 9 etoiles;boule_3;19;boule
2008-06-06;2004-2011 : 50 boules / 9 etoiles;boule_1;21;boule
2008-06-06;2004-2011 : 50 boules / 9 etoiles;boule_2;40;boule
2008-06-06;2004-2011 : 50 boules / 9 etoiles;boule_4;50;boule
2008-06-06;2004-2011 : 50 boules / 9 etoiles;etoile_1;2;etoile
2008-06-06;2004-2011 : 50 boules / 9 etoiles;etoile_2;9;etoile
2008-06-13;2004-2011 : 50 boules / 9 etoiles;boule_5;13;boule
2008-06-13;2004-2011 : 50 boules / 9 etoiles;boule_1;16;boule
2008-06-13;2004-2011 : 50 boules / 9 etoiles;boule_2;37;boule
2008-06-13;2004-2011 : 50 boules / 9 etoiles;boule_3;44;boule
2008-06-13;2004-2011 : 50 boules / 9 etoiles;boule_4;50;boule
2008-06-13;2004-2011 : 50 boules / 9 etoiles;etoile_2;1;etoile
2008-06-13;2004-2011 : 50 boules / 9 etoiles;etoile_1;9;etoile
2008-06-20;2004-2011 : 50 boules / 9 etoiles;boule_2;8;boule
2008-06-20;2004-2011 : 50 boules / 9 etoiles;boule_1;11;boule
2008-06-20;2004-2011 : 50 boules / 9 etoiles;boule_3;36;boule
2008-06-20;2004-2011 : 50 boules / 9 etoiles;boule_4;37;boule
2008-06-20;2004-2011 : 50 boules / 9 etoiles;boule_5;45;boule
2008-06-20;2004-2011 : 50 boules / 9 etoiles;etoile_1;3;etoile
2008-06-20;2004-2011 : 50 boules / 9 etoiles;etoile_2;5;etoile
2008-06-27;2004-2011 : 50 boules / 9 etoiles;boule_3;5;boule
2008-06-27;2004-2011 : 50 boules / 9 etoiles;boule_1;20;boule
2008-06-27;2004-2011 : 50 boules / 9 etoiles;boule_5;26;boule
2008-06-27;2004-2011 : 50 boules / 9 etoiles;boule_2;44;boule
2008-06-27;2004-2011 : 50 boules / 9 etoiles;boule_4;50;boule
2008-06-27;2004-2011 : 50 boules / 9 etoiles;etoile_1;5;etoile
2008-06-27;2004-2011 : 50 boules / 9 etoiles;etoile_2;7;etoile
2008-07-04;2004-2011 : 50 boules / 9 etoiles;boule_4;7;boule
2008-07-04;2004-2011 : 50 boules / 9 etoiles;boule_1;19;boule
2008-07-04;2004-2011 : 50 boules / 9 etoiles;boule_2;22;boule
2008-07-04;2004-2011 : 50 boules / 9 etoiles;boule_5;27;boule
2008-07-04;2004-2011 : 50 boules / 9 etoiles;boule_3;48;boule
2008-07-04;2004-2011 : 50 boules / 9 etoiles;etoile_2;5;etoile
2008-07-04;2004-2011 : 50 boules / 9 etoiles;etoile_1;7;etoile
2008-07-11;2004-2011 : 50 boules / 9 etoiles;boule_5;9;boule
2008-07-11;2004-2011 : 50 boules / 9 etoiles;boule_3;11;boule
2008-07-11;2004-2011 : 50 boules / 9 etoiles;boule_4;13;boule
2008-07-11;2004-2011 : 50 boules / 9 etoiles;boule_2;19;boule
2008-07-11;2004-2011 : 50 boules / 9 etoiles;boule_1;37;boule
2008-07-11;2004-2011 : 50 boules / 9 etoiles;etoile_1;3;etoile
2008-07-11;2004-2011 : 50 boules / 9 etoiles;etoile_2;4;etoile
2008-07-18;2004-2011 : 50 boules / 9 etoiles;boule_4;10;boule
2008-07-18;2004-2011 : 50 boules / 9 etoiles;boule_2;14;boule
2008-07-18;2004-2011 : 50 boules / 9 etoiles;boule_1;16;boule
2008-07-18;2004-2011 : 50 boules / 9 etoiles;boule_5;29;boule
2008-07-18;2004-2011 : 50 boules / 9 etoiles;boule_3;44;boule
2008-07-18;2004-2011 : 50 boules / 9 etoiles;etoile_2;5;etoile
2008-07-18;2004-2011 : 50 boules / 9 etoiles;etoile_1;6;etoile
2008-07-25;2004-2011 : 50 boules / 9 etoiles;boule_2;7;boule
2008-07-25;2004-2011 : 50 boules / 9 etoiles;boule_5;11;boule
2008-07-25;2004-2011 : 50 boules / 9 etoiles;boule_3;15;boule
2008-07-25;2004-2011 : 50 boules / 9 etoiles;boule_4;24;boule
2008-07-25;2004-2011 : 50 boules / 9 etoiles;boule_1;29;boule
2008-07-25;2004-2011 : 50 boules / 9 etoiles;etoile_2;2;etoile
2008-07-25;2004-2011 : 50 boules / 9 etoiles;etoile_1;7;etoile
2008-08-01;2004-2011 : 50 boules / 9 etoiles;boule_5;1;boule
2008-08-01;2004-2011 : 50 boules / 9 etoiles;boule_3;22;boule
2008-08-01;2004-2011 : 50 boules / 9 etoiles;boule_1;25;boule
2008-08-01;2004-2011 : 50 boules / 9 etoiles;boule_2;40;boule
2008-08-01;2004-2011 : 50 boules / 9 etoiles;boule_4;50;boule
2008-08-01;2004-2011 : 50 boules / 9 etoiles;etoile_1;1;etoile
2008-08-01;2004-2011 : 50 boules / 9 etoiles;etoile_2;8;etoile
2008-08-08;2004-2011 : 50 boules / 9 etoiles;boule_5;4;boule
2008-08-08;2004-2011 : 50 boules / 9 etoiles;boule_2;5;boule
2008-08-08;2004-2011 : 50 boules / 9 etoiles;boule_1;15;boule
2008-08-08;2004-2011 : 50 boules / 9 etoiles;boule_3;16;boule
2008-08-08;2004-2011 : 50 boules / 9 etoiles;boule_4;45;boule
2008-08-08;2004-2011 : 50 boules / 9 etoiles;etoile_2;4;etoile
2008-08-08;2004-2011 : 50 boules / 9 etoiles;etoile_1;7;etoile
2008-08-15;2004-2011 : 50 boules / 9 etoiles;boule_2;11;boule
2008-08-15;2004-2011 : 50 boules / 9 etoiles;boule_3;17;boule
2008-08-15;2004-2011 : 50 boules / 9 etoiles;boule_1;18;boule
2008-08-15;2004-2011 : 50 boules / 9 etoiles;boule_4;26;boule
2008-08-15;2004-2011 : 50 boules / 9 etoiles;boule_5;31;boule
2008-08-15;2004-2011 : 50 boules / 9 etoiles;etoile_2;5;etoile
2008-08-15;2004-2011 : 50 boules / 9 etoiles;etoile_1;6;etoile
2008-08-22;2004-2011 : 50 boules / 9 etoiles;boule_5;7;boule
2008-08-22;2004-2011 : 50 boules / 9 etoiles;boule_2;27;boule
2008-08-22;2004-2011 : 50 boules / 9 etoiles;boule_3;29;boule
2008-08-22;2004-2011 : 50 boules / 9 etoiles;boule_4;39;boule
2008-08-22;2004-2011 : 50 boules / 9 etoiles;boule_1;50;boule
2008-08-22;2004-2011 : 50 boules / 9 etoiles;etoile_2;5;etoile
2008-08-22;2004-2011 : 50 boules / 9 etoiles;etoile_1;7;etoile
2008-08-29;2004-2011 : 50 boules / 9 etoiles;boule_1;2;boule
2008-08-29;2004-2011 : 50 boules / 9 etoiles;boule_2;20;boule
2008-08-29;2004-2011 : 50 boules / 9 etoiles;boule_4;25;boule
2008-08-29;2004-2011 : 50 boules / 9 etoiles;boule_3;37;boule
2008-08-29;2004-2011 : 50 boules / 9 etoiles;boule_5;39;boule
2008-08-29;2004-2011 : 50 boules / 9 etoiles;etoile_2;5;etoile
2008-08-29;2004-2011 : 50 boules / 9 etoiles;etoile_1;8;etoile
2008-09-05;2004-2011 : 50 boules / 9 etoiles;boule_5;7;boule
2008-09-05;2004-2011 : 50 boules / 9 etoiles;boule_2;12;boule
2008-09-05;2004-2011 : 50 boules / 9 etoiles;boule_4;16;boule
2008-09-05;2004-2011 : 50 boules / 9 etoiles;boule_1;17;boule
2008-09-05;2004-2011 : 50 boules / 9 etoiles;boule_3;39;boule
2008-09-05;2004-2011 : 50 boules / 9 etoiles;etoile_1;3;etoile
2008-09-05;2004-2011 : 50 boules / 9 etoiles;etoile_2;8;etoile
2008-09-12;2004-2011 : 50 boules / 9 etoiles;boule_4;19;boule
2008-09-12;2004-2011 : 50 boules / 9 etoiles;boule_1;23;boule
2008-09-12;2004-2011 : 50 boules / 9 etoiles;boule_2;33;boule
2008-09-12;2004-2011 : 50 boules / 9 etoiles;boule_3;37;boule
2008-09-12;2004-2011 : 50 boules / 9 etoiles;boule_5;50;boule
2008-09-12;2004-2011 : 50 boules / 9 etoiles;etoile_2;3;etoile
2008-09-12;2004-2011 : 50 boules / 9 etoiles;etoile_1;7;etoile
2008-09-19;2004-2011 : 50 boules / 9 etoiles;boule_1;14;boule
2008-09-19;2004-2011 : 50 boules / 9 etoiles;boule_2;16;boule
2008-09-19;2004-2011 : 50 boules / 9 etoiles;boule_3;19;boule
2008-09-19;2004-2011 : 50 boules / 9 etoiles;boule_5;20;boule
2008-09-19;2004-2011 : 50 boules / 9 etoiles;boule_4;31;boule
2008-09-19;2004-2011 : 50 boules / 9 etoiles;etoile_2;6;etoile
2008-09-19;2004-2011 : 50 boules / 9 etoiles;etoile_1;9;etoile
2008-09-26;2004-2011 : 50 boules / 9 etoiles;boule_4;14;boule
2008-09-26;2004-2011 : 50 boules / 9 etoiles;boule_2;29;boule
2008-09-26;2004-2011 : 50 boules / 9 etoiles;boule_1;31;boule
2008-09-26;2004-2011 : 50 boules / 9 etoiles;boule_3;33;boule
2008-09-26;2004-2011 : 50 boules / 9 etoiles;boule_5;37;boule
2008-09-26;2004-2011 : 50 boules / 9 etoiles;etoile_2;1;etoile
2008-09-26;2004-2011 : 50 boules / 9 etoiles;etoile_1;2;etoile
2008-10-03;2004-2011 : 50 boules / 9 etoiles;boule_1;4;boule
2008-10-03;2004-2011 : 50 boules / 9 etoiles;boule_3;13;boule
2008-10-03;2004-2011 : 50 boules / 9 etoiles;boule_4;19;boule
2008-10-03;2004-2011 : 50 boules / 9 etoiles;boule_5;23;boule
2008-10-03;2004-2011 : 50 boules / 9 etoiles;boule_2;38;boule
2008-10-03;2004-2011 : 50 boules / 9 etoiles;etoile_1;2;etoile
2008-10-03;2004-2011 : 50 boules / 9 etoiles;etoile_2;3;etoile
2008-10-10;2004-2011 : 50 boules / 9 etoiles;boule_4;4;boule
2008-10-10;2004-2011 : 50 boules / 9 etoiles;boule_1;15;boule
2008-10-10;2004-2011 : 50 boules / 9 etoiles;boule_3;22;boule
2008-10-10;2004-2011 : 50 boules / 9 etoiles;boule_2;31;boule
2008-10-10;2004-2011 : 50 boules / 9 etoiles;boule_5;41;boule
2008-10-10;2004-2011 : 50 boules / 9 etoiles;etoile_2;1;etoile
2008-10-10;2004-2011 : 50 boules / 9 etoiles;etoile_1;6;etoile
2008-10-17;2004-2011 : 50 boules / 9 etoiles;boule_4;3;boule
2008-10-17;2004-2011 : 50 boules / 9 etoiles;boule_3;10;boule
2008-10-17;2004-2011 : 50 boules / 9 etoiles;boule_2;12;boule
2008-10-17;2004-2011 : 50 boules / 9 etoiles;boule_5;42;boule
2008-10-17;2004-2011 : 50 boules / 9 etoiles;boule_1;50;boule
2008-10-17;2004-2011 : 50 boules / 9 etoiles;etoile_1;1;etoile
2008-10-17;2004-2011 : 50 boules / 9 etoiles;etoile_2;5;etoile
2008-10-24;2004-2011 : 50 boules / 9 etoiles;boule_2;7;boule
2008-10-24;2004-2011 : 50 boules / 9 etoiles;boule_3;15;boule
2008-10-24;2004-2011 : 50 boules / 9 etoiles;boule_4;16;boule
2008-10-24;2004-2011 : 50 boules / 9 etoiles;boule_5;17;boule
2008-10-24;2004-2011 : 50 boules / 9 etoiles;boule_1;45;boule
2008-10-24;2004-2011 : 50 boules / 9 etoiles;etoile_1;6;etoile
2008-10-24;2004-2011 : 50 boules / 9 etoiles;etoile_2;9;etoile
2008-10-31;2004-2011 : 50 boules / 9 etoiles;boule_3;3;boule
2008-10-31;2004-2011 : 50 boules / 9 etoiles;boule_5;18;boule
2008-10-31;2004-2011 : 50 boules / 9 etoiles;boule_2;25;boule
2008-10-31;2004-2011 : 50 boules / 9 etoiles;boule_1;34;boule
2008-10-31;2004-2011 : 50 boules / 9 etoiles;boule_4;41;boule
2008-10-31;2004-2011 : 50 boules / 9 etoiles;etoile_2;2;etoile
2008-10-31;2004-2011 : 50 boules / 9 etoiles;etoile_1;5;etoile
2008-11-07;2004-2011 : 50 boules / 9 etoiles;boule_2;1;boule
2008-11-07;2004-2011 : 50 boules / 9 etoiles;boule_1;9;boule
2008-11-07;2004-2011 : 50 boules / 9 etoiles;boule_4;12;boule
2008-11-07;2004-2011 : 50 boules / 9 etoiles;boule_3;17;boule
2008-11-07;2004-2011 : 50 boules / 9 etoiles;boule_5;18;boule
2008-11-07;2004-2011 : 50 boules / 9 etoiles;etoile_1;3;etoile
2008-11-07;2004-2011 : 50 boules / 9 etoiles;etoile_2;4;etoile
2008-11-14;2004-2011 : 50 boules / 9 etoiles;boule_4;8;boule
2008-11-14;2004-2011 : 50 boules / 9 etoiles;boule_3;10;boule
2008-11-14;2004-2011 : 50 boules / 9 etoiles;boule_1;14;boule
2008-11-14;2004-2011 : 50 boules / 9 etoiles;boule_5;21;boule
2008-11-14;2004-2011 : 50 boules / 9 etoiles;boule_2;26;boule
2008-11-14;2004-2011 : 50 boules / 9 etoiles;etoile_2;3;etoile
2008-11-14;2004-2011 : 50 boules / 9 etoiles;etoile_1;4;etoile
2008-11-21;2004-2011 : 50 boules / 9 etoiles;boule_4;9;boule
2008-11-21;2004-2011 : 50 boules / 9 etoiles;boule_5;14;boule
2008-11-21;2004-2011 : 50 boules / 9 etoiles;boule_3;21;boule
2008-11-21;2004-2011 : 50 boules / 9 etoiles;boule_2;49;boule
2008-11-21;2004-2011 : 50 boules / 9 etoiles;boule_1;50;boule
2008-11-21;2004-2011 : 50 boules / 9 etoiles;etoile_2;3;etoile
2008-11-21;2004-2011 : 50 boules / 9 etoiles;etoile_1;8;etoile
2008-11-28;2004-2011 : 50 boules / 9 etoiles;boule_1;8;boule
2008-11-28;2004-2011 : 50 boules / 9 etoiles;boule_3;11;boule
2008-11-28;2004-2011 : 50 boules / 9 etoiles;boule_5;16;boule
2008-11-28;2004-2011 : 50 boules / 9 etoiles;boule_2;25;boule
2008-11-28;2004-2011 : 50 boules / 9 etoiles;boule_4;41;boule
2008-11-28;2004-2011 : 50 boules / 9 etoiles;etoile_2;2;etoile
2008-11-28;2004-2011 : 50 boules / 9 etoiles;etoile_1;4;etoile
2008-12-05;2004-2011 : 50 boules / 9 etoiles;boule_5;4;boule
2008-12-05;2004-2011 : 50 boules / 9 etoiles;boule_2;8;boule
2008-12-05;2004-2011 : 50 boules / 9 etoiles;boule_3;21;boule
2008-12-05;2004-2011 : 50 boules / 9 etoiles;boule_1;35;boule
2008-12-05;2004-2011 : 50 boules / 9 etoiles;boule_4;45;boule
2008-12-05;2004-2011 : 50 boules / 9 etoiles;etoile_1;5;etoile
2008-12-05;2004-2011 : 50 boules / 9 etoiles;etoile_2;8;etoile
2008-12-12;2004-2011 : 50 boules / 9 etoiles;boule_1;2;boule
2008-12-12;2004-2011 : 50 boules / 9 etoiles;boule_2;19;boule
2008-12-12;2004-2011 : 50 boules / 9 etoiles;boule_4;28;boule
2008-12-12;2004-2011 : 50 boules / 9 etoiles;boule_3;42;boule
2008-12-12;2004-2011 : 50 boules / 9 etoiles;boule_5;49;boule
2008-12-12;2004-2011 : 50 boules / 9 etoiles;etoile_2;2;etoile
2008-12-12;2004-2011 : 50 boules / 9 etoiles;etoile_1;7;etoile
2008-12-19;2004-2011 : 50 boules / 9 etoiles;boule_4;28;boule
2008-12-19;2004-2011 : 50 boules / 9 etoiles;boule_1;29;boule
2008-12-19;2004-2011 : 50 boules / 9 etoiles;boule_5;40;boule
2008-12-19;2004-2011 : 50 boules / 9 etoiles;boule_3;46;boule
2008-12-19;2004-2011 : 50 boules / 9 etoiles;boule_2;50;boule
2008-12-19;2004-2011 : 50 boules / 9 etoiles;etoile_1;5;etoile
2008-12-19;2004-2011 : 50 boules / 9 etoiles;etoile_2;7;etoile
2008-12-26;2004-2011 : 50 boules / 9 etoiles;boule_4;1;boule
2008-12-26;2004-2011 : 50 boules / 9 etoiles;boule_3;2;boule
2008-12-26;2004-2011 : 50 boules / 9 etoiles;boule_2;26;boule
2008-12-26;2004-2011 : 50 boules / 9 etoiles;boule_1;44;boule
2008-12-26;2004-2011 : 50 boules / 9 etoiles;boule_5;50;boule
2008-12-26;2004-2011 : 50 boules / 9 etoiles;etoile_1;1;etoile
2008-12-26;2004-2011 : 50 boules / 9 etoiles;etoile_2;7;etoile
2009-01-02;2004-2011 : 50 boules / 9 etoiles;boule_3;29;boule
2009-01-02;2004-2011 : 50 boules / 9 etoiles;boule_2;30;boule
2009-01-02;2004-2011 : 50 boules / 9 etoiles;boule_5;36;boule
2009-01-02;2004-2011 : 50 boules / 9 etoiles;boule_4;37;boule
2009-01-02;2004-2011 : 50 boules / 9 etoiles;boule_1;48;boule
2009-01-02;2004-2011 : 50 boules / 9 etoiles;etoile_1;1;etoile
2009-01-02;2004-2011 : 50 boules / 9 etoiles;etoile_2;6;etoile
2009-01-09;2004-2011 : 50 boules / 9 etoiles;boule_2;7;boule
2009-01-09;2004-2011 : 50 boules / 9 etoiles;boule_3;15;boule
2009-01-09;2004-2011 : 50 boules / 9 etoiles;boule_1;22;boule
2009-01-09;2004-2011 : 50 boules / 9 etoiles;boule_4;28;boule
2009-01-09;2004-2011 : 50 boules / 9 etoiles;boule_5;48;boule
2009-01-09;2004-2011 : 50 boules / 9 etoiles;etoile_2;1;etoile
2009-01-09;2004-2011 : 50 boules / 9 etoiles;etoile_1;4;etoile
2009-01-16;2004-2011 : 50 boules / 9 etoiles;boule_4;3;boule
2009-01-16;2004-2011 : 50 boules / 9 etoiles;boule_3;17;boule
2009-01-16;2004-2011 : 50 boules / 9 etoiles;boule_2;22;boule
2009-01-16;2004-2011 : 50 boules / 9 etoiles;boule_5;49;boule
2009-01-16;2004-2011 : 50 boules / 9 etoiles;boule_1;50;boule
2009-01-16;2004-2011 : 50 boules / 9 etoiles;etoile_1;3;etoile
2009-01-16;2004-2011 : 50 boules / 9 etoiles;etoile_2;6;etoile
2009-01-23;2004-2011 : 50 boules / 9 etoiles;boule_5;32;boule
2009-01-23;2004-2011 : 50 boules / 9 etoiles;boule_3;33;boule
2009-01-23;2004-2011 : 50 boules / 9 etoiles;boule_1;36;boule
2009-01-23;2004-2011 : 50 boules / 9 etoiles;boule_4;40;boule
2009-01-23;2004-2011 : 50 boules / 9 etoiles;boule_2;49;boule
2009-01-23;2004-2011 : 50 boules / 9 etoiles;etoile_1;2;etoile
2009-01-23;2004-2011 : 50 boules / 9 etoiles;etoile_2;8;etoile
2009-01-30;2004-2011 : 50 boules / 9 etoiles;boule_1;4;boule
2009-01-30;2004-2011 : 50 boules / 9 etoiles;boule_5;29;boule
2009-01-30;2004-2011 : 50 boules / 9 etoiles;boule_2;34;boule
2009-01-30;2004-2011 : 50 boules / 9 etoiles;boule_3;35;boule
2009-01-30;2004-2011 : 50 boules / 9 etoiles;boule_4;46;boule
2009-01-30;2004-2011 : 50 boules / 9 etoiles;etoile_1;5;etoile
2009-01-30;2004-2011 : 50 boules / 9 etoiles;etoile_2;8;etoile
2009-02-06;2004-2011 : 50 boules / 9 etoiles;boule_5;10;boule
2009-02-06;2004-2011 : 50 boules / 9 etoiles;boule_3;20;boule
2009-02-06;2004-2011 : 50 boules / 9 etoiles;boule_2;30;boule
2009-02-06;2004-2011 : 50 boules / 9 etoiles;boule_1;36;boule
2009-02-06;2004-2011 : 50 boules / 9 etoiles;boule_4;40;boule
2009-02-06;2004-2011 : 50 boules / 9 etoiles;etoile_1;3;etoile
2009-02-06;2004-2011 : 50 boules / 9 etoiles;etoile_2;5;etoile
2009-02-13;2004-2011 : 50 boules / 9 etoiles;boule_4;22;boule
2009-02-13;2004-2011 : 50 boules / 9 etoiles;boule_1;33;boule
2009-02-13;2004-2011 : 50 boules / 9 etoiles;boule_2;36;boule
2009-02-13;2004-2011 : 50 boules / 9 etoiles;boule_3;40;boule
2009-02-13;2004-2011 : 50 boules / 9 etoiles;boule_5;42;boule
2009-02-13;2004-2011 : 50 boules / 9 etoiles;etoile_1;1;etoile
2009-02-13;2004-2011 : 50 boules / 9 etoiles;etoile_2;2;etoile
2009-02-20;2004-2011 : 50 boules / 9 etoiles;boule_3;9;boule
2009-02-20;2004-2011 : 50 boules / 9 etoiles;boule_4;12;boule
2009-02-20;2004-2011 : 50 boules / 9 etoiles;boule_1;13;boule
2009-02-20;2004-2011 : 50 boules / 9 etoiles;boule_5;14;boule
2009-02-20;2004-2011 : 50 boules / 9 etoiles;boule_2;48;boule
2009-02-20;2004-2011 : 50 boules / 9 etoiles;etoile_1;1;etoile
2009-02-20;2004-2011 : 50 boules / 9 etoiles;etoile_2;2;etoile
2009-02-27;2004-2011 : 50 boules / 9 etoiles;boule_3;5;boule
2009-02-27;2004-2011 : 50 boules / 9 etoiles;boule_1;9;boule
2009-02-27;2004-2011 : 50 boules / 9 etoiles;boule_4;37;boule
2009-02-27;2004-2011 : 50 boules / 9 etoiles;boule_2;44;boule
2009-02-27;2004-2011 : 50 boules / 9 etoiles;boule_5;45;boule
2009-02-27;2004-2011 : 50 boules / 9 etoiles;etoile_2;6;etoile
2009-02-27;2004-2011 : 50 boules / 9 etoiles;etoile_1;9;etoile
2009-03-06;2004-2011 : 50 boules / 9 etoiles;boule_1;13;boule
2009-03-06;2004-2011 : 50 boules / 9 etoiles;boule_4;17;boule
2009-03-06;2004-2011 : 50 boules / 9 etoiles;boule_5;19;boule
2009-03-06;2004-2011 : 50 boules / 9 etoiles;boule_3;25;boule
2009-03-06;2004-2011 : 50 boules / 9 etoiles;boule_2;35;boule
2009-03-06;2004-2011 : 50 boules / 9 etoiles;etoile_1;5;etoile
2009-03-06;2004-2011 : 50 boules / 9 etoiles;etoile_2;6;etoile
2009-03-13;2004-2011 : 50 boules / 9 etoiles;boule_4;12;boule
2009-03-13;2004-2011 : 50 boules / 9 etoiles;boule_5;24;boule
2009-03-13;2004-2011 : 50 boules / 9 etoiles;boule_3;26;boule
2009-03-13;2004-2011 : 50 boules / 9 etoiles;boule_1;36;boule
2009-03-13;2004-2011 : 50 boules / 9 etoiles;boule_2;42;boule
2009-03-13;2004-2011 : 50 boules / 9 etoiles;etoile_1;1;etoile
2009-03-13;2004-2011 : 50 boules / 9 etoiles;etoile_2;4;etoile
2009-03-20;2004-2011 : 50 boules / 9 etoiles;boule_2;12;boule
2009-03-20;2004-2011 : 50 boules / 9 etoiles;boule_5;16;boule
2009-03-20;2004-2011 : 50 boules / 9 etoiles;boule_4;23;boule
2009-03-20;2004-2011 : 50 boules / 9 etoiles;boule_1;31;boule
2009-03-20;2004-2011 : 50 boules / 9 etoiles;boule_3;35;boule
2009-03-20;2004-2011 : 50 boules / 9 etoiles;etoile_1;4;etoile
2009-03-20;2004-2011 : 50 boules / 9 etoiles;etoile_2;6;etoile
2009-03-27;2004-2011 : 50 boules / 9 etoiles;boule_1;25;boule
2009-03-27;2004-2011 : 50 boules / 9 etoiles;boule_4;33;boule
2009-03-27;2004-2011 : 50 boules / 9 etoiles;boule_3;36;boule
2009-03-27;2004-2011 : 50 boules / 9 etoiles;boule_5;38;boule
2009-03-27;2004-2011 : 50 boules / 9 etoiles;boule_2;42;boule
2009-03-27;2004-2011 : 50 boules / 9 etoiles;etoile_1;6;etoile
2009-03-27;2004-2011 : 50 boules / 9 etoiles;etoile_2;7;etoile
2009-04-03;2004-2011 : 50 boules / 9 etoiles;boule_5;2;boule
2009-04-03;2004-2011 : 50 boules / 9 etoiles;boule_4;20;boule
2009-04-03;2004-2011 : 50 boules / 9 etoiles;boule_2;24;boule
2009-04-03;2004-2011 : 50 boules / 9 etoiles;boule_3;32;boule
2009-04-03;2004-2011 : 50 boules / 9 etoiles;boule_1;46;boule
2009-04-03;2004-2011 : 50 boules / 9 etoiles;etoile_1;1;etoile
2009-04-03;2004-2011 : 50 boules / 9 etoiles;etoile_2;9;etoile
2009-04-10;2004-2011 : 50 boules / 9 etoiles;boule_3;9;boule
2009-04-10;2004-2011 : 50 boules / 9 etoiles;boule_2;14;boule
2009-04-10;2004-2011 : 50 boules / 9 etoiles;boule_5;16;boule
2009-04-10;2004-2011 : 50 boules / 9 etoiles;boule_1;37;boule
2009-04-10;2004-2011 : 50 boules / 9 etoiles;boule_4;46;boule
2009-04-10;2004-2011 : 50 boules / 9 etoiles;etoile_1;2;etoile
2009-04-10;2004-2011 : 50 boules / 9 etoiles;etoile_2;4;etoile
2009-04-17;2004-2011 : 50 boules / 9 etoiles;boule_2;4;boule
2009-04-17;2004-2011 : 50 boules / 9 etoiles;boule_1;7;boule
2009-04-17;2004-2011 : 50 boules / 9 etoiles;boule_3;21;boule
2009-04-17;2004-2011 : 50 boules / 9 etoiles;boule_4;44;boule
2009-04-17;2004-2011 : 50 boules / 9 etoiles;boule_5;47;boule
2009-04-17;2004-2011 : 50 boules / 9 etoiles;etoile_1;1;etoile
2009-04-17;2004-2011 : 50 boules / 9 etoiles;etoile_2;5;etoile
2009-04-24;2004-2011 : 50 boules / 9 etoiles;boule_2;4;boule
2009-04-24;2004-2011 : 50 boules / 9 etoiles;boule_4;14;boule
2009-04-24;2004-2011 : 50 boules / 9 etoiles;boule_1;21;boule
2009-04-24;2004-2011 : 50 boules / 9 etoiles;boule_3;24;boule
2009-04-24;2004-2011 : 50 boules / 9 etoiles;boule_5;41;boule
2009-04-24;2004-2011 : 50 boules / 9 etoiles;etoile_1;5;etoile
2009-04-24;2004-2011 : 50 boules / 9 etoiles;etoile_2;8;etoile
2009-05-01;2004-2011 : 50 boules / 9 etoiles;boule_5;5;boule
2009-05-01;2004-2011 : 50 boules / 9 etoiles;boule_4;19;boule
2009-05-01;2004-2011 : 50 boules / 9 etoiles;boule_3;31;boule
2009-05-01;2004-2011 : 50 boules / 9 etoiles;boule_1;38;boule
2009-05-01;2004-2011 : 50 boules / 9 etoiles;boule_2;47;boule
2009-05-01;2004-2011 : 50 boules / 9 etoiles;etoile_1;3;etoile
2009-05-01;2004-2011 : 50 boules / 9 etoiles;etoile_2;5;etoile
2009-05-08;2004-2011 : 50 boules / 9 etoiles;boule_1;4;boule
2009-05-08;2004-2011 : 50 boules / 9 etoiles;boule_3;23;boule
2009-05-08;2004-2011 : 50 boules / 9 etoiles;boule_5;24;boule
2009-05-08;2004-2011 : 50 boules / 9 etoiles;boule_2;29;boule
2009-05-08;2004-2011 : 50 boules / 9 etoiles;boule_4;31;boule
2009-05-08;2004-2011 : 50 boules / 9 etoiles;etoile_2;8;etoile
2009-05-08;2004-2011 : 50 boules / 9 etoiles;etoile_1;9;etoile
2009-05-15;2004-2011 : 50 boules / 9 etoiles;boule_2;8;boule
2009-05-15;2004-2011 : 50 boules / 9 etoiles;boule_4;18;boule
2009-05-15;2004-2011 : 50 boules / 9 etoiles;boule_1;19;boule
2009-05-15;2004-2011 : 50 boules / 9 etoiles;boule_5;20;boule
2009-05-15;2004-2011 : 50 boules / 9 etoiles;boule_3;42;boule
2009-05-15;2004-2011 : 50 boules / 9 etoiles;etoile_1;5;etoile
2009-05-15;2004-2011 : 50 boules / 9 etoiles;etoile_2;9;etoile
2009-05-22;2004-2011 : 50 boules / 9 etoiles;boule_2;4;boule
2009-05-22;2004-2011 : 50 boules / 9 etoiles;boule_5;13;boule
2009-05-22;2004-2011 : 50 boules / 9 etoiles;boule_3;14;boule
2009-05-22;2004-2011 : 50 boules / 9 etoiles;boule_4;33;boule
2009-05-22;2004-2011 : 50 boules / 9 etoiles;boule_1;43;boule
2009-05-22;2004-2011 : 50 boules / 9 etoiles;etoile_2;1;etoile
2009-05-22;2004-2011 : 50 boules / 9 etoiles;etoile_1;6;etoile
2009-05-29;2004-2011 : 50 boules / 9 etoiles;boule_3;2;boule
2009-05-29;2004-2011 : 50 boules / 9 etoiles;boule_5;5;boule
2009-05-29;2004-2011 : 50 boules / 9 etoiles;boule_1;30;boule
2009-05-29;2004-2011 : 50 boules / 9 etoiles;boule_4;37;boule
2009-05-29;2004-2011 : 50 boules / 9 etoiles;boule_2;47;boule
2009-05-29;2004-2011 : 50 boules / 9 etoiles;etoile_2;3;etoile
2009-05-29;2004-2011 : 50 boules / 9 etoiles;etoile_1;6;etoile
2009-06-05;2004-2011 : 50 boules / 9 etoiles;boule_5;11;boule
2009-06-05;2004-2011 : 50 boules / 9 etoiles;boule_2;19;boule
2009-06-05;2004-2011 : 50 boules / 9 etoiles;boule_4;26;boule
2009-06-05;2004-2011 : 50 boules / 9 etoiles;boule_1;35;boule
2009-06-05;2004-2011 : 50 boules / 9 etoiles;boule_3;40;boule
2009-06-05;2004-2011 : 50 boules / 9 etoiles;etoile_1;2;etoile
2009-06-05;2004-2011 : 50 boules / 9 etoiles;etoile_2;5;etoile
2009-06-12;2004-2011 : 50 boules / 9 etoiles;boule_3;6;boule
2009-06-12;2004-2011 : 50 boules / 9 etoiles;boule_2;14;boule
2009-06-12;2004-2011 : 50 boules / 9 etoiles;boule_4;16;boule
2009-06-12;2004-2011 : 50 boules / 9 etoiles;boule_5;34;boule
2009-06-12;2004-2011 : 50 boules / 9 etoiles;boule_1;50;boule
2009-06-12;2004-2011 : 50 boules / 9 etoiles;etoile_2;4;etoile
2009-06-12;2004-2011 : 50 boules / 9 etoiles;etoile_1;6;etoile
2009-06-19;2004-2011 : 50 boules / 9 etoiles;boule_4;4;boule
2009-06-19;2004-2011 : 50 boules / 9 etoiles;boule_3;16;boule
2009-06-19;2004-2011 : 50 boules / 9 etoiles;boule_2;17;boule
2009-06-19;2004-2011 : 50 boules / 9 etoiles;boule_1;20;boule
2009-06-19;2004-2011 : 50 boules / 9 etoiles;boule_5;29;boule
2009-06-19;2004-2011 : 50 boules / 9 etoiles;etoile_2;5;etoile
2009-06-19;2004-2011 : 50 boules / 9 etoiles;etoile_1;7;etoile
2009-06-26;2004-2011 : 50 boules / 9 etoiles;boule_2;6;boule
2009-06-26;2004-2011 : 50 boules / 9 etoiles;boule_3;11;boule
2009-06-26;2004-2011 : 50 boules / 9 etoiles;boule_1;21;boule
2009-06-26;2004-2011 : 50 boules / 9 etoiles;boule_5;30;boule
2009-06-26;2004-2011 : 50 boules / 9 etoiles;boule_4;39;boule
2009-06-26;2004-2011 : 50 boules / 9 etoiles;etoile_2;2;etoile
2009-06-26;2004-2011 : 50 boules / 9 etoiles;etoile_1;8;etoile
2009-07-03;2004-2011 : 50 boules / 9 etoiles;boule_5;21;boule
2009-07-03;2004-2011 : 50 boules / 9 etoiles;boule_1;29;boule
2009-07-03;2004-2011 : 50 boules / 9 etoiles;boule_4;34;boule
2009-07-03;2004-2011 : 50 boules / 9 etoiles;boule_3;46;boule
2009-07-03;2004-2011 : 50 boules / 9 etoiles;boule_2;47;boule
2009-07-03;2004-2011 : 50 boules / 9 etoiles;etoile_1;6;etoile
2009-07-03;2004-2011 : 50 boules / 9 etoiles;etoile_2;8;etoile
2009-07-10;2004-2011 : 50 boules / 9 etoiles;boule_3;6;boule
2009-07-10;2004-2011 : 50 boules / 9 etoiles;boule_4;16;boule
2009-07-10;2004-2011 : 50 boules / 9 etoiles;boule_2;20;boule
2009-07-10;2004-2011 : 50 boules / 9 etoiles;boule_1;42;boule
2009-07-10;2004-2011 : 50 boules / 9 etoiles;boule_5;46;boule
2009-07-10;2004-2011 : 50 boules / 9 etoiles;etoile_1;1;etoile
2009-07-10;2004-2011 : 50 boules / 9 etoiles;etoile_2;6;etoile
2009-07-17;2004-2011 : 50 boules / 9 etoiles;boule_4;2;boule
2009-07-17;2004-2011 : 50 boules / 9 etoiles;boule_3;8;boule
2009-07-17;2004-2011 : 50 boules / 9 etoiles;boule_1;17;boule
2009-07-17;2004-2011 : 50 boules / 9 etoiles;boule_5;32;boule
2009-07-17;2004-2011 : 50 boules / 9 etoiles;boule_2;50;boule
2009-07-17;2004-2011 : 50 boules / 9 etoiles;etoile_1;3;etoile
2009-07-17;2004-2011 : 50 boules / 9 etoiles;etoile_2;7;etoile
2009-07-24;2004-2011 : 50 boules / 9 etoiles;boule_5;14;boule
2009-07-24;2004-2011 : 50 boules / 9 etoiles;boule_1;15;boule
2009-07-24;2004-2011 : 50 boules / 9 etoiles;boule_4;25;boule
2009-07-24;2004-2011 : 50 boules / 9 etoiles;boule_3;35;boule
2009-07-24;2004-2011 : 50 boules / 9 etoiles;boule_2;47;boule
2009-07-24;2004-2011 : 50 boules / 9 etoiles;etoile_2;5;etoile
2009-07-24;2004-2011 : 50 boules / 9 etoiles;etoile_1;9;etoile
2009-07-31;2004-2011 : 50 boules / 9 etoiles;boule_5;5;boule
2009-07-31;2004-2011 : 50 boules / 9 etoiles;boule_2;9;boule
2009-07-31;2004-2011 : 50 boules / 9 etoiles;boule_3;20;boule
2009-07-31;2004-2011 : 50 boules / 9 etoiles;boule_4;21;boule
2009-07-31;2004-2011 : 50 boules / 9 etoiles;boule_1;26;boule
2009-07-31;2004-2011 : 50 boules / 9 etoiles;etoile_2;3;etoile
2009-07-31;2004-2011 : 50 boules / 9 etoiles;etoile_1;6;etoile
2009-08-07;2004-2011 : 50 boules / 9 etoiles;boule_2;10;boule
2009-08-07;2004-2011 : 50 boules / 9 etoiles;boule_5;20;boule
2009-08-07;2004-2011 : 50 boules / 9 etoiles;boule_1;22;boule
2009-08-07;2004-2011 : 50 boules / 9 etoiles;boule_4;24;boule
2009-08-07;2004-2011 : 50 boules / 9 etoiles;boule_3;31;boule
2009-08-07;2004-2011 : 50 boules / 9 etoiles;etoile_2;2;etoile
2009-08-07;2004-2011 : 50 boules / 9 etoiles;etoile_1;7;etoile
2009-08-14;2004-2011 : 50 boules / 9 etoiles;boule_2;5;boule
2009-08-14;2004-2011 : 50 boules / 9 etoiles;boule_3;8;boule
2009-08-14;2004-2011 : 50 boules / 9 etoiles;boule_5;24;boule
2009-08-14;2004-2011 : 50 boules / 9 etoiles;boule_1;30;boule
2009-08-14;2004-2011 : 50 boules / 9 etoiles;boule_4;49;boule
2009-08-14;2004-2011 : 50 boules / 9 etoiles;etoile_2;3;etoile
2009-08-14;2004-2011 : 50 boules / 9 etoiles;etoile_1;9;etoile
2009-08-21;2004-2011 : 50 boules / 9 etoiles;boule_5;4;boule
2009-08-21;2004-2011 : 50 boules / 9 etoiles;boule_4;7;boule
2009-08-21;2004-2011 : 50 boules / 9 etoiles;boule_1;16;boule
2009-08-21;2004-2011 : 50 boules / 9 etoiles;boule_3;31;boule
2009-08-21;2004-2011 : 50 boules / 9 etoiles;boule_2;42;boule
2009-08-21;2004-2011 : 50 boules / 9 etoiles;etoile_2;3;etoile
2009-08-21;2004-2011 : 50 boules / 9 etoiles;etoile_1;5;etoile
2009-08-28;2004-2011 : 50 boules / 9 etoiles;boule_5;8;boule
2009-08-28;2004-2011 : 50 boules / 9 etoiles;boule_4;36;boule
2009-08-28;2004-2011 : 50 boules / 9 etoiles;boule_1;37;boule
2009-08-28;2004-2011 : 50 boules / 9 etoiles;boule_2;41;boule
2009-08-28;2004-2011 : 50 boules / 9 etoiles;boule_3;49;boule
2009-08-28;2004-2011 : 50 boules / 9 etoiles;etoile_2;5;etoile
2009-08-28;2004-2011 : 50 boules / 9 etoiles;etoile_1;7;etoile
2009-09-04;2004-2011 : 50 boules / 9 etoiles;boule_3;6;boule
2009-09-04;2004-2011 : 50 boules / 9 etoiles;boule_4;9;boule
2009-09-04;2004-2011 : 50 boules / 9 etoiles;boule_1;20;boule
2009-09-04;2004-2011 : 50 boules / 9 etoiles;boule_5;38;boule
2009-09-04;2004-2011 : 50 boules / 9 etoiles;boule_2;39;boule
2009-09-04;2004-2011 : 50 boules / 9 etoiles;etoile_2;3;etoile
2009-09-04;2004-2011 : 50 boules / 9 etoiles;etoile_1;9;etoile
2009-09-11;2004-2011 : 50 boules / 9 etoiles;boule_3;12;boule
2009-09-11;2004-2011 : 50 boules / 9 etoiles;boule_2;15;boule
2009-09-11;2004-2011 : 50 boules / 9 etoiles;boule_4;35;boule
2009-09-11;2004-2011 : 50 boules / 9 etoiles;boule_1;42;boule
2009-09-11;2004-2011 : 50 boules / 9 etoiles;boule_5;43;boule
2009-09-11;2004-2011 : 50 boules / 9 etoiles;etoile_2;4;etoile
2009-09-11;2004-2011 : 50 boules / 9 etoiles;etoile_1;6;etoile
2009-09-18;2004-2011 : 50 boules / 9 etoiles;boule_5;6;boule
2009-09-18;2004-2011 : 50 boules / 9 etoiles;boule_2;16;boule
2009-09-18;2004-2011 : 50 boules / 9 etoiles;boule_1;30;boule
2009-09-18;2004-2011 : 50 boules / 9 etoiles;boule_4;38;boule
2009-09-18;2004-2011 : 50 boules / 9 etoiles;boule_3;41;boule
2009-09-18;2004-2011 : 50 boules / 9 etoiles;etoile_1;2;etoile
2009-09-18;2004-2011 : 50 boules / 9 etoiles;etoile_2;4;etoile
2009-09-25;2004-2011 : 50 boules / 9 etoiles;boule_1;6;boule
2009-09-25;2004-2011 : 50 boules / 9 etoiles;boule_4;17;boule
2009-09-25;2004-2011 : 50 boules / 9 etoiles;boule_3;18;boule
2009-09-25;2004-2011 : 50 boules / 9 etoiles;boule_2;21;boule
2009-09-25;2004-2011 : 50 boules / 9 etoiles;boule_5;34;boule
2009-09-25;2004-2011 : 50 boules / 9 etoiles;etoile_2;3;etoile
2009-09-25;2004-2011 : 50 boules / 9 etoiles;etoile_1;9;etoile
2009-10-02;2004-2011 : 50 boules / 9 etoiles;boule_5;22;boule
2009-10-02;2004-2011 : 50 boules / 9 etoiles;boule_4;23;boule
2009-10-02;2004-2011 : 50 boules / 9 etoiles;boule_3;24;boule
2009-10-02;2004-2011 : 50 boules / 9 etoiles;boule_2;29;boule
2009-10-02;2004-2011 : 50 boules / 9 etoiles;boule_1;44;boule
2009-10-02;2004-2011 : 50 boules / 9 etoiles;etoile_2;1;etoile
2009-10-02;2004-2011 : 50 boules / 9 etoiles;etoile_1;5;etoile
2009-10-09;2004-2011 : 50 boules / 9 etoiles;boule_4;7;boule
2009-10-09;2004-2011 : 50 boules / 9 etoiles;boule_2;11;boule
2009-10-09;2004-2011 : 50 boules / 9 etoiles;boule_1;29;boule
2009-10-09;2004-2011 : 50 boules / 9 etoiles;boule_3;46;boule
2009-10-09;2004-2011 : 50 boules / 9 etoiles;boule_5;50;boule
2009-10-09;2004-2011 : 50 boules / 9 etoiles;etoile_1;4;etoile
2009-10-09;2004-2011 : 50 boules / 9 etoiles;etoile_2;7;etoile
2009-10-16;2004-2011 : 50 boules / 9 etoiles;boule_5;12;boule
2009-10-16;2004-2011 : 50 boules / 9 etoiles;boule_1;23;boule
2009-10-16;2004-2011 : 50 boules / 9 etoiles;boule_2;30;boule
2009-10-16;2004-2011 : 50 boules / 9 etoiles;boule_3;31;boule
2009-10-16;2004-2011 : 50 boules / 9 etoiles;boule_4;47;boule
2009-10-16;2004-2011 : 50 boules / 9 etoiles;etoile_1;3;etoile
2009-10-16;2004-2011 : 50 boules / 9 etoiles;etoile_2;4;etoile
2009-10-23;2004-2011 : 50 boules / 9 etoiles;boule_2;6;boule
2009-10-23;2004-2011 : 50 boules / 9 etoiles;boule_3;18;boule
2009-10-23;2004-2011 : 50 boules / 9 etoiles;boule_1;20;boule
2009-10-23;2004-2011 : 50 boules / 9 etoiles;boule_4;29;boule
2009-10-23;2004-2011 : 50 boules / 9 etoiles;boule_5;31;boule
2009-10-23;2004-2011 : 50 boules / 9 etoiles;etoile_2;2;etoile
2009-10-23;2004-2011 : 50 boules / 9 etoiles;etoile_1;8;etoile
2009-10-30;2004-2011 : 50 boules / 9 etoiles;boule_2;9;boule
2009-10-30;2004-2011 : 50 boules / 9 etoiles;boule_3;33;boule
2009-10-30;2004-2011 : 50 boules / 9 etoiles;boule_1;35;boule
2009-10-30;2004-2011 : 50 boules / 9 etoiles;boule_4;38;boule
2009-10-30;2004-2011 : 50 boules / 9 etoiles;boule_5;40;boule
2009-10-30;2004-2011 : 50 boules / 9 etoiles;etoile_2;2;etoile
2009-10-30;2004-2011 : 50 boules / 9 etoiles;etoile_1;6;etoile
2009-11-06;2004-2011 : 50 boules / 9 etoiles;boule_5;11;boule
2009-11-06;2004-2011 : 50 boules / 9 etoiles;boule_1;19;boule
2009-11-06;2004-2011 : 50 boules / 9 etoiles;boule_4;34;boule
2009-11-06;2004-2011 : 50 boules / 9 etoiles;boule_2;43;boule
2009-11-06;2004-2011 : 50 boules / 9 etoiles;boule_3;45;boule
2009-11-06;2004-2011 : 50 boules / 9 etoiles;etoile_1;5;etoile
2009-11-06;2004-2011 : 50 boules / 9 etoiles;etoile_2;9;etoile
2009-11-13;2004-2011 : 50 boules / 9 etoiles;boule_5;13;boule
2009-11-13;2004-2011 : 50 boules / 9 etoiles;boule_1;15;boule
2009-11-13;2004-2011 : 50 boules / 9 etoiles;boule_2;25;boule
2009-11-13;2004-2011 : 50 boules / 9 etoiles;boule_4;26;boule
2009-11-13;2004-2011 : 50 boules / 9 etoiles;boule_3;32;boule
2009-11-13;2004-2011 : 50 boules / 9 etoiles;etoile_2;3;etoile
2009-11-13;2004-2011 : 50 boules / 9 etoiles;etoile_1;4;etoile
2009-11-20;2004-2011 : 50 boules / 9 etoiles;boule_4;5;boule
2009-11-20;2004-2011 : 50 boules / 9 etoiles;boule_2;9;boule
2009-11-20;2004-2011 : 50 boules / 9 etoiles;boule_3;28;boule
2009-11-20;2004-2011 : 50 boules / 9 etoiles;boule_5;43;boule
2009-11-20;2004-2011 : 50 boules / 9 etoiles;boule_1;47;boule
2009-11-20;2004-2011 : 50 boules / 9 etoiles;etoile_1;2;etoile
2009-11-20;2004-2011 : 50 boules / 9 etoiles;etoile_2;9;etoile
2009-11-27;2004-2011 : 50 boules / 9 etoiles;boule_4;5;boule
2009-11-27;2004-2011 : 50 boules / 9 etoiles;boule_5;8;boule
2009-11-27;2004-2011 : 50 boules / 9 etoiles;boule_3;13;boule
2009-11-27;2004-2011 : 50 boules / 9 etoiles;boule_2;15;boule
2009-11-27;2004-2011 : 50 boules / 9 etoiles;boule_1;33;boule
2009-11-27;2004-2011 : 50 boules / 9 etoiles;etoile_1;8;etoile
2009-11-27;2004-2011 : 50 boules / 9 etoiles;etoile_2;9;etoile
2009-12-04;2004-2011 : 50 boules / 9 etoiles;boule_4;18;boule
2009-12-04;2004-2011 : 50 boules / 9 etoiles;boule_3;19;boule
2009-12-04;2004-2011 : 50 boules / 9 etoiles;boule_1;25;boule
2009-12-04;2004-2011 : 50 boules / 9 etoiles;boule_2;30;boule
2009-12-04;2004-2011 : 50 boules / 9 etoiles;boule_5;44;boule
2009-12-04;2004-2011 : 50 boules / 9 etoiles;etoile_2;1;etoile
2009-12-04;2004-2011 : 50 boules / 9 etoiles;etoile_1;3;etoile
2009-12-11;2004-2011 : 50 boules / 9 etoiles;boule_5;20;boule
2009-12-11;2004-2011 : 50 boules / 9 etoiles;boule_1;41;boule
2009-12-11;2004-2011 : 50 boules / 9 etoiles;boule_2;43;boule
2009-12-11;2004-2011 : 50 boules / 9 etoiles;boule_3;44;boule
2009-12-11;2004-2011 : 50 boules / 9 etoiles;boule_4;46;boule
2009-12-11;2004-2011 : 50 boules / 9 etoiles;etoile_1;2;etoile
2009-12-11;2004-2011 : 50 boules / 9 etoiles;etoile_2;9;etoile
2009-12-18;2004-2011 : 50 boules / 9 etoiles;boule_5;14;boule
2009-12-18;2004-2011 : 50 boules / 9 etoiles;boule_2;30;boule
2009-12-18;2004-2011 : 50 boules / 9 etoiles;boule_4;32;boule
2009-12-18;2004-2011 : 50 boules / 9 etoiles;boule_3;35;boule
2009-12-18;2004-2011 : 50 boules / 9 etoiles;boule_1;49;boule
2009-12-18;2004-2011 : 50 boules / 9 etoiles;etoile_2;3;etoile
2009-12-18;2004-2011 : 50 boules / 9 etoiles;etoile_1;8;etoile
2009-12-25;2004-2011 : 50 boules / 9 etoiles;boule_1;4;boule
2009-12-25;2004-2011 : 50 boules / 9 etoiles;boule_3;5;boule
2009-12-25;2004-2011 : 50 boules / 9 etoiles;boule_5;14;boule
2009-12-25;2004-2011 : 50 boules / 9 etoiles;boule_2;17;boule
2009-12-25;2004-2011 : 50 boules / 9 etoiles;boule_4;34;boule
2009-12-25;2004-2011 : 50 boules / 9 etoiles;etoile_2;3;etoile
2009-12-25;2004-2011 : 50 boules / 9 etoiles;etoile_1;5;etoile
2010-01-01;2004-2011 : 50 boules / 9 etoiles;boule_5;9;boule
2010-01-01;2004-2011 : 50 boules / 9 etoiles;boule_1;22;boule
2010-01-01;2004-2011 : 50 boules / 9 etoiles;boule_2;24;boule
2010-01-01;2004-2011 : 50 boules / 9 etoiles;boule_3;27;boule
2010-01-01;2004-2011 : 50 boules / 9 etoiles;boule_4;36;boule
2010-01-01;2004-2011 : 50 boules / 9 etoiles;etoile_2;5;etoile
2010-01-01;2004-2011 : 50 boules / 9 etoiles;etoile_1;7;etoile
2010-01-08;2004-2011 : 50 boules / 9 etoiles;boule_4;4;boule
2010-01-08;2004-2011 : 50 boules / 9 etoiles;boule_2;5;boule
2010-01-08;2004-2011 : 50 boules / 9 etoiles;boule_3;14;boule
2010-01-08;2004-2011 : 50 boules / 9 etoiles;boule_1;44;boule
2010-01-08;2004-2011 : 50 boules / 9 etoiles;boule_5;46;boule
2010-01-08;2004-2011 : 50 boules / 9 etoiles;etoile_2;8;etoile
2010-01-08;2004-2011 : 50 boules / 9 etoiles;etoile_1;9;etoile
2010-01-15;2004-2011 : 50 boules / 9 etoiles;boule_5;11;boule
2010-01-15;2004-2011 : 50 boules / 9 etoiles;boule_3;26;boule
2010-01-15;2004-2011 : 50 boules / 9 etoiles;boule_4;29;boule
2010-01-15;2004-2011 : 50 boules / 9 etoiles;boule_1;49;boule
2010-01-15;2004-2011 : 50 boules / 9 etoiles;boule_2;50;boule
2010-01-15;2004-2011 : 50 boules / 9 etoiles;etoile_1;4;etoile
2010-01-15;2004-2011 : 50 boules / 9 etoiles;etoile_2;7;etoile
2010-01-22;2004-2011 : 50 boules / 9 etoiles;boule_1;4;boule
2010-01-22;2004-2011 : 50 boules / 9 etoiles;boule_4;22;boule
2010-01-22;2004-2011 : 50 boules / 9 etoiles;boule_3;27;boule
2010-01-22;2004-2011 : 50 boules / 9 etoiles;boule_5;36;boule
2010-01-22;2004-2011 : 50 boules / 9 etoiles;boule_2;44;boule
2010-01-22;2004-2011 : 50 boules / 9 etoiles;etoile_2;7;etoile
2010-01-22;2004-2011 : 50 boules / 9 etoiles;etoile_1;9;etoile
2010-01-29;2004-2011 : 50 boules / 9 etoiles;boule_5;9;boule
2010-01-29;2004-2011 : 50 boules / 9 etoiles;boule_4;17;boule
2010-01-29;2004-2011 : 50 boules / 9 etoiles;boule_3;30;boule
2010-01-29;2004-2011 : 50 boules / 9 etoiles;boule_1;39;boule
2010-01-29;2004-2011 : 50 boules / 9 etoiles;boule_2;43;boule
2010-01-29;2004-2011 : 50 boules / 9 etoiles;etoile_2;5;etoile
2010-01-29;2004-2011 : 50 boules / 9 etoiles;etoile_1;7;etoile
2010-02-05;2004-2011 : 50 boules / 9 etoiles;boule_3;34;boule
2010-02-05;2004-2011 : 50 boules / 9 etoiles;boule_4;35;boule
2010-02-05;2004-2011 : 50 boules / 9 etoiles;boule_2;38;boule
2010-02-05;2004-2011 : 50 boules / 9 etoiles;boule_5;39;boule
2010-02-05;2004-2011 : 50 boules / 9 etoiles;boule_1;46;boule
2010-02-05;2004-2011 : 50 boules / 9 etoiles;etoile_1;3;etoile
2010-02-05;2004-2011 : 50 boules / 9 etoiles;etoile_2;4;etoile
2010-02-12;2004-2011 : 50 boules / 9 etoiles;boule_3;1;boule
2010-02-12;2004-2011 : 50 boules / 9 etoiles;boule_1;5;boule
2010-02-12;2004-2011 : 50 boules / 9 etoiles;boule_5;18;boule
2010-02-12;2004-2011 : 50 boules / 9 etoiles;boule_4;38;boule
2010-02-12;2004-2011 : 50 boules / 9 etoiles;boule_2;45;boule
2010-02-12;2004-2011 : 50 boules / 9 etoiles;etoile_2;4;etoile
2010-02-12;2004-2011 : 50 boules / 9 etoiles;etoile_1;6;etoile
2010-02-19;2004-2011 : 50 boules / 9 etoiles;boule_2;12;boule
2010-02-19;2004-2011 : 50 boules / 9 etoiles;boule_4;31;boule
2010-02-19;2004-2011 : 50 boules / 9 etoiles;boule_1;37;boule
2010-02-19;2004-2011 : 50 boules / 9 etoiles;boule_3;38;boule
2010-02-19;2004-2011 : 50 boules / 9 etoiles;boule_5;43;boule
2010-02-19;2004-2011 : 50 boules / 9 etoiles;etoile_2;2;etoile
2010-02-19;2004-2011 : 50 boules / 9 etoiles;etoile_1;3;etoile
2010-02-26;2004-2011 : 50 boules / 9 etoiles;boule_4;7;boule
2010-02-26;2004-2011 : 50 boules / 9 etoiles;boule_2;11;boule
2010-02-26;2004-2011 : 50 boules / 9 etoiles;boule_5;18;boule
2010-02-26;2004-2011 : 50 boules / 9 etoiles;boule_3;29;boule
2010-02-26;2004-2011 : 50 boules / 9 etoiles;boule_1;42;boule
2010-02-26;2004-2011 : 50 boules / 9 etoiles;etoile_2;6;etoile
2010-02-26;2004-2011 : 50 boules / 9 etoiles;etoile_1;7;etoile
2010-03-05;2004-2011 : 50 boules / 9 etoiles;boule_4;12;boule
2010-03-05;2004-2011 : 50 boules / 9 etoiles;boule_2;18;boule
2010-03-05;2004-2011 : 50 boules / 9 etoiles;boule_1;19;boule
2010-03-05;2004-2011 : 50 boules / 9 etoiles;boule_5;43;boule
2010-03-05;2004-2011 : 50 boules / 9 etoiles;boule_3;49;boule
2010-03-05;2004-2011 : 50 boules / 9 etoiles;etoile_2;3;etoile
2010-03-05;2004-2011 : 50 boules / 9 etoiles;etoile_1;9;etoile
2010-03-12;2004-2011 : 50 boules / 9 etoiles;boule_2;1;boule
2010-03-12;2004-2011 : 50 boules / 9 etoiles;boule_3;26;boule
2010-03-12;2004-2011 : 50 boules / 9 etoiles;boule_5;33;boule
2010-03-12;2004-2011 : 50 boules / 9 etoiles;boule_4;36;boule
2010-03-12;2004-2011 : 50 boules / 9 etoiles;boule_1;46;boule
2010-03-12;2004-2011 : 50 boules / 9 etoiles;etoile_2;6;etoile
2010-03-12;2004-2011 : 50 boules / 9 etoiles;etoile_1;7;etoile
2010-03-19;2004-2011 : 50 boules / 9 etoiles;boule_5;10;boule
2010-03-19;2004-2011 : 50 boules / 9 etoiles;boule_2;28;boule
2010-03-19;2004-2011 : 50 boules / 9 etoiles;boule_3;30;boule
2010-03-19;2004-2011 : 50 boules / 9 etoiles;boule_1;38;boule
2010-03-19;2004-2011 : 50 boules / 9 etoiles;boule_4;39;boule
2010-03-19;2004-2011 : 50 boules / 9 etoiles;etoile_2;2;etoile
2010-03-19;2004-2011 : 50 boules / 9 etoiles;etoile_1;7;etoile
2010-03-26;2004-2011 : 50 boules / 9 etoiles;boule_3;8;boule
2010-03-26;2004-2011 : 50 boules / 9 etoiles;boule_4;16;boule
2010-03-26;2004-2011 : 50 boules / 9 etoiles;boule_1;18;boule
2010-03-26;2004-2011 : 50 boules / 9 etoiles;boule_2;37;boule
2010-03-26;2004-2011 : 50 boules / 9 etoiles;boule_5;43;boule
2010-03-26;2004-2011 : 50 boules / 9 etoiles;etoile_1;2;etoile
2010-03-26;2004-2011 : 50 boules / 9 etoiles;etoile_2;6;etoile
2010-04-02;2004-2011 : 50 boules / 9 etoiles;boule_3;12;boule
2010-04-02;2004-2011 : 50 boules / 9 etoiles;boule_2;18;boule
2010-04-02;2004-2011 : 50 boules / 9 etoiles;boule_4;24;boule
2010-04-02;2004-2011 : 50 boules / 9 etoiles;boule_1;26;boule
2010-04-02;2004-2011 : 50 boules / 9 etoiles;boule_5;45;boule
2010-04-02;2004-2011 : 50 boules / 9 etoiles;etoile_2;4;etoile
2010-04-02;2004-2011 : 50 boules / 9 etoiles;etoile_1;5;etoile
2010-04-09;2004-2011 : 50 boules / 9 etoiles;boule_5;7;boule
2010-04-09;2004-2011 : 50 boules / 9 etoiles;boule_4;21;boule
2010-04-09;2004-2011 : 50 boules / 9 etoiles;boule_2;23;boule
2010-04-09;2004-2011 : 50 boules / 9 etoiles;boule_3;24;boule
2010-04-09;2004-2011 : 50 boules / 9 etoiles;boule_1;44;boule
2010-04-09;2004-2011 : 50 boules / 9 etoiles;etoile_1;3;etoile
2010-04-09;2004-2011 : 50 boules / 9 etoiles;etoile_2;4;etoile
2010-04-16;2004-2011 : 50 boules / 9 etoiles;boule_5;9;boule
2010-04-16;2004-2011 : 50 boules / 9 etoiles;boule_2;11;boule
2010-04-16;2004-2011 : 50 boules / 9 etoiles;boule_1;17;boule
2010-04-16;2004-2011 : 50 boules / 9 etoiles;boule_3;26;boule
2010-04-16;2004-2011 : 50 boules / 9 etoiles;boule_4;40;boule
2010-04-16;2004-2011 : 50 boules / 9 etoiles;etoile_2;3;etoile
2010-04-16;2004-2011 : 50 boules / 9 etoiles;etoile_1;9;etoile
2010-04-23;2004-2011 : 50 boules / 9 etoiles;boule_2;3;boule
2010-04-23;2004-2011 : 50 boules / 9 etoiles;boule_3;7;boule
2010-04-23;2004-2011 : 50 boules / 9 etoiles;boule_4;8;boule
2010-04-23;2004-2011 : 50 boules / 9 etoiles;boule_5;43;boule
2010-04-23;2004-2011 : 50 boules / 9 etoiles;boule_1;46;boule
2010-04-23;2004-2011 : 50 boules / 9 etoiles;etoile_1;6;etoile
2010-04-23;2004-2011 : 50 boules / 9 etoiles;etoile_2;8;etoile
2010-04-30;2004-2011 : 50 boules / 9 etoiles;boule_1;6;boule
2010-04-30;2004-2011 : 50 boules / 9 etoiles;boule_3;22;boule
2010-04-30;2004-2011 : 50 boules / 9 etoiles;boule_5;24;boule
2010-04-30;2004-2011 : 50 boules / 9 etoiles;boule_4;25;boule
2010-04-30;2004-2011 : 50 boules / 9 etoiles;boule_2;36;boule
2010-04-30;2004-2011 : 50 boules / 9 etoiles;etoile_1;3;etoile
2010-04-30;2004-2011 : 50 boules / 9 etoiles;etoile_2;8;etoile
2010-05-07;2004-2011 : 50 boules / 9 etoiles;boule_4;3;boule
2010-05-07;2004-2011 : 50 boules / 9 etoiles;boule_3;6;boule
2010-05-07;2004-2011 : 50 boules / 9 etoiles;boule_1;15;boule
2010-05-07;2004-2011 : 50 boules / 9 etoiles;boule_2;21;boule
2010-05-07;2004-2011 : 50 boules / 9 etoiles;boule_5;32;boule
2010-05-07;2004-2011 : 50 boules / 9 etoiles;etoile_1;7;etoile
2010-05-07;2004-2011 : 50 boules / 9 etoiles;etoile_2;9;etoile
2010-05-14;2004-2011 : 50 boules / 9 etoiles;boule_5;1;boule
2010-05-14;2004-2011 : 50 boules / 9 etoiles;boule_1;17;boule
2010-05-14;2004-2011 : 50 boules / 9 etoiles;boule_2;31;boule
2010-05-14;2004-2011 : 50 boules / 9 etoiles;boule_3;43;boule
2010-05-14;2004-2011 : 50 boules / 9 etoiles;boule_4;47;boule
2010-05-14;2004-2011 : 50 boules / 9 etoiles;etoile_2;2;etoile
2010-05-14;2004-2011 : 50 boules / 9 etoiles;etoile_1;3;etoile
2010-05-21;2004-2011 : 50 boules / 9 etoiles;boule_4;7;boule
2010-05-21;2004-2011 : 50 boules / 9 etoiles;boule_2;19;boule
2010-05-21;2004-2011 : 50 boules / 9 etoiles;boule_5;30;boule
2010-05-21;2004-2011 : 50 boules / 9 etoiles;boule_1;38;boule
2010-05-21;2004-2011 : 50 boules / 9 etoiles;boule_3;50;boule
2010-05-21;2004-2011 : 50 boules / 9 etoiles;etoile_1;4;etoile
2010-05-21;2004-2011 : 50 boules / 9 etoiles;etoile_2;7;etoile
2010-05-28;2004-2011 : 50 boules / 9 etoiles;boule_5;4;boule
2010-05-28;2004-2011 : 50 boules / 9 etoiles;boule_1;9;boule
2010-05-28;2004-2011 : 50 boules / 9 etoiles;boule_2;31;boule
2010-05-28;2004-2011 : 50 boules / 9 etoiles;boule_3;32;boule
2010-05-28;2004-2011 : 50 boules / 9 etoiles;boule_4;33;boule
2010-05-28;2004-2011 : 50 boules / 9 etoiles;etoile_1;3;etoile
2010-05-28;2004-2011 : 50 boules / 9 etoiles;etoile_2;7;etoile
2010-06-04;2004-2011 : 50 boules / 9 etoiles;boule_5;4;boule
2010-06-04;2004-2011 : 50 boules / 9 etoiles;boule_3;17;boule
2010-06-04;2004-2011 : 50 boules / 9 etoiles;boule_1;34;boule
2010-06-04;2004-2011 : 50 boules / 9 etoiles;boule_4;40;boule
2010-06-04;2004-2011 : 50 boules / 9 etoiles;boule_2;42;boule
2010-06-04;2004-2011 : 50 boules / 9 etoiles;etoile_2;4;etoile
2010-06-04;2004-2011 : 50 boules / 9 etoiles;etoile_1;9;etoile
2010-06-11;2004-2011 : 50 boules / 9 etoiles;boule_2;2;boule
2010-06-11;2004-2011 : 50 boules / 9 etoiles;boule_4;22;boule
2010-06-11;2004-2011 : 50 boules / 9 etoiles;boule_5;24;boule
2010-06-11;2004-2011 : 50 boules / 9 etoiles;boule_3;36;boule
2010-06-11;2004-2011 : 50 boules / 9 etoiles;boule_1;44;boule
2010-06-11;2004-2011 : 50 boules / 9 etoiles;etoile_2;1;etoile
2010-06-11;2004-2011 : 50 boules / 9 etoiles;etoile_1;2;etoile
2010-06-18;2004-2011 : 50 boules / 9 etoiles;boule_1;2;boule
2010-06-18;2004-2011 : 50 boules / 9 etoiles;boule_2;29;boule
2010-06-18;2004-2011 : 50 boules / 9 etoiles;boule_3;31;boule
2010-06-18;2004-2011 : 50 boules / 9 etoiles;boule_5;32;boule
2010-06-18;2004-2011 : 50 boules / 9 etoiles;boule_4;38;boule
2010-06-18;2004-2011 : 50 boules / 9 etoiles;etoile_2;1;etoile
2010-06-18;2004-2011 : 50 boules / 9 etoiles;etoile_1;4;etoile
2010-06-25;2004-2011 : 50 boules / 9 etoiles;boule_2;1;boule
2010-06-25;2004-2011 : 50 boules / 9 etoiles;boule_3;8;boule
2010-06-25;2004-2011 : 50 boules / 9 etoiles;boule_1;18;boule
2010-06-25;2004-2011 : 50 boules / 9 etoiles;boule_4;28;boule
2010-06-25;2004-2011 : 50 boules / 9 etoiles;boule_5;31;boule
2010-06-25;2004-2011 : 50 boules / 9 etoiles;etoile_2;8;etoile
2010-06-25;2004-2011 : 50 boules / 9 etoiles;etoile_1;9;etoile
2010-07-02;2004-2011 : 50 boules / 9 etoiles;boule_5;12;boule
2010-07-02;2004-2011 : 50 boules / 9 etoiles;boule_4;13;boule
2010-07-02;2004-2011 : 50 boules / 9 etoiles;boule_3;36;boule
2010-07-02;2004-2011 : 50 boules / 9 etoiles;boule_2;41;boule
2010-07-02;2004-2011 : 50 boules / 9 etoiles;boule_1;46;boule
2010-07-02;2004-2011 : 50 boules / 9 etoiles;etoile_2;1;etoile
2010-07-02;2004-2011 : 50 boules / 9 etoiles;etoile_1;8;etoile
2010-07-09;2004-2011 : 50 boules / 9 etoiles;boule_2;9;boule
2010-07-09;2004-2011 : 50 boules / 9 etoiles;boule_4;24;boule
2010-07-09;2004-2011 : 50 boules / 9 etoiles;boule_1;37;boule
2010-07-09;2004-2011 : 50 boules / 9 etoiles;boule_5;39;boule
2010-07-09;2004-2011 : 50 boules / 9 etoiles;boule_3;49;boule
2010-07-09;2004-2011 : 50 boules / 9 etoiles;etoile_1;3;etoile
2010-07-09;2004-2011 : 50 boules / 9 etoiles;etoile_2;9;etoile
2010-07-16;2004-2011 : 50 boules / 9 etoiles;boule_5;38;boule
2010-07-16;2004-2011 : 50 boules / 9 etoiles;boule_4;39;boule
2010-07-16;2004-2011 : 50 boules / 9 etoiles;boule_3;45;boule
2010-07-16;2004-2011 : 50 boules / 9 etoiles;boule_2;46;boule
2010-07-16;2004-2011 : 50 boules / 9 etoiles;boule_1;49;boule
2010-07-16;2004-2011 : 50 boules / 9 etoiles;etoile_1;7;etoile
2010-07-16;2004-2011 : 50 boules / 9 etoiles;etoile_2;8;etoile
2010-07-23;2004-2011 : 50 boules / 9 etoiles;boule_1;4;boule
2010-07-23;2004-2011 : 50 boules / 9 etoiles;boule_2;13;boule
2010-07-23;2004-2011 : 50 boules / 9 etoiles;boule_4;35;boule
2010-07-23;2004-2011 : 50 boules / 9 etoiles;boule_3;37;boule
2010-07-23;2004-2011 : 50 boules / 9 etoiles;boule_5;46;boule
2010-07-23;2004-2011 : 50 boules / 9 etoiles;etoile_2;3;etoile
2010-07-23;2004-2011 : 50 boules / 9 etoiles;etoile_1;9;etoile
2010-07-30;2004-2011 : 50 boules / 9 etoiles;boule_3;3;boule
2010-07-30;2004-2011 : 50 boules / 9 etoiles;boule_4;4;boule
2010-07-30;2004-2011 : 50 boules / 9 etoiles;boule_2;11;boule
2010-07-30;2004-2011 : 50 boules / 9 etoiles;boule_5;28;boule
2010-07-30;2004-2011 : 50 boules / 9 etoiles;boule_1;39;boule
2010-07-30;2004-2011 : 50 boules / 9 etoiles;etoile_2;2;etoile
2010-07-30;2004-2011 : 50 boules / 9 etoiles;etoile_1;8;etoile
2010-08-06;2004-2011 : 50 boules / 9 etoiles;boule_3;13;boule
2010-08-06;2004-2011 : 50 boules / 9 etoiles;boule_5;25;boule
2010-08-06;2004-2011 : 50 boules / 9 etoiles;boule_2;28;boule
2010-08-06;2004-2011 : 50 boules / 9 etoiles;boule_4;29;boule
2010-08-06;2004-2011 : 50 boules / 9 etoiles;boule_1;42;boule
2010-08-06;2004-2011 : 50 boules / 9 etoiles;etoile_1;4;etoile
2010-08-06;2004-2011 : 50 boules / 9 etoiles;etoile_2;5;etoile
2010-08-13;2004-2011 : 50 boules / 9 etoiles;boule_5;4;boule
2010-08-13;2004-2011 : 50 boules / 9 etoiles;boule_2;9;boule
2010-08-13;2004-2011 : 50 boules / 9 etoiles;boule_1;15;boule
2010-08-13;2004-2011 : 50 boules / 9 etoiles;boule_4;21;boule
2010-08-13;2004-2011 : 50 boules / 9 etoiles;boule_3;47;boule
2010-08-13;2004-2011 : 50 boules / 9 etoiles;etoile_2;2;etoile
2010-08-13;2004-2011 : 50 boules / 9 etoiles;etoile_1;7;etoile
2010-08-20;2004-2011 : 50 boules / 9 etoiles;boule_3;5;boule
2010-08-20;2004-2011 : 50 boules / 9 etoiles;boule_1;27;boule
2010-08-20;2004-2011 : 50 boules / 9 etoiles;boule_2;31;boule
2010-08-20;2004-2011 : 50 boules / 9 etoiles;boule_5;40;boule
2010-08-20;2004-2011 : 50 boules / 9 etoiles;boule_4;42;boule
2010-08-20;2004-2011 : 50 boules / 9 etoiles;etoile_2;1;etoile
2010-08-20;2004-2011 : 50 boules / 9 etoiles;etoile_1;6;etoile
2010-08-27;2004-2011 : 50 boules / 9 etoiles;boule_4;1;boule
2010-08-27;2004-2011 : 50 boules / 9 etoiles;boule_2;6;boule
2010-08-27;2004-2011 : 50 boules / 9 etoiles;boule_1;13;boule
2010-08-27;2004-2011 : 50 boules / 9 etoiles;boule_3;30;boule
2010-08-27;2004-2011 : 50 boules / 9 etoiles;boule_5;49;boule
2010-08-27;2004-2011 : 50 boules / 9 etoiles;etoile_1;1;etoile
2010-08-27;2004-2011 : 50 boules / 9 etoiles;etoile_2;9;etoile
2010-09-03;2004-2011 : 50 boules / 9 etoiles;boule_5;13;boule
2010-09-03;2004-2011 : 50 boules / 9 etoiles;boule_1;24;boule
2010-09-03;2004-2011 : 50 boules / 9 etoiles;boule_4;26;boule
2010-09-03;2004-2011 : 50 boules / 9 etoiles;boule_3;47;boule
2010-09-03;2004-2011 : 50 boules / 9 etoiles;boule_2;49;boule
2010-09-03;2004-2011 : 50 boules / 9 etoiles;etoile_1;4;etoile
2010-09-03;2004-2011 : 50 boules / 9 etoiles;etoile_2;8;etoile
2010-09-10;2004-2011 : 50 boules / 9 etoiles;boule_5;17;boule
2010-09-10;2004-2011 : 50 boules / 9 etoiles;boule_3;21;boule
2010-09-10;2004-2011 : 50 boules / 9 etoiles;boule_1;35;boule
2010-09-10;2004-2011 : 50 boules / 9 etoiles;boule_2;41;boule
2010-09-10;2004-2011 : 50 boules / 9 etoiles;boule_4;45;boule
2010-09-10;2004-2011 : 50 boules / 9 etoiles;etoile_2;1;etoile
2010-09-10;2004-2011 : 50 boules / 9 etoiles;etoile_1;5;etoile
2010-09-17;2004-2011 : 50 boules / 9 etoiles;boule_4;17;boule
2010-09-17;2004-2011 : 50 boules / 9 etoiles;boule_2;27;boule
2010-09-17;2004-2011 : 50 boules / 9 etoiles;boule_5;29;boule
2010-09-17;2004-2011 : 50 boules / 9 etoiles;boule_3;38;boule
2010-09-17;2004-2011 : 50 boules / 9 etoiles;boule_1;50;boule
2010-09-17;2004-2011 : 50 boules / 9 etoiles;etoile_2;1;etoile
2010-09-17;2004-2011 : 50 boules / 9 etoiles;etoile_1;3;etoile
2010-09-24;2004-2011 : 50 boules / 9 etoiles;boule_1;1;boule
2010-09-24;2004-2011 : 50 boules / 9 etoiles;boule_4;4;boule
2010-09-24;2004-2011 : 50 boules / 9 etoiles;boule_2;16;boule
2010-09-24;2004-2011 : 50 boules / 9 etoiles;boule_5;40;boule
2010-09-24;2004-2011 : 50 boules / 9 etoiles;boule_3;48;boule
2010-09-24;2004-2011 : 50 boules / 9 etoiles;etoile_1;1;etoile
2010-09-24;2004-2011 : 50 boules / 9 etoiles;etoile_2;9;etoile
2010-10-01;2004-2011 : 50 boules / 9 etoiles;boule_5;1;boule
2010-10-01;2004-2011 : 50 boules / 9 etoiles;boule_1;4;boule
2010-10-01;2004-2011 : 50 boules / 9 etoiles;boule_3;6;boule
2010-10-01;2004-2011 : 50 boules / 9 etoiles;boule_2;27;boule
2010-10-01;2004-2011 : 50 boules / 9 etoiles;boule_4;48;boule
2010-10-01;2004-2011 : 50 boules / 9 etoiles;etoile_1;1;etoile
2010-10-01;2004-2011 : 50 boules / 9 etoiles;etoile_2;6;etoile
2010-10-08;2004-2011 : 50 boules / 9 etoiles;boule_5;9;boule
2010-10-08;2004-2011 : 50 boules / 9 etoiles;boule_4;30;boule
2010-10-08;2004-2011 : 50 boules / 9 etoiles;boule_2;35;boule
2010-10-08;2004-2011 : 50 boules / 9 etoiles;boule_3;39;boule
2010-10-08;2004-2011 : 50 boules / 9 etoiles;boule_1;46;boule
2010-10-08;2004-2011 : 50 boules / 9 etoiles;etoile_1;6;etoile
2010-10-08;2004-2011 : 50 boules / 9 etoiles;etoile_2;8;etoile
2010-10-15;2004-2011 : 50 boules / 9 etoiles;boule_3;2;boule
2010-10-15;2004-2011 : 50 boules / 9 etoiles;boule_2;31;boule
2010-10-15;2004-2011 : 50 boules / 9 etoiles;boule_4;36;boule
2010-10-15;2004-2011 : 50 boules / 9 etoiles;boule_1;38;boule
2010-10-15;2004-2011 : 50 boules / 9 etoiles;boule_5;43;boule
2010-10-15;2004-2011 : 50 boules / 9 etoiles;etoile_2;3;etoile
2010-10-15;2004-2011 : 50 boules / 9 etoiles;etoile_1;7;etoile
2010-10-22;2004-2011 : 50 boules / 9 etoiles;boule_5;4;boule
2010-10-22;2004-2011 : 50 boules / 9 etoiles;boule_2;5;boule
2010-10-22;2004-2011 : 50 boules / 9 etoiles;boule_4;9;boule
2010-10-22;2004-2011 : 50 boules / 9 etoiles;boule_3;11;boule
2010-10-22;2004-2011 : 50 boules / 9 etoiles;boule_1;39;boule
2010-10-22;2004-2011 : 50 boules / 9 etoiles;etoile_1;3;etoile
2010-10-22;2004-2011 : 50 boules / 9 etoiles;etoile_2;5;etoile
2010-10-29;2004-2011 : 50 boules / 9 etoiles;boule_3;16;boule
2010-10-29;2004-2011 : 50 boules / 9 etoiles;boule_5;20;boule
2010-10-29;2004-2011 : 50 boules / 9 etoiles;boule_2;22;boule
2010-10-29;2004-2011 : 50 boules / 9 etoiles;boule_1;32;boule
2010-10-29;2004-2011 : 50 boules / 9 etoiles;boule_4;42;boule
2010-10-29;2004-2011 : 50 boules / 9 etoiles;etoile_1;8;etoile
2010-10-29;2004-2011 : 50 boules / 9 etoiles;etoile_2;9;etoile
2010-11-05;2004-2011 : 50 boules / 9 etoiles;boule_1;21;boule
2010-11-05;2004-2011 : 50 boules / 9 etoiles;boule_2;23;boule
2010-11-05;2004-2011 : 50 boules / 9 etoiles;boule_3;33;boule
2010-11-05;2004-2011 : 50 boules / 9 etoiles;boule_5;40;boule
2010-11-05;2004-2011 : 50 boules / 9 etoiles;boule_4;50;boule
2010-11-05;2004-2011 : 50 boules / 9 etoiles;etoile_2;4;etoile
2010-11-05;2004-2011 : 50 boules / 9 etoiles;etoile_1;5;etoile
2010-11-12;2004-2011 : 50 boules / 9 etoiles;boule_3;7;boule
2010-11-12;2004-2011 : 50 boules / 9 etoiles;boule_4;19;boule
2010-11-12;2004-2011 : 50 boules / 9 etoiles;boule_1;23;boule
2010-11-12;2004-2011 : 50 boules / 9 etoiles;boule_5;29;boule
2010-11-12;2004-2011 : 50 boules / 9 etoiles;boule_2;47;boule
2010-11-12;2004-2011 : 50 boules / 9 etoiles;etoile_2;1;etoile
2010-11-12;2004-2011 : 50 boules / 9 etoiles;etoile_1;6;etoile
2010-11-19;2004-2011 : 50 boules / 9 etoiles;boule_2;12;boule
2010-11-19;2004-2011 : 50 boules / 9 etoiles;boule_3;15;boule
2010-11-19;2004-2011 : 50 boules / 9 etoiles;boule_5;32;boule
2010-11-19;2004-2011 : 50 boules / 9 etoiles;boule_1;36;boule
2010-11-19;2004-2011 : 50 boules / 9 etoiles;boule_4;45;boule
2010-11-19;2004-2011 : 50 boules / 9 etoiles;etoile_2;7;etoile
2010-11-19;2004-2011 : 50 boules / 9 etoiles;etoile_1;9;etoile
2010-11-26;2004-2011 : 50 boules / 9 etoiles;boule_1;9;boule
2010-11-26;2004-2011 : 50 boules / 9 etoiles;boule_5;28;boule
2010-11-26;2004-2011 : 50 boules / 9 etoiles;boule_3;36;boule
2010-11-26;2004-2011 : 50 boules / 9 etoiles;boule_2;41;boule
2010-11-26;2004-2011 : 50 boules / 9 etoiles;boule_4;49;boule
2010-11-26;2004-2011 : 50 boules / 9 etoiles;etoile_2;5;etoile
2010-11-26;2004-2011 : 50 boules / 9 etoiles;etoile_1;7;etoile
2010-12-03;2004-2011 : 50 boules / 9 etoiles;boule_4;8;boule
2010-12-03;2004-2011 : 50 boules / 9 etoiles;boule_5;19;boule
2010-12-03;2004-2011 : 50 boules / 9 etoiles;boule_1;28;boule
2010-12-03;2004-2011 : 50 boules / 9 etoiles;boule_2;32;boule
2010-12-03;2004-2011 : 50 boules / 9 etoiles;boule_3;46;boule
2010-12-03;2004-2011 : 50 boules / 9 etoiles;etoile_1;4;etoile
2010-12-03;2004-2011 : 50 boules / 9 etoiles;etoile_2;7;etoile
2010-12-10;2004-2011 : 50 boules / 9 etoiles;boule_2;2;boule
2010-12-10;2004-2011 : 50 boules / 9 etoiles;boule_4;3;boule
2010-12-10;2004-2011 : 50 boules / 9 etoiles;boule_3;10;boule
2010-12-10;2004-2011 : 50 boules / 9 etoiles;boule_5;33;boule
2010-12-10;2004-2011 : 50 boules / 9 etoiles;boule_1;46;boule
2010-12-10;2004-2011 : 50 boules / 9 etoiles;etoile_2;7;etoile
2010-12-10;2004-2011 : 50 boules / 9 etoiles;etoile_1;8;etoile
2010-12-17;2004-2011 : 50 boules / 9 etoiles;boule_1;3;boule
2010-12-17;2004-2011 : 50 boules / 9 etoiles;boule_5;20;boule
2010-12-17;2004-2011 : 50 boules / 9 etoiles;boule_3;29;boule
2010-12-17;2004-2011 : 50 boules / 9 etoiles;boule_2;35;boule
2010-12-17;2004-2011 : 50 boules / 9 etoiles;boule_4;42;boule
2010-12-17;2004-2011 : 50 boules / 9 etoiles;etoile_1;3;etoile
2010-12-17;2004-2011 : 50 boules / 9 etoiles;etoile_2;8;etoile
2010-12-24;2004-2011 : 50 boules / 9 etoiles;boule_2;19;boule
2010-12-24;2004-2011 : 50 boules / 9 etoiles;boule_4;36;boule
2010-12-24;2004-2011 : 50 boules / 9 etoiles;boule_5;38;boule
2010-12-24;2004-2011 : 50 boules / 9 etoiles;boule_3;42;boule
2010-12-24;2004-2011 : 50 boules / 9 etoiles;boule_1;46;boule
2010-12-24;2004-2011 : 50 boules / 9 etoiles;etoile_2;2;etoile
2010-12-24;2004-2011 : 50 boules / 9 etoiles;etoile_1;8;etoile
2010-12-31;2004-2011 : 50 boules / 9 etoiles;boule_1;2;boule
2010-12-31;2004-2011 : 50 boules / 9 etoiles;boule_2;24;boule
2010-12-31;2004-2011 : 50 boules / 9 etoiles;boule_5;34;boule
2010-12-31;2004-2011 : 50 boules / 9 etoiles;boule_4;38;boule
2010-12-31;2004-2011 : 50 boules / 9 etoiles;boule_3;43;boule
2010-12-31;2004-2011 : 50 boules / 9 etoiles;etoile_1;1;etoile
2010-12-31;2004-2011 : 50 boules / 9 etoiles;etoile_2;7;etoile
2011-01-07;2004-2011 : 50 boules / 9 etoiles;boule_3;1;boule
2011-01-07;2004-2011 : 50 boules / 9 etoiles;boule_2;22;boule
2011-01-07;2004-2011 : 50 boules / 9 etoiles;boule_1;32;boule
2011-01-07;2004-2011 : 50 boules / 9 etoiles;boule_4;48;boule
2011-01-07;2004-2011 : 50 boules / 9 etoiles;boule_5;50;boule
2011-01-07;2004-2011 : 50 boules / 9 etoiles;etoile_2;6;etoile
2011-01-07;2004-2011 : 50 boules / 9 etoiles;etoile_1;7;etoile
2011-01-14;2004-2011 : 50 boules / 9 etoiles;boule_2;2;boule
2011-01-14;2004-2011 : 50 boules / 9 etoiles;boule_4;14;boule
2011-01-14;2004-2011 : 50 boules / 9 etoiles;boule_3;24;boule
2011-01-14;2004-2011 : 50 boules / 9 etoiles;boule_5;39;boule
2011-01-14;2004-2011 : 50 boules / 9 etoiles;boule_1;44;boule
2011-01-14;2004-2011 : 50 boules / 9 etoiles;etoile_2;6;etoile
2011-01-14;2004-2011 : 50 boules / 9 etoiles;etoile_1;7;etoile
2011-01-21;2004-2011 : 50 boules / 9 etoiles;boule_4;3;boule
2011-01-21;2004-2011 : 50 boules / 9 etoiles;boule_2;11;boule
2011-01-21;2004-2011 : 50 boules / 9 etoiles;boule_3;13;boule
2011-01-21;2004-2011 : 50 boules / 9 etoiles;boule_5;18;boule
2011-01-21;2004-2011 : 50 boules / 9 etoiles;boule_1;21;boule
2011-01-21;2004-2011 : 50 boules / 9 etoiles;etoile_2;4;etoile
2011-01-21;2004-2011 : 50 boules / 9 etoiles;etoile_1;5;etoile
2011-01-28;2004-2011 : 50 boules / 9 etoiles;boule_5;13;boule
2011-01-28;2004-2011 : 50 boules / 9 etoiles;boule_3;23;boule
2011-01-28;2004-2011 : 50 boules / 9 etoiles;boule_2;24;boule
2011-01-28;2004-2011 : 50 boules / 9 etoiles;boule_1;41;boule
2011-01-28;2004-2011 : 50 boules / 9 etoiles;boule_4;42;boule
2011-01-28;2004-2011 : 50 boules / 9 etoiles;etoile_2;1;etoile
2011-01-28;2004-2011 : 50 boules / 9 etoiles;etoile_1;5;etoile
2011-02-04;2004-2011 : 50 boules / 9 etoiles;boule_4;2;boule
2011-02-04;2004-2011 : 50 boules / 9 etoiles;boule_3;11;boule
2011-02-04;2004-2011 : 50 boules / 9 etoiles;boule_5;24;boule
2011-02-04;2004-2011 : 50 boules / 9 etoiles;boule_2;35;boule
2011-02-04;2004-2011 : 50 boules / 9 etoiles;boule_1;47;boule
2011-02-04;2004-2011 : 50 boules / 9 etoiles;etoile_1;5;etoile
2011-02-04;2004-2011 : 50 boules / 9 etoiles;etoile_2;9;etoile
2011-02-11;2004-2011 : 50 boules / 9 etoiles;boule_3;12;boule
2011-02-11;2004-2011 : 50 boules / 9 etoiles;boule_2;14;boule
2011-02-11;2004-2011 : 50 boules / 9 etoiles;boule_1;15;boule
2011-02-11;2004-2011 : 50 boules / 9 etoiles;boule_4;19;boule
2011-02-11;2004-2011 : 50 boules / 9 etoiles;boule_5;23;boule
2011-02-11;2004-2011 : 50 boules / 9 etoiles;etoile_1;7;etoile
2011-02-11;2004-2011 : 50 boules / 9 etoiles;etoile_2;8;etoile
2011-02-18;2004-2011 : 50 boules / 9 etoiles;boule_5;2;boule
2011-02-18;2004-2011 : 50 boules / 9 etoiles;boule_2;3;boule
2011-02-18;2004-2011 : 50 boules / 9 etoiles;boule_4;15;boule
2011-02-18;2004-2011 : 50 boules / 9 etoiles;boule_1;45;boule
2011-02-18;2004-2011 : 50 boules / 9 etoiles;boule_3;49;boule
2011-02-18;2004-2011 : 50 boules / 9 etoiles;etoile_2;5;etoile
2011-02-18;2004-2011 : 50 boules / 9 etoiles;etoile_1;9;etoile
2011-02-25;2004-2011 : 50 boules / 9 etoiles;boule_5;12;boule
2011-02-25;2004-2011 : 50 boules / 9 etoiles;boule_3;13;boule
2011-02-25;2004-2011 : 50 boules / 9 etoiles;boule_1;42;boule
2011-02-25;2004-2011 : 50 boules / 9 etoiles;boule_2;45;boule
2011-02-25;2004-2011 : 50 boules / 9 etoiles;boule_4;48;boule
2011-02-25;2004-2011 : 50 boules / 9 etoiles;etoile_1;3;etoile
2011-02-25;2004-2011 : 50 boules / 9 etoiles;etoile_2;9;etoile
2011-03-04;2004-2011 : 50 boules / 9 etoiles;boule_4;11;boule
2011-03-04;2004-2011 : 50 boules / 9 etoiles;boule_3;25;boule
2011-03-04;2004-2011 : 50 boules / 9 etoiles;boule_5;27;boule
2011-03-04;2004-2011 : 50 boules / 9 etoiles;boule_1;28;boule
2011-03-04;2004-2011 : 50 boules / 9 etoiles;boule_2;41;boule
2011-03-04;2004-2011 : 50 boules / 9 etoiles;etoile_2;5;etoile
2011-03-04;2004-2011 : 50 boules / 9 etoiles;etoile_1;8;etoile
2011-03-11;2004-2011 : 50 boules / 9 etoiles;boule_1;17;boule
2011-03-11;2004-2011 : 50 boules / 9 etoiles;boule_4;19;boule
2011-03-11;2004-2011 : 50 boules / 9 etoiles;boule_2;24;boule
2011-03-11;2004-2011 : 50 boules / 9 etoiles;boule_3;37;boule
2011-03-11;2004-2011 : 50 boules / 9 etoiles;boule_5;46;boule
2011-03-11;2004-2011 : 50 boules / 9 etoiles;etoile_1;2;etoile
2011-03-11;2004-2011 : 50 boules / 9 etoiles;etoile_2;7;etoile
2011-03-18;2004-2011 : 50 boules / 9 etoiles;boule_4;1;boule
2011-03-18;2004-2011 : 50 boules / 9 etoiles;boule_2;13;boule
2011-03-18;2004-2011 : 50 boules / 9 etoiles;boule_5;20;boule
2011-03-18;2004-2011 : 50 boules / 9 etoiles;boule_3;26;boule
2011-03-18;2004-2011 : 50 boules / 9 etoiles;boule_1;50;boule
2011-03-18;2004-2011 : 50 boules / 9 etoiles;etoile_2;6;etoile
2011-03-18;2004-2011 : 50 boules / 9 etoiles;etoile_1;7;etoile
2011-03-25;2004-2011 : 50 boules / 9 etoiles;boule_3;6;boule
2011-03-25;2004-2011 : 50 boules / 9 etoiles;boule_1;12;boule
2011-03-25;2004-2011 : 50 boules / 9 etoiles;boule_2;21;boule
2011-03-25;2004-2011 : 50 boules / 9 etoiles;boule_5;27;boule
2011-03-25;2004-2011 : 50 boules / 9 etoiles;boule_4;33;boule
2011-03-25;2004-2011 : 50 boules / 9 etoiles;etoile_2;3;etoile
2011-03-25;2004-2011 : 50 boules / 9 etoiles;etoile_1;7;etoile
2011-04-01;2004-2011 : 50 boules / 9 etoiles;boule_5;4;boule
2011-04-01;2004-2011 : 50 boules / 9 etoiles;boule_1;17;boule
2011-04-01;2004-2011 : 50 boules / 9 etoiles;boule_4;21;boule
2011-04-01;2004-2011 : 50 boules / 9 etoiles;boule_3;22;boule
2011-04-01;2004-2011 : 50 boules / 9 etoiles;boule_2;33;boule
2011-04-01;2004-2011 : 50 boules / 9 etoiles;etoile_1;4;etoile
2011-04-01;2004-2011 : 50 boules / 9 etoiles;etoile_2;8;etoile
2011-04-08;2004-2011 : 50 boules / 9 etoiles;boule_1;21;boule
2011-04-08;2004-2011 : 50 boules / 9 etoiles;boule_3;23;boule
2011-04-08;2004-2011 : 50 boules / 9 etoiles;boule_4;38;boule
2011-04-08;2004-2011 : 50 boules / 9 etoiles;boule_2;47;boule
2011-04-08;2004-2011 : 50 boules / 9 etoiles;boule_5;50;boule
2011-04-08;2004-2011 : 50 boules / 9 etoiles;etoile_2;2;etoile
2011-04-08;2004-2011 : 50 boules / 9 etoiles;etoile_1;6;etoile
2011-04-15;2004-2011 : 50 boules / 9 etoiles;boule_1;4;boule
2011-04-15;2004-2011 : 50 boules / 9 etoiles;boule_3;6;boule
2011-04-15;2004-2011 : 50 boules / 9 etoiles;boule_4;21;boule
2011-04-15;2004-2011 : 50 boules / 9 etoiles;boule_5;39;boule
2011-04-15;2004-2011 : 50 boules / 9 etoiles;boule_2;41;boule
2011-04-15;2004-2011 : 50 boules / 9 etoiles;etoile_1;2;etoile
2011-04-15;2004-2011 : 50 boules / 9 etoiles;etoile_2;6;etoile
2011-04-22;2004-2011 : 50 boules / 9 etoiles;boule_4;11;boule
2011-04-22;2004-2011 : 50 boules / 9 etoiles;boule_1;22;boule
2011-04-22;2004-2011 : 50 boules / 9 etoiles;boule_5;36;boule
2011-04-22;2004-2011 : 50 boules / 9 etoiles;boule_2;45;boule
2011-04-22;2004-2011 : 50 boules / 9 etoiles;boule_3;48;boule
2011-04-22;2004-2011 : 50 boules / 9 etoiles;etoile_1;1;etoile
2011-04-22;2004-2011 : 50 boules / 9 etoiles;etoile_2;4;etoile
2011-04-29;2004-2011 : 50 boules / 9 etoiles;boule_4;15;boule
2011-04-29;2004-2011 : 50 boules / 9 etoiles;boule_3;25;boule
2011-04-29;2004-2011 : 50 boules / 9 etoiles;boule_1;38;boule
2011-04-29;2004-2011 : 50 boules / 9 etoiles;boule_2;40;boule
2011-04-29;2004-2011 : 50 boules / 9 etoiles;boule_5;41;boule
2011-04-29;2004-2011 : 50 boules / 9 etoiles;etoile_1;1;etoile
2011-04-29;2004-2011 : 50 boules / 9 etoiles;etoile_2;2;etoile
2011-05-06;2004-2011 : 50 boules / 9 etoiles;boule_5;11;boule
2011-05-06;2004-2011 : 50 boules / 9 etoiles;boule_2;16;boule
2011-05-06;2004-2011 : 50 boules / 9 etoiles;boule_3;20;boule
2011-05-06;2004-2011 : 50 boules / 9 etoiles;boule_4;22;boule
2011-05-06;2004-2011 : 50 boules / 9 etoiles;boule_1;28;boule
2011-05-06;2004-2011 : 50 boules / 9 etoiles;etoile_1;4;etoile
2011-05-06;2004-2011 : 50 boules / 9 etoiles;etoile_2;9;etoile
2011-05-10;2011-2016 : 50 boules / 11 etoiles;boule_2;3;boule
2011-05-10;2011-2016 : 50 boules / 11 etoiles;boule_4;10;boule
2011-05-10;2011-2016 : 50 boules / 11 etoiles;boule_5;15;boule
2011-05-10;2011-2016 : 50 boules / 11 etoiles;boule_1;28;boule
2011-05-10;2011-2016 : 50 boules / 11 etoiles;boule_3;45;boule
2011-05-10;2011-2016 : 50 boules / 11 etoiles;etoile_2;5;etoile
2011-05-10;2011-2016 : 50 boules / 11 etoiles;etoile_1;7;etoile
2011-05-13;2011-2016 : 50 boules / 11 etoiles;boule_5;9;boule
2011-05-13;2011-2016 : 50 boules / 11 etoiles;boule_3;11;boule
2011-05-13;2011-2016 : 50 boules / 11 etoiles;boule_1;17;boule
2011-05-13;2011-2016 : 50 boules / 11 etoiles;boule_4;36;boule
2011-05-13;2011-2016 : 50 boules / 11 etoiles;boule_2;47;boule
2011-05-13;2011-2016 : 50 boules / 11 etoiles;etoile_2;1;etoile
2011-05-13;2011-2016 : 50 boules / 11 etoiles;etoile_1;2;etoile
2011-05-17;2011-2016 : 50 boules / 11 etoiles;boule_2;20;boule
2011-05-17;2011-2016 : 50 boules / 11 etoiles;boule_3;21;boule
2011-05-17;2011-2016 : 50 boules / 11 etoiles;boule_1;37;boule
2011-05-17;2011-2016 : 50 boules / 11 etoiles;boule_4;45;boule
2011-05-17;2011-2016 : 50 boules / 11 etoiles;boule_5;46;boule
2011-05-17;2011-2016 : 50 boules / 11 etoiles;etoile_2;2;etoile
2011-05-17;2011-2016 : 50 boules / 11 etoiles;etoile_1;3;etoile
2011-05-20;2011-2016 : 50 boules / 11 etoiles;boule_3;10;boule
2011-05-20;2011-2016 : 50 boules / 11 etoiles;boule_5;14;boule
2011-05-20;2011-2016 : 50 boules / 11 etoiles;boule_4;20;boule
2011-05-20;2011-2016 : 50 boules / 11 etoiles;boule_2;25;boule
2011-05-20;2011-2016 : 50 boules / 11 etoiles;boule_1;42;boule
2011-05-20;2011-2016 : 50 boules / 11 etoiles;etoile_1;8;etoile
2011-05-20;2011-2016 : 50 boules / 11 etoiles;etoile_2;11;etoile
2011-05-24;2011-2016 : 50 boules / 11 etoiles;boule_1;16;boule
2011-05-24;2011-2016 : 50 boules / 11 etoiles;boule_2;23;boule
2011-05-24;2011-2016 : 50 boules / 11 etoiles;boule_3;24;boule
2011-05-24;2011-2016 : 50 boules / 11 etoiles;boule_5;26;boule
2011-05-24;2011-2016 : 50 boules / 11 etoiles;boule_4;29;boule
2011-05-24;2011-2016 : 50 boules / 11 etoiles;etoile_1;2;etoile
2011-05-24;2011-2016 : 50 boules / 11 etoiles;etoile_2;9;etoile
2011-05-27;2011-2016 : 50 boules / 11 etoiles;boule_2;9;boule
2011-05-27;2011-2016 : 50 boules / 11 etoiles;boule_5;17;boule
2011-05-27;2011-2016 : 50 boules / 11 etoiles;boule_4;25;boule
2011-05-27;2011-2016 : 50 boules / 11 etoiles;boule_1;28;boule
2011-05-27;2011-2016 : 50 boules / 11 etoiles;boule_3;49;boule
2011-05-27;2011-2016 : 50 boules / 11 etoiles;etoile_2;8;etoile
2011-05-27;2011-2016 : 50 boules / 11 etoiles;etoile_1;9;etoile
2011-05-31;2011-2016 : 50 boules / 11 etoiles;boule_5;1;boule
2011-05-31;2011-2016 : 50 boules / 11 etoiles;boule_2;9;boule
2011-05-31;2011-2016 : 50 boules / 11 etoiles;boule_3;10;boule
2011-05-31;2011-2016 : 50 boules / 11 etoiles;boule_1;22;boule
2011-05-31;2011-2016 : 50 boules / 11 etoiles;boule_4;50;boule
2011-05-31;2011-2016 : 50 boules / 11 etoiles;etoile_2;5;etoile
2011-05-31;2011-2016 : 50 boules / 11 etoiles;etoile_1;11;etoile
2011-06-03;2011-2016 : 50 boules / 11 etoiles;boule_5;4;boule
2011-06-03;2011-2016 : 50 boules / 11 etoiles;boule_4;39;boule
2011-06-03;2011-2016 : 50 boules / 11 etoiles;boule_2;40;boule
2011-06-03;2011-2016 : 50 boules / 11 etoiles;boule_1;49;boule
2011-06-03;2011-2016 : 50 boules / 11 etoiles;boule_3;50;boule
2011-06-03;2011-2016 : 50 boules / 11 etoiles;etoile_1;2;etoile
2011-06-03;2011-2016 : 50 boules / 11 etoiles;etoile_2;5;etoile
2011-06-07;2011-2016 : 50 boules / 11 etoiles;boule_4;6;boule
2011-06-07;2011-2016 : 50 boules / 11 etoiles;boule_1;25;boule
2011-06-07;2011-2016 : 50 boules / 11 etoiles;boule_5;36;boule
2011-06-07;2011-2016 : 50 boules / 11 etoiles;boule_2;38;boule
2011-06-07;2011-2016 : 50 boules / 11 etoiles;boule_3;40;boule
2011-06-07;2011-2016 : 50 boules / 11 etoiles;etoile_2;4;etoile
2011-06-07;2011-2016 : 50 boules / 11 etoiles;etoile_1;10;etoile
2011-06-10;2011-2016 : 50 boules / 11 etoiles;boule_3;3;boule
2011-06-10;2011-2016 : 50 boules / 11 etoiles;boule_5;19;boule
2011-06-10;2011-2016 : 50 boules / 11 etoiles;boule_2;20;boule
2011-06-10;2011-2016 : 50 boules / 11 etoiles;boule_1;37;boule
2011-06-10;2011-2016 : 50 boules / 11 etoiles;boule_4;48;boule
2011-06-10;2011-2016 : 50 boules / 11 etoiles;etoile_1;8;etoile
2011-06-10;2011-2016 : 50 boules / 11 etoiles;etoile_2;11;etoile
2011-06-14;2011-2016 : 50 boules / 11 etoiles;boule_4;5;boule
2011-06-14;2011-2016 : 50 boules / 11 etoiles;boule_5;12;boule
2011-06-14;2011-2016 : 50 boules / 11 etoiles;boule_2;19;boule
2011-06-14;2011-2016 : 50 boules / 11 etoiles;boule_1;41;boule
2011-06-14;2011-2016 : 50 boules / 11 etoiles;boule_3;48;boule
2011-06-14;2011-2016 : 50 boules / 11 etoiles;etoile_1;8;etoile
2011-06-14;2011-2016 : 50 boules / 11 etoiles;etoile_2;10;etoile
2011-06-17;2011-2016 : 50 boules / 11 etoiles;boule_1;11;boule
2011-06-17;2011-2016 : 50 boules / 11 etoiles;boule_4;16;boule
2011-06-17;2011-2016 : 50 boules / 11 etoiles;boule_3;21;boule
2011-06-17;2011-2016 : 50 boules / 11 etoiles;boule_2;22;boule
2011-06-17;2011-2016 : 50 boules / 11 etoiles;boule_5;44;boule
2011-06-17;2011-2016 : 50 boules / 11 etoiles;etoile_2;3;etoile
2011-06-17;2011-2016 : 50 boules / 11 etoiles;etoile_1;8;etoile
2011-06-21;2011-2016 : 50 boules / 11 etoiles;boule_4;17;boule
2011-06-21;2011-2016 : 50 boules / 11 etoiles;boule_3;20;boule
2011-06-21;2011-2016 : 50 boules / 11 etoiles;boule_5;35;boule
2011-06-21;2011-2016 : 50 boules / 11 etoiles;boule_1;49;boule
2011-06-21;2011-2016 : 50 boules / 11 etoiles;boule_2;50;boule
2011-06-21;2011-2016 : 50 boules / 11 etoiles;etoile_2;3;etoile
2011-06-21;2011-2016 : 50 boules / 11 etoiles;etoile_1;4;etoile
2011-06-24;2011-2016 : 50 boules / 11 etoiles;boule_3;5;boule
2011-06-24;2011-2016 : 50 boules / 11 etoiles;boule_5;16;boule
2011-06-24;2011-2016 : 50 boules / 11 etoiles;boule_2;20;boule
2011-06-24;2011-2016 : 50 boules / 11 etoiles;boule_4;30;boule
2011-06-24;2011-2016 : 50 boules / 11 etoiles;boule_1;41;boule
2011-06-24;2011-2016 : 50 boules / 11 etoiles;etoile_2;6;etoile
2011-06-24;2011-2016 : 50 boules / 11 etoiles;etoile_1;11;etoile
2011-06-28;2011-2016 : 50 boules / 11 etoiles;boule_2;15;boule
2011-06-28;2011-2016 : 50 boules / 11 etoiles;boule_1;16;boule
2011-06-28;2011-2016 : 50 boules / 11 etoiles;boule_4;30;boule
2011-06-28;2011-2016 : 50 boules / 11 etoiles;boule_3;44;boule
2011-06-28;2011-2016 : 50 boules / 11 etoiles;boule_5;50;boule
2011-06-28;2011-2016 : 50 boules / 11 etoiles;etoile_2;2;etoile
2011-06-28;2011-2016 : 50 boules / 11 etoiles;etoile_1;3;etoile
2011-07-01;2011-2016 : 50 boules / 11 etoiles;boule_4;8;boule
2011-07-01;2011-2016 : 50 boules / 11 etoiles;boule_1;11;boule
2011-07-01;2011-2016 : 50 boules / 11 etoiles;boule_2;23;boule
2011-07-01;2011-2016 : 50 boules / 11 etoiles;boule_3;31;boule
2011-07-01;2011-2016 : 50 boules / 11 etoiles;boule_5;46;boule
2011-07-01;2011-2016 : 50 boules / 11 etoiles;etoile_2;8;etoile
2011-07-01;2011-2016 : 50 boules / 11 etoiles;etoile_1;9;etoile
2011-07-05;2011-2016 : 50 boules / 11 etoiles;boule_4;11;boule
2011-07-05;2011-2016 : 50 boules / 11 etoiles;boule_1;28;boule
2011-07-05;2011-2016 : 50 boules / 11 etoiles;boule_3;29;boule
2011-07-05;2011-2016 : 50 boules / 11 etoiles;boule_2;47;boule
2011-07-05;2011-2016 : 50 boules / 11 etoiles;boule_5;49;boule
2011-07-05;2011-2016 : 50 boules / 11 etoiles;etoile_2;1;etoile
2011-07-05;2011-2016 : 50 boules / 11 etoiles;etoile_1;5;etoile
2011-07-08;2011-2016 : 50 boules / 11 etoiles;boule_1;12;boule
2011-07-08;2011-2016 : 50 boules / 11 etoiles;boule_2;13;boule
2011-07-08;2011-2016 : 50 boules / 11 etoiles;boule_5;23;boule
2011-07-08;2011-2016 : 50 boules / 11 etoiles;boule_3;40;boule
2011-07-08;2011-2016 : 50 boules / 11 etoiles;boule_4;49;boule
2011-07-08;2011-2016 : 50 boules / 11 etoiles;etoile_1;7;etoile
2011-07-08;2011-2016 : 50 boules / 11 etoiles;etoile_2;10;etoile
2011-07-12;2011-2016 : 50 boules / 11 etoiles;boule_2;17;boule
2011-07-12;2011-2016 : 50 boules / 11 etoiles;boule_1;19;boule
2011-07-12;2011-2016 : 50 boules / 11 etoiles;boule_5;38;boule
2011-07-12;2011-2016 : 50 boules / 11 etoiles;boule_3;42;boule
2011-07-12;2011-2016 : 50 boules / 11 etoiles;boule_4;45;boule
2011-07-12;2011-2016 : 50 boules / 11 etoiles;etoile_1;9;etoile
2011-07-12;2011-2016 : 50 boules / 11 etoiles;etoile_2;10;etoile
2011-07-15;2011-2016 : 50 boules / 11 etoiles;boule_2;6;boule
2011-07-15;2011-2016 : 50 boules / 11 etoiles;boule_1;26;boule
2011-07-15;2011-2016 : 50 boules / 11 etoiles;boule_3;33;boule
2011-07-15;2011-2016 : 50 boules / 11 etoiles;boule_5;34;boule
2011-07-15;2011-2016 : 50 boules / 11 etoiles;boule_4;39;boule
2011-07-15;2011-2016 : 50 boules / 11 etoiles;etoile_1;3;etoile
2011-07-15;2011-2016 : 50 boules / 11 etoiles;etoile_2;4;etoile
2011-07-19;2011-2016 : 50 boules / 11 etoiles;boule_2;3;boule
2011-07-19;2011-2016 : 50 boules / 11 etoiles;boule_1;16;boule
2011-07-19;2011-2016 : 50 boules / 11 etoiles;boule_3;25;boule
2011-07-19;2011-2016 : 50 boules / 11 etoiles;boule_5;26;boule
2011-07-19;2011-2016 : 50 boules / 11 etoiles;boule_4;35;boule
2011-07-19;2011-2016 : 50 boules / 11 etoiles;etoile_1;5;etoile
2011-07-19;2011-2016 : 50 boules / 11 etoiles;etoile_2;9;etoile
2011-07-22;2011-2016 : 50 boules / 11 etoiles;boule_1;4;boule
2011-07-22;2011-2016 : 50 boules / 11 etoiles;boule_3;15;boule
2011-07-22;2011-2016 : 50 boules / 11 etoiles;boule_5;23;boule
2011-07-22;2011-2016 : 50 boules / 11 etoiles;boule_4;49;boule
2011-07-22;2011-2016 : 50 boules / 11 etoiles;boule_2;50;boule
2011-07-22;2011-2016 : 50 boules / 11 etoiles;etoile_1;2;etoile
2011-07-22;2011-2016 : 50 boules / 11 etoiles;etoile_2;6;etoile
2011-07-26;2011-2016 : 50 boules / 11 etoiles;boule_2;1;boule
2011-07-26;2011-2016 : 50 boules / 11 etoiles;boule_1;5;boule
2011-07-26;2011-2016 : 50 boules / 11 etoiles;boule_5;22;boule
2011-07-26;2011-2016 : 50 boules / 11 etoiles;boule_3;25;boule
2011-07-26;2011-2016 : 50 boules / 11 etoiles;boule_4;48;boule
2011-07-26;2011-2016 : 50 boules / 11 etoiles;etoile_2;3;etoile
2011-07-26;2011-2016 : 50 boules / 11 etoiles;etoile_1;11;etoile
2011-07-29;2011-2016 : 50 boules / 11 etoiles;boule_5;12;boule
2011-07-29;2011-2016 : 50 boules / 11 etoiles;boule_3;19;boule
2011-07-29;2011-2016 : 50 boules / 11 etoiles;boule_4;27;boule
2011-07-29;2011-2016 : 50 boules / 11 etoiles;boule_1;37;boule
2011-07-29;2011-2016 : 50 boules / 11 etoiles;boule_2;38;boule
2011-07-29;2011-2016 : 50 boules / 11 etoiles;etoile_1;5;etoile
2011-07-29;2011-2016 : 50 boules / 11 etoiles;etoile_2;10;etoile
2011-08-02;2011-2016 : 50 boules / 11 etoiles;boule_5;5;boule
2011-08-02;2011-2016 : 50 boules / 11 etoiles;boule_1;8;boule
2011-08-02;2011-2016 : 50 boules / 11 etoiles;boule_3;14;boule
2011-08-02;2011-2016 : 50 boules / 11 etoiles;boule_4;24;boule
2011-08-02;2011-2016 : 50 boules / 11 etoiles;boule_2;33;boule
2011-08-02;2011-2016 : 50 boules / 11 etoiles;etoile_2;3;etoile
2011-08-02;2011-2016 : 50 boules / 11 etoiles;etoile_1;8;etoile
2011-08-05;2011-2016 : 50 boules / 11 etoiles;boule_5;13;boule
2011-08-05;2011-2016 : 50 boules / 11 etoiles;boule_4;14;boule
2011-08-05;2011-2016 : 50 boules / 11 etoiles;boule_3;18;boule
2011-08-05;2011-2016 : 50 boules / 11 etoiles;boule_2;32;boule
2011-08-05;2011-2016 : 50 boules / 11 etoiles;boule_1;34;boule
2011-08-05;2011-2016 : 50 boules / 11 etoiles;etoile_1;1;etoile
2011-08-05;2011-2016 : 50 boules / 11 etoiles;etoile_2;10;etoile
2011-08-09;2011-2016 : 50 boules / 11 etoiles;boule_4;7;boule
2011-08-09;2011-2016 : 50 boules / 11 etoiles;boule_5;23;boule
2011-08-09;2011-2016 : 50 boules / 11 etoiles;boule_2;24;boule
2011-08-09;2011-2016 : 50 boules / 11 etoiles;boule_3;34;boule
2011-08-09;2011-2016 : 50 boules / 11 etoiles;boule_1;36;boule
2011-08-09;2011-2016 : 50 boules / 11 etoiles;etoile_2;8;etoile
2011-08-09;2011-2016 : 50 boules / 11 etoiles;etoile_1;11;etoile
2011-08-12;2011-2016 : 50 boules / 11 etoiles;boule_1;7;boule
2011-08-12;2011-2016 : 50 boules / 11 etoiles;boule_4;10;boule
2011-08-12;2011-2016 : 50 boules / 11 etoiles;boule_2;20;boule
2011-08-12;2011-2016 : 50 boules / 11 etoiles;boule_5;27;boule
2011-08-12;2011-2016 : 50 boules / 11 etoiles;boule_3;37;boule
2011-08-12;2011-2016 : 50 boules / 11 etoiles;etoile_2;4;etoile
2011-08-12;2011-2016 : 50 boules / 11 etoiles;etoile_1;7;etoile
2011-08-16;2011-2016 : 50 boules / 11 etoiles;boule_3;1;boule
2011-08-16;2011-2016 : 50 boules / 11 etoiles;boule_4;13;boule
2011-08-16;2011-2016 : 50 boules / 11 etoiles;boule_5;17;boule
2011-08-16;2011-2016 : 50 boules / 11 etoiles;boule_2;18;boule
2011-08-16;2011-2016 : 50 boules / 11 etoiles;boule_1;45;boule
2011-08-16;2011-2016 : 50 boules / 11 etoiles;etoile_2;3;etoile
2011-08-16;2011-2016 : 50 boules / 11 etoiles;etoile_1;8;etoile
2011-08-19;2011-2016 : 50 boules / 11 etoiles;boule_2;6;boule
2011-08-19;2011-2016 : 50 boules / 11 etoiles;boule_5;14;boule
2011-08-19;2011-2016 : 50 boules / 11 etoiles;boule_1;16;boule
2011-08-19;2011-2016 : 50 boules / 11 etoiles;boule_4;28;boule
2011-08-19;2011-2016 : 50 boules / 11 etoiles;boule_3;31;boule
2011-08-19;2011-2016 : 50 boules / 11 etoiles;etoile_2;2;etoile
2011-08-19;2011-2016 : 50 boules / 11 etoiles;etoile_1;11;etoile
2011-08-23;2011-2016 : 50 boules / 11 etoiles;boule_5;4;boule
2011-08-23;2011-2016 : 50 boules / 11 etoiles;boule_3;6;boule
2011-08-23;2011-2016 : 50 boules / 11 etoiles;boule_4;14;boule
2011-08-23;2011-2016 : 50 boules / 11 etoiles;boule_1;42;boule
2011-08-23;2011-2016 : 50 boules / 11 etoiles;boule_2;50;boule
2011-08-23;2011-2016 : 50 boules / 11 etoiles;etoile_1;2;etoile
2011-08-23;2011-2016 : 50 boules / 11 etoiles;etoile_2;4;etoile
2011-08-26;2011-2016 : 50 boules / 11 etoiles;boule_5;12;boule
2011-08-26;2011-2016 : 50 boules / 11 etoiles;boule_3;22;boule
2011-08-26;2011-2016 : 50 boules / 11 etoiles;boule_1;25;boule
2011-08-26;2011-2016 : 50 boules / 11 etoiles;boule_4;33;boule
2011-08-26;2011-2016 : 50 boules / 11 etoiles;boule_2;45;boule
2011-08-26;2011-2016 : 50 boules / 11 etoiles;etoile_1;5;etoile
2011-08-26;2011-2016 : 50 boules / 11 etoiles;etoile_2;7;etoile
2011-08-30;2011-2016 : 50 boules / 11 etoiles;boule_3;2;boule
2011-08-30;2011-2016 : 50 boules / 11 etoiles;boule_2;8;boule
2011-08-30;2011-2016 : 50 boules / 11 etoiles;boule_4;10;boule
2011-08-30;2011-2016 : 50 boules / 11 etoiles;boule_5;19;boule
2011-08-30;2011-2016 : 50 boules / 11 etoiles;boule_1;46;boule
2011-08-30;2011-2016 : 50 boules / 11 etoiles;etoile_1;5;etoile
2011-08-30;2011-2016 : 50 boules / 11 etoiles;etoile_2;9;etoile
2011-09-02;2011-2016 : 50 boules / 11 etoiles;boule_2;12;boule
2011-09-02;2011-2016 : 50 boules / 11 etoiles;boule_3;26;boule
2011-09-02;2011-2016 : 50 boules / 11 etoiles;boule_1;37;boule
2011-09-02;2011-2016 : 50 boules / 11 etoiles;boule_4;38;boule
2011-09-02;2011-2016 : 50 boules / 11 etoiles;boule_5;44;boule
2011-09-02;2011-2016 : 50 boules / 11 etoiles;etoile_1;4;etoile
2011-09-02;2011-2016 : 50 boules / 11 etoiles;etoile_2;7;etoile
2011-09-06;2011-2016 : 50 boules / 11 etoiles;boule_2;35;boule
2011-09-06;2011-2016 : 50 boules / 11 etoiles;boule_1;42;boule
2011-09-06;2011-2016 : 50 boules / 11 etoiles;boule_5;47;boule
2011-09-06;2011-2016 : 50 boules / 11 etoiles;boule_4;48;boule
2011-09-06;2011-2016 : 50 boules / 11 etoiles;boule_3;50;boule
2011-09-06;2011-2016 : 50 boules / 11 etoiles;etoile_2;8;etoile
2011-09-06;2011-2016 : 50 boules / 11 etoiles;etoile_1;9;etoile
2011-09-09;2011-2016 : 50 boules / 11 etoiles;boule_2;5;boule
2011-09-09;2011-2016 : 50 boules / 11 etoiles;boule_1;21;boule
2011-09-09;2011-2016 : 50 boules / 11 etoiles;boule_5;28;boule
2011-09-09;2011-2016 : 50 boules / 11 etoiles;boule_4;31;boule
2011-09-09;2011-2016 : 50 boules / 11 etoiles;boule_3;34;boule
2011-09-09;2011-2016 : 50 boules / 11 etoiles;etoile_2;1;etoile
2011-09-09;2011-2016 : 50 boules / 11 etoiles;etoile_1;2;etoile
2011-09-13;2011-2016 : 50 boules / 11 etoiles;boule_4;9;boule
2011-09-13;2011-2016 : 50 boules / 11 etoiles;boule_1;28;boule
2011-09-13;2011-2016 : 50 boules / 11 etoiles;boule_5;30;boule
2011-09-13;2011-2016 : 50 boules / 11 etoiles;boule_2;32;boule
2011-09-13;2011-2016 : 50 boules / 11 etoiles;boule_3;49;boule
2011-09-13;2011-2016 : 50 boules / 11 etoiles;etoile_1;9;etoile
2011-09-13;2011-2016 : 50 boules / 11 etoiles;etoile_2;10;etoile
2011-09-16;2011-2016 : 50 boules / 11 etoiles;boule_2;2;boule
2011-09-16;2011-2016 : 50 boules / 11 etoiles;boule_5;8;boule
2011-09-16;2011-2016 : 50 boules / 11 etoiles;boule_4;17;boule
2011-09-16;2011-2016 : 50 boules / 11 etoiles;boule_1;39;boule
2011-09-16;2011-2016 : 50 boules / 11 etoiles;boule_3;42;boule
2011-09-16;2011-2016 : 50 boules / 11 etoiles;etoile_1;3;etoile
2011-09-16;2011-2016 : 50 boules / 11 etoiles;etoile_2;10;etoile
2011-09-20;2011-2016 : 50 boules / 11 etoiles;boule_4;9;boule
2011-09-20;2011-2016 : 50 boules / 11 etoiles;boule_3;19;boule
2011-09-20;2011-2016 : 50 boules / 11 etoiles;boule_1;25;boule
2011-09-20;2011-2016 : 50 boules / 11 etoiles;boule_5;36;boule
2011-09-20;2011-2016 : 50 boules / 11 etoiles;boule_2;38;boule
2011-09-20;2011-2016 : 50 boules / 11 etoiles;etoile_2;7;etoile
2011-09-20;2011-2016 : 50 boules / 11 etoiles;etoile_1;11;etoile
2011-09-23;2011-2016 : 50 boules / 11 etoiles;boule_1;6;boule
2011-09-23;2011-2016 : 50 boules / 11 etoiles;boule_4;14;boule
2011-09-23;2011-2016 : 50 boules / 11 etoiles;boule_2;33;boule
2011-09-23;2011-2016 : 50 boules / 11 etoiles;boule_5;34;boule
2011-09-23;2011-2016 : 50 boules / 11 etoiles;boule_3;48;boule
2011-09-23;2011-2016 : 50 boules / 11 etoiles;etoile_2;2;etoile
2011-09-23;2011-2016 : 50 boules / 11 etoiles;etoile_1;6;etoile
2011-09-27;2011-2016 : 50 boules / 11 etoiles;boule_2;18;boule
2011-09-27;2011-2016 : 50 boules / 11 etoiles;boule_4;27;boule
2011-09-27;2011-2016 : 50 boules / 11 etoiles;boule_1;28;boule
2011-09-27;2011-2016 : 50 boules / 11 etoiles;boule_5;35;boule
2011-09-27;2011-2016 : 50 boules / 11 etoiles;boule_3;40;boule
2011-09-27;2011-2016 : 50 boules / 11 etoiles;etoile_1;3;etoile
2011-09-27;2011-2016 : 50 boules / 11 etoiles;etoile_2;5;etoile
2011-09-30;2011-2016 : 50 boules / 11 etoiles;boule_5;5;boule
2011-09-30;2011-2016 : 50 boules / 11 etoiles;boule_2;15;boule
2011-09-30;2011-2016 : 50 boules / 11 etoiles;boule_1;28;boule
2011-09-30;2011-2016 : 50 boules / 11 etoiles;boule_4;31;boule
2011-09-30;2011-2016 : 50 boules / 11 etoiles;boule_3;44;boule
2011-09-30;2011-2016 : 50 boules / 11 etoiles;etoile_1;1;etoile
2011-09-30;2011-2016 : 50 boules / 11 etoiles;etoile_2;6;etoile
2011-10-04;2011-2016 : 50 boules / 11 etoiles;boule_1;14;boule
2011-10-04;2011-2016 : 50 boules / 11 etoiles;boule_2;16;boule
2011-10-04;2011-2016 : 50 boules / 11 etoiles;boule_3;23;boule
2011-10-04;2011-2016 : 50 boules / 11 etoiles;boule_5;38;boule
2011-10-04;2011-2016 : 50 boules / 11 etoiles;boule_4;45;boule
2011-10-04;2011-2016 : 50 boules / 11 etoiles;etoile_1;8;etoile
2011-10-04;2011-2016 : 50 boules / 11 etoiles;etoile_2;11;etoile
2011-10-07;2011-2016 : 50 boules / 11 etoiles;boule_3;18;boule
2011-10-07;2011-2016 : 50 boules / 11 etoiles;boule_5;26;boule
2011-10-07;2011-2016 : 50 boules / 11 etoiles;boule_2;34;boule
2011-10-07;2011-2016 : 50 boules / 11 etoiles;boule_4;38;boule
2011-10-07;2011-2016 : 50 boules / 11 etoiles;boule_1;42;boule
2011-10-07;2011-2016 : 50 boules / 11 etoiles;etoile_2;5;etoile
2011-10-07;2011-2016 : 50 boules / 11 etoiles;etoile_1;8;etoile
2011-10-11;2011-2016 : 50 boules / 11 etoiles;boule_4;1;boule
2011-10-11;2011-2016 : 50 boules / 11 etoiles;boule_3;4;boule
2011-10-11;2011-2016 : 50 boules / 11 etoiles;boule_1;12;boule
2011-10-11;2011-2016 : 50 boules / 11 etoiles;boule_2;16;boule
2011-10-11;2011-2016 : 50 boules / 11 etoiles;boule_5;48;boule
2011-10-11;2011-2016 : 50 boules / 11 etoiles;etoile_1;9;etoile
2011-10-11;2011-2016 : 50 boules / 11 etoiles;etoile_2;10;etoile
2011-10-14;2011-2016 : 50 boules / 11 etoiles;boule_3;12;boule
2011-10-14;2011-2016 : 50 boules / 11 etoiles;boule_2;23;boule
2011-10-14;2011-2016 : 50 boules / 11 etoiles;boule_4;29;boule
2011-10-14;2011-2016 : 50 boules / 11 etoiles;boule_5;32;boule
2011-10-14;2011-2016 : 50 boules / 11 etoiles;boule_1;47;boule
2011-10-14;2011-2016 : 50 boules / 11 etoiles;etoile_1;3;etoile
2011-10-14;2011-2016 : 50 boules / 11 etoiles;etoile_2;5;etoile
2011-10-18;2011-2016 : 50 boules / 11 etoiles;boule_2;18;boule
2011-10-18;2011-2016 : 50 boules / 11 etoiles;boule_5;23;boule
2011-10-18;2011-2016 : 50 boules / 11 etoiles;boule_3;37;boule
2011-10-18;2011-2016 : 50 boules / 11 etoiles;boule_1;46;boule
2011-10-18;2011-2016 : 50 boules / 11 etoiles;boule_4;48;boule
2011-10-18;2011-2016 : 50 boules / 11 etoiles;etoile_1;2;etoile
2011-10-18;2011-2016 : 50 boules / 11 etoiles;etoile_2;10;etoile
2011-10-21;2011-2016 : 50 boules / 11 etoiles;boule_3;2;boule
2011-10-21;2011-2016 : 50 boules / 11 etoiles;boule_2;19;boule
2011-10-21;2011-2016 : 50 boules / 11 etoiles;boule_4;33;boule
2011-10-21;2011-2016 : 50 boules / 11 etoiles;boule_1;37;boule
2011-10-21;2011-2016 : 50 boules / 11 etoiles;boule_5;46;boule
2011-10-21;2011-2016 : 50 boules / 11 etoiles;etoile_1;5;etoile
2011-10-21;2011-2016 : 50 boules / 11 etoiles;etoile_2;8;etoile
2011-10-25;2011-2016 : 50 boules / 11 etoiles;boule_4;12;boule
2011-10-25;2011-2016 : 50 boules / 11 etoiles;boule_3;22;boule
2011-10-25;2011-2016 : 50 boules / 11 etoiles;boule_5;27;boule
2011-10-25;2011-2016 : 50 boules / 11 etoiles;boule_2;28;boule
2011-10-25;2011-2016 : 50 boules / 11 etoiles;boule_1;39;boule
2011-10-25;2011-2016 : 50 boules / 11 etoiles;etoile_1;4;etoile
2011-10-25;2011-2016 : 50 boules / 11 etoiles;etoile_2;10;etoile
2011-10-28;2011-2016 : 50 boules / 11 etoiles;boule_2;16;boule
2011-10-28;2011-2016 : 50 boules / 11 etoiles;boule_4;17;boule
2011-10-28;2011-2016 : 50 boules / 11 etoiles;boule_3;20;boule
2011-10-28;2011-2016 : 50 boules / 11 etoiles;boule_1;39;boule
2011-10-28;2011-2016 : 50 boules / 11 etoiles;boule_5;50;boule
2011-10-28;2011-2016 : 50 boules / 11 etoiles;etoile_1;4;etoile
2011-10-28;2011-2016 : 50 boules / 11 etoiles;etoile_2;8;etoile
2011-11-01;2011-2016 : 50 boules / 11 etoiles;boule_4;14;boule
2011-11-01;2011-2016 : 50 boules / 11 etoiles;boule_1;20;boule
2011-11-01;2011-2016 : 50 boules / 11 etoiles;boule_3;23;boule
2011-11-01;2011-2016 : 50 boules / 11 etoiles;boule_2;45;boule
2011-11-01;2011-2016 : 50 boules / 11 etoiles;boule_5;46;boule
2011-11-01;2011-2016 : 50 boules / 11 etoiles;etoile_1;1;etoile
2011-11-01;2011-2016 : 50 boules / 11 etoiles;etoile_2;11;etoile
2011-11-04;2011-2016 : 50 boules / 11 etoiles;boule_3;11;boule
2011-11-04;2011-2016 : 50 boules / 11 etoiles;boule_5;14;boule
2011-11-04;2011-2016 : 50 boules / 11 etoiles;boule_1;41;boule
2011-11-04;2011-2016 : 50 boules / 11 etoiles;boule_4;43;boule
2011-11-04;2011-2016 : 50 boules / 11 etoiles;boule_2;50;boule
2011-11-04;2011-2016 : 50 boules / 11 etoiles;etoile_2;2;etoile
2011-11-04;2011-2016 : 50 boules / 11 etoiles;etoile_1;9;etoile
2011-11-08;2011-2016 : 50 boules / 11 etoiles;boule_5;1;boule
2011-11-08;2011-2016 : 50 boules / 11 etoiles;boule_3;4;boule
2011-11-08;2011-2016 : 50 boules / 11 etoiles;boule_2;15;boule
2011-11-08;2011-2016 : 50 boules / 11 etoiles;boule_4;29;boule
2011-11-08;2011-2016 : 50 boules / 11 etoiles;boule_1;40;boule
2011-11-08;2011-2016 : 50 boules / 11 etoiles;etoile_1;1;etoile
2011-11-08;2011-2016 : 50 boules / 11 etoiles;etoile_2;5;etoile
2011-11-11;2011-2016 : 50 boules / 11 etoiles;boule_3;1;boule
2011-11-11;2011-2016 : 50 boules / 11 etoiles;boule_4;4;boule
2011-11-11;2011-2016 : 50 boules / 11 etoiles;boule_2;18;boule
2011-11-11;2011-2016 : 50 boules / 11 etoiles;boule_5;23;boule
2011-11-11;2011-2016 : 50 boules / 11 etoiles;boule_1;30;boule
2011-11-11;2011-2016 : 50 boules / 11 etoiles;etoile_1;3;etoile
2011-11-11;2011-2016 : 50 boules / 11 etoiles;etoile_2;7;etoile
2011-11-15;2011-2016 : 50 boules / 11 etoiles;boule_4;6;boule
2011-11-15;2011-2016 : 50 boules / 11 etoiles;boule_2;17;boule
2011-11-15;2011-2016 : 50 boules / 11 etoiles;boule_3;22;boule
2011-11-15;2011-2016 : 50 boules / 11 etoiles;boule_5;45;boule
2011-11-15;2011-2016 : 50 boules / 11 etoiles;boule_1;47;boule
2011-11-15;2011-2016 : 50 boules / 11 etoiles;etoile_1;3;etoile
2011-11-15;2011-2016 : 50 boules / 11 etoiles;etoile_2;11;etoile
2011-11-18;2011-2016 : 50 boules / 11 etoiles;boule_4;4;boule
2011-11-18;2011-2016 : 50 boules / 11 etoiles;boule_5;12;boule
2011-11-18;2011-2016 : 50 boules / 11 etoiles;boule_3;24;boule
2011-11-18;2011-2016 : 50 boules / 11 etoiles;boule_1;39;boule
2011-11-18;2011-2016 : 50 boules / 11 etoiles;boule_2;44;boule
2011-11-18;2011-2016 : 50 boules / 11 etoiles;etoile_1;2;etoile
2011-11-18;2011-2016 : 50 boules / 11 etoiles;etoile_2;4;etoile
2011-11-22;2011-2016 : 50 boules / 11 etoiles;boule_1;16;boule
2011-11-22;2011-2016 : 50 boules / 11 etoiles;boule_5;18;boule
2011-11-22;2011-2016 : 50 boules / 11 etoiles;boule_4;24;boule
2011-11-22;2011-2016 : 50 boules / 11 etoiles;boule_3;38;boule
2011-11-22;2011-2016 : 50 boules / 11 etoiles;boule_2;40;boule
2011-11-22;2011-2016 : 50 boules / 11 etoiles;etoile_1;2;etoile
2011-11-22;2011-2016 : 50 boules / 11 etoiles;etoile_2;4;etoile
2011-11-25;2011-2016 : 50 boules / 11 etoiles;boule_2;14;boule
2011-11-25;2011-2016 : 50 boules / 11 etoiles;boule_4;19;boule
2011-11-25;2011-2016 : 50 boules / 11 etoiles;boule_3;26;boule
2011-11-25;2011-2016 : 50 boules / 11 etoiles;boule_5;28;boule
2011-11-25;2011-2016 : 50 boules / 11 etoiles;boule_1;34;boule
2011-11-25;2011-2016 : 50 boules / 11 etoiles;etoile_1;5;etoile
2011-11-25;2011-2016 : 50 boules / 11 etoiles;etoile_2;8;etoile
2011-11-29;2011-2016 : 50 boules / 11 etoiles;boule_3;11;boule
2011-11-29;2011-2016 : 50 boules / 11 etoiles;boule_1;25;boule
2011-11-29;2011-2016 : 50 boules / 11 etoiles;boule_5;41;boule
2011-11-29;2011-2016 : 50 boules / 11 etoiles;boule_4;45;boule
2011-11-29;2011-2016 : 50 boules / 11 etoiles;boule_2;50;boule
2011-11-29;2011-2016 : 50 boules / 11 etoiles;etoile_2;2;etoile
2011-11-29;2011-2016 : 50 boules / 11 etoiles;etoile_1;7;etoile
2011-12-02;2011-2016 : 50 boules / 11 etoiles;boule_3;7;boule
2011-12-02;2011-2016 : 50 boules / 11 etoiles;boule_1;27;boule
2011-12-02;2011-2016 : 50 boules / 11 etoiles;boule_5;30;boule
2011-12-02;2011-2016 : 50 boules / 11 etoiles;boule_2;40;boule
2011-12-02;2011-2016 : 50 boules / 11 etoiles;boule_4;43;boule
2011-12-02;2011-2016 : 50 boules / 11 etoiles;etoile_2;8;etoile
2011-12-02;2011-2016 : 50 boules / 11 etoiles;etoile_1;9;etoile
2011-12-06;2011-2016 : 50 boules / 11 etoiles;boule_5;19;boule
2011-12-06;2011-2016 : 50 boules / 11 etoiles;boule_3;20;boule
2011-12-06;2011-2016 : 50 boules / 11 etoiles;boule_2;21;boule
2011-12-06;2011-2016 : 50 boules / 11 etoiles;boule_1;34;boule
2011-12-06;2011-2016 : 50 boules / 11 etoiles;boule_4;38;boule
2011-12-06;2011-2016 : 50 boules / 11 etoiles;etoile_2;3;etoile
2011-12-06;2011-2016 : 50 boules / 11 etoiles;etoile_1;9;etoile
2011-12-09;2011-2016 : 50 boules / 11 etoiles;boule_2;12;boule
2011-12-09;2011-2016 : 50 boules / 11 etoiles;boule_1;21;boule
2011-12-09;2011-2016 : 50 boules / 11 etoiles;boule_5;29;boule
2011-12-09;2011-2016 : 50 boules / 11 etoiles;boule_4;44;boule
2011-12-09;2011-2016 : 50 boules / 11 etoiles;boule_3;47;boule
2011-12-09;2011-2016 : 50 boules / 11 etoiles;etoile_2;1;etoile
2011-12-09;2011-2016 : 50 boules / 11 etoiles;etoile_1;2;etoile
2011-12-13;2011-2016 : 50 boules / 11 etoiles;boule_5;7;boule
2011-12-13;2011-2016 : 50 boules / 11 etoiles;boule_1;12;boule
2011-12-13;2011-2016 : 50 boules / 11 etoiles;boule_3;18;boule
2011-12-13;2011-2016 : 50 boules / 11 etoiles;boule_4;33;boule
2011-12-13;2011-2016 : 50 boules / 11 etoiles;boule_2;37;boule
2011-12-13;2011-2016 : 50 boules / 11 etoiles;etoile_1;1;etoile
2011-12-13;2011-2016 : 50 boules / 11 etoiles;etoile_2;11;etoile
2011-12-16;2011-2016 : 50 boules / 11 etoiles;boule_2;2;boule
2011-12-16;2011-2016 : 50 boules / 11 etoiles;boule_5;5;boule
2011-12-16;2011-2016 : 50 boules / 11 etoiles;boule_1;10;boule
2011-12-16;2011-2016 : 50 boules / 11 etoiles;boule_3;23;boule
2011-12-16;2011-2016 : 50 boules / 11 etoiles;boule_4;31;boule
2011-12-16;2011-2016 : 50 boules / 11 etoiles;etoile_2;2;etoile
2011-12-16;2011-2016 : 50 boules / 11 etoiles;etoile_1;5;etoile
2011-12-20;2011-2016 : 50 boules / 11 etoiles;boule_3;1;boule
2011-12-20;2011-2016 : 50 boules / 11 etoiles;boule_4;9;boule
2011-12-20;2011-2016 : 50 boules / 11 etoiles;boule_5;12;boule
2011-12-20;2011-2016 : 50 boules / 11 etoiles;boule_1;14;boule
2011-12-20;2011-2016 : 50 boules / 11 etoiles;boule_2;48;boule
2011-12-20;2011-2016 : 50 boules / 11 etoiles;etoile_2;1;etoile
2011-12-20;2011-2016 : 50 boules / 11 etoiles;etoile_1;7;etoile
2011-12-23;2011-2016 : 50 boules / 11 etoiles;boule_2;7;boule
2011-12-23;2011-2016 : 50 boules / 11 etoiles;boule_5;21;boule
2011-12-23;2011-2016 : 50 boules / 11 etoiles;boule_1;22;boule
2011-12-23;2011-2016 : 50 boules / 11 etoiles;boule_3;24;boule
2011-12-23;2011-2016 : 50 boules / 11 etoiles;boule_4;28;boule
2011-12-23;2011-2016 : 50 boules / 11 etoiles;etoile_1;1;etoile
2011-12-23;2011-2016 : 50 boules / 11 etoiles;etoile_2;11;etoile
2011-12-27;2011-2016 : 50 boules / 11 etoiles;boule_4;19;boule
2011-12-27;2011-2016 : 50 boules / 11 etoiles;boule_2;21;boule
2011-12-27;2011-2016 : 50 boules / 11 etoiles;boule_3;25;boule
2011-12-27;2011-2016 : 50 boules / 11 etoiles;boule_1;26;boule
2011-12-27;2011-2016 : 50 boules / 11 etoiles;boule_5;44;boule
2011-12-27;2011-2016 : 50 boules / 11 etoiles;etoile_2;3;etoile
2011-12-27;2011-2016 : 50 boules / 11 etoiles;etoile_1;7;etoile
2011-12-30;2011-2016 : 50 boules / 11 etoiles;boule_4;16;boule
2011-12-30;2011-2016 : 50 boules / 11 etoiles;boule_1;36;boule
2011-12-30;2011-2016 : 50 boules / 11 etoiles;boule_3;43;boule
2011-12-30;2011-2016 : 50 boules / 11 etoiles;boule_2;44;boule
2011-12-30;2011-2016 : 50 boules / 11 etoiles;boule_5;50;boule
2011-12-30;2011-2016 : 50 boules / 11 etoiles;etoile_2;7;etoile
2011-12-30;2011-2016 : 50 boules / 11 etoiles;etoile_1;8;etoile
2012-01-03;2011-2016 : 50 boules / 11 etoiles;boule_4;3;boule
2012-01-03;2011-2016 : 50 boules / 11 etoiles;boule_2;30;boule
2012-01-03;2011-2016 : 50 boules / 11 etoiles;boule_1;42;boule
2012-01-03;2011-2016 : 50 boules / 11 etoiles;boule_3;45;boule
2012-01-03;2011-2016 : 50 boules / 11 etoiles;boule_5;49;boule
2012-01-03;2011-2016 : 50 boules / 11 etoiles;etoile_1;5;etoile
2012-01-03;2011-2016 : 50 boules / 11 etoiles;etoile_2;10;etoile
2012-01-06;2011-2016 : 50 boules / 11 etoiles;boule_1;1;boule
2012-01-06;2011-2016 : 50 boules / 11 etoiles;boule_2;6;boule
2012-01-06;2011-2016 : 50 boules / 11 etoiles;boule_3;10;boule
2012-01-06;2011-2016 : 50 boules / 11 etoiles;boule_5;12;boule
2012-01-06;2011-2016 : 50 boules / 11 etoiles;boule_4;31;boule
2012-01-06;2011-2016 : 50 boules / 11 etoiles;etoile_2;2;etoile
2012-01-06;2011-2016 : 50 boules / 11 etoiles;etoile_1;7;etoile
2012-01-10;2011-2016 : 50 boules / 11 etoiles;boule_2;4;boule
2012-01-10;2011-2016 : 50 boules / 11 etoiles;boule_1;9;boule
2012-01-10;2011-2016 : 50 boules / 11 etoiles;boule_4;10;boule
2012-01-10;2011-2016 : 50 boules / 11 etoiles;boule_3;30;boule
2012-01-10;2011-2016 : 50 boules / 11 etoiles;boule_5;40;boule
2012-01-10;2011-2016 : 50 boules / 11 etoiles;etoile_2;2;etoile
2012-01-10;2011-2016 : 50 boules / 11 etoiles;etoile_1;9;etoile
2012-01-13;2011-2016 : 50 boules / 11 etoiles;boule_2;13;boule
2012-01-13;2011-2016 : 50 boules / 11 etoiles;boule_4;14;boule
2012-01-13;2011-2016 : 50 boules / 11 etoiles;boule_3;21;boule
2012-01-13;2011-2016 : 50 boules / 11 etoiles;boule_5;27;boule
2012-01-13;2011-2016 : 50 boules / 11 etoiles;boule_1;39;boule
2012-01-13;2011-2016 : 50 boules / 11 etoiles;etoile_2;6;etoile
2012-01-13;2011-2016 : 50 boules / 11 etoiles;etoile_1;8;etoile
2012-01-17;2011-2016 : 50 boules / 11 etoiles;boule_1;12;boule
2012-01-17;2011-2016 : 50 boules / 11 etoiles;boule_3;22;boule
2012-01-17;2011-2016 : 50 boules / 11 etoiles;boule_4;30;boule
2012-01-17;2011-2016 : 50 boules / 11 etoiles;boule_5;31;boule
2012-01-17;2011-2016 : 50 boules / 11 etoiles;boule_2;44;boule
2012-01-17;2011-2016 : 50 boules / 11 etoiles;etoile_1;5;etoile
2012-01-17;2011-2016 : 50 boules / 11 etoiles;etoile_2;6;etoile
2012-01-20;2011-2016 : 50 boules / 11 etoiles;boule_4;2;boule
2012-01-20;2011-2016 : 50 boules / 11 etoiles;boule_1;10;boule
2012-01-20;2011-2016 : 50 boules / 11 etoiles;boule_5;22;boule
2012-01-20;2011-2016 : 50 boules / 11 etoiles;boule_3;27;boule
2012-01-20;2011-2016 : 50 boules / 11 etoiles;boule_2;28;boule
2012-01-20;2011-2016 : 50 boules / 11 etoiles;etoile_2;6;etoile
2012-01-20;2011-2016 : 50 boules / 11 etoiles;etoile_1;8;etoile
2012-01-24;2011-2016 : 50 boules / 11 etoiles;boule_1;1;boule
2012-01-24;2011-2016 : 50 boules / 11 etoiles;boule_4;2;boule
2012-01-24;2011-2016 : 50 boules / 11 etoiles;boule_3;6;boule
2012-01-24;2011-2016 : 50 boules / 11 etoiles;boule_2;20;boule
2012-01-24;2011-2016 : 50 boules / 11 etoiles;boule_5;36;boule
2012-01-24;2011-2016 : 50 boules / 11 etoiles;etoile_2;8;etoile
2012-01-24;2011-2016 : 50 boules / 11 etoiles;etoile_1;11;etoile
2012-01-27;2011-2016 : 50 boules / 11 etoiles;boule_1;10;boule
2012-01-27;2011-2016 : 50 boules / 11 etoiles;boule_4;13;boule
2012-01-27;2011-2016 : 50 boules / 11 etoiles;boule_2;19;boule
2012-01-27;2011-2016 : 50 boules / 11 etoiles;boule_5;39;boule
2012-01-27;2011-2016 : 50 boules / 11 etoiles;boule_3;44;boule
2012-01-27;2011-2016 : 50 boules / 11 etoiles;etoile_2;2;etoile
2012-01-27;2011-2016 : 50 boules / 11 etoiles;etoile_1;6;etoile
2012-01-31;2011-2016 : 50 boules / 11 etoiles;boule_4;9;boule
2012-01-31;2011-2016 : 50 boules / 11 etoiles;boule_2;34;boule
2012-01-31;2011-2016 : 50 boules / 11 etoiles;boule_3;38;boule
2012-01-31;2011-2016 : 50 boules / 11 etoiles;boule_1;43;boule
2012-01-31;2011-2016 : 50 boules / 11 etoiles;boule_5;45;boule
2012-01-31;2011-2016 : 50 boules / 11 etoiles;etoile_2;2;etoile
2012-01-31;2011-2016 : 50 boules / 11 etoiles;etoile_1;4;etoile
2012-02-03;2011-2016 : 50 boules / 11 etoiles;boule_1;16;boule
2012-02-03;2011-2016 : 50 boules / 11 etoiles;boule_3;19;boule
2012-02-03;2011-2016 : 50 boules / 11 etoiles;boule_2;20;boule
2012-02-03;2011-2016 : 50 boules / 11 etoiles;boule_4;25;boule
2012-02-03;2011-2016 : 50 boules / 11 etoiles;boule_5;28;boule
2012-02-03;2011-2016 : 50 boules / 11 etoiles;etoile_1;1;etoile
2012-02-03;2011-2016 : 50 boules / 11 etoiles;etoile_2;10;etoile
2012-02-07;2011-2016 : 50 boules / 11 etoiles;boule_2;3;boule
2012-02-07;2011-2016 : 50 boules / 11 etoiles;boule_1;15;boule
2012-02-07;2011-2016 : 50 boules / 11 etoiles;boule_3;17;boule
2012-02-07;2011-2016 : 50 boules / 11 etoiles;boule_5;28;boule
2012-02-07;2011-2016 : 50 boules / 11 etoiles;boule_4;33;boule
2012-02-07;2011-2016 : 50 boules / 11 etoiles;etoile_1;2;etoile
2012-02-07;2011-2016 : 50 boules / 11 etoiles;etoile_2;4;etoile
2012-02-10;2011-2016 : 50 boules / 11 etoiles;boule_1;3;boule
2012-02-10;2011-2016 : 50 boules / 11 etoiles;boule_5;8;boule
2012-02-10;2011-2016 : 50 boules / 11 etoiles;boule_2;14;boule
2012-02-10;2011-2016 : 50 boules / 11 etoiles;boule_3;31;boule
2012-02-10;2011-2016 : 50 boules / 11 etoiles;boule_4;41;boule
2012-02-10;2011-2016 : 50 boules / 11 etoiles;etoile_1;7;etoile
2012-02-10;2011-2016 : 50 boules / 11 etoiles;etoile_2;11;etoile
2012-02-14;2011-2016 : 50 boules / 11 etoiles;boule_2;14;boule
2012-02-14;2011-2016 : 50 boules / 11 etoiles;boule_5;27;boule
2012-02-14;2011-2016 : 50 boules / 11 etoiles;boule_1;36;boule
2012-02-14;2011-2016 : 50 boules / 11 etoiles;boule_3;42;boule
2012-02-14;2011-2016 : 50 boules / 11 etoiles;boule_4;46;boule
2012-02-14;2011-2016 : 50 boules / 11 etoiles;etoile_2;8;etoile
2012-02-14;2011-2016 : 50 boules / 11 etoiles;etoile_1;11;etoile
2012-02-17;2011-2016 : 50 boules / 11 etoiles;boule_2;4;boule
2012-02-17;2011-2016 : 50 boules / 11 etoiles;boule_1;11;boule
2012-02-17;2011-2016 : 50 boules / 11 etoiles;boule_4;28;boule
2012-02-17;2011-2016 : 50 boules / 11 etoiles;boule_5;38;boule
2012-02-17;2011-2016 : 50 boules / 11 etoiles;boule_3;47;boule
2012-02-17;2011-2016 : 50 boules / 11 etoiles;etoile_2;10;etoile
2012-02-17;2011-2016 : 50 boules / 11 etoiles;etoile_1;11;etoile
2012-02-21;2011-2016 : 50 boules / 11 etoiles;boule_1;11;boule
2012-02-21;2011-2016 : 50 boules / 11 etoiles;boule_3;14;boule
2012-02-21;2011-2016 : 50 boules / 11 etoiles;boule_2;24;boule
2012-02-21;2011-2016 : 50 boules / 11 etoiles;boule_4;25;boule
2012-02-21;2011-2016 : 50 boules / 11 etoiles;boule_5;29;boule
2012-02-21;2011-2016 : 50 boules / 11 etoiles;etoile_2;7;etoile
2012-02-21;2011-2016 : 50 boules / 11 etoiles;etoile_1;11;etoile
2012-02-24;2011-2016 : 50 boules / 11 etoiles;boule_2;3;boule
2012-02-24;2011-2016 : 50 boules / 11 etoiles;boule_5;7;boule
2012-02-24;2011-2016 : 50 boules / 11 etoiles;boule_3;12;boule
2012-02-24;2011-2016 : 50 boules / 11 etoiles;boule_4;26;boule
2012-02-24;2011-2016 : 50 boules / 11 etoiles;boule_1;34;boule
2012-02-24;2011-2016 : 50 boules / 11 etoiles;etoile_2;8;etoile
2012-02-24;2011-2016 : 50 boules / 11 etoiles;etoile_1;10;etoile
2012-02-28;2011-2016 : 50 boules / 11 etoiles;boule_3;1;boule
2012-02-28;2011-2016 : 50 boules / 11 etoiles;boule_1;10;boule
2012-02-28;2011-2016 : 50 boules / 11 etoiles;boule_4;17;boule
2012-02-28;2011-2016 : 50 boules / 11 etoiles;boule_5;33;boule
2012-02-28;2011-2016 : 50 boules / 11 etoiles;boule_2;48;boule
2012-02-28;2011-2016 : 50 boules / 11 etoiles;etoile_1;2;etoile
2012-02-28;2011-2016 : 50 boules / 11 etoiles;etoile_2;3;etoile
2012-03-02;2011-2016 : 50 boules / 11 etoiles;boule_2;5;boule
2012-03-02;2011-2016 : 50 boules / 11 etoiles;boule_4;6;boule
2012-03-02;2011-2016 : 50 boules / 11 etoiles;boule_3;11;boule
2012-03-02;2011-2016 : 50 boules / 11 etoiles;boule_5;30;boule
2012-03-02;2011-2016 : 50 boules / 11 etoiles;boule_1;44;boule
2012-03-02;2011-2016 : 50 boules / 11 etoiles;etoile_2;2;etoile
2012-03-02;2011-2016 : 50 boules / 11 etoiles;etoile_1;6;etoile
2012-03-06;2011-2016 : 50 boules / 11 etoiles;boule_1;23;boule
2012-03-06;2011-2016 : 50 boules / 11 etoiles;boule_5;24;boule
2012-03-06;2011-2016 : 50 boules / 11 etoiles;boule_3;27;boule
2012-03-06;2011-2016 : 50 boules / 11 etoiles;boule_4;37;boule
2012-03-06;2011-2016 : 50 boules / 11 etoiles;boule_2;47;boule
2012-03-06;2011-2016 : 50 boules / 11 etoiles;etoile_2;2;etoile
2012-03-06;2011-2016 : 50 boules / 11 etoiles;etoile_1;6;etoile
2012-03-09;2011-2016 : 50 boules / 11 etoiles;boule_5;3;boule
2012-03-09;2011-2016 : 50 boules / 11 etoiles;boule_3;32;boule
2012-03-09;2011-2016 : 50 boules / 11 etoiles;boule_2;36;boule
2012-03-09;2011-2016 : 50 boules / 11 etoiles;boule_1;39;boule
2012-03-09;2011-2016 : 50 boules / 11 etoiles;boule_4;47;boule
2012-03-09;2011-2016 : 50 boules / 11 etoiles;etoile_1;6;etoile
2012-03-09;2011-2016 : 50 boules / 11 etoiles;etoile_2;9;etoile
2012-03-13;2011-2016 : 50 boules / 11 etoiles;boule_2;1;boule
2012-03-13;2011-2016 : 50 boules / 11 etoiles;boule_4;10;boule
2012-03-13;2011-2016 : 50 boules / 11 etoiles;boule_3;25;boule
2012-03-13;2011-2016 : 50 boules / 11 etoiles;boule_5;43;boule
2012-03-13;2011-2016 : 50 boules / 11 etoiles;boule_1;47;boule
2012-03-13;2011-2016 : 50 boules / 11 etoiles;etoile_1;8;etoile
2012-03-13;2011-2016 : 50 boules / 11 etoiles;etoile_2;9;etoile
2012-03-16;2011-2016 : 50 boules / 11 etoiles;boule_4;3;boule
2012-03-16;2011-2016 : 50 boules / 11 etoiles;boule_2;4;boule
2012-03-16;2011-2016 : 50 boules / 11 etoiles;boule_1;12;boule
2012-03-16;2011-2016 : 50 boules / 11 etoiles;boule_5;23;boule
2012-03-16;2011-2016 : 50 boules / 11 etoiles;boule_3;50;boule
2012-03-16;2011-2016 : 50 boules / 11 etoiles;etoile_1;4;etoile
2012-03-16;2011-2016 : 50 boules / 11 etoiles;etoile_2;7;etoile
2012-03-20;2011-2016 : 50 boules / 11 etoiles;boule_3;15;boule
2012-03-20;2011-2016 : 50 boules / 11 etoiles;boule_4;16;boule
2012-03-20;2011-2016 : 50 boules / 11 etoiles;boule_1;28;boule
2012-03-20;2011-2016 : 50 boules / 11 etoiles;boule_2;30;boule
2012-03-20;2011-2016 : 50 boules / 11 etoiles;boule_5;46;boule
2012-03-20;2011-2016 : 50 boules / 11 etoiles;etoile_1;3;etoile
2012-03-20;2011-2016 : 50 boules / 11 etoiles;etoile_2;4;etoile
2012-03-23;2011-2016 : 50 boules / 11 etoiles;boule_3;9;boule
2012-03-23;2011-2016 : 50 boules / 11 etoiles;boule_2;15;boule
2012-03-23;2011-2016 : 50 boules / 11 etoiles;boule_4;23;boule
2012-03-23;2011-2016 : 50 boules / 11 etoiles;boule_5;31;boule
2012-03-23;2011-2016 : 50 boules / 11 etoiles;boule_1;50;boule
2012-03-23;2011-2016 : 50 boules / 11 etoiles;etoile_1;8;etoile
2012-03-23;2011-2016 : 50 boules / 11 etoiles;etoile_2;11;etoile
2012-03-27;2011-2016 : 50 boules / 11 etoiles;boule_5;24;boule
2012-03-27;2011-2016 : 50 boules / 11 etoiles;boule_3;27;boule
2012-03-27;2011-2016 : 50 boules / 11 etoiles;boule_1;29;boule
2012-03-27;2011-2016 : 50 boules / 11 etoiles;boule_4;34;boule
2012-03-27;2011-2016 : 50 boules / 11 etoiles;boule_2;36;boule
2012-03-27;2011-2016 : 50 boules / 11 etoiles;etoile_1;7;etoile
2012-03-27;2011-2016 : 50 boules / 11 etoiles;etoile_2;8;etoile
2012-03-30;2011-2016 : 50 boules / 11 etoiles;boule_4;4;boule
2012-03-30;2011-2016 : 50 boules / 11 etoiles;boule_2;17;boule
2012-03-30;2011-2016 : 50 boules / 11 etoiles;boule_3;23;boule
2012-03-30;2011-2016 : 50 boules / 11 etoiles;boule_5;36;boule
2012-03-30;2011-2016 : 50 boules / 11 etoiles;boule_1;46;boule
2012-03-30;2011-2016 : 50 boules / 11 etoiles;etoile_2;6;etoile
2012-03-30;2011-2016 : 50 boules / 11 etoiles;etoile_1;10;etoile
2012-04-03;2011-2016 : 50 boules / 11 etoiles;boule_1;1;boule
2012-04-03;2011-2016 : 50 boules / 11 etoiles;boule_2;8;boule
2012-04-03;2011-2016 : 50 boules / 11 etoiles;boule_3;18;boule
2012-04-03;2011-2016 : 50 boules / 11 etoiles;boule_4;25;boule
2012-04-03;2011-2016 : 50 boules / 11 etoiles;boule_5;30;boule
2012-04-03;2011-2016 : 50 boules / 11 etoiles;etoile_2;9;etoile
2012-04-03;2011-2016 : 50 boules / 11 etoiles;etoile_1;10;etoile
2012-04-06;2011-2016 : 50 boules / 11 etoiles;boule_1;11;boule
2012-04-06;2011-2016 : 50 boules / 11 etoiles;boule_4;20;boule
2012-04-06;2011-2016 : 50 boules / 11 etoiles;boule_5;30;boule
2012-04-06;2011-2016 : 50 boules / 11 etoiles;boule_2;35;boule
2012-04-06;2011-2016 : 50 boules / 11 etoiles;boule_3;45;boule
2012-04-06;2011-2016 : 50 boules / 11 etoiles;etoile_1;2;etoile
2012-04-06;2011-2016 : 50 boules / 11 etoiles;etoile_2;3;etoile
2012-04-10;2011-2016 : 50 boules / 11 etoiles;boule_3;22;boule
2012-04-10;2011-2016 : 50 boules / 11 etoiles;boule_4;25;boule
2012-04-10;2011-2016 : 50 boules / 11 etoiles;boule_2;27;boule
2012-04-10;2011-2016 : 50 boules / 11 etoiles;boule_5;36;boule
2012-04-10;2011-2016 : 50 boules / 11 etoiles;boule_1;37;boule
2012-04-10;2011-2016 : 50 boules / 11 etoiles;etoile_2;5;etoile
2012-04-10;2011-2016 : 50 boules / 11 etoiles;etoile_1;9;etoile
2012-04-13;2011-2016 : 50 boules / 11 etoiles;boule_1;8;boule
2012-04-13;2011-2016 : 50 boules / 11 etoiles;boule_4;13;boule
2012-04-13;2011-2016 : 50 boules / 11 etoiles;boule_5;26;boule
2012-04-13;2011-2016 : 50 boules / 11 etoiles;boule_2;39;boule
2012-04-13;2011-2016 : 50 boules / 11 etoiles;boule_3;43;boule
2012-04-13;2011-2016 : 50 boules / 11 etoiles;etoile_1;3;etoile
2012-04-13;2011-2016 : 50 boules / 11 etoiles;etoile_2;5;etoile
2012-04-17;2011-2016 : 50 boules / 11 etoiles;boule_1;10;boule
2012-04-17;2011-2016 : 50 boules / 11 etoiles;boule_2;28;boule
2012-04-17;2011-2016 : 50 boules / 11 etoiles;boule_5;33;boule
2012-04-17;2011-2016 : 50 boules / 11 etoiles;boule_4;48;boule
2012-04-17;2011-2016 : 50 boules / 11 etoiles;boule_3;49;boule
2012-04-17;2011-2016 : 50 boules / 11 etoiles;etoile_2;1;etoile
2012-04-17;2011-2016 : 50 boules / 11 etoiles;etoile_1;10;etoile
2012-04-20;2011-2016 : 50 boules / 11 etoiles;boule_4;3;boule
2012-04-20;2011-2016 : 50 boules / 11 etoiles;boule_5;6;boule
2012-04-20;2011-2016 : 50 boules / 11 etoiles;boule_3;29;boule
2012-04-20;2011-2016 : 50 boules / 11 etoiles;boule_1;32;boule
2012-04-20;2011-2016 : 50 boules / 11 etoiles;boule_2;41;boule
2012-04-20;2011-2016 : 50 boules / 11 etoiles;etoile_2;10;etoile
2012-04-20;2011-2016 : 50 boules / 11 etoiles;etoile_1;11;etoile
2012-04-24;2011-2016 : 50 boules / 11 etoiles;boule_1;8;boule
2012-04-24;2011-2016 : 50 boules / 11 etoiles;boule_5;9;boule
2012-04-24;2011-2016 : 50 boules / 11 etoiles;boule_2;24;boule
2012-04-24;2011-2016 : 50 boules / 11 etoiles;boule_4;43;boule
2012-04-24;2011-2016 : 50 boules / 11 etoiles;boule_3;48;boule
2012-04-24;2011-2016 : 50 boules / 11 etoiles;etoile_1;3;etoile
2012-04-24;2011-2016 : 50 boules / 11 etoiles;etoile_2;5;etoile
2012-04-27;2011-2016 : 50 boules / 11 etoiles;boule_5;20;boule
2012-04-27;2011-2016 : 50 boules / 11 etoiles;boule_4;27;boule
2012-04-27;2011-2016 : 50 boules / 11 etoiles;boule_3;30;boule
2012-04-27;2011-2016 : 50 boules / 11 etoiles;boule_1;36;boule
2012-04-27;2011-2016 : 50 boules / 11 etoiles;boule_2;43;boule
2012-04-27;2011-2016 : 50 boules / 11 etoiles;etoile_1;1;etoile
2012-04-27;2011-2016 : 50 boules / 11 etoiles;etoile_2;6;etoile
2012-05-01;2011-2016 : 50 boules / 11 etoiles;boule_1;4;boule
2012-05-01;2011-2016 : 50 boules / 11 etoiles;boule_4;5;boule
2012-05-01;2011-2016 : 50 boules / 11 etoiles;boule_2;15;boule
2012-05-01;2011-2016 : 50 boules / 11 etoiles;boule_5;19;boule
2012-05-01;2011-2016 : 50 boules / 11 etoiles;boule_3;41;boule
2012-05-01;2011-2016 : 50 boules / 11 etoiles;etoile_2;9;etoile
2012-05-01;2011-2016 : 50 boules / 11 etoiles;etoile_1;11;etoile
2012-05-04;2011-2016 : 50 boules / 11 etoiles;boule_5;3;boule
2012-05-04;2011-2016 : 50 boules / 11 etoiles;boule_1;26;boule
2012-05-04;2011-2016 : 50 boules / 11 etoiles;boule_4;39;boule
2012-05-04;2011-2016 : 50 boules / 11 etoiles;boule_3;40;boule
2012-05-04;2011-2016 : 50 boules / 11 etoiles;boule_2;41;boule
2012-05-04;2011-2016 : 50 boules / 11 etoiles;etoile_1;1;etoile
2012-05-04;2011-2016 : 50 boules / 11 etoiles;etoile_2;2;etoile
2012-05-08;2011-2016 : 50 boules / 11 etoiles;boule_1;3;boule
2012-05-08;2011-2016 : 50 boules / 11 etoiles;boule_5;21;boule
2012-05-08;2011-2016 : 50 boules / 11 etoiles;boule_2;34;boule
2012-05-08;2011-2016 : 50 boules / 11 etoiles;boule_4;38;boule
2012-05-08;2011-2016 : 50 boules / 11 etoiles;boule_3;48;boule
2012-05-08;2011-2016 : 50 boules / 11 etoiles;etoile_1;5;etoile
2012-05-08;2011-2016 : 50 boules / 11 etoiles;etoile_2;8;etoile
2012-05-11;2011-2016 : 50 boules / 11 etoiles;boule_1;1;boule
2012-05-11;2011-2016 : 50 boules / 11 etoiles;boule_3;13;boule
2012-05-11;2011-2016 : 50 boules / 11 etoiles;boule_2;17;boule
2012-05-11;2011-2016 : 50 boules / 11 etoiles;boule_5;38;boule
2012-05-11;2011-2016 : 50 boules / 11 etoiles;boule_4;44;boule
2012-05-11;2011-2016 : 50 boules / 11 etoiles;etoile_1;2;etoile
2012-05-11;2011-2016 : 50 boules / 11 etoiles;etoile_2;11;etoile
2012-05-15;2011-2016 : 50 boules / 11 etoiles;boule_2;2;boule
2012-05-15;2011-2016 : 50 boules / 11 etoiles;boule_4;11;boule
2012-05-15;2011-2016 : 50 boules / 11 etoiles;boule_1;13;boule
2012-05-15;2011-2016 : 50 boules / 11 etoiles;boule_5;26;boule
2012-05-15;2011-2016 : 50 boules / 11 etoiles;boule_3;50;boule
2012-05-15;2011-2016 : 50 boules / 11 etoiles;etoile_2;2;etoile
2012-05-15;2011-2016 : 50 boules / 11 etoiles;etoile_1;5;etoile
2012-05-18;2011-2016 : 50 boules / 11 etoiles;boule_5;13;boule
2012-05-18;2011-2016 : 50 boules / 11 etoiles;boule_1;29;boule
2012-05-18;2011-2016 : 50 boules / 11 etoiles;boule_3;43;boule
2012-05-18;2011-2016 : 50 boules / 11 etoiles;boule_4;47;boule
2012-05-18;2011-2016 : 50 boules / 11 etoiles;boule_2;50;boule
2012-05-18;2011-2016 : 50 boules / 11 etoiles;etoile_1;9;etoile
2012-05-18;2011-2016 : 50 boules / 11 etoiles;etoile_2;11;etoile
2012-05-22;2011-2016 : 50 boules / 11 etoiles;boule_4;16;boule
2012-05-22;2011-2016 : 50 boules / 11 etoiles;boule_1;31;boule
2012-05-22;2011-2016 : 50 boules / 11 etoiles;boule_2;32;boule
2012-05-22;2011-2016 : 50 boules / 11 etoiles;boule_5;37;boule
2012-05-22;2011-2016 : 50 boules / 11 etoiles;boule_3;41;boule
2012-05-22;2011-2016 : 50 boules / 11 etoiles;etoile_2;1;etoile
2012-05-22;2011-2016 : 50 boules / 11 etoiles;etoile_1;7;etoile
2012-05-25;2011-2016 : 50 boules / 11 etoiles;boule_2;12;boule
2012-05-25;2011-2016 : 50 boules / 11 etoiles;boule_3;22;boule
2012-05-25;2011-2016 : 50 boules / 11 etoiles;boule_1;35;boule
2012-05-25;2011-2016 : 50 boules / 11 etoiles;boule_5;46;boule
2012-05-25;2011-2016 : 50 boules / 11 etoiles;boule_4;49;boule
2012-05-25;2011-2016 : 50 boules / 11 etoiles;etoile_1;2;etoile
2012-05-25;2011-2016 : 50 boules / 11 etoiles;etoile_2;8;etoile
2012-05-29;2011-2016 : 50 boules / 11 etoiles;boule_5;8;boule
2012-05-29;2011-2016 : 50 boules / 11 etoiles;boule_4;15;boule
2012-05-29;2011-2016 : 50 boules / 11 etoiles;boule_2;17;boule
2012-05-29;2011-2016 : 50 boules / 11 etoiles;boule_3;25;boule
2012-05-29;2011-2016 : 50 boules / 11 etoiles;boule_1;28;boule
2012-05-29;2011-2016 : 50 boules / 11 etoiles;etoile_1;3;etoile
2012-05-29;2011-2016 : 50 boules / 11 etoiles;etoile_2;11;etoile
2012-06-01;2011-2016 : 50 boules / 11 etoiles;boule_2;2;boule
2012-06-01;2011-2016 : 50 boules / 11 etoiles;boule_5;4;boule
2012-06-01;2011-2016 : 50 boules / 11 etoiles;boule_4;14;boule
2012-06-01;2011-2016 : 50 boules / 11 etoiles;boule_1;26;boule
2012-06-01;2011-2016 : 50 boules / 11 etoiles;boule_3;36;boule
2012-06-01;2011-2016 : 50 boules / 11 etoiles;etoile_1;9;etoile
2012-06-01;2011-2016 : 50 boules / 11 etoiles;etoile_2;10;etoile
2012-06-05;2011-2016 : 50 boules / 11 etoiles;boule_1;13;boule
2012-06-05;2011-2016 : 50 boules / 11 etoiles;boule_5;34;boule
2012-06-05;2011-2016 : 50 boules / 11 etoiles;boule_3;37;boule
2012-06-05;2011-2016 : 50 boules / 11 etoiles;boule_4;47;boule
2012-06-05;2011-2016 : 50 boules / 11 etoiles;boule_2;49;boule
2012-06-05;2011-2016 : 50 boules / 11 etoiles;etoile_1;8;etoile
2012-06-05;2011-2016 : 50 boules / 11 etoiles;etoile_2;9;etoile
2012-06-08;2011-2016 : 50 boules / 11 etoiles;boule_3;5;boule
2012-06-08;2011-2016 : 50 boules / 11 etoiles;boule_1;11;boule
2012-06-08;2011-2016 : 50 boules / 11 etoiles;boule_2;22;boule
2012-06-08;2011-2016 : 50 boules / 11 etoiles;boule_4;34;boule
2012-06-08;2011-2016 : 50 boules / 11 etoiles;boule_5;40;boule
2012-06-08;2011-2016 : 50 boules / 11 etoiles;etoile_1;9;etoile
2012-06-08;2011-2016 : 50 boules / 11 etoiles;etoile_2;11;etoile
2012-06-12;2011-2016 : 50 boules / 11 etoiles;boule_5;8;boule
2012-06-12;2011-2016 : 50 boules / 11 etoiles;boule_4;15;boule
2012-06-12;2011-2016 : 50 boules / 11 etoiles;boule_2;26;boule
2012-06-12;2011-2016 : 50 boules / 11 etoiles;boule_1;30;boule
2012-06-12;2011-2016 : 50 boules / 11 etoiles;boule_3;48;boule
2012-06-12;2011-2016 : 50 boules / 11 etoiles;etoile_1;9;etoile
2012-06-12;2011-2016 : 50 boules / 11 etoiles;etoile_2;10;etoile
2012-06-15;2011-2016 : 50 boules / 11 etoiles;boule_5;10;boule
2012-06-15;2011-2016 : 50 boules / 11 etoiles;boule_4;22;boule
2012-06-15;2011-2016 : 50 boules / 11 etoiles;boule_3;27;boule
2012-06-15;2011-2016 : 50 boules / 11 etoiles;boule_2;38;boule
2012-06-15;2011-2016 : 50 boules / 11 etoiles;boule_1;48;boule
2012-06-15;2011-2016 : 50 boules / 11 etoiles;etoile_1;3;etoile
2012-06-15;2011-2016 : 50 boules / 11 etoiles;etoile_2;7;etoile
2012-06-19;2011-2016 : 50 boules / 11 etoiles;boule_4;7;boule
2012-06-19;2011-2016 : 50 boules / 11 etoiles;boule_1;17;boule
2012-06-19;2011-2016 : 50 boules / 11 etoiles;boule_2;20;boule
2012-06-19;2011-2016 : 50 boules / 11 etoiles;boule_5;35;boule
2012-06-19;2011-2016 : 50 boules / 11 etoiles;boule_3;50;boule
2012-06-19;2011-2016 : 50 boules / 11 etoiles;etoile_1;5;etoile
2012-06-19;2011-2016 : 50 boules / 11 etoiles;etoile_2;11;etoile
2012-06-22;2011-2016 : 50 boules / 11 etoiles;boule_2;14;boule
2012-06-22;2011-2016 : 50 boules / 11 etoiles;boule_1;18;boule
2012-06-22;2011-2016 : 50 boules / 11 etoiles;boule_3;19;boule
2012-06-22;2011-2016 : 50 boules / 11 etoiles;boule_4;43;boule
2012-06-22;2011-2016 : 50 boules / 11 etoiles;boule_5;49;boule
2012-06-22;2011-2016 : 50 boules / 11 etoiles;etoile_2;3;etoile
2012-06-22;2011-2016 : 50 boules / 11 etoiles;etoile_1;7;etoile
2012-06-26;2011-2016 : 50 boules / 11 etoiles;boule_5;1;boule
2012-06-26;2011-2016 : 50 boules / 11 etoiles;boule_1;11;boule
2012-06-26;2011-2016 : 50 boules / 11 etoiles;boule_4;20;boule
2012-06-26;2011-2016 : 50 boules / 11 etoiles;boule_2;22;boule
2012-06-26;2011-2016 : 50 boules / 11 etoiles;boule_3;35;boule
2012-06-26;2011-2016 : 50 boules / 11 etoiles;etoile_2;8;etoile
2012-06-26;2011-2016 : 50 boules / 11 etoiles;etoile_1;10;etoile
2012-06-29;2011-2016 : 50 boules / 11 etoiles;boule_1;14;boule
2012-06-29;2011-2016 : 50 boules / 11 etoiles;boule_2;17;boule
2012-06-29;2011-2016 : 50 boules / 11 etoiles;boule_3;28;boule
2012-06-29;2011-2016 : 50 boules / 11 etoiles;boule_5;29;boule
2012-06-29;2011-2016 : 50 boules / 11 etoiles;boule_4;39;boule
2012-06-29;2011-2016 : 50 boules / 11 etoiles;etoile_2;1;etoile
2012-06-29;2011-2016 : 50 boules / 11 etoiles;etoile_1;11;etoile
2012-07-03;2011-2016 : 50 boules / 11 etoiles;boule_3;2;boule
2012-07-03;2011-2016 : 50 boules / 11 etoiles;boule_2;7;boule
2012-07-03;2011-2016 : 50 boules / 11 etoiles;boule_1;22;boule
2012-07-03;2011-2016 : 50 boules / 11 etoiles;boule_5;27;boule
2012-07-03;2011-2016 : 50 boules / 11 etoiles;boule_4;40;boule
2012-07-03;2011-2016 : 50 boules / 11 etoiles;etoile_2;3;etoile
2012-07-03;2011-2016 : 50 boules / 11 etoiles;etoile_1;6;etoile
2012-07-06;2011-2016 : 50 boules / 11 etoiles;boule_4;31;boule
2012-07-06;2011-2016 : 50 boules / 11 etoiles;boule_5;32;boule
2012-07-06;2011-2016 : 50 boules / 11 etoiles;boule_3;38;boule
2012-07-06;2011-2016 : 50 boules / 11 etoiles;boule_1;40;boule
2012-07-06;2011-2016 : 50 boules / 11 etoiles;boule_2;42;boule
2012-07-06;2011-2016 : 50 boules / 11 etoiles;etoile_2;1;etoile
2012-07-06;2011-2016 : 50 boules / 11 etoiles;etoile_1;3;etoile
2012-07-10;2011-2016 : 50 boules / 11 etoiles;boule_2;1;boule
2012-07-10;2011-2016 : 50 boules / 11 etoiles;boule_5;3;boule
2012-07-10;2011-2016 : 50 boules / 11 etoiles;boule_4;16;boule
2012-07-10;2011-2016 : 50 boules / 11 etoiles;boule_3;24;boule
2012-07-10;2011-2016 : 50 boules / 11 etoiles;boule_1;37;boule
2012-07-10;2011-2016 : 50 boules / 11 etoiles;etoile_2;1;etoile
2012-07-10;2011-2016 : 50 boules / 11 etoiles;etoile_1;8;etoile
2012-07-13;2011-2016 : 50 boules / 11 etoiles;boule_5;8;boule
2012-07-13;2011-2016 : 50 boules / 11 etoiles;boule_1;18;boule
2012-07-13;2011-2016 : 50 boules / 11 etoiles;boule_4;25;boule
2012-07-13;2011-2016 : 50 boules / 11 etoiles;boule_3;35;boule
2012-07-13;2011-2016 : 50 boules / 11 etoiles;boule_2;46;boule
2012-07-13;2011-2016 : 50 boules / 11 etoiles;etoile_2;4;etoile
2012-07-13;2011-2016 : 50 boules / 11 etoiles;etoile_1;9;etoile
2012-07-17;2011-2016 : 50 boules / 11 etoiles;boule_2;2;boule
2012-07-17;2011-2016 : 50 boules / 11 etoiles;boule_4;7;boule
2012-07-17;2011-2016 : 50 boules / 11 etoiles;boule_1;24;boule
2012-07-17;2011-2016 : 50 boules / 11 etoiles;boule_3;43;boule
2012-07-17;2011-2016 : 50 boules / 11 etoiles;boule_5;46;boule
2012-07-17;2011-2016 : 50 boules / 11 etoiles;etoile_2;8;etoile
2012-07-17;2011-2016 : 50 boules / 11 etoiles;etoile_1;10;etoile
2012-07-20;2011-2016 : 50 boules / 11 etoiles;boule_3;10;boule
2012-07-20;2011-2016 : 50 boules / 11 etoiles;boule_1;19;boule
2012-07-20;2011-2016 : 50 boules / 11 etoiles;boule_2;23;boule
2012-07-20;2011-2016 : 50 boules / 11 etoiles;boule_4;45;boule
2012-07-20;2011-2016 : 50 boules / 11 etoiles;boule_5;49;boule
2012-07-20;2011-2016 : 50 boules / 11 etoiles;etoile_1;9;etoile
2012-07-20;2011-2016 : 50 boules / 11 etoiles;etoile_2;10;etoile
2012-07-24;2011-2016 : 50 boules / 11 etoiles;boule_3;4;boule
2012-07-24;2011-2016 : 50 boules / 11 etoiles;boule_4;16;boule
2012-07-24;2011-2016 : 50 boules / 11 etoiles;boule_1;18;boule
2012-07-24;2011-2016 : 50 boules / 11 etoiles;boule_2;25;boule
2012-07-24;2011-2016 : 50 boules / 11 etoiles;boule_5;44;boule
2012-07-24;2011-2016 : 50 boules / 11 etoiles;etoile_2;1;etoile
2012-07-24;2011-2016 : 50 boules / 11 etoiles;etoile_1;11;etoile
2012-07-27;2011-2016 : 50 boules / 11 etoiles;boule_3;14;boule
2012-07-27;2011-2016 : 50 boules / 11 etoiles;boule_1;15;boule
2012-07-27;2011-2016 : 50 boules / 11 etoiles;boule_5;21;boule
2012-07-27;2011-2016 : 50 boules / 11 etoiles;boule_4;23;boule
2012-07-27;2011-2016 : 50 boules / 11 etoiles;boule_2;48;boule
2012-07-27;2011-2016 : 50 boules / 11 etoiles;etoile_1;2;etoile
2012-07-27;2011-2016 : 50 boules / 11 etoiles;etoile_2;10;etoile
2012-07-31;2011-2016 : 50 boules / 11 etoiles;boule_3;4;boule
2012-07-31;2011-2016 : 50 boules / 11 etoiles;boule_5;29;boule
2012-07-31;2011-2016 : 50 boules / 11 etoiles;boule_1;35;boule
2012-07-31;2011-2016 : 50 boules / 11 etoiles;boule_4;36;boule
2012-07-31;2011-2016 : 50 boules / 11 etoiles;boule_2;39;boule
2012-07-31;2011-2016 : 50 boules / 11 etoiles;etoile_2;8;etoile
2012-07-31;2011-2016 : 50 boules / 11 etoiles;etoile_1;9;etoile
2012-08-03;2011-2016 : 50 boules / 11 etoiles;boule_4;24;boule
2012-08-03;2011-2016 : 50 boules / 11 etoiles;boule_1;34;boule
2012-08-03;2011-2016 : 50 boules / 11 etoiles;boule_2;35;boule
2012-08-03;2011-2016 : 50 boules / 11 etoiles;boule_3;42;boule
2012-08-03;2011-2016 : 50 boules / 11 etoiles;boule_5;46;boule
2012-08-03;2011-2016 : 50 boules / 11 etoiles;etoile_2;1;etoile
2012-08-03;2011-2016 : 50 boules / 11 etoiles;etoile_1;5;etoile
2012-08-07;2011-2016 : 50 boules / 11 etoiles;boule_1;20;boule
2012-08-07;2011-2016 : 50 boules / 11 etoiles;boule_5;27;boule
2012-08-07;2011-2016 : 50 boules / 11 etoiles;boule_3;34;boule
2012-08-07;2011-2016 : 50 boules / 11 etoiles;boule_4;46;boule
2012-08-07;2011-2016 : 50 boules / 11 etoiles;boule_2;50;boule
2012-08-07;2011-2016 : 50 boules / 11 etoiles;etoile_2;2;etoile
2012-08-07;2011-2016 : 50 boules / 11 etoiles;etoile_1;3;etoile
2012-08-10;2011-2016 : 50 boules / 11 etoiles;boule_5;11;boule
2012-08-10;2011-2016 : 50 boules / 11 etoiles;boule_3;17;boule
2012-08-10;2011-2016 : 50 boules / 11 etoiles;boule_2;21;boule
2012-08-10;2011-2016 : 50 boules / 11 etoiles;boule_4;48;boule
2012-08-10;2011-2016 : 50 boules / 11 etoiles;boule_1;50;boule
2012-08-10;2011-2016 : 50 boules / 11 etoiles;etoile_1;9;etoile
2012-08-10;2011-2016 : 50 boules / 11 etoiles;etoile_2;10;etoile
2012-08-14;2011-2016 : 50 boules / 11 etoiles;boule_4;1;boule
2012-08-14;2011-2016 : 50 boules / 11 etoiles;boule_2;16;boule
2012-08-14;2011-2016 : 50 boules / 11 etoiles;boule_5;38;boule
2012-08-14;2011-2016 : 50 boules / 11 etoiles;boule_3;42;boule
2012-08-14;2011-2016 : 50 boules / 11 etoiles;boule_1;45;boule
2012-08-14;2011-2016 : 50 boules / 11 etoiles;etoile_1;9;etoile
2012-08-14;2011-2016 : 50 boules / 11 etoiles;etoile_2;10;etoile
2012-08-17;2011-2016 : 50 boules / 11 etoiles;boule_1;19;boule
2012-08-17;2011-2016 : 50 boules / 11 etoiles;boule_2;25;boule
2012-08-17;2011-2016 : 50 boules / 11 etoiles;boule_5;28;boule
2012-08-17;2011-2016 : 50 boules / 11 etoiles;boule_3;33;boule
2012-08-17;2011-2016 : 50 boules / 11 etoiles;boule_4;44;boule
2012-08-17;2011-2016 : 50 boules / 11 etoiles;etoile_2;2;etoile
2012-08-17;2011-2016 : 50 boules / 11 etoiles;etoile_1;8;etoile
2012-08-21;2011-2016 : 50 boules / 11 etoiles;boule_4;4;boule
2012-08-21;2011-2016 : 50 boules / 11 etoiles;boule_2;5;boule
2012-08-21;2011-2016 : 50 boules / 11 etoiles;boule_1;17;boule
2012-08-21;2011-2016 : 50 boules / 11 etoiles;boule_3;38;boule
2012-08-21;2011-2016 : 50 boules / 11 etoiles;boule_5;48;boule
2012-08-21;2011-2016 : 50 boules / 11 etoiles;etoile_2;3;etoile
2012-08-21;2011-2016 : 50 boules / 11 etoiles;etoile_1;4;etoile
2012-08-24;2011-2016 : 50 boules / 11 etoiles;boule_2;5;boule
2012-08-24;2011-2016 : 50 boules / 11 etoiles;boule_1;6;boule
2012-08-24;2011-2016 : 50 boules / 11 etoiles;boule_5;12;boule
2012-08-24;2011-2016 : 50 boules / 11 etoiles;boule_3;19;boule
2012-08-24;2011-2016 : 50 boules / 11 etoiles;boule_4;37;boule
2012-08-24;2011-2016 : 50 boules / 11 etoiles;etoile_2;3;etoile
2012-08-24;2011-2016 : 50 boules / 11 etoiles;etoile_1;7;etoile
2012-08-28;2011-2016 : 50 boules / 11 etoiles;boule_1;1;boule
2012-08-28;2011-2016 : 50 boules / 11 etoiles;boule_5;18;boule
2012-08-28;2011-2016 : 50 boules / 11 etoiles;boule_3;25;boule
2012-08-28;2011-2016 : 50 boules / 11 etoiles;boule_2;26;boule
2012-08-28;2011-2016 : 50 boules / 11 etoiles;boule_4;44;boule
2012-08-28;2011-2016 : 50 boules / 11 etoiles;etoile_2;4;etoile
2012-08-28;2011-2016 : 50 boules / 11 etoiles;etoile_1;5;etoile
2012-08-31;2011-2016 : 50 boules / 11 etoiles;boule_3;16;boule
2012-08-31;2011-2016 : 50 boules / 11 etoiles;boule_2;28;boule
2012-08-31;2011-2016 : 50 boules / 11 etoiles;boule_1;31;boule
2012-08-31;2011-2016 : 50 boules / 11 etoiles;boule_5;33;boule
2012-08-31;2011-2016 : 50 boules / 11 etoiles;boule_4;48;boule
2012-08-31;2011-2016 : 50 boules / 11 etoiles;etoile_2;7;etoile
2012-08-31;2011-2016 : 50 boules / 11 etoiles;etoile_1;11;etoile
2012-09-04;2011-2016 : 50 boules / 11 etoiles;boule_5;11;boule
2012-09-04;2011-2016 : 50 boules / 11 etoiles;boule_3;17;boule
2012-09-04;2011-2016 : 50 boules / 11 etoiles;boule_1;18;boule
2012-09-04;2011-2016 : 50 boules / 11 etoiles;boule_2;39;boule
2012-09-04;2011-2016 : 50 boules / 11 etoiles;boule_4;44;boule
2012-09-04;2011-2016 : 50 boules / 11 etoiles;etoile_2;5;etoile
2012-09-04;2011-2016 : 50 boules / 11 etoiles;etoile_1;10;etoile
2012-09-07;2011-2016 : 50 boules / 11 etoiles;boule_3;13;boule
2012-09-07;2011-2016 : 50 boules / 11 etoiles;boule_1;15;boule
2012-09-07;2011-2016 : 50 boules / 11 etoiles;boule_4;30;boule
2012-09-07;2011-2016 : 50 boules / 11 etoiles;boule_2;35;boule
2012-09-07;2011-2016 : 50 boules / 11 etoiles;boule_5;42;boule
2012-09-07;2011-2016 : 50 boules / 11 etoiles;etoile_1;4;etoile
2012-09-07;2011-2016 : 50 boules / 11 etoiles;etoile_2;6;etoile
2012-09-11;2011-2016 : 50 boules / 11 etoiles;boule_2;6;boule
2012-09-11;2011-2016 : 50 boules / 11 etoiles;boule_1;15;boule
2012-09-11;2011-2016 : 50 boules / 11 etoiles;boule_4;22;boule
2012-09-11;2011-2016 : 50 boules / 11 etoiles;boule_3;37;boule
2012-09-11;2011-2016 : 50 boules / 11 etoiles;boule_5;44;boule
2012-09-11;2011-2016 : 50 boules / 11 etoiles;etoile_1;2;etoile
2012-09-11;2011-2016 : 50 boules / 11 etoiles;etoile_2;4;etoile
2012-09-14;2011-2016 : 50 boules / 11 etoiles;boule_5;3;boule
2012-09-14;2011-2016 : 50 boules / 11 etoiles;boule_2;10;boule
2012-09-14;2011-2016 : 50 boules / 11 etoiles;boule_4;23;boule
2012-09-14;2011-2016 : 50 boules / 11 etoiles;boule_1;27;boule
2012-09-14;2011-2016 : 50 boules / 11 etoiles;boule_3;44;boule
2012-09-14;2011-2016 : 50 boules / 11 etoiles;etoile_2;7;etoile
2012-09-14;2011-2016 : 50 boules / 11 etoiles;etoile_1;9;etoile
2012-09-18;2011-2016 : 50 boules / 11 etoiles;boule_5;6;boule
2012-09-18;2011-2016 : 50 boules / 11 etoiles;boule_2;7;boule
2012-09-18;2011-2016 : 50 boules / 11 etoiles;boule_1;38;boule
2012-09-18;2011-2016 : 50 boules / 11 etoiles;boule_3;39;boule
2012-09-18;2011-2016 : 50 boules / 11 etoiles;boule_4;44;boule
2012-09-18;2011-2016 : 50 boules / 11 etoiles;etoile_1;7;etoile
2012-09-18;2011-2016 : 50 boules / 11 etoiles;etoile_2;9;etoile
2012-09-21;2011-2016 : 50 boules / 11 etoiles;boule_2;4;boule
2012-09-21;2011-2016 : 50 boules / 11 etoiles;boule_5;19;boule
2012-09-21;2011-2016 : 50 boules / 11 etoiles;boule_3;34;boule
2012-09-21;2011-2016 : 50 boules / 11 etoiles;boule_1;41;boule
2012-09-21;2011-2016 : 50 boules / 11 etoiles;boule_4;43;boule
2012-09-21;2011-2016 : 50 boules / 11 etoiles;etoile_1;7;etoile
2012-09-21;2011-2016 : 50 boules / 11 etoiles;etoile_2;11;etoile
2012-09-25;2011-2016 : 50 boules / 11 etoiles;boule_5;7;boule
2012-09-25;2011-2016 : 50 boules / 11 etoiles;boule_2;25;boule
2012-09-25;2011-2016 : 50 boules / 11 etoiles;boule_3;27;boule
2012-09-25;2011-2016 : 50 boules / 11 etoiles;boule_1;48;boule
2012-09-25;2011-2016 : 50 boules / 11 etoiles;boule_4;49;boule
2012-09-25;2011-2016 : 50 boules / 11 etoiles;etoile_1;1;etoile
2012-09-25;2011-2016 : 50 boules / 11 etoiles;etoile_2;4;etoile
2012-09-28;2011-2016 : 50 boules / 11 etoiles;boule_1;20;boule
2012-09-28;2011-2016 : 50 boules / 11 etoiles;boule_5;23;boule
2012-09-28;2011-2016 : 50 boules / 11 etoiles;boule_2;26;boule
2012-09-28;2011-2016 : 50 boules / 11 etoiles;boule_3;30;boule
2012-09-28;2011-2016 : 50 boules / 11 etoiles;boule_4;33;boule
2012-09-28;2011-2016 : 50 boules / 11 etoiles;etoile_1;6;etoile
2012-09-28;2011-2016 : 50 boules / 11 etoiles;etoile_2;9;etoile
2012-10-02;2011-2016 : 50 boules / 11 etoiles;boule_5;4;boule
2012-10-02;2011-2016 : 50 boules / 11 etoiles;boule_1;16;boule
2012-10-02;2011-2016 : 50 boules / 11 etoiles;boule_3;21;boule
2012-10-02;2011-2016 : 50 boules / 11 etoiles;boule_4;36;boule
2012-10-02;2011-2016 : 50 boules / 11 etoiles;boule_2;42;boule
2012-10-02;2011-2016 : 50 boules / 11 etoiles;etoile_2;7;etoile
2012-10-02;2011-2016 : 50 boules / 11 etoiles;etoile_1;8;etoile
2012-10-05;2011-2016 : 50 boules / 11 etoiles;boule_5;9;boule
2012-10-05;2011-2016 : 50 boules / 11 etoiles;boule_2;16;boule
2012-10-05;2011-2016 : 50 boules / 11 etoiles;boule_3;18;boule
2012-10-05;2011-2016 : 50 boules / 11 etoiles;boule_1;19;boule
2012-10-05;2011-2016 : 50 boules / 11 etoiles;boule_4;21;boule
2012-10-05;2011-2016 : 50 boules / 11 etoiles;etoile_2;2;etoile
2012-10-05;2011-2016 : 50 boules / 11 etoiles;etoile_1;3;etoile
2012-10-09;2011-2016 : 50 boules / 11 etoiles;boule_5;2;boule
2012-10-09;2011-2016 : 50 boules / 11 etoiles;boule_2;8;boule
2012-10-09;2011-2016 : 50 boules / 11 etoiles;boule_3;10;boule
2012-10-09;2011-2016 : 50 boules / 11 etoiles;boule_1;23;boule
2012-10-09;2011-2016 : 50 boules / 11 etoiles;boule_4;25;boule
2012-10-09;2011-2016 : 50 boules / 11 etoiles;etoile_1;8;etoile
2012-10-09;2011-2016 : 50 boules / 11 etoiles;etoile_2;9;etoile
2012-10-12;2011-2016 : 50 boules / 11 etoiles;boule_5;6;boule
2012-10-12;2011-2016 : 50 boules / 11 etoiles;boule_2;7;boule
2012-10-12;2011-2016 : 50 boules / 11 etoiles;boule_3;17;boule
2012-10-12;2011-2016 : 50 boules / 11 etoiles;boule_1;35;boule
2012-10-12;2011-2016 : 50 boules / 11 etoiles;boule_4;43;boule
2012-10-12;2011-2016 : 50 boules / 11 etoiles;etoile_1;2;etoile
2012-10-12;2011-2016 : 50 boules / 11 etoiles;etoile_2;8;etoile
2012-10-16;2011-2016 : 50 boules / 11 etoiles;boule_2;10;boule
2012-10-16;2011-2016 : 50 boules / 11 etoiles;boule_5;32;boule
2012-10-16;2011-2016 : 50 boules / 11 etoiles;boule_3;40;boule
2012-10-16;2011-2016 : 50 boules / 11 etoiles;boule_1;41;boule
2012-10-16;2011-2016 : 50 boules / 11 etoiles;boule_4;49;boule
2012-10-16;2011-2016 : 50 boules / 11 etoiles;etoile_1;2;etoile
2012-10-16;2011-2016 : 50 boules / 11 etoiles;etoile_2;8;etoile
2012-10-19;2011-2016 : 50 boules / 11 etoiles;boule_1;16;boule
2012-10-19;2011-2016 : 50 boules / 11 etoiles;boule_5;29;boule
2012-10-19;2011-2016 : 50 boules / 11 etoiles;boule_4;37;boule
2012-10-19;2011-2016 : 50 boules / 11 etoiles;boule_2;40;boule
2012-10-19;2011-2016 : 50 boules / 11 etoiles;boule_3;44;boule
2012-10-19;2011-2016 : 50 boules / 11 etoiles;etoile_1;8;etoile
2012-10-19;2011-2016 : 50 boules / 11 etoiles;etoile_2;10;etoile
2012-10-23;2011-2016 : 50 boules / 11 etoiles;boule_1;1;boule
2012-10-23;2011-2016 : 50 boules / 11 etoiles;boule_5;28;boule
2012-10-23;2011-2016 : 50 boules / 11 etoiles;boule_2;35;boule
2012-10-23;2011-2016 : 50 boules / 11 etoiles;boule_3;38;boule
2012-10-23;2011-2016 : 50 boules / 11 etoiles;boule_4;50;boule
2012-10-23;2011-2016 : 50 boules / 11 etoiles;etoile_1;2;etoile
2012-10-23;2011-2016 : 50 boules / 11 etoiles;etoile_2;10;etoile
2012-10-26;2011-2016 : 50 boules / 11 etoiles;boule_2;5;boule
2012-10-26;2011-2016 : 50 boules / 11 etoiles;boule_3;6;boule
2012-10-26;2011-2016 : 50 boules / 11 etoiles;boule_1;9;boule
2012-10-26;2011-2016 : 50 boules / 11 etoiles;boule_5;27;boule
2012-10-26;2011-2016 : 50 boules / 11 etoiles;boule_4;38;boule
2012-10-26;2011-2016 : 50 boules / 11 etoiles;etoile_1;5;etoile
2012-10-26;2011-2016 : 50 boules / 11 etoiles;etoile_2;11;etoile
2012-10-30;2011-2016 : 50 boules / 11 etoiles;boule_1;23;boule
2012-10-30;2011-2016 : 50 boules / 11 etoiles;boule_4;24;boule
2012-10-30;2011-2016 : 50 boules / 11 etoiles;boule_3;25;boule
2012-10-30;2011-2016 : 50 boules / 11 etoiles;boule_5;31;boule
2012-10-30;2011-2016 : 50 boules / 11 etoiles;boule_2;44;boule
2012-10-30;2011-2016 : 50 boules / 11 etoiles;etoile_1;2;etoile
2012-10-30;2011-2016 : 50 boules / 11 etoiles;etoile_2;3;etoile
2012-11-02;2011-2016 : 50 boules / 11 etoiles;boule_3;3;boule
2012-11-02;2011-2016 : 50 boules / 11 etoiles;boule_1;6;boule
2012-11-02;2011-2016 : 50 boules / 11 etoiles;boule_2;10;boule
2012-11-02;2011-2016 : 50 boules / 11 etoiles;boule_5;11;boule
2012-11-02;2011-2016 : 50 boules / 11 etoiles;boule_4;44;boule
2012-11-02;2011-2016 : 50 boules / 11 etoiles;etoile_1;3;etoile
2012-11-02;2011-2016 : 50 boules / 11 etoiles;etoile_2;4;etoile
2012-11-06;2011-2016 : 50 boules / 11 etoiles;boule_5;7;boule
2012-11-06;2011-2016 : 50 boules / 11 etoiles;boule_3;20;boule
2012-11-06;2011-2016 : 50 boules / 11 etoiles;boule_2;25;boule
2012-11-06;2011-2016 : 50 boules / 11 etoiles;boule_1;35;boule
2012-11-06;2011-2016 : 50 boules / 11 etoiles;boule_4;41;boule
2012-11-06;2011-2016 : 50 boules / 11 etoiles;etoile_1;1;etoile
2012-11-06;2011-2016 : 50 boules / 11 etoiles;etoile_2;9;etoile
2012-11-09;2011-2016 : 50 boules / 11 etoiles;boule_3;14;boule
2012-11-09;2011-2016 : 50 boules / 11 etoiles;boule_4;21;boule
2012-11-09;2011-2016 : 50 boules / 11 etoiles;boule_5;22;boule
2012-11-09;2011-2016 : 50 boules / 11 etoiles;boule_2;28;boule
2012-11-09;2011-2016 : 50 boules / 11 etoiles;boule_1;47;boule
2012-11-09;2011-2016 : 50 boules / 11 etoiles;etoile_2;4;etoile
2012-11-09;2011-2016 : 50 boules / 11 etoiles;etoile_1;5;etoile
2012-11-13;2011-2016 : 50 boules / 11 etoiles;boule_2;11;boule
2012-11-13;2011-2016 : 50 boules / 11 etoiles;boule_5;16;boule
2012-11-13;2011-2016 : 50 boules / 11 etoiles;boule_3;21;boule
2012-11-13;2011-2016 : 50 boules / 11 etoiles;boule_4;24;boule
2012-11-13;2011-2016 : 50 boules / 11 etoiles;boule_1;29;boule
2012-11-13;2011-2016 : 50 boules / 11 etoiles;etoile_2;2;etoile
2012-11-13;2011-2016 : 50 boules / 11 etoiles;etoile_1;6;etoile
2012-11-16;2011-2016 : 50 boules / 11 etoiles;boule_5;10;boule
2012-11-16;2011-2016 : 50 boules / 11 etoiles;boule_1;15;boule
2012-11-16;2011-2016 : 50 boules / 11 etoiles;boule_2;19;boule
2012-11-16;2011-2016 : 50 boules / 11 etoiles;boule_4;23;boule
2012-11-16;2011-2016 : 50 boules / 11 etoiles;boule_3;41;boule
2012-11-16;2011-2016 : 50 boules / 11 etoiles;etoile_1;2;etoile
2012-11-16;2011-2016 : 50 boules / 11 etoiles;etoile_2;9;etoile
2012-11-20;2011-2016 : 50 boules / 11 etoiles;boule_2;28;boule
2012-11-20;2011-2016 : 50 boules / 11 etoiles;boule_4;30;boule
2012-11-20;2011-2016 : 50 boules / 11 etoiles;boule_1;42;boule
2012-11-20;2011-2016 : 50 boules / 11 etoiles;boule_3;45;boule
2012-11-20;2011-2016 : 50 boules / 11 etoiles;boule_5;49;boule
2012-11-20;2011-2016 : 50 boules / 11 etoiles;etoile_2;5;etoile
2012-11-20;2011-2016 : 50 boules / 11 etoiles;etoile_1;10;etoile
2012-11-23;2011-2016 : 50 boules / 11 etoiles;boule_5;1;boule
2012-11-23;2011-2016 : 50 boules / 11 etoiles;boule_4;9;boule
2012-11-23;2011-2016 : 50 boules / 11 etoiles;boule_1;11;boule
2012-11-23;2011-2016 : 50 boules / 11 etoiles;boule_2;20;boule
2012-11-23;2011-2016 : 50 boules / 11 etoiles;boule_3;40;boule
2012-11-23;2011-2016 : 50 boules / 11 etoiles;etoile_2;1;etoile
2012-11-23;2011-2016 : 50 boules / 11 etoiles;etoile_1;5;etoile
2012-11-27;2011-2016 : 50 boules / 11 etoiles;boule_3;6;boule
2012-11-27;2011-2016 : 50 boules / 11 etoiles;boule_4;10;boule
2012-11-27;2011-2016 : 50 boules / 11 etoiles;boule_5;23;boule
2012-11-27;2011-2016 : 50 boules / 11 etoiles;boule_2;44;boule
2012-11-27;2011-2016 : 50 boules / 11 etoiles;boule_1;49;boule
2012-11-27;2011-2016 : 50 boules / 11 etoiles;etoile_2;1;etoile
2012-11-27;2011-2016 : 50 boules / 11 etoiles;etoile_1;7;etoile
2012-11-30;2011-2016 : 50 boules / 11 etoiles;boule_5;10;boule
2012-11-30;2011-2016 : 50 boules / 11 etoiles;boule_1;18;boule
2012-11-30;2011-2016 : 50 boules / 11 etoiles;boule_2;23;boule
2012-11-30;2011-2016 : 50 boules / 11 etoiles;boule_4;24;boule
2012-11-30;2011-2016 : 50 boules / 11 etoiles;boule_3;40;boule
2012-11-30;2011-2016 : 50 boules / 11 etoiles;etoile_1;3;etoile
2012-11-30;2011-2016 : 50 boules / 11 etoiles;etoile_2;4;etoile
2012-12-04;2011-2016 : 50 boules / 11 etoiles;boule_2;5;boule
2012-12-04;2011-2016 : 50 boules / 11 etoiles;boule_5;10;boule
2012-12-04;2011-2016 : 50 boules / 11 etoiles;boule_3;28;boule
2012-12-04;2011-2016 : 50 boules / 11 etoiles;boule_1;29;boule
2012-12-04;2011-2016 : 50 boules / 11 etoiles;boule_4;44;boule
2012-12-04;2011-2016 : 50 boules / 11 etoiles;etoile_1;2;etoile
2012-12-04;2011-2016 : 50 boules / 11 etoiles;etoile_2;4;etoile
2012-12-07;2011-2016 : 50 boules / 11 etoiles;boule_1;10;boule
2012-12-07;2011-2016 : 50 boules / 11 etoiles;boule_5;16;boule
2012-12-07;2011-2016 : 50 boules / 11 etoiles;boule_2;18;boule
2012-12-07;2011-2016 : 50 boules / 11 etoiles;boule_3;31;boule
2012-12-07;2011-2016 : 50 boules / 11 etoiles;boule_4;42;boule
2012-12-07;2011-2016 : 50 boules / 11 etoiles;etoile_1;2;etoile
2012-12-07;2011-2016 : 50 boules / 11 etoiles;etoile_2;5;etoile
2012-12-11;2011-2016 : 50 boules / 11 etoiles;boule_4;1;boule
2012-12-11;2011-2016 : 50 boules / 11 etoiles;boule_2;4;boule
2012-12-11;2011-2016 : 50 boules / 11 etoiles;boule_3;9;boule
2012-12-11;2011-2016 : 50 boules / 11 etoiles;boule_5;43;boule
2012-12-11;2011-2016 : 50 boules / 11 etoiles;boule_1;50;boule
2012-12-11;2011-2016 : 50 boules / 11 etoiles;etoile_1;6;etoile
2012-12-11;2011-2016 : 50 boules / 11 etoiles;etoile_2;8;etoile
2012-12-14;2011-2016 : 50 boules / 11 etoiles;boule_5;10;boule
2012-12-14;2011-2016 : 50 boules / 11 etoiles;boule_3;11;boule
2012-12-14;2011-2016 : 50 boules / 11 etoiles;boule_2;29;boule
2012-12-14;2011-2016 : 50 boules / 11 etoiles;boule_1;40;boule
2012-12-14;2011-2016 : 50 boules / 11 etoiles;boule_4;43;boule
2012-12-14;2011-2016 : 50 boules / 11 etoiles;etoile_2;3;etoile
2012-12-14;2011-2016 : 50 boules / 11 etoiles;etoile_1;11;etoile
2012-12-18;2011-2016 : 50 boules / 11 etoiles;boule_2;14;boule
2012-12-18;2011-2016 : 50 boules / 11 etoiles;boule_4;18;boule
2012-12-18;2011-2016 : 50 boules / 11 etoiles;boule_5;20;boule
2012-12-18;2011-2016 : 50 boules / 11 etoiles;boule_1;35;boule
2012-12-18;2011-2016 : 50 boules / 11 etoiles;boule_3;44;boule
2012-12-18;2011-2016 : 50 boules / 11 etoiles;etoile_2;2;etoile
2012-12-18;2011-2016 : 50 boules / 11 etoiles;etoile_1;5;etoile
2012-12-21;2011-2016 : 50 boules / 11 etoiles;boule_3;3;boule
2012-12-21;2011-2016 : 50 boules / 11 etoiles;boule_2;5;boule
2012-12-21;2011-2016 : 50 boules / 11 etoiles;boule_5;22;boule
2012-12-21;2011-2016 : 50 boules / 11 etoiles;boule_1;40;boule
2012-12-21;2011-2016 : 50 boules / 11 etoiles;boule_4;42;boule
2012-12-21;2011-2016 : 50 boules / 11 etoiles;etoile_1;3;etoile
2012-12-21;2011-2016 : 50 boules / 11 etoiles;etoile_2;10;etoile
2012-12-25;2011-2016 : 50 boules / 11 etoiles;boule_1;14;boule
2012-12-25;2011-2016 : 50 boules / 11 etoiles;boule_5;18;boule
2012-12-25;2011-2016 : 50 boules / 11 etoiles;boule_2;20;boule
2012-12-25;2011-2016 : 50 boules / 11 etoiles;boule_4;23;boule
2012-12-25;2011-2016 : 50 boules / 11 etoiles;boule_3;32;boule
2012-12-25;2011-2016 : 50 boules / 11 etoiles;etoile_1;3;etoile
2012-12-25;2011-2016 : 50 boules / 11 etoiles;etoile_2;10;etoile
2012-12-28;2011-2016 : 50 boules / 11 etoiles;boule_5;17;boule
2012-12-28;2011-2016 : 50 boules / 11 etoiles;boule_4;24;boule
2012-12-28;2011-2016 : 50 boules / 11 etoiles;boule_1;26;boule
2012-12-28;2011-2016 : 50 boules / 11 etoiles;boule_3;27;boule
2012-12-28;2011-2016 : 50 boules / 11 etoiles;boule_2;49;boule
2012-12-28;2011-2016 : 50 boules / 11 etoiles;etoile_1;3;etoile
2012-12-28;2011-2016 : 50 boules / 11 etoiles;etoile_2;5;etoile
2013-01-01;2011-2016 : 50 boules / 11 etoiles;boule_3;2;boule
2013-01-01;2011-2016 : 50 boules / 11 etoiles;boule_4;7;boule
2013-01-01;2011-2016 : 50 boules / 11 etoiles;boule_5;8;boule
2013-01-01;2011-2016 : 50 boules / 11 etoiles;boule_1;36;boule
2013-01-01;2011-2016 : 50 boules / 11 etoiles;boule_2;49;boule
2013-01-01;2011-2016 : 50 boules / 11 etoiles;etoile_2;1;etoile
2013-01-01;2011-2016 : 50 boules / 11 etoiles;etoile_1;11;etoile
2013-01-04;2011-2016 : 50 boules / 11 etoiles;boule_1;4;boule
2013-01-04;2011-2016 : 50 boules / 11 etoiles;boule_2;10;boule
2013-01-04;2011-2016 : 50 boules / 11 etoiles;boule_4;22;boule
2013-01-04;2011-2016 : 50 boules / 11 etoiles;boule_3;27;boule
2013-01-04;2011-2016 : 50 boules / 11 etoiles;boule_5;41;boule
2013-01-04;2011-2016 : 50 boules / 11 etoiles;etoile_2;8;etoile
2013-01-04;2011-2016 : 50 boules / 11 etoiles;etoile_1;10;etoile
2013-01-08;2011-2016 : 50 boules / 11 etoiles;boule_4;2;boule
2013-01-08;2011-2016 : 50 boules / 11 etoiles;boule_5;20;boule
2013-01-08;2011-2016 : 50 boules / 11 etoiles;boule_1;22;boule
2013-01-08;2011-2016 : 50 boules / 11 etoiles;boule_2;26;boule
2013-01-08;2011-2016 : 50 boules / 11 etoiles;boule_3;47;boule
2013-01-08;2011-2016 : 50 boules / 11 etoiles;etoile_2;5;etoile
2013-01-08;2011-2016 : 50 boules / 11 etoiles;etoile_1;9;etoile
2013-01-11;2011-2016 : 50 boules / 11 etoiles;boule_4;4;boule
2013-01-11;2011-2016 : 50 boules / 11 etoiles;boule_2;22;boule
2013-01-11;2011-2016 : 50 boules / 11 etoiles;boule_3;29;boule
2013-01-11;2011-2016 : 50 boules / 11 etoiles;boule_1;37;boule
2013-01-11;2011-2016 : 50 boules / 11 etoiles;boule_5;41;boule
2013-01-11;2011-2016 : 50 boules / 11 etoiles;etoile_2;4;etoile
2013-01-11;2011-2016 : 50 boules / 11 etoiles;etoile_1;7;etoile
2013-01-15;2011-2016 : 50 boules / 11 etoiles;boule_3;22;boule
2013-01-15;2011-2016 : 50 boules / 11 etoiles;boule_5;38;boule
2013-01-15;2011-2016 : 50 boules / 11 etoiles;boule_4;40;boule
2013-01-15;2011-2016 : 50 boules / 11 etoiles;boule_2;42;boule
2013-01-15;2011-2016 : 50 boules / 11 etoiles;boule_1;47;boule
2013-01-15;2011-2016 : 50 boules / 11 etoiles;etoile_2;1;etoile
2013-01-15;2011-2016 : 50 boules / 11 etoiles;etoile_1;11;etoile
2013-01-18;2011-2016 : 50 boules / 11 etoiles;boule_5;4;boule
2013-01-18;2011-2016 : 50 boules / 11 etoiles;boule_2;26;boule
2013-01-18;2011-2016 : 50 boules / 11 etoiles;boule_3;27;boule
2013-01-18;2011-2016 : 50 boules / 11 etoiles;boule_4;30;boule
2013-01-18;2011-2016 : 50 boules / 11 etoiles;boule_1;39;boule
2013-01-18;2011-2016 : 50 boules / 11 etoiles;etoile_2;3;etoile
2013-01-18;2011-2016 : 50 boules / 11 etoiles;etoile_1;10;etoile
2013-01-22;2011-2016 : 50 boules / 11 etoiles;boule_4;1;boule
2013-01-22;2011-2016 : 50 boules / 11 etoiles;boule_2;10;boule
2013-01-22;2011-2016 : 50 boules / 11 etoiles;boule_5;44;boule
2013-01-22;2011-2016 : 50 boules / 11 etoiles;boule_1;45;boule
2013-01-22;2011-2016 : 50 boules / 11 etoiles;boule_3;48;boule
2013-01-22;2011-2016 : 50 boules / 11 etoiles;etoile_2;1;etoile
2013-01-22;2011-2016 : 50 boules / 11 etoiles;etoile_1;4;etoile
2013-01-25;2011-2016 : 50 boules / 11 etoiles;boule_1;3;boule
2013-01-25;2011-2016 : 50 boules / 11 etoiles;boule_2;10;boule
2013-01-25;2011-2016 : 50 boules / 11 etoiles;boule_4;18;boule
2013-01-25;2011-2016 : 50 boules / 11 etoiles;boule_5;31;boule
2013-01-25;2011-2016 : 50 boules / 11 etoiles;boule_3;37;boule
2013-01-25;2011-2016 : 50 boules / 11 etoiles;etoile_1;2;etoile
2013-01-25;2011-2016 : 50 boules / 11 etoiles;etoile_2;4;etoile
2013-01-29;2011-2016 : 50 boules / 11 etoiles;boule_1;9;boule
2013-01-29;2011-2016 : 50 boules / 11 etoiles;boule_2;16;boule
2013-01-29;2011-2016 : 50 boules / 11 etoiles;boule_4;26;boule
2013-01-29;2011-2016 : 50 boules / 11 etoiles;boule_3;36;boule
2013-01-29;2011-2016 : 50 boules / 11 etoiles;boule_5;39;boule
2013-01-29;2011-2016 : 50 boules / 11 etoiles;etoile_2;2;etoile
2013-01-29;2011-2016 : 50 boules / 11 etoiles;etoile_1;6;etoile
2013-02-01;2011-2016 : 50 boules / 11 etoiles;boule_2;5;boule
2013-02-01;2011-2016 : 50 boules / 11 etoiles;boule_5;21;boule
2013-02-01;2011-2016 : 50 boules / 11 etoiles;boule_3;34;boule
2013-02-01;2011-2016 : 50 boules / 11 etoiles;boule_1;37;boule
2013-02-01;2011-2016 : 50 boules / 11 etoiles;boule_4;38;boule
2013-02-01;2011-2016 : 50 boules / 11 etoiles;etoile_1;1;etoile
2013-02-01;2011-2016 : 50 boules / 11 etoiles;etoile_2;6;etoile
2013-02-05;2011-2016 : 50 boules / 11 etoiles;boule_2;6;boule
2013-02-05;2011-2016 : 50 boules / 11 etoiles;boule_1;25;boule
2013-02-05;2011-2016 : 50 boules / 11 etoiles;boule_5;31;boule
2013-02-05;2011-2016 : 50 boules / 11 etoiles;boule_4;40;boule
2013-02-05;2011-2016 : 50 boules / 11 etoiles;boule_3;45;boule
2013-02-05;2011-2016 : 50 boules / 11 etoiles;etoile_1;6;etoile
2013-02-05;2011-2016 : 50 boules / 11 etoiles;etoile_2;7;etoile
2013-02-08;2011-2016 : 50 boules / 11 etoiles;boule_5;9;boule
2013-02-08;2011-2016 : 50 boules / 11 etoiles;boule_3;11;boule
2013-02-08;2011-2016 : 50 boules / 11 etoiles;boule_1;14;boule
2013-02-08;2011-2016 : 50 boules / 11 etoiles;boule_4;34;boule
2013-02-08;2011-2016 : 50 boules / 11 etoiles;boule_2;44;boule
2013-02-08;2011-2016 : 50 boules / 11 etoiles;etoile_2;10;etoile
2013-02-08;2011-2016 : 50 boules / 11 etoiles;etoile_1;11;etoile
2013-02-12;2011-2016 : 50 boules / 11 etoiles;boule_3;5;boule
2013-02-12;2011-2016 : 50 boules / 11 etoiles;boule_4;11;boule
2013-02-12;2011-2016 : 50 boules / 11 etoiles;boule_5;16;boule
2013-02-12;2011-2016 : 50 boules / 11 etoiles;boule_2;25;boule
2013-02-12;2011-2016 : 50 boules / 11 etoiles;boule_1;28;boule
2013-02-12;2011-2016 : 50 boules / 11 etoiles;etoile_1;7;etoile
2013-02-12;2011-2016 : 50 boules / 11 etoiles;etoile_2;9;etoile
2013-02-15;2011-2016 : 50 boules / 11 etoiles;boule_1;2;boule
2013-02-15;2011-2016 : 50 boules / 11 etoiles;boule_2;4;boule
2013-02-15;2011-2016 : 50 boules / 11 etoiles;boule_5;22;boule
2013-02-15;2011-2016 : 50 boules / 11 etoiles;boule_4;28;boule
2013-02-15;2011-2016 : 50 boules / 11 etoiles;boule_3;42;boule
2013-02-15;2011-2016 : 50 boules / 11 etoiles;etoile_1;4;etoile
2013-02-15;2011-2016 : 50 boules / 11 etoiles;etoile_2;9;etoile
2013-02-19;2011-2016 : 50 boules / 11 etoiles;boule_4;12;boule
2013-02-19;2011-2016 : 50 boules / 11 etoiles;boule_5;15;boule
2013-02-19;2011-2016 : 50 boules / 11 etoiles;boule_1;28;boule
2013-02-19;2011-2016 : 50 boules / 11 etoiles;boule_2;30;boule
2013-02-19;2011-2016 : 50 boules / 11 etoiles;boule_3;44;boule
2013-02-19;2011-2016 : 50 boules / 11 etoiles;etoile_2;8;etoile
2013-02-19;2011-2016 : 50 boules / 11 etoiles;etoile_1;9;etoile
2013-02-22;2011-2016 : 50 boules / 11 etoiles;boule_1;15;boule
2013-02-22;2011-2016 : 50 boules / 11 etoiles;boule_4;16;boule
2013-02-22;2011-2016 : 50 boules / 11 etoiles;boule_5;28;boule
2013-02-22;2011-2016 : 50 boules / 11 etoiles;boule_3;36;boule
2013-02-22;2011-2016 : 50 boules / 11 etoiles;boule_2;37;boule
2013-02-22;2011-2016 : 50 boules / 11 etoiles;etoile_1;2;etoile
2013-02-22;2011-2016 : 50 boules / 11 etoiles;etoile_2;11;etoile
2013-02-26;2011-2016 : 50 boules / 11 etoiles;boule_4;3;boule
2013-02-26;2011-2016 : 50 boules / 11 etoiles;boule_1;12;boule
2013-02-26;2011-2016 : 50 boules / 11 etoiles;boule_2;13;boule
2013-02-26;2011-2016 : 50 boules / 11 etoiles;boule_3;17;boule
2013-02-26;2011-2016 : 50 boules / 11 etoiles;boule_5;30;boule
2013-02-26;2011-2016 : 50 boules / 11 etoiles;etoile_2;2;etoile
2013-02-26;2011-2016 : 50 boules / 11 etoiles;etoile_1;6;etoile
2013-03-01;2011-2016 : 50 boules / 11 etoiles;boule_1;1;boule
2013-03-01;2011-2016 : 50 boules / 11 etoiles;boule_2;11;boule
2013-03-01;2011-2016 : 50 boules / 11 etoiles;boule_4;29;boule
2013-03-01;2011-2016 : 50 boules / 11 etoiles;boule_3;36;boule
2013-03-01;2011-2016 : 50 boules / 11 etoiles;boule_5;42;boule
2013-03-01;2011-2016 : 50 boules / 11 etoiles;etoile_1;4;etoile
2013-03-01;2011-2016 : 50 boules / 11 etoiles;etoile_2;5;etoile
2013-03-05;2011-2016 : 50 boules / 11 etoiles;boule_4;8;boule
2013-03-05;2011-2016 : 50 boules / 11 etoiles;boule_3;19;boule
2013-03-05;2011-2016 : 50 boules / 11 etoiles;boule_2;31;boule
2013-03-05;2011-2016 : 50 boules / 11 etoiles;boule_1;33;boule
2013-03-05;2011-2016 : 50 boules / 11 etoiles;boule_5;39;boule
2013-03-05;2011-2016 : 50 boules / 11 etoiles;etoile_2;2;etoile
2013-03-05;2011-2016 : 50 boules / 11 etoiles;etoile_1;7;etoile
2013-03-08;2011-2016 : 50 boules / 11 etoiles;boule_5;3;boule
2013-03-08;2011-2016 : 50 boules / 11 etoiles;boule_1;20;boule
2013-03-08;2011-2016 : 50 boules / 11 etoiles;boule_3;23;boule
2013-03-08;2011-2016 : 50 boules / 11 etoiles;boule_4;28;boule
2013-03-08;2011-2016 : 50 boules / 11 etoiles;boule_2;42;boule
2013-03-08;2011-2016 : 50 boules / 11 etoiles;etoile_1;8;etoile
2013-03-08;2011-2016 : 50 boules / 11 etoiles;etoile_2;11;etoile
2013-03-12;2011-2016 : 50 boules / 11 etoiles;boule_4;2;boule
2013-03-12;2011-2016 : 50 boules / 11 etoiles;boule_2;4;boule
2013-03-12;2011-2016 : 50 boules / 11 etoiles;boule_3;10;boule
2013-03-12;2011-2016 : 50 boules / 11 etoiles;boule_5;22;boule
2013-03-12;2011-2016 : 50 boules / 11 etoiles;boule_1;50;boule
2013-03-12;2011-2016 : 50 boules / 11 etoiles;etoile_1;5;etoile
2013-03-12;2011-2016 : 50 boules / 11 etoiles;etoile_2;8;etoile
2013-03-15;2011-2016 : 50 boules / 11 etoiles;boule_4;4;boule
2013-03-15;2011-2016 : 50 boules / 11 etoiles;boule_2;14;boule
2013-03-15;2011-2016 : 50 boules / 11 etoiles;boule_5;21;boule
2013-03-15;2011-2016 : 50 boules / 11 etoiles;boule_1;24;boule
2013-03-15;2011-2016 : 50 boules / 11 etoiles;boule_3;39;boule
2013-03-15;2011-2016 : 50 boules / 11 etoiles;etoile_2;3;etoile
2013-03-15;2011-2016 : 50 boules / 11 etoiles;etoile_1;10;etoile
2013-03-19;2011-2016 : 50 boules / 11 etoiles;boule_3;19;boule
2013-03-19;2011-2016 : 50 boules / 11 etoiles;boule_2;32;boule
2013-03-19;2011-2016 : 50 boules / 11 etoiles;boule_5;35;boule
2013-03-19;2011-2016 : 50 boules / 11 etoiles;boule_4;37;boule
2013-03-19;2011-2016 : 50 boules / 11 etoiles;boule_1;44;boule
2013-03-19;2011-2016 : 50 boules / 11 etoiles;etoile_2;1;etoile
2013-03-19;2011-2016 : 50 boules / 11 etoiles;etoile_1;9;etoile
2013-03-22;2011-2016 : 50 boules / 11 etoiles;boule_3;12;boule
2013-03-22;2011-2016 : 50 boules / 11 etoiles;boule_1;27;boule
2013-03-22;2011-2016 : 50 boules / 11 etoiles;boule_2;32;boule
2013-03-22;2011-2016 : 50 boules / 11 etoiles;boule_4;34;boule
2013-03-22;2011-2016 : 50 boules / 11 etoiles;boule_5;49;boule
2013-03-22;2011-2016 : 50 boules / 11 etoiles;etoile_2;8;etoile
2013-03-22;2011-2016 : 50 boules / 11 etoiles;etoile_1;9;etoile
2013-03-26;2011-2016 : 50 boules / 11 etoiles;boule_5;4;boule
2013-03-26;2011-2016 : 50 boules / 11 etoiles;boule_3;26;boule
2013-03-26;2011-2016 : 50 boules / 11 etoiles;boule_2;30;boule
2013-03-26;2011-2016 : 50 boules / 11 etoiles;boule_4;42;boule
2013-03-26;2011-2016 : 50 boules / 11 etoiles;boule_1;44;boule
2013-03-26;2011-2016 : 50 boules / 11 etoiles;etoile_1;6;etoile
2013-03-26;2011-2016 : 50 boules / 11 etoiles;etoile_2;11;etoile
2013-03-29;2011-2016 : 50 boules / 11 etoiles;boule_5;13;boule
2013-03-29;2011-2016 : 50 boules / 11 etoiles;boule_2;30;boule
2013-03-29;2011-2016 : 50 boules / 11 etoiles;boule_4;43;boule
2013-03-29;2011-2016 : 50 boules / 11 etoiles;boule_1;44;boule
2013-03-29;2011-2016 : 50 boules / 11 etoiles;boule_3;46;boule
2013-03-29;2011-2016 : 50 boules / 11 etoiles;etoile_2;5;etoile
2013-03-29;2011-2016 : 50 boules / 11 etoiles;etoile_1;9;etoile
2013-04-02;2011-2016 : 50 boules / 11 etoiles;boule_2;12;boule
2013-04-02;2011-2016 : 50 boules / 11 etoiles;boule_1;17;boule
2013-04-02;2011-2016 : 50 boules / 11 etoiles;boule_5;25;boule
2013-04-02;2011-2016 : 50 boules / 11 etoiles;boule_4;29;boule
2013-04-02;2011-2016 : 50 boules / 11 etoiles;boule_3;41;boule
2013-04-02;2011-2016 : 50 boules / 11 etoiles;etoile_1;1;etoile
2013-04-02;2011-2016 : 50 boules / 11 etoiles;etoile_2;4;etoile
2013-04-05;2011-2016 : 50 boules / 11 etoiles;boule_2;1;boule
2013-04-05;2011-2016 : 50 boules / 11 etoiles;boule_5;11;boule
2013-04-05;2011-2016 : 50 boules / 11 etoiles;boule_3;17;boule
2013-04-05;2011-2016 : 50 boules / 11 etoiles;boule_1;32;boule
2013-04-05;2011-2016 : 50 boules / 11 etoiles;boule_4;39;boule
2013-04-05;2011-2016 : 50 boules / 11 etoiles;etoile_2;2;etoile
2013-04-05;2011-2016 : 50 boules / 11 etoiles;etoile_1;7;etoile
2013-04-09;2011-2016 : 50 boules / 11 etoiles;boule_1;15;boule
2013-04-09;2011-2016 : 50 boules / 11 etoiles;boule_5;35;boule
2013-04-09;2011-2016 : 50 boules / 11 etoiles;boule_4;38;boule
2013-04-09;2011-2016 : 50 boules / 11 etoiles;boule_2;44;boule
2013-04-09;2011-2016 : 50 boules / 11 etoiles;boule_3;48;boule
2013-04-09;2011-2016 : 50 boules / 11 etoiles;etoile_2;5;etoile
2013-04-09;2011-2016 : 50 boules / 11 etoiles;etoile_1;10;etoile
2013-04-12;2011-2016 : 50 boules / 11 etoiles;boule_4;5;boule
2013-04-12;2011-2016 : 50 boules / 11 etoiles;boule_5;10;boule
2013-04-12;2011-2016 : 50 boules / 11 etoiles;boule_3;15;boule
2013-04-12;2011-2016 : 50 boules / 11 etoiles;boule_1;28;boule
2013-04-12;2011-2016 : 50 boules / 11 etoiles;boule_2;45;boule
2013-04-12;2011-2016 : 50 boules / 11 etoiles;etoile_1;3;etoile
2013-04-12;2011-2016 : 50 boules / 11 etoiles;etoile_2;9;etoile
2013-04-16;2011-2016 : 50 boules / 11 etoiles;boule_4;1;boule
2013-04-16;2011-2016 : 50 boules / 11 etoiles;boule_5;11;boule
2013-04-16;2011-2016 : 50 boules / 11 etoiles;boule_3;22;boule
2013-04-16;2011-2016 : 50 boules / 11 etoiles;boule_1;33;boule
2013-04-16;2011-2016 : 50 boules / 11 etoiles;boule_2;50;boule
2013-04-16;2011-2016 : 50 boules / 11 etoiles;etoile_1;4;etoile
2013-04-16;2011-2016 : 50 boules / 11 etoiles;etoile_2;6;etoile
2013-04-19;2011-2016 : 50 boules / 11 etoiles;boule_1;1;boule
2013-04-19;2011-2016 : 50 boules / 11 etoiles;boule_3;8;boule
2013-04-19;2011-2016 : 50 boules / 11 etoiles;boule_4;42;boule
2013-04-19;2011-2016 : 50 boules / 11 etoiles;boule_2;46;boule
2013-04-19;2011-2016 : 50 boules / 11 etoiles;boule_5;48;boule
2013-04-19;2011-2016 : 50 boules / 11 etoiles;etoile_1;4;etoile
2013-04-19;2011-2016 : 50 boules / 11 etoiles;etoile_2;7;etoile
2013-04-23;2011-2016 : 50 boules / 11 etoiles;boule_3;1;boule
2013-04-23;2011-2016 : 50 boules / 11 etoiles;boule_2;4;boule
2013-04-23;2011-2016 : 50 boules / 11 etoiles;boule_4;7;boule
2013-04-23;2011-2016 : 50 boules / 11 etoiles;boule_5;10;boule
2013-04-23;2011-2016 : 50 boules / 11 etoiles;boule_1;50;boule
2013-04-23;2011-2016 : 50 boules / 11 etoiles;etoile_1;4;etoile
2013-04-23;2011-2016 : 50 boules / 11 etoiles;etoile_2;11;etoile
2013-04-26;2011-2016 : 50 boules / 11 etoiles;boule_5;11;boule
2013-04-26;2011-2016 : 50 boules / 11 etoiles;boule_3;16;boule
2013-04-26;2011-2016 : 50 boules / 11 etoiles;boule_4;24;boule
2013-04-26;2011-2016 : 50 boules / 11 etoiles;boule_2;38;boule
2013-04-26;2011-2016 : 50 boules / 11 etoiles;boule_1;40;boule
2013-04-26;2011-2016 : 50 boules / 11 etoiles;etoile_1;2;etoile
2013-04-26;2011-2016 : 50 boules / 11 etoiles;etoile_2;5;etoile
2013-04-30;2011-2016 : 50 boules / 11 etoiles;boule_1;13;boule
2013-04-30;2011-2016 : 50 boules / 11 etoiles;boule_5;36;boule
2013-04-30;2011-2016 : 50 boules / 11 etoiles;boule_3;40;boule
2013-04-30;2011-2016 : 50 boules / 11 etoiles;boule_4;43;boule
2013-04-30;2011-2016 : 50 boules / 11 etoiles;boule_2;50;boule
2013-04-30;2011-2016 : 50 boules / 11 etoiles;etoile_2;5;etoile
2013-04-30;2011-2016 : 50 boules / 11 etoiles;etoile_1;9;etoile
2013-05-03;2011-2016 : 50 boules / 11 etoiles;boule_4;3;boule
2013-05-03;2011-2016 : 50 boules / 11 etoiles;boule_1;5;boule
2013-05-03;2011-2016 : 50 boules / 11 etoiles;boule_3;34;boule
2013-05-03;2011-2016 : 50 boules / 11 etoiles;boule_5;40;boule
2013-05-03;2011-2016 : 50 boules / 11 etoiles;boule_2;49;boule
2013-05-03;2011-2016 : 50 boules / 11 etoiles;etoile_1;2;etoile
2013-05-03;2011-2016 : 50 boules / 11 etoiles;etoile_2;3;etoile
2013-05-07;2011-2016 : 50 boules / 11 etoiles;boule_3;13;boule
2013-05-07;2011-2016 : 50 boules / 11 etoiles;boule_2;27;boule
2013-05-07;2011-2016 : 50 boules / 11 etoiles;boule_4;28;boule
2013-05-07;2011-2016 : 50 boules / 11 etoiles;boule_5;42;boule
2013-05-07;2011-2016 : 50 boules / 11 etoiles;boule_1;43;boule
2013-05-07;2011-2016 : 50 boules / 11 etoiles;etoile_1;4;etoile
2013-05-07;2011-2016 : 50 boules / 11 etoiles;etoile_2;6;etoile
2013-05-10;2011-2016 : 50 boules / 11 etoiles;boule_4;1;boule
2013-05-10;2011-2016 : 50 boules / 11 etoiles;boule_5;32;boule
2013-05-10;2011-2016 : 50 boules / 11 etoiles;boule_2;35;boule
2013-05-10;2011-2016 : 50 boules / 11 etoiles;boule_3;45;boule
2013-05-10;2011-2016 : 50 boules / 11 etoiles;boule_1;48;boule
2013-05-10;2011-2016 : 50 boules / 11 etoiles;etoile_1;4;etoile
2013-05-10;2011-2016 : 50 boules / 11 etoiles;etoile_2;11;etoile
2013-05-14;2011-2016 : 50 boules / 11 etoiles;boule_2;7;boule
2013-05-14;2011-2016 : 50 boules / 11 etoiles;boule_3;8;boule
2013-05-14;2011-2016 : 50 boules / 11 etoiles;boule_1;24;boule
2013-05-14;2011-2016 : 50 boules / 11 etoiles;boule_5;27;boule
2013-05-14;2011-2016 : 50 boules / 11 etoiles;boule_4;36;boule
2013-05-14;2011-2016 : 50 boules / 11 etoiles;etoile_2;5;etoile
2013-05-14;2011-2016 : 50 boules / 11 etoiles;etoile_1;11;etoile
2013-05-17;2011-2016 : 50 boules / 11 etoiles;boule_4;6;boule
2013-05-17;2011-2016 : 50 boules / 11 etoiles;boule_5;20;boule
2013-05-17;2011-2016 : 50 boules / 11 etoiles;boule_2;24;boule
2013-05-17;2011-2016 : 50 boules / 11 etoiles;boule_1;25;boule
2013-05-17;2011-2016 : 50 boules / 11 etoiles;boule_3;50;boule
2013-05-17;2011-2016 : 50 boules / 11 etoiles;etoile_1;9;etoile
2013-05-17;2011-2016 : 50 boules / 11 etoiles;etoile_2;10;etoile
2013-05-21;2011-2016 : 50 boules / 11 etoiles;boule_5;7;boule
2013-05-21;2011-2016 : 50 boules / 11 etoiles;boule_3;8;boule
2013-05-21;2011-2016 : 50 boules / 11 etoiles;boule_2;19;boule
2013-05-21;2011-2016 : 50 boules / 11 etoiles;boule_4;28;boule
2013-05-21;2011-2016 : 50 boules / 11 etoiles;boule_1;29;boule
2013-05-21;2011-2016 : 50 boules / 11 etoiles;etoile_2;5;etoile
2013-05-21;2011-2016 : 50 boules / 11 etoiles;etoile_1;9;etoile
2013-05-24;2011-2016 : 50 boules / 11 etoiles;boule_4;7;boule
2013-05-24;2011-2016 : 50 boules / 11 etoiles;boule_2;17;boule
2013-05-24;2011-2016 : 50 boules / 11 etoiles;boule_1;22;boule
2013-05-24;2011-2016 : 50 boules / 11 etoiles;boule_5;27;boule
2013-05-24;2011-2016 : 50 boules / 11 etoiles;boule_3;40;boule
2013-05-24;2011-2016 : 50 boules / 11 etoiles;etoile_1;2;etoile
2013-05-24;2011-2016 : 50 boules / 11 etoiles;etoile_2;3;etoile
2013-05-28;2011-2016 : 50 boules / 11 etoiles;boule_4;8;boule
2013-05-28;2011-2016 : 50 boules / 11 etoiles;boule_3;13;boule
2013-05-28;2011-2016 : 50 boules / 11 etoiles;boule_5;26;boule
2013-05-28;2011-2016 : 50 boules / 11 etoiles;boule_1;34;boule
2013-05-28;2011-2016 : 50 boules / 11 etoiles;boule_2;38;boule
2013-05-28;2011-2016 : 50 boules / 11 etoiles;etoile_1;3;etoile
2013-05-28;2011-2016 : 50 boules / 11 etoiles;etoile_2;11;etoile
2013-05-31;2011-2016 : 50 boules / 11 etoiles;boule_5;27;boule
2013-05-31;2011-2016 : 50 boules / 11 etoiles;boule_3;28;boule
2013-05-31;2011-2016 : 50 boules / 11 etoiles;boule_1;29;boule
2013-05-31;2011-2016 : 50 boules / 11 etoiles;boule_4;34;boule
2013-05-31;2011-2016 : 50 boules / 11 etoiles;boule_2;43;boule
2013-05-31;2011-2016 : 50 boules / 11 etoiles;etoile_2;5;etoile
2013-05-31;2011-2016 : 50 boules / 11 etoiles;etoile_1;10;etoile
2013-06-04;2011-2016 : 50 boules / 11 etoiles;boule_4;31;boule
2013-06-04;2011-2016 : 50 boules / 11 etoiles;boule_2;33;boule
2013-06-04;2011-2016 : 50 boules / 11 etoiles;boule_1;34;boule
2013-06-04;2011-2016 : 50 boules / 11 etoiles;boule_5;37;boule
2013-06-04;2011-2016 : 50 boules / 11 etoiles;boule_3;40;boule
2013-06-04;2011-2016 : 50 boules / 11 etoiles;etoile_2;1;etoile
2013-06-04;2011-2016 : 50 boules / 11 etoiles;etoile_1;6;etoile
2013-06-07;2011-2016 : 50 boules / 11 etoiles;boule_5;7;boule
2013-06-07;2011-2016 : 50 boules / 11 etoiles;boule_1;14;boule
2013-06-07;2011-2016 : 50 boules / 11 etoiles;boule_2;26;boule
2013-06-07;2011-2016 : 50 boules / 11 etoiles;boule_3;45;boule
2013-06-07;2011-2016 : 50 boules / 11 etoiles;boule_4;50;boule
2013-06-07;2011-2016 : 50 boules / 11 etoiles;etoile_1;2;etoile
2013-06-07;2011-2016 : 50 boules / 11 etoiles;etoile_2;7;etoile
2013-06-11;2011-2016 : 50 boules / 11 etoiles;boule_4;5;boule
2013-06-11;2011-2016 : 50 boules / 11 etoiles;boule_1;7;boule
2013-06-11;2011-2016 : 50 boules / 11 etoiles;boule_2;9;boule
2013-06-11;2011-2016 : 50 boules / 11 etoiles;boule_3;25;boule
2013-06-11;2011-2016 : 50 boules / 11 etoiles;boule_5;41;boule
2013-06-11;2011-2016 : 50 boules / 11 etoiles;etoile_2;1;etoile
2013-06-11;2011-2016 : 50 boules / 11 etoiles;etoile_1;5;etoile
2013-06-14;2011-2016 : 50 boules / 11 etoiles;boule_4;10;boule
2013-06-14;2011-2016 : 50 boules / 11 etoiles;boule_2;25;boule
2013-06-14;2011-2016 : 50 boules / 11 etoiles;boule_1;41;boule
2013-06-14;2011-2016 : 50 boules / 11 etoiles;boule_5;47;boule
2013-06-14;2011-2016 : 50 boules / 11 etoiles;boule_3;48;boule
2013-06-14;2011-2016 : 50 boules / 11 etoiles;etoile_1;6;etoile
2013-06-14;2011-2016 : 50 boules / 11 etoiles;etoile_2;10;etoile
2013-06-18;2011-2016 : 50 boules / 11 etoiles;boule_3;17;boule
2013-06-18;2011-2016 : 50 boules / 11 etoiles;boule_1;24;boule
2013-06-18;2011-2016 : 50 boules / 11 etoiles;boule_2;33;boule
2013-06-18;2011-2016 : 50 boules / 11 etoiles;boule_4;41;boule
2013-06-18;2011-2016 : 50 boules / 11 etoiles;boule_5;44;boule
2013-06-18;2011-2016 : 50 boules / 11 etoiles;etoile_2;1;etoile
2013-06-18;2011-2016 : 50 boules / 11 etoiles;etoile_1;11;etoile
2013-06-21;2011-2016 : 50 boules / 11 etoiles;boule_5;10;boule
2013-06-21;2011-2016 : 50 boules / 11 etoiles;boule_2;11;boule
2013-06-21;2011-2016 : 50 boules / 11 etoiles;boule_1;30;boule
2013-06-21;2011-2016 : 50 boules / 11 etoiles;boule_3;36;boule
2013-06-21;2011-2016 : 50 boules / 11 etoiles;boule_4;45;boule
2013-06-21;2011-2016 : 50 boules / 11 etoiles;etoile_1;1;etoile
2013-06-21;2011-2016 : 50 boules / 11 etoiles;etoile_2;2;etoile
2013-06-25;2011-2016 : 50 boules / 11 etoiles;boule_1;4;boule
2013-06-25;2011-2016 : 50 boules / 11 etoiles;boule_5;5;boule
2013-06-25;2011-2016 : 50 boules / 11 etoiles;boule_2;13;boule
2013-06-25;2011-2016 : 50 boules / 11 etoiles;boule_4;27;boule
2013-06-25;2011-2016 : 50 boules / 11 etoiles;boule_3;35;boule
2013-06-25;2011-2016 : 50 boules / 11 etoiles;etoile_2;1;etoile
2013-06-25;2011-2016 : 50 boules / 11 etoiles;etoile_1;2;etoile
2013-06-28;2011-2016 : 50 boules / 11 etoiles;boule_2;1;boule
2013-06-28;2011-2016 : 50 boules / 11 etoiles;boule_1;15;boule
2013-06-28;2011-2016 : 50 boules / 11 etoiles;boule_4;28;boule
2013-06-28;2011-2016 : 50 boules / 11 etoiles;boule_5;35;boule
2013-06-28;2011-2016 : 50 boules / 11 etoiles;boule_3;47;boule
2013-06-28;2011-2016 : 50 boules / 11 etoiles;etoile_2;1;etoile
2013-06-28;2011-2016 : 50 boules / 11 etoiles;etoile_1;7;etoile
2013-07-02;2011-2016 : 50 boules / 11 etoiles;boule_3;11;boule
2013-07-02;2011-2016 : 50 boules / 11 etoiles;boule_2;13;boule
2013-07-02;2011-2016 : 50 boules / 11 etoiles;boule_1;14;boule
2013-07-02;2011-2016 : 50 boules / 11 etoiles;boule_4;28;boule
2013-07-02;2011-2016 : 50 boules / 11 etoiles;boule_5;30;boule
2013-07-02;2011-2016 : 50 boules / 11 etoiles;etoile_1;4;etoile
2013-07-02;2011-2016 : 50 boules / 11 etoiles;etoile_2;5;etoile
2013-07-05;2011-2016 : 50 boules / 11 etoiles;boule_2;4;boule
2013-07-05;2011-2016 : 50 boules / 11 etoiles;boule_4;12;boule
2013-07-05;2011-2016 : 50 boules / 11 etoiles;boule_5;15;boule
2013-07-05;2011-2016 : 50 boules / 11 etoiles;boule_1;28;boule
2013-07-05;2011-2016 : 50 boules / 11 etoiles;boule_3;33;boule
2013-07-05;2011-2016 : 50 boules / 11 etoiles;etoile_1;1;etoile
2013-07-05;2011-2016 : 50 boules / 11 etoiles;etoile_2;10;etoile
2013-07-09;2011-2016 : 50 boules / 11 etoiles;boule_2;16;boule
2013-07-09;2011-2016 : 50 boules / 11 etoiles;boule_1;18;boule
2013-07-09;2011-2016 : 50 boules / 11 etoiles;boule_5;31;boule
2013-07-09;2011-2016 : 50 boules / 11 etoiles;boule_3;38;boule
2013-07-09;2011-2016 : 50 boules / 11 etoiles;boule_4;49;boule
2013-07-09;2011-2016 : 50 boules / 11 etoiles;etoile_2;4;etoile
2013-07-09;2011-2016 : 50 boules / 11 etoiles;etoile_1;10;etoile
2013-07-12;2011-2016 : 50 boules / 11 etoiles;boule_4;18;boule
2013-07-12;2011-2016 : 50 boules / 11 etoiles;boule_1;26;boule
2013-07-12;2011-2016 : 50 boules / 11 etoiles;boule_5;32;boule
2013-07-12;2011-2016 : 50 boules / 11 etoiles;boule_3;33;boule
2013-07-12;2011-2016 : 50 boules / 11 etoiles;boule_2;42;boule
2013-07-12;2011-2016 : 50 boules / 11 etoiles;etoile_2;2;etoile
2013-07-12;2011-2016 : 50 boules / 11 etoiles;etoile_1;3;etoile
2013-07-16;2011-2016 : 50 boules / 11 etoiles;boule_4;19;boule
2013-07-16;2011-2016 : 50 boules / 11 etoiles;boule_5;23;boule
2013-07-16;2011-2016 : 50 boules / 11 etoiles;boule_2;34;boule
2013-07-16;2011-2016 : 50 boules / 11 etoiles;boule_3;47;boule
2013-07-16;2011-2016 : 50 boules / 11 etoiles;boule_1;50;boule
2013-07-16;2011-2016 : 50 boules / 11 etoiles;etoile_1;4;etoile
2013-07-16;2011-2016 : 50 boules / 11 etoiles;etoile_2;6;etoile
2013-07-19;2011-2016 : 50 boules / 11 etoiles;boule_3;13;boule
2013-07-19;2011-2016 : 50 boules / 11 etoiles;boule_5;16;boule
2013-07-19;2011-2016 : 50 boules / 11 etoiles;boule_1;24;boule
2013-07-19;2011-2016 : 50 boules / 11 etoiles;boule_4;26;boule
2013-07-19;2011-2016 : 50 boules / 11 etoiles;boule_2;35;boule
2013-07-19;2011-2016 : 50 boules / 11 etoiles;etoile_2;2;etoile
2013-07-19;2011-2016 : 50 boules / 11 etoiles;etoile_1;5;etoile
2013-07-23;2011-2016 : 50 boules / 11 etoiles;boule_2;14;boule
2013-07-23;2011-2016 : 50 boules / 11 etoiles;boule_5;15;boule
2013-07-23;2011-2016 : 50 boules / 11 etoiles;boule_4;16;boule
2013-07-23;2011-2016 : 50 boules / 11 etoiles;boule_1;19;boule
2013-07-23;2011-2016 : 50 boules / 11 etoiles;boule_3;44;boule
2013-07-23;2011-2016 : 50 boules / 11 etoiles;etoile_1;4;etoile
2013-07-23;2011-2016 : 50 boules / 11 etoiles;etoile_2;5;etoile
2013-07-26;2011-2016 : 50 boules / 11 etoiles;boule_4;12;boule
2013-07-26;2011-2016 : 50 boules / 11 etoiles;boule_1;23;boule
2013-07-26;2011-2016 : 50 boules / 11 etoiles;boule_3;29;boule
2013-07-26;2011-2016 : 50 boules / 11 etoiles;boule_2;38;boule
2013-07-26;2011-2016 : 50 boules / 11 etoiles;boule_5;49;boule
2013-07-26;2011-2016 : 50 boules / 11 etoiles;etoile_2;3;etoile
2013-07-26;2011-2016 : 50 boules / 11 etoiles;etoile_1;4;etoile
2013-07-30;2011-2016 : 50 boules / 11 etoiles;boule_1;3;boule
2013-07-30;2011-2016 : 50 boules / 11 etoiles;boule_3;4;boule
2013-07-30;2011-2016 : 50 boules / 11 etoiles;boule_4;11;boule
2013-07-30;2011-2016 : 50 boules / 11 etoiles;boule_2;14;boule
2013-07-30;2011-2016 : 50 boules / 11 etoiles;boule_5;43;boule
2013-07-30;2011-2016 : 50 boules / 11 etoiles;etoile_1;1;etoile
2013-07-30;2011-2016 : 50 boules / 11 etoiles;etoile_2;6;etoile
2013-08-02;2011-2016 : 50 boules / 11 etoiles;boule_5;21;boule
2013-08-02;2011-2016 : 50 boules / 11 etoiles;boule_2;36;boule
2013-08-02;2011-2016 : 50 boules / 11 etoiles;boule_4;37;boule
2013-08-02;2011-2016 : 50 boules / 11 etoiles;boule_1;42;boule
2013-08-02;2011-2016 : 50 boules / 11 etoiles;boule_3;48;boule
2013-08-02;2011-2016 : 50 boules / 11 etoiles;etoile_2;4;etoile
2013-08-02;2011-2016 : 50 boules / 11 etoiles;etoile_1;7;etoile
2013-08-06;2011-2016 : 50 boules / 11 etoiles;boule_3;16;boule
2013-08-06;2011-2016 : 50 boules / 11 etoiles;boule_1;17;boule
2013-08-06;2011-2016 : 50 boules / 11 etoiles;boule_5;31;boule
2013-08-06;2011-2016 : 50 boules / 11 etoiles;boule_2;47;boule
2013-08-06;2011-2016 : 50 boules / 11 etoiles;boule_4;49;boule
2013-08-06;2011-2016 : 50 boules / 11 etoiles;etoile_1;3;etoile
2013-08-06;2011-2016 : 50 boules / 11 etoiles;etoile_2;11;etoile
2013-08-09;2011-2016 : 50 boules / 11 etoiles;boule_2;4;boule
2013-08-09;2011-2016 : 50 boules / 11 etoiles;boule_4;7;boule
2013-08-09;2011-2016 : 50 boules / 11 etoiles;boule_5;9;boule
2013-08-09;2011-2016 : 50 boules / 11 etoiles;boule_3;23;boule
2013-08-09;2011-2016 : 50 boules / 11 etoiles;boule_1;24;boule
2013-08-09;2011-2016 : 50 boules / 11 etoiles;etoile_2;8;etoile
2013-08-09;2011-2016 : 50 boules / 11 etoiles;etoile_1;9;etoile
2013-08-13;2011-2016 : 50 boules / 11 etoiles;boule_1;5;boule
2013-08-13;2011-2016 : 50 boules / 11 etoiles;boule_4;17;boule
2013-08-13;2011-2016 : 50 boules / 11 etoiles;boule_2;20;boule
2013-08-13;2011-2016 : 50 boules / 11 etoiles;boule_3;47;boule
2013-08-13;2011-2016 : 50 boules / 11 etoiles;boule_5;50;boule
2013-08-13;2011-2016 : 50 boules / 11 etoiles;etoile_1;1;etoile
2013-08-13;2011-2016 : 50 boules / 11 etoiles;etoile_2;4;etoile
2013-08-16;2011-2016 : 50 boules / 11 etoiles;boule_2;20;boule
2013-08-16;2011-2016 : 50 boules / 11 etoiles;boule_3;24;boule
2013-08-16;2011-2016 : 50 boules / 11 etoiles;boule_5;27;boule
2013-08-16;2011-2016 : 50 boules / 11 etoiles;boule_4;37;boule
2013-08-16;2011-2016 : 50 boules / 11 etoiles;boule_1;39;boule
2013-08-16;2011-2016 : 50 boules / 11 etoiles;etoile_1;5;etoile
2013-08-16;2011-2016 : 50 boules / 11 etoiles;etoile_2;10;etoile
2013-08-20;2011-2016 : 50 boules / 11 etoiles;boule_5;5;boule
2013-08-20;2011-2016 : 50 boules / 11 etoiles;boule_2;11;boule
2013-08-20;2011-2016 : 50 boules / 11 etoiles;boule_1;42;boule
2013-08-20;2011-2016 : 50 boules / 11 etoiles;boule_4;49;boule
2013-08-20;2011-2016 : 50 boules / 11 etoiles;boule_3;50;boule
2013-08-20;2011-2016 : 50 boules / 11 etoiles;etoile_1;8;etoile
2013-08-20;2011-2016 : 50 boules / 11 etoiles;etoile_2;11;etoile
2013-08-23;2011-2016 : 50 boules / 11 etoiles;boule_5;1;boule
2013-08-23;2011-2016 : 50 boules / 11 etoiles;boule_4;6;boule
2013-08-23;2011-2016 : 50 boules / 11 etoiles;boule_3;26;boule
2013-08-23;2011-2016 : 50 boules / 11 etoiles;boule_1;30;boule
2013-08-23;2011-2016 : 50 boules / 11 etoiles;boule_2;37;boule
2013-08-23;2011-2016 : 50 boules / 11 etoiles;etoile_2;5;etoile
2013-08-23;2011-2016 : 50 boules / 11 etoiles;etoile_1;8;etoile
2013-08-27;2011-2016 : 50 boules / 11 etoiles;boule_1;7;boule
2013-08-27;2011-2016 : 50 boules / 11 etoiles;boule_5;30;boule
2013-08-27;2011-2016 : 50 boules / 11 etoiles;boule_3;38;boule
2013-08-27;2011-2016 : 50 boules / 11 etoiles;boule_2;40;boule
2013-08-27;2011-2016 : 50 boules / 11 etoiles;boule_4;43;boule
2013-08-27;2011-2016 : 50 boules / 11 etoiles;etoile_2;2;etoile
2013-08-27;2011-2016 : 50 boules / 11 etoiles;etoile_1;6;etoile
2013-08-30;2011-2016 : 50 boules / 11 etoiles;boule_5;2;boule
2013-08-30;2011-2016 : 50 boules / 11 etoiles;boule_3;17;boule
2013-08-30;2011-2016 : 50 boules / 11 etoiles;boule_2;25;boule
2013-08-30;2011-2016 : 50 boules / 11 etoiles;boule_4;36;boule
2013-08-30;2011-2016 : 50 boules / 11 etoiles;boule_1;45;boule
2013-08-30;2011-2016 : 50 boules / 11 etoiles;etoile_1;5;etoile
2013-08-30;2011-2016 : 50 boules / 11 etoiles;etoile_2;9;etoile
2013-09-03;2011-2016 : 50 boules / 11 etoiles;boule_1;5;boule
2013-09-03;2011-2016 : 50 boules / 11 etoiles;boule_5;9;boule
2013-09-03;2011-2016 : 50 boules / 11 etoiles;boule_3;16;boule
2013-09-03;2011-2016 : 50 boules / 11 etoiles;boule_2;18;boule
2013-09-03;2011-2016 : 50 boules / 11 etoiles;boule_4;42;boule
2013-09-03;2011-2016 : 50 boules / 11 etoiles;etoile_1;7;etoile
2013-09-03;2011-2016 : 50 boules / 11 etoiles;etoile_2;9;etoile
2013-09-06;2011-2016 : 50 boules / 11 etoiles;boule_2;11;boule
2013-09-06;2011-2016 : 50 boules / 11 etoiles;boule_4;23;boule
2013-09-06;2011-2016 : 50 boules / 11 etoiles;boule_1;25;boule
2013-09-06;2011-2016 : 50 boules / 11 etoiles;boule_3;32;boule
2013-09-06;2011-2016 : 50 boules / 11 etoiles;boule_5;37;boule
2013-09-06;2011-2016 : 50 boules / 11 etoiles;etoile_2;4;etoile
2013-09-06;2011-2016 : 50 boules / 11 etoiles;etoile_1;7;etoile
2013-09-10;2011-2016 : 50 boules / 11 etoiles;boule_1;7;boule
2013-09-10;2011-2016 : 50 boules / 11 etoiles;boule_5;11;boule
2013-09-10;2011-2016 : 50 boules / 11 etoiles;boule_4;14;boule
2013-09-10;2011-2016 : 50 boules / 11 etoiles;boule_2;28;boule
2013-09-10;2011-2016 : 50 boules / 11 etoiles;boule_3;30;boule
2013-09-10;2011-2016 : 50 boules / 11 etoiles;etoile_1;2;etoile
2013-09-10;2011-2016 : 50 boules / 11 etoiles;etoile_2;10;etoile
2013-09-13;2011-2016 : 50 boules / 11 etoiles;boule_4;4;boule
2013-09-13;2011-2016 : 50 boules / 11 etoiles;boule_3;6;boule
2013-09-13;2011-2016 : 50 boules / 11 etoiles;boule_1;14;boule
2013-09-13;2011-2016 : 50 boules / 11 etoiles;boule_2;27;boule
2013-09-13;2011-2016 : 50 boules / 11 etoiles;boule_5;33;boule
2013-09-13;2011-2016 : 50 boules / 11 etoiles;etoile_2;5;etoile
2013-09-13;2011-2016 : 50 boules / 11 etoiles;etoile_1;10;etoile
2013-09-17;2011-2016 : 50 boules / 11 etoiles;boule_5;13;boule
2013-09-17;2011-2016 : 50 boules / 11 etoiles;boule_2;17;boule
2013-09-17;2011-2016 : 50 boules / 11 etoiles;boule_3;21;boule
2013-09-17;2011-2016 : 50 boules / 11 etoiles;boule_4;42;boule
2013-09-17;2011-2016 : 50 boules / 11 etoiles;boule_1;44;boule
2013-09-17;2011-2016 : 50 boules / 11 etoiles;etoile_2;9;etoile
2013-09-17;2011-2016 : 50 boules / 11 etoiles;etoile_1;11;etoile
2013-09-20;2011-2016 : 50 boules / 11 etoiles;boule_1;5;boule
2013-09-20;2011-2016 : 50 boules / 11 etoiles;boule_2;11;boule
2013-09-20;2011-2016 : 50 boules / 11 etoiles;boule_4;35;boule
2013-09-20;2011-2016 : 50 boules / 11 etoiles;boule_3;38;boule
2013-09-20;2011-2016 : 50 boules / 11 etoiles;boule_5;45;boule
2013-09-20;2011-2016 : 50 boules / 11 etoiles;etoile_1;2;etoile
2013-09-20;2011-2016 : 50 boules / 11 etoiles;etoile_2;3;etoile
2013-09-24;2011-2016 : 50 boules / 11 etoiles;boule_3;10;boule
2013-09-24;2011-2016 : 50 boules / 11 etoiles;boule_2;20;boule
2013-09-24;2011-2016 : 50 boules / 11 etoiles;boule_5;26;boule
2013-09-24;2011-2016 : 50 boules / 11 etoiles;boule_4;28;boule
2013-09-24;2011-2016 : 50 boules / 11 etoiles;boule_1;43;boule
2013-09-24;2011-2016 : 50 boules / 11 etoiles;etoile_1;9;etoile
2013-09-24;2011-2016 : 50 boules / 11 etoiles;etoile_2;11;etoile
2013-09-27;2011-2016 : 50 boules / 11 etoiles;boule_3;11;boule
2013-09-27;2011-2016 : 50 boules / 11 etoiles;boule_2;15;boule
2013-09-27;2011-2016 : 50 boules / 11 etoiles;boule_4;38;boule
2013-09-27;2011-2016 : 50 boules / 11 etoiles;boule_1;41;boule
2013-09-27;2011-2016 : 50 boules / 11 etoiles;boule_5;43;boule
2013-09-27;2011-2016 : 50 boules / 11 etoiles;etoile_2;2;etoile
2013-09-27;2011-2016 : 50 boules / 11 etoiles;etoile_1;6;etoile
2013-10-01;2011-2016 : 50 boules / 11 etoiles;boule_1;19;boule
2013-10-01;2011-2016 : 50 boules / 11 etoiles;boule_5;23;boule
2013-10-01;2011-2016 : 50 boules / 11 etoiles;boule_4;25;boule
2013-10-01;2011-2016 : 50 boules / 11 etoiles;boule_2;44;boule
2013-10-01;2011-2016 : 50 boules / 11 etoiles;boule_3;48;boule
2013-10-01;2011-2016 : 50 boules / 11 etoiles;etoile_2;8;etoile
2013-10-01;2011-2016 : 50 boules / 11 etoiles;etoile_1;9;etoile
2013-10-04;2011-2016 : 50 boules / 11 etoiles;boule_3;6;boule
2013-10-04;2011-2016 : 50 boules / 11 etoiles;boule_5;20;boule
2013-10-04;2011-2016 : 50 boules / 11 etoiles;boule_4;24;boule
2013-10-04;2011-2016 : 50 boules / 11 etoiles;boule_2;35;boule
2013-10-04;2011-2016 : 50 boules / 11 etoiles;boule_1;50;boule
2013-10-04;2011-2016 : 50 boules / 11 etoiles;etoile_1;5;etoile
2013-10-04;2011-2016 : 50 boules / 11 etoiles;etoile_2;10;etoile
2013-10-08;2011-2016 : 50 boules / 11 etoiles;boule_1;23;boule
2013-10-08;2011-2016 : 50 boules / 11 etoiles;boule_2;24;boule
2013-10-08;2011-2016 : 50 boules / 11 etoiles;boule_5;26;boule
2013-10-08;2011-2016 : 50 boules / 11 etoiles;boule_3;33;boule
2013-10-08;2011-2016 : 50 boules / 11 etoiles;boule_4;42;boule
2013-10-08;2011-2016 : 50 boules / 11 etoiles;etoile_2;3;etoile
2013-10-08;2011-2016 : 50 boules / 11 etoiles;etoile_1;5;etoile
2013-10-11;2011-2016 : 50 boules / 11 etoiles;boule_1;6;boule
2013-10-11;2011-2016 : 50 boules / 11 etoiles;boule_4;12;boule
2013-10-11;2011-2016 : 50 boules / 11 etoiles;boule_2;17;boule
2013-10-11;2011-2016 : 50 boules / 11 etoiles;boule_3;23;boule
2013-10-11;2011-2016 : 50 boules / 11 etoiles;boule_5;43;boule
2013-10-11;2011-2016 : 50 boules / 11 etoiles;etoile_1;5;etoile
2013-10-11;2011-2016 : 50 boules / 11 etoiles;etoile_2;9;etoile
2013-10-15;2011-2016 : 50 boules / 11 etoiles;boule_2;18;boule
2013-10-15;2011-2016 : 50 boules / 11 etoiles;boule_3;27;boule
2013-10-15;2011-2016 : 50 boules / 11 etoiles;boule_1;39;boule
2013-10-15;2011-2016 : 50 boules / 11 etoiles;boule_4;43;boule
2013-10-15;2011-2016 : 50 boules / 11 etoiles;boule_5;47;boule
2013-10-15;2011-2016 : 50 boules / 11 etoiles;etoile_2;4;etoile
2013-10-15;2011-2016 : 50 boules / 11 etoiles;etoile_1;7;etoile
2013-10-18;2011-2016 : 50 boules / 11 etoiles;boule_5;5;boule
2013-10-18;2011-2016 : 50 boules / 11 etoiles;boule_1;25;boule
2013-10-18;2011-2016 : 50 boules / 11 etoiles;boule_2;36;boule
2013-10-18;2011-2016 : 50 boules / 11 etoiles;boule_4;46;boule
2013-10-18;2011-2016 : 50 boules / 11 etoiles;boule_3;47;boule
2013-10-18;2011-2016 : 50 boules / 11 etoiles;etoile_1;2;etoile
2013-10-18;2011-2016 : 50 boules / 11 etoiles;etoile_2;6;etoile
2013-10-22;2011-2016 : 50 boules / 11 etoiles;boule_3;29;boule
2013-10-22;2011-2016 : 50 boules / 11 etoiles;boule_2;33;boule
2013-10-22;2011-2016 : 50 boules / 11 etoiles;boule_1;39;boule
2013-10-22;2011-2016 : 50 boules / 11 etoiles;boule_5;41;boule
2013-10-22;2011-2016 : 50 boules / 11 etoiles;boule_4;44;boule
2013-10-22;2011-2016 : 50 boules / 11 etoiles;etoile_1;9;etoile
2013-10-22;2011-2016 : 50 boules / 11 etoiles;etoile_2;11;etoile
2013-10-25;2011-2016 : 50 boules / 11 etoiles;boule_1;2;boule
2013-10-25;2011-2016 : 50 boules / 11 etoiles;boule_4;3;boule
2013-10-25;2011-2016 : 50 boules / 11 etoiles;boule_5;10;boule
2013-10-25;2011-2016 : 50 boules / 11 etoiles;boule_2;31;boule
2013-10-25;2011-2016 : 50 boules / 11 etoiles;boule_3;38;boule
2013-10-25;2011-2016 : 50 boules / 11 etoiles;etoile_1;6;etoile
2013-10-25;2011-2016 : 50 boules / 11 etoiles;etoile_2;10;etoile
2013-10-29;2011-2016 : 50 boules / 11 etoiles;boule_2;9;boule
2013-10-29;2011-2016 : 50 boules / 11 etoiles;boule_3;10;boule
2013-10-29;2011-2016 : 50 boules / 11 etoiles;boule_4;30;boule
2013-10-29;2011-2016 : 50 boules / 11 etoiles;boule_1;32;boule
2013-10-29;2011-2016 : 50 boules / 11 etoiles;boule_5;37;boule
2013-10-29;2011-2016 : 50 boules / 11 etoiles;etoile_2;2;etoile
2013-10-29;2011-2016 : 50 boules / 11 etoiles;etoile_1;6;etoile
2013-11-01;2011-2016 : 50 boules / 11 etoiles;boule_5;7;boule
2013-11-01;2011-2016 : 50 boules / 11 etoiles;boule_1;19;boule
2013-11-01;2011-2016 : 50 boules / 11 etoiles;boule_3;29;boule
2013-11-01;2011-2016 : 50 boules / 11 etoiles;boule_4;30;boule
2013-11-01;2011-2016 : 50 boules / 11 etoiles;boule_2;33;boule
2013-11-01;2011-2016 : 50 boules / 11 etoiles;etoile_1;3;etoile
2013-11-01;2011-2016 : 50 boules / 11 etoiles;etoile_2;8;etoile
2013-11-05;2011-2016 : 50 boules / 11 etoiles;boule_5;6;boule
2013-11-05;2011-2016 : 50 boules / 11 etoiles;boule_3;12;boule
2013-11-05;2011-2016 : 50 boules / 11 etoiles;boule_4;13;boule
2013-11-05;2011-2016 : 50 boules / 11 etoiles;boule_1;35;boule
2013-11-05;2011-2016 : 50 boules / 11 etoiles;boule_2;38;boule
2013-11-05;2011-2016 : 50 boules / 11 etoiles;etoile_1;2;etoile
2013-11-05;2011-2016 : 50 boules / 11 etoiles;etoile_2;3;etoile
2013-11-08;2011-2016 : 50 boules / 11 etoiles;boule_2;20;boule
2013-11-08;2011-2016 : 50 boules / 11 etoiles;boule_5;28;boule
2013-11-08;2011-2016 : 50 boules / 11 etoiles;boule_1;35;boule
2013-11-08;2011-2016 : 50 boules / 11 etoiles;boule_3;42;boule
2013-11-08;2011-2016 : 50 boules / 11 etoiles;boule_4;43;boule
2013-11-08;2011-2016 : 50 boules / 11 etoiles;etoile_1;8;etoile
2013-11-08;2011-2016 : 50 boules / 11 etoiles;etoile_2;10;etoile
2013-11-12;2011-2016 : 50 boules / 11 etoiles;boule_5;14;boule
2013-11-12;2011-2016 : 50 boules / 11 etoiles;boule_1;29;boule
2013-11-12;2011-2016 : 50 boules / 11 etoiles;boule_4;37;boule
2013-11-12;2011-2016 : 50 boules / 11 etoiles;boule_3;40;boule
2013-11-12;2011-2016 : 50 boules / 11 etoiles;boule_2;48;boule
2013-11-12;2011-2016 : 50 boules / 11 etoiles;etoile_2;2;etoile
2013-11-12;2011-2016 : 50 boules / 11 etoiles;etoile_1;11;etoile
2013-11-15;2011-2016 : 50 boules / 11 etoiles;boule_3;3;boule
2013-11-15;2011-2016 : 50 boules / 11 etoiles;boule_1;13;boule
2013-11-15;2011-2016 : 50 boules / 11 etoiles;boule_4;15;boule
2013-11-15;2011-2016 : 50 boules / 11 etoiles;boule_5;29;boule
2013-11-15;2011-2016 : 50 boules / 11 etoiles;boule_2;42;boule
2013-11-15;2011-2016 : 50 boules / 11 etoiles;etoile_2;1;etoile
2013-11-15;2011-2016 : 50 boules / 11 etoiles;etoile_1;4;etoile
2013-11-19;2011-2016 : 50 boules / 11 etoiles;boule_2;14;boule
2013-11-19;2011-2016 : 50 boules / 11 etoiles;boule_5;15;boule
2013-11-19;2011-2016 : 50 boules / 11 etoiles;boule_3;19;boule
2013-11-19;2011-2016 : 50 boules / 11 etoiles;boule_4;36;boule
2013-11-19;2011-2016 : 50 boules / 11 etoiles;boule_1;45;boule
2013-11-19;2011-2016 : 50 boules / 11 etoiles;etoile_1;1;etoile
2013-11-19;2011-2016 : 50 boules / 11 etoiles;etoile_2;10;etoile
2013-11-22;2011-2016 : 50 boules / 11 etoiles;boule_3;13;boule
2013-11-22;2011-2016 : 50 boules / 11 etoiles;boule_4;25;boule
2013-11-22;2011-2016 : 50 boules / 11 etoiles;boule_2;26;boule
2013-11-22;2011-2016 : 50 boules / 11 etoiles;boule_1;40;boule
2013-11-22;2011-2016 : 50 boules / 11 etoiles;boule_5;50;boule
2013-11-22;2011-2016 : 50 boules / 11 etoiles;etoile_1;8;etoile
2013-11-22;2011-2016 : 50 boules / 11 etoiles;etoile_2;9;etoile
2013-11-26;2011-2016 : 50 boules / 11 etoiles;boule_5;19;boule
2013-11-26;2011-2016 : 50 boules / 11 etoiles;boule_3;23;boule
2013-11-26;2011-2016 : 50 boules / 11 etoiles;boule_2;27;boule
2013-11-26;2011-2016 : 50 boules / 11 etoiles;boule_4;42;boule
2013-11-26;2011-2016 : 50 boules / 11 etoiles;boule_1;44;boule
2013-11-26;2011-2016 : 50 boules / 11 etoiles;etoile_2;3;etoile
2013-11-26;2011-2016 : 50 boules / 11 etoiles;etoile_1;5;etoile
2013-11-29;2011-2016 : 50 boules / 11 etoiles;boule_4;2;boule
2013-11-29;2011-2016 : 50 boules / 11 etoiles;boule_3;7;boule
2013-11-29;2011-2016 : 50 boules / 11 etoiles;boule_1;10;boule
2013-11-29;2011-2016 : 50 boules / 11 etoiles;boule_2;23;boule
2013-11-29;2011-2016 : 50 boules / 11 etoiles;boule_5;43;boule
2013-11-29;2011-2016 : 50 boules / 11 etoiles;etoile_1;4;etoile
2013-11-29;2011-2016 : 50 boules / 11 etoiles;etoile_2;7;etoile
2013-12-03;2011-2016 : 50 boules / 11 etoiles;boule_2;6;boule
2013-12-03;2011-2016 : 50 boules / 11 etoiles;boule_5;13;boule
2013-12-03;2011-2016 : 50 boules / 11 etoiles;boule_4;15;boule
2013-12-03;2011-2016 : 50 boules / 11 etoiles;boule_3;29;boule
2013-12-03;2011-2016 : 50 boules / 11 etoiles;boule_1;32;boule
2013-12-03;2011-2016 : 50 boules / 11 etoiles;etoile_1;2;etoile
2013-12-03;2011-2016 : 50 boules / 11 etoiles;etoile_2;9;etoile
2013-12-06;2011-2016 : 50 boules / 11 etoiles;boule_5;1;boule
2013-12-06;2011-2016 : 50 boules / 11 etoiles;boule_4;2;boule
2013-12-06;2011-2016 : 50 boules / 11 etoiles;boule_1;18;boule
2013-12-06;2011-2016 : 50 boules / 11 etoiles;boule_2;31;boule
2013-12-06;2011-2016 : 50 boules / 11 etoiles;boule_3;36;boule
2013-12-06;2011-2016 : 50 boules / 11 etoiles;etoile_1;7;etoile
2013-12-06;2011-2016 : 50 boules / 11 etoiles;etoile_2;10;etoile
2013-12-10;2011-2016 : 50 boules / 11 etoiles;boule_4;6;boule
2013-12-10;2011-2016 : 50 boules / 11 etoiles;boule_3;24;boule
2013-12-10;2011-2016 : 50 boules / 11 etoiles;boule_5;35;boule
2013-12-10;2011-2016 : 50 boules / 11 etoiles;boule_1;49;boule
2013-12-10;2011-2016 : 50 boules / 11 etoiles;boule_2;50;boule
2013-12-10;2011-2016 : 50 boules / 11 etoiles;etoile_2;1;etoile
2013-12-10;2011-2016 : 50 boules / 11 etoiles;etoile_1;7;etoile
2013-12-13;2011-2016 : 50 boules / 11 etoiles;boule_4;1;boule
2013-12-13;2011-2016 : 50 boules / 11 etoiles;boule_2;22;boule
2013-12-13;2011-2016 : 50 boules / 11 etoiles;boule_3;23;boule
2013-12-13;2011-2016 : 50 boules / 11 etoiles;boule_1;24;boule
2013-12-13;2011-2016 : 50 boules / 11 etoiles;boule_5;31;boule
2013-12-13;2011-2016 : 50 boules / 11 etoiles;etoile_1;6;etoile
2013-12-13;2011-2016 : 50 boules / 11 etoiles;etoile_2;11;etoile
2013-12-17;2011-2016 : 50 boules / 11 etoiles;boule_2;6;boule
2013-12-17;2011-2016 : 50 boules / 11 etoiles;boule_3;8;boule
2013-12-17;2011-2016 : 50 boules / 11 etoiles;boule_5;27;boule
2013-12-17;2011-2016 : 50 boules / 11 etoiles;boule_4;37;boule
2013-12-17;2011-2016 : 50 boules / 11 etoiles;boule_1;41;boule
2013-12-17;2011-2016 : 50 boules / 11 etoiles;etoile_1;7;etoile
2013-12-17;2011-2016 : 50 boules / 11 etoiles;etoile_2;10;etoile
2013-12-20;2011-2016 : 50 boules / 11 etoiles;boule_5;12;boule
2013-12-20;2011-2016 : 50 boules / 11 etoiles;boule_1;13;boule
2013-12-20;2011-2016 : 50 boules / 11 etoiles;boule_3;17;boule
2013-12-20;2011-2016 : 50 boules / 11 etoiles;boule_2;22;boule
2013-12-20;2011-2016 : 50 boules / 11 etoiles;boule_4;43;boule
2013-12-20;2011-2016 : 50 boules / 11 etoiles;etoile_2;3;etoile
2013-12-20;2011-2016 : 50 boules / 11 etoiles;etoile_1;10;etoile
2013-12-24;2011-2016 : 50 boules / 11 etoiles;boule_1;5;boule
2013-12-24;2011-2016 : 50 boules / 11 etoiles;boule_5;19;boule
2013-12-24;2011-2016 : 50 boules / 11 etoiles;boule_2;31;boule
2013-12-24;2011-2016 : 50 boules / 11 etoiles;boule_3;43;boule
2013-12-24;2011-2016 : 50 boules / 11 etoiles;boule_4;50;boule
2013-12-24;2011-2016 : 50 boules / 11 etoiles;etoile_2;2;etoile
2013-12-24;2011-2016 : 50 boules / 11 etoiles;etoile_1;6;etoile
2013-12-27;2011-2016 : 50 boules / 11 etoiles;boule_1;1;boule
2013-12-27;2011-2016 : 50 boules / 11 etoiles;boule_3;6;boule
2013-12-27;2011-2016 : 50 boules / 11 etoiles;boule_4;13;boule
2013-12-27;2011-2016 : 50 boules / 11 etoiles;boule_2;22;boule
2013-12-27;2011-2016 : 50 boules / 11 etoiles;boule_5;28;boule
2013-12-27;2011-2016 : 50 boules / 11 etoiles;etoile_2;5;etoile
2013-12-27;2011-2016 : 50 boules / 11 etoiles;etoile_1;10;etoile
2013-12-31;2011-2016 : 50 boules / 11 etoiles;boule_5;13;boule
2013-12-31;2011-2016 : 50 boules / 11 etoiles;boule_4;20;boule
2013-12-31;2011-2016 : 50 boules / 11 etoiles;boule_3;24;boule
2013-12-31;2011-2016 : 50 boules / 11 etoiles;boule_1;29;boule
2013-12-31;2011-2016 : 50 boules / 11 etoiles;boule_2;45;boule
2013-12-31;2011-2016 : 50 boules / 11 etoiles;etoile_2;3;etoile
2013-12-31;2011-2016 : 50 boules / 11 etoiles;etoile_1;7;etoile
2014-01-03;2011-2016 : 50 boules / 11 etoiles;boule_1;3;boule
2014-01-03;2011-2016 : 50 boules / 11 etoiles;boule_3;27;boule
2014-01-03;2011-2016 : 50 boules / 11 etoiles;boule_5;31;boule
2014-01-03;2011-2016 : 50 boules / 11 etoiles;boule_4;38;boule
2014-01-03;2011-2016 : 50 boules / 11 etoiles;boule_2;44;boule
2014-01-03;2011-2016 : 50 boules / 11 etoiles;etoile_1;3;etoile
2014-01-03;2011-2016 : 50 boules / 11 etoiles;etoile_2;8;etoile
2014-01-07;2011-2016 : 50 boules / 11 etoiles;boule_1;2;boule
2014-01-07;2011-2016 : 50 boules / 11 etoiles;boule_3;20;boule
2014-01-07;2011-2016 : 50 boules / 11 etoiles;boule_4;27;boule
2014-01-07;2011-2016 : 50 boules / 11 etoiles;boule_5;33;boule
2014-01-07;2011-2016 : 50 boules / 11 etoiles;boule_2;45;boule
2014-01-07;2011-2016 : 50 boules / 11 etoiles;etoile_1;6;etoile
2014-01-07;2011-2016 : 50 boules / 11 etoiles;etoile_2;10;etoile
2014-01-10;2011-2016 : 50 boules / 11 etoiles;boule_1;1;boule
2014-01-10;2011-2016 : 50 boules / 11 etoiles;boule_3;2;boule
2014-01-10;2011-2016 : 50 boules / 11 etoiles;boule_4;11;boule
2014-01-10;2011-2016 : 50 boules / 11 etoiles;boule_2;27;boule
2014-01-10;2011-2016 : 50 boules / 11 etoiles;boule_5;29;boule
2014-01-10;2011-2016 : 50 boules / 11 etoiles;etoile_2;1;etoile
2014-01-10;2011-2016 : 50 boules / 11 etoiles;etoile_1;10;etoile
2014-01-14;2011-2016 : 50 boules / 11 etoiles;boule_2;18;boule
2014-01-14;2011-2016 : 50 boules / 11 etoiles;boule_3;20;boule
2014-01-14;2011-2016 : 50 boules / 11 etoiles;boule_1;25;boule
2014-01-14;2011-2016 : 50 boules / 11 etoiles;boule_4;26;boule
2014-01-14;2011-2016 : 50 boules / 11 etoiles;boule_5;37;boule
2014-01-14;2011-2016 : 50 boules / 11 etoiles;etoile_2;10;etoile
2014-01-14;2011-2016 : 50 boules / 11 etoiles;etoile_1;11;etoile
2014-01-17;2011-2016 : 50 boules / 11 etoiles;boule_2;19;boule
2014-01-17;2011-2016 : 50 boules / 11 etoiles;boule_1;26;boule
2014-01-17;2011-2016 : 50 boules / 11 etoiles;boule_5;32;boule
2014-01-17;2011-2016 : 50 boules / 11 etoiles;boule_3;33;boule
2014-01-17;2011-2016 : 50 boules / 11 etoiles;boule_4;42;boule
2014-01-17;2011-2016 : 50 boules / 11 etoiles;etoile_2;4;etoile
2014-01-17;2011-2016 : 50 boules / 11 etoiles;etoile_1;10;etoile
2014-01-21;2011-2016 : 50 boules / 11 etoiles;boule_1;4;boule
2014-01-21;2011-2016 : 50 boules / 11 etoiles;boule_5;12;boule
2014-01-21;2011-2016 : 50 boules / 11 etoiles;boule_3;35;boule
2014-01-21;2011-2016 : 50 boules / 11 etoiles;boule_2;42;boule
2014-01-21;2011-2016 : 50 boules / 11 etoiles;boule_4;48;boule
2014-01-21;2011-2016 : 50 boules / 11 etoiles;etoile_1;5;etoile
2014-01-21;2011-2016 : 50 boules / 11 etoiles;etoile_2;8;etoile
2014-01-24;2011-2016 : 50 boules / 11 etoiles;boule_5;5;boule
2014-01-24;2011-2016 : 50 boules / 11 etoiles;boule_1;19;boule
2014-01-24;2011-2016 : 50 boules / 11 etoiles;boule_4;34;boule
2014-01-24;2011-2016 : 50 boules / 11 etoiles;boule_3;35;boule
2014-01-24;2011-2016 : 50 boules / 11 etoiles;boule_2;41;boule
2014-01-24;2011-2016 : 50 boules / 11 etoiles;etoile_1;1;etoile
2014-01-24;2011-2016 : 50 boules / 11 etoiles;etoile_2;5;etoile
2014-01-28;2011-2016 : 50 boules / 11 etoiles;boule_1;18;boule
2014-01-28;2011-2016 : 50 boules / 11 etoiles;boule_4;20;boule
2014-01-28;2011-2016 : 50 boules / 11 etoiles;boule_2;23;boule
2014-01-28;2011-2016 : 50 boules / 11 etoiles;boule_5;42;boule
2014-01-28;2011-2016 : 50 boules / 11 etoiles;boule_3;48;boule
2014-01-28;2011-2016 : 50 boules / 11 etoiles;etoile_1;2;etoile
2014-01-28;2011-2016 : 50 boules / 11 etoiles;etoile_2;9;etoile
2014-01-31;2011-2016 : 50 boules / 11 etoiles;boule_4;8;boule
2014-01-31;2011-2016 : 50 boules / 11 etoiles;boule_1;10;boule
2014-01-31;2011-2016 : 50 boules / 11 etoiles;boule_2;15;boule
2014-01-31;2011-2016 : 50 boules / 11 etoiles;boule_5;16;boule
2014-01-31;2011-2016 : 50 boules / 11 etoiles;boule_3;31;boule
2014-01-31;2011-2016 : 50 boules / 11 etoiles;etoile_1;8;etoile
2014-01-31;2011-2016 : 50 boules / 11 etoiles;etoile_2;9;etoile
2014-02-04;2011-2016 : 50 boules / 11 etoiles;boule_2;1;boule
2014-02-04;2011-2016 : 50 boules / 11 etoiles;boule_4;21;boule
2014-02-04;2011-2016 : 50 boules / 11 etoiles;boule_3;33;boule
2014-02-04;2011-2016 : 50 boules / 11 etoiles;boule_1;37;boule
2014-02-04;2011-2016 : 50 boules / 11 etoiles;boule_5;38;boule
2014-02-04;2011-2016 : 50 boules / 11 etoiles;etoile_2;4;etoile
2014-02-04;2011-2016 : 50 boules / 11 etoiles;etoile_1;8;etoile
2014-02-07;2011-2016 : 50 boules / 11 etoiles;boule_4;3;boule
2014-02-07;2011-2016 : 50 boules / 11 etoiles;boule_1;17;boule
2014-02-07;2011-2016 : 50 boules / 11 etoiles;boule_2;19;boule
2014-02-07;2011-2016 : 50 boules / 11 etoiles;boule_5;46;boule
2014-02-07;2011-2016 : 50 boules / 11 etoiles;boule_3;47;boule
2014-02-07;2011-2016 : 50 boules / 11 etoiles;etoile_1;9;etoile
2014-02-07;2011-2016 : 50 boules / 11 etoiles;etoile_2;10;etoile
2014-02-11;2011-2016 : 50 boules / 11 etoiles;boule_3;8;boule
2014-02-11;2011-2016 : 50 boules / 11 etoiles;boule_4;17;boule
2014-02-11;2011-2016 : 50 boules / 11 etoiles;boule_2;25;boule
2014-02-11;2011-2016 : 50 boules / 11 etoiles;boule_5;41;boule
2014-02-11;2011-2016 : 50 boules / 11 etoiles;boule_1;47;boule
2014-02-11;2011-2016 : 50 boules / 11 etoiles;etoile_1;1;etoile
2014-02-11;2011-2016 : 50 boules / 11 etoiles;etoile_2;2;etoile
2014-02-14;2011-2016 : 50 boules / 11 etoiles;boule_4;2;boule
2014-02-14;2011-2016 : 50 boules / 11 etoiles;boule_3;4;boule
2014-02-14;2011-2016 : 50 boules / 11 etoiles;boule_5;6;boule
2014-02-14;2011-2016 : 50 boules / 11 etoiles;boule_1;19;boule
2014-02-14;2011-2016 : 50 boules / 11 etoiles;boule_2;39;boule
2014-02-14;2011-2016 : 50 boules / 11 etoiles;etoile_1;2;etoile
2014-02-14;2011-2016 : 50 boules / 11 etoiles;etoile_2;7;etoile
2014-02-18;2011-2016 : 50 boules / 11 etoiles;boule_4;23;boule
2014-02-18;2011-2016 : 50 boules / 11 etoiles;boule_3;26;boule
2014-02-18;2011-2016 : 50 boules / 11 etoiles;boule_1;36;boule
2014-02-18;2011-2016 : 50 boules / 11 etoiles;boule_2;37;boule
2014-02-18;2011-2016 : 50 boules / 11 etoiles;boule_5;49;boule
2014-02-18;2011-2016 : 50 boules / 11 etoiles;etoile_1;6;etoile
2014-02-18;2011-2016 : 50 boules / 11 etoiles;etoile_2;7;etoile
2014-02-21;2011-2016 : 50 boules / 11 etoiles;boule_2;13;boule
2014-02-21;2011-2016 : 50 boules / 11 etoiles;boule_3;17;boule
2014-02-21;2011-2016 : 50 boules / 11 etoiles;boule_1;28;boule
2014-02-21;2011-2016 : 50 boules / 11 etoiles;boule_4;30;boule
2014-02-21;2011-2016 : 50 boules / 11 etoiles;boule_5;32;boule
2014-02-21;2011-2016 : 50 boules / 11 etoiles;etoile_1;5;etoile
2014-02-21;2011-2016 : 50 boules / 11 etoiles;etoile_2;7;etoile
2014-02-25;2011-2016 : 50 boules / 11 etoiles;boule_2;21;boule
2014-02-25;2011-2016 : 50 boules / 11 etoiles;boule_3;25;boule
2014-02-25;2011-2016 : 50 boules / 11 etoiles;boule_4;28;boule
2014-02-25;2011-2016 : 50 boules / 11 etoiles;boule_5;35;boule
2014-02-25;2011-2016 : 50 boules / 11 etoiles;boule_1;42;boule
2014-02-25;2011-2016 : 50 boules / 11 etoiles;etoile_2;4;etoile
2014-02-25;2011-2016 : 50 boules / 11 etoiles;etoile_1;6;etoile
2014-02-28;2011-2016 : 50 boules / 11 etoiles;boule_4;12;boule
2014-02-28;2011-2016 : 50 boules / 11 etoiles;boule_3;32;boule
2014-02-28;2011-2016 : 50 boules / 11 etoiles;boule_1;38;boule
2014-02-28;2011-2016 : 50 boules / 11 etoiles;boule_5;43;boule
2014-02-28;2011-2016 : 50 boules / 11 etoiles;boule_2;44;boule
2014-02-28;2011-2016 : 50 boules / 11 etoiles;etoile_1;2;etoile
2014-02-28;2011-2016 : 50 boules / 11 etoiles;etoile_2;7;etoile
2014-03-04;2011-2016 : 50 boules / 11 etoiles;boule_1;3;boule
2014-03-04;2011-2016 : 50 boules / 11 etoiles;boule_3;5;boule
2014-03-04;2011-2016 : 50 boules / 11 etoiles;boule_2;22;boule
2014-03-04;2011-2016 : 50 boules / 11 etoiles;boule_4;27;boule
2014-03-04;2011-2016 : 50 boules / 11 etoiles;boule_5;44;boule
2014-03-04;2011-2016 : 50 boules / 11 etoiles;etoile_2;1;etoile
2014-03-04;2011-2016 : 50 boules / 11 etoiles;etoile_1;6;etoile
2014-03-07;2011-2016 : 50 boules / 11 etoiles;boule_4;5;boule
2014-03-07;2011-2016 : 50 boules / 11 etoiles;boule_2;10;boule
2014-03-07;2011-2016 : 50 boules / 11 etoiles;boule_1;38;boule
2014-03-07;2011-2016 : 50 boules / 11 etoiles;boule_3;40;boule
2014-03-07;2011-2016 : 50 boules / 11 etoiles;boule_5;41;boule
2014-03-07;2011-2016 : 50 boules / 11 etoiles;etoile_1;1;etoile
2014-03-07;2011-2016 : 50 boules / 11 etoiles;etoile_2;8;etoile
2014-03-11;2011-2016 : 50 boules / 11 etoiles;boule_1;1;boule
2014-03-11;2011-2016 : 50 boules / 11 etoiles;boule_2;4;boule
2014-03-11;2011-2016 : 50 boules / 11 etoiles;boule_5;23;boule
2014-03-11;2011-2016 : 50 boules / 11 etoiles;boule_4;33;boule
2014-03-11;2011-2016 : 50 boules / 11 etoiles;boule_3;44;boule
2014-03-11;2011-2016 : 50 boules / 11 etoiles;etoile_2;7;etoile
2014-03-11;2011-2016 : 50 boules / 11 etoiles;etoile_1;8;etoile
2014-03-14;2011-2016 : 50 boules / 11 etoiles;boule_3;6;boule
2014-03-14;2011-2016 : 50 boules / 11 etoiles;boule_2;24;boule
2014-03-14;2011-2016 : 50 boules / 11 etoiles;boule_5;25;boule
2014-03-14;2011-2016 : 50 boules / 11 etoiles;boule_4;27;boule
2014-03-14;2011-2016 : 50 boules / 11 etoiles;boule_1;30;boule
2014-03-14;2011-2016 : 50 boules / 11 etoiles;etoile_2;5;etoile
2014-03-14;2011-2016 : 50 boules / 11 etoiles;etoile_1;9;etoile
2014-03-18;2011-2016 : 50 boules / 11 etoiles;boule_4;8;boule
2014-03-18;2011-2016 : 50 boules / 11 etoiles;boule_1;27;boule
2014-03-18;2011-2016 : 50 boules / 11 etoiles;boule_3;34;boule
2014-03-18;2011-2016 : 50 boules / 11 etoiles;boule_2;36;boule
2014-03-18;2011-2016 : 50 boules / 11 etoiles;boule_5;39;boule
2014-03-18;2011-2016 : 50 boules / 11 etoiles;etoile_1;5;etoile
2014-03-18;2011-2016 : 50 boules / 11 etoiles;etoile_2;10;etoile
2014-03-21;2011-2016 : 50 boules / 11 etoiles;boule_2;7;boule
2014-03-21;2011-2016 : 50 boules / 11 etoiles;boule_4;30;boule
2014-03-21;2011-2016 : 50 boules / 11 etoiles;boule_1;37;boule
2014-03-21;2011-2016 : 50 boules / 11 etoiles;boule_3;39;boule
2014-03-21;2011-2016 : 50 boules / 11 etoiles;boule_5;42;boule
2014-03-21;2011-2016 : 50 boules / 11 etoiles;etoile_2;5;etoile
2014-03-21;2011-2016 : 50 boules / 11 etoiles;etoile_1;7;etoile
2014-03-25;2011-2016 : 50 boules / 11 etoiles;boule_4;7;boule
2014-03-25;2011-2016 : 50 boules / 11 etoiles;boule_5;20;boule
2014-03-25;2011-2016 : 50 boules / 11 etoiles;boule_3;26;boule
2014-03-25;2011-2016 : 50 boules / 11 etoiles;boule_1;28;boule
2014-03-25;2011-2016 : 50 boules / 11 etoiles;boule_2;50;boule
2014-03-25;2011-2016 : 50 boules / 11 etoiles;etoile_2;2;etoile
2014-03-25;2011-2016 : 50 boules / 11 etoiles;etoile_1;8;etoile
2014-03-28;2011-2016 : 50 boules / 11 etoiles;boule_1;3;boule
2014-03-28;2011-2016 : 50 boules / 11 etoiles;boule_5;4;boule
2014-03-28;2011-2016 : 50 boules / 11 etoiles;boule_3;19;boule
2014-03-28;2011-2016 : 50 boules / 11 etoiles;boule_4;28;boule
2014-03-28;2011-2016 : 50 boules / 11 etoiles;boule_2;43;boule
2014-03-28;2011-2016 : 50 boules / 11 etoiles;etoile_1;3;etoile
2014-03-28;2011-2016 : 50 boules / 11 etoiles;etoile_2;7;etoile
2014-04-01;2011-2016 : 50 boules / 11 etoiles;boule_4;16;boule
2014-04-01;2011-2016 : 50 boules / 11 etoiles;boule_3;18;boule
2014-04-01;2011-2016 : 50 boules / 11 etoiles;boule_5;26;boule
2014-04-01;2011-2016 : 50 boules / 11 etoiles;boule_2;38;boule
2014-04-01;2011-2016 : 50 boules / 11 etoiles;boule_1;44;boule
2014-04-01;2011-2016 : 50 boules / 11 etoiles;etoile_2;8;etoile
2014-04-01;2011-2016 : 50 boules / 11 etoiles;etoile_1;10;etoile
2014-04-04;2011-2016 : 50 boules / 11 etoiles;boule_4;6;boule
2014-04-04;2011-2016 : 50 boules / 11 etoiles;boule_5;10;boule
2014-04-04;2011-2016 : 50 boules / 11 etoiles;boule_3;28;boule
2014-04-04;2011-2016 : 50 boules / 11 etoiles;boule_2;45;boule
2014-04-04;2011-2016 : 50 boules / 11 etoiles;boule_1;50;boule
2014-04-04;2011-2016 : 50 boules / 11 etoiles;etoile_1;10;etoile
2014-04-04;2011-2016 : 50 boules / 11 etoiles;etoile_2;11;etoile
2014-04-08;2011-2016 : 50 boules / 11 etoiles;boule_2;11;boule
2014-04-08;2011-2016 : 50 boules / 11 etoiles;boule_4;18;boule
2014-04-08;2011-2016 : 50 boules / 11 etoiles;boule_3;29;boule
2014-04-08;2011-2016 : 50 boules / 11 etoiles;boule_1;42;boule
2014-04-08;2011-2016 : 50 boules / 11 etoiles;boule_5;49;boule
2014-04-08;2011-2016 : 50 boules / 11 etoiles;etoile_2;4;etoile
2014-04-08;2011-2016 : 50 boules / 11 etoiles;etoile_1;11;etoile
2014-04-11;2011-2016 : 50 boules / 11 etoiles;boule_1;8;boule
2014-04-11;2011-2016 : 50 boules / 11 etoiles;boule_4;12;boule
2014-04-11;2011-2016 : 50 boules / 11 etoiles;boule_5;19;boule
2014-04-11;2011-2016 : 50 boules / 11 etoiles;boule_3;30;boule
2014-04-11;2011-2016 : 50 boules / 11 etoiles;boule_2;33;boule
2014-04-11;2011-2016 : 50 boules / 11 etoiles;etoile_1;4;etoile
2014-04-11;2011-2016 : 50 boules / 11 etoiles;etoile_2;11;etoile
2014-04-15;2011-2016 : 50 boules / 11 etoiles;boule_5;3;boule
2014-04-15;2011-2016 : 50 boules / 11 etoiles;boule_1;14;boule
2014-04-15;2011-2016 : 50 boules / 11 etoiles;boule_4;26;boule
2014-04-15;2011-2016 : 50 boules / 11 etoiles;boule_3;47;boule
2014-04-15;2011-2016 : 50 boules / 11 etoiles;boule_2;50;boule
2014-04-15;2011-2016 : 50 boules / 11 etoiles;etoile_1;7;etoile
2014-04-15;2011-2016 : 50 boules / 11 etoiles;etoile_2;11;etoile
2014-04-18;2011-2016 : 50 boules / 11 etoiles;boule_1;21;boule
2014-04-18;2011-2016 : 50 boules / 11 etoiles;boule_5;24;boule
2014-04-18;2011-2016 : 50 boules / 11 etoiles;boule_3;31;boule
2014-04-18;2011-2016 : 50 boules / 11 etoiles;boule_4;39;boule
2014-04-18;2011-2016 : 50 boules / 11 etoiles;boule_2;47;boule
2014-04-18;2011-2016 : 50 boules / 11 etoiles;etoile_1;3;etoile
2014-04-18;2011-2016 : 50 boules / 11 etoiles;etoile_2;7;etoile
2014-04-22;2011-2016 : 50 boules / 11 etoiles;boule_5;13;boule
2014-04-22;2011-2016 : 50 boules / 11 etoiles;boule_3;15;boule
2014-04-22;2011-2016 : 50 boules / 11 etoiles;boule_1;20;boule
2014-04-22;2011-2016 : 50 boules / 11 etoiles;boule_4;24;boule
2014-04-22;2011-2016 : 50 boules / 11 etoiles;boule_2;46;boule
2014-04-22;2011-2016 : 50 boules / 11 etoiles;etoile_2;1;etoile
2014-04-22;2011-2016 : 50 boules / 11 etoiles;etoile_1;8;etoile
2014-04-25;2011-2016 : 50 boules / 11 etoiles;boule_1;13;boule
2014-04-25;2011-2016 : 50 boules / 11 etoiles;boule_4;21;boule
2014-04-25;2011-2016 : 50 boules / 11 etoiles;boule_5;24;boule
2014-04-25;2011-2016 : 50 boules / 11 etoiles;boule_3;44;boule
2014-04-25;2011-2016 : 50 boules / 11 etoiles;boule_2;49;boule
2014-04-25;2011-2016 : 50 boules / 11 etoiles;etoile_2;1;etoile
2014-04-25;2011-2016 : 50 boules / 11 etoiles;etoile_1;9;etoile
2014-04-29;2011-2016 : 50 boules / 11 etoiles;boule_3;18;boule
2014-04-29;2011-2016 : 50 boules / 11 etoiles;boule_4;23;boule
2014-04-29;2011-2016 : 50 boules / 11 etoiles;boule_2;26;boule
2014-04-29;2011-2016 : 50 boules / 11 etoiles;boule_1;35;boule
2014-04-29;2011-2016 : 50 boules / 11 etoiles;boule_5;44;boule
2014-04-29;2011-2016 : 50 boules / 11 etoiles;etoile_1;3;etoile
2014-04-29;2011-2016 : 50 boules / 11 etoiles;etoile_2;11;etoile
2014-05-02;2011-2016 : 50 boules / 11 etoiles;boule_3;4;boule
2014-05-02;2011-2016 : 50 boules / 11 etoiles;boule_1;30;boule
2014-05-02;2011-2016 : 50 boules / 11 etoiles;boule_4;31;boule
2014-05-02;2011-2016 : 50 boules / 11 etoiles;boule_5;38;boule
2014-05-02;2011-2016 : 50 boules / 11 etoiles;boule_2;42;boule
2014-05-02;2011-2016 : 50 boules / 11 etoiles;etoile_2;2;etoile
2014-05-02;2011-2016 : 50 boules / 11 etoiles;etoile_1;11;etoile
2014-05-06;2011-2016 : 50 boules / 11 etoiles;boule_2;5;boule
2014-05-06;2011-2016 : 50 boules / 11 etoiles;boule_3;19;boule
2014-05-06;2011-2016 : 50 boules / 11 etoiles;boule_5;24;boule
2014-05-06;2011-2016 : 50 boules / 11 etoiles;boule_4;31;boule
2014-05-06;2011-2016 : 50 boules / 11 etoiles;boule_1;37;boule
2014-05-06;2011-2016 : 50 boules / 11 etoiles;etoile_2;1;etoile
2014-05-06;2011-2016 : 50 boules / 11 etoiles;etoile_1;9;etoile
2014-05-09;2011-2016 : 50 boules / 11 etoiles;boule_3;3;boule
2014-05-09;2011-2016 : 50 boules / 11 etoiles;boule_5;21;boule
2014-05-09;2011-2016 : 50 boules / 11 etoiles;boule_4;26;boule
2014-05-09;2011-2016 : 50 boules / 11 etoiles;boule_2;28;boule
2014-05-09;2011-2016 : 50 boules / 11 etoiles;boule_1;45;boule
2014-05-09;2011-2016 : 50 boules / 11 etoiles;etoile_2;7;etoile
2014-05-09;2011-2016 : 50 boules / 11 etoiles;etoile_1;10;etoile
2014-05-13;2011-2016 : 50 boules / 11 etoiles;boule_5;4;boule
2014-05-13;2011-2016 : 50 boules / 11 etoiles;boule_3;13;boule
2014-05-13;2011-2016 : 50 boules / 11 etoiles;boule_4;30;boule
2014-05-13;2011-2016 : 50 boules / 11 etoiles;boule_2;34;boule
2014-05-13;2011-2016 : 50 boules / 11 etoiles;boule_1;47;boule
2014-05-13;2011-2016 : 50 boules / 11 etoiles;etoile_2;2;etoile
2014-05-13;2011-2016 : 50 boules / 11 etoiles;etoile_1;6;etoile
2014-05-16;2011-2016 : 50 boules / 11 etoiles;boule_2;23;boule
2014-05-16;2011-2016 : 50 boules / 11 etoiles;boule_1;26;boule
2014-05-16;2011-2016 : 50 boules / 11 etoiles;boule_4;29;boule
2014-05-16;2011-2016 : 50 boules / 11 etoiles;boule_3;37;boule
2014-05-16;2011-2016 : 50 boules / 11 etoiles;boule_5;40;boule
2014-05-16;2011-2016 : 50 boules / 11 etoiles;etoile_2;3;etoile
2014-05-16;2011-2016 : 50 boules / 11 etoiles;etoile_1;4;etoile
2014-05-20;2011-2016 : 50 boules / 11 etoiles;boule_2;5;boule
2014-05-20;2011-2016 : 50 boules / 11 etoiles;boule_4;33;boule
2014-05-20;2011-2016 : 50 boules / 11 etoiles;boule_3;36;boule
2014-05-20;2011-2016 : 50 boules / 11 etoiles;boule_1;38;boule
2014-05-20;2011-2016 : 50 boules / 11 etoiles;boule_5;47;boule
2014-05-20;2011-2016 : 50 boules / 11 etoiles;etoile_1;4;etoile
2014-05-20;2011-2016 : 50 boules / 11 etoiles;etoile_2;9;etoile
2014-05-23;2011-2016 : 50 boules / 11 etoiles;boule_2;3;boule
2014-05-23;2011-2016 : 50 boules / 11 etoiles;boule_4;8;boule
2014-05-23;2011-2016 : 50 boules / 11 etoiles;boule_1;31;boule
2014-05-23;2011-2016 : 50 boules / 11 etoiles;boule_5;34;boule
2014-05-23;2011-2016 : 50 boules / 11 etoiles;boule_3;47;boule
2014-05-23;2011-2016 : 50 boules / 11 etoiles;etoile_2;9;etoile
2014-05-23;2011-2016 : 50 boules / 11 etoiles;etoile_1;11;etoile
2014-05-27;2011-2016 : 50 boules / 11 etoiles;boule_5;7;boule
2014-05-27;2011-2016 : 50 boules / 11 etoiles;boule_2;13;boule
2014-05-27;2011-2016 : 50 boules / 11 etoiles;boule_1;16;boule
2014-05-27;2011-2016 : 50 boules / 11 etoiles;boule_4;25;boule
2014-05-27;2011-2016 : 50 boules / 11 etoiles;boule_3;26;boule
2014-05-27;2011-2016 : 50 boules / 11 etoiles;etoile_1;1;etoile
2014-05-27;2011-2016 : 50 boules / 11 etoiles;etoile_2;6;etoile
2014-05-30;2011-2016 : 50 boules / 11 etoiles;boule_5;5;boule
2014-05-30;2011-2016 : 50 boules / 11 etoiles;boule_3;24;boule
2014-05-30;2011-2016 : 50 boules / 11 etoiles;boule_1;27;boule
2014-05-30;2011-2016 : 50 boules / 11 etoiles;boule_2;41;boule
2014-05-30;2011-2016 : 50 boules / 11 etoiles;boule_4;45;boule
2014-05-30;2011-2016 : 50 boules / 11 etoiles;etoile_2;6;etoile
2014-05-30;2011-2016 : 50 boules / 11 etoiles;etoile_1;7;etoile
2014-06-03;2011-2016 : 50 boules / 11 etoiles;boule_1;2;boule
2014-06-03;2011-2016 : 50 boules / 11 etoiles;boule_4;15;boule
2014-06-03;2011-2016 : 50 boules / 11 etoiles;boule_3;32;boule
2014-06-03;2011-2016 : 50 boules / 11 etoiles;boule_2;39;boule
2014-06-03;2011-2016 : 50 boules / 11 etoiles;boule_5;44;boule
2014-06-03;2011-2016 : 50 boules / 11 etoiles;etoile_1;5;etoile
2014-06-03;2011-2016 : 50 boules / 11 etoiles;etoile_2;10;etoile
2014-06-06;2011-2016 : 50 boules / 11 etoiles;boule_4;7;boule
2014-06-06;2011-2016 : 50 boules / 11 etoiles;boule_3;25;boule
2014-06-06;2011-2016 : 50 boules / 11 etoiles;boule_1;34;boule
2014-06-06;2011-2016 : 50 boules / 11 etoiles;boule_2;40;boule
2014-06-06;2011-2016 : 50 boules / 11 etoiles;boule_5;49;boule
2014-06-06;2011-2016 : 50 boules / 11 etoiles;etoile_1;9;etoile
2014-06-06;2011-2016 : 50 boules / 11 etoiles;etoile_2;11;etoile
2014-06-10;2011-2016 : 50 boules / 11 etoiles;boule_1;12;boule
2014-06-10;2011-2016 : 50 boules / 11 etoiles;boule_2;18;boule
2014-06-10;2011-2016 : 50 boules / 11 etoiles;boule_3;21;boule
2014-06-10;2011-2016 : 50 boules / 11 etoiles;boule_5;32;boule
2014-06-10;2011-2016 : 50 boules / 11 etoiles;boule_4;33;boule
2014-06-10;2011-2016 : 50 boules / 11 etoiles;etoile_1;1;etoile
2014-06-10;2011-2016 : 50 boules / 11 etoiles;etoile_2;11;etoile
2014-06-13;2011-2016 : 50 boules / 11 etoiles;boule_1;16;boule
2014-06-13;2011-2016 : 50 boules / 11 etoiles;boule_5;18;boule
2014-06-13;2011-2016 : 50 boules / 11 etoiles;boule_2;22;boule
2014-06-13;2011-2016 : 50 boules / 11 etoiles;boule_3;28;boule
2014-06-13;2011-2016 : 50 boules / 11 etoiles;boule_4;46;boule
2014-06-13;2011-2016 : 50 boules / 11 etoiles;etoile_2;9;etoile
2014-06-13;2011-2016 : 50 boules / 11 etoiles;etoile_1;11;etoile
2014-06-17;2011-2016 : 50 boules / 11 etoiles;boule_5;11;boule
2014-06-17;2011-2016 : 50 boules / 11 etoiles;boule_2;13;boule
2014-06-17;2011-2016 : 50 boules / 11 etoiles;boule_3;37;boule
2014-06-17;2011-2016 : 50 boules / 11 etoiles;boule_4;40;boule
2014-06-17;2011-2016 : 50 boules / 11 etoiles;boule_1;48;boule
2014-06-17;2011-2016 : 50 boules / 11 etoiles;etoile_1;8;etoile
2014-06-17;2011-2016 : 50 boules / 11 etoiles;etoile_2;9;etoile
2014-06-20;2011-2016 : 50 boules / 11 etoiles;boule_1;5;boule
2014-06-20;2011-2016 : 50 boules / 11 etoiles;boule_4;15;boule
2014-06-20;2011-2016 : 50 boules / 11 etoiles;boule_5;25;boule
2014-06-20;2011-2016 : 50 boules / 11 etoiles;boule_2;38;boule
2014-06-20;2011-2016 : 50 boules / 11 etoiles;boule_3;49;boule
2014-06-20;2011-2016 : 50 boules / 11 etoiles;etoile_1;1;etoile
2014-06-20;2011-2016 : 50 boules / 11 etoiles;etoile_2;2;etoile
2014-06-24;2011-2016 : 50 boules / 11 etoiles;boule_2;1;boule
2014-06-24;2011-2016 : 50 boules / 11 etoiles;boule_3;7;boule
2014-06-24;2011-2016 : 50 boules / 11 etoiles;boule_1;20;boule
2014-06-24;2011-2016 : 50 boules / 11 etoiles;boule_4;21;boule
2014-06-24;2011-2016 : 50 boules / 11 etoiles;boule_5;48;boule
2014-06-24;2011-2016 : 50 boules / 11 etoiles;etoile_1;4;etoile
2014-06-24;2011-2016 : 50 boules / 11 etoiles;etoile_2;7;etoile
2014-06-27;2011-2016 : 50 boules / 11 etoiles;boule_5;31;boule
2014-06-27;2011-2016 : 50 boules / 11 etoiles;boule_4;33;boule
2014-06-27;2011-2016 : 50 boules / 11 etoiles;boule_2;34;boule
2014-06-27;2011-2016 : 50 boules / 11 etoiles;boule_1;39;boule
2014-06-27;2011-2016 : 50 boules / 11 etoiles;boule_3;45;boule
2014-06-27;2011-2016 : 50 boules / 11 etoiles;etoile_1;2;etoile
2014-06-27;2011-2016 : 50 boules / 11 etoiles;etoile_2;10;etoile
2014-07-01;2011-2016 : 50 boules / 11 etoiles;boule_3;18;boule
2014-07-01;2011-2016 : 50 boules / 11 etoiles;boule_4;22;boule
2014-07-01;2011-2016 : 50 boules / 11 etoiles;boule_2;25;boule
2014-07-01;2011-2016 : 50 boules / 11 etoiles;boule_5;27;boule
2014-07-01;2011-2016 : 50 boules / 11 etoiles;boule_1;39;boule
2014-07-01;2011-2016 : 50 boules / 11 etoiles;etoile_1;5;etoile
2014-07-01;2011-2016 : 50 boules / 11 etoiles;etoile_2;10;etoile
2014-07-04;2011-2016 : 50 boules / 11 etoiles;boule_5;4;boule
2014-07-04;2011-2016 : 50 boules / 11 etoiles;boule_2;18;boule
2014-07-04;2011-2016 : 50 boules / 11 etoiles;boule_4;39;boule
2014-07-04;2011-2016 : 50 boules / 11 etoiles;boule_3;43;boule
2014-07-04;2011-2016 : 50 boules / 11 etoiles;boule_1;47;boule
2014-07-04;2011-2016 : 50 boules / 11 etoiles;etoile_2;2;etoile
2014-07-04;2011-2016 : 50 boules / 11 etoiles;etoile_1;6;etoile
2014-07-08;2011-2016 : 50 boules / 11 etoiles;boule_4;8;boule
2014-07-08;2011-2016 : 50 boules / 11 etoiles;boule_2;18;boule
2014-07-08;2011-2016 : 50 boules / 11 etoiles;boule_3;22;boule
2014-07-08;2011-2016 : 50 boules / 11 etoiles;boule_1;24;boule
2014-07-08;2011-2016 : 50 boules / 11 etoiles;boule_5;27;boule
2014-07-08;2011-2016 : 50 boules / 11 etoiles;etoile_2;4;etoile
2014-07-08;2011-2016 : 50 boules / 11 etoiles;etoile_1;11;etoile
2014-07-11;2011-2016 : 50 boules / 11 etoiles;boule_3;5;boule
2014-07-11;2011-2016 : 50 boules / 11 etoiles;boule_5;22;boule
2014-07-11;2011-2016 : 50 boules / 11 etoiles;boule_2;35;boule
2014-07-11;2011-2016 : 50 boules / 11 etoiles;boule_1;38;boule
2014-07-11;2011-2016 : 50 boules / 11 etoiles;boule_4;49;boule
2014-07-11;2011-2016 : 50 boules / 11 etoiles;etoile_2;4;etoile
2014-07-11;2011-2016 : 50 boules / 11 etoiles;etoile_1;7;etoile
2014-07-15;2011-2016 : 50 boules / 11 etoiles;boule_3;15;boule
2014-07-15;2011-2016 : 50 boules / 11 etoiles;boule_1;18;boule
2014-07-15;2011-2016 : 50 boules / 11 etoiles;boule_5;20;boule
2014-07-15;2011-2016 : 50 boules / 11 etoiles;boule_2;27;boule
2014-07-15;2011-2016 : 50 boules / 11 etoiles;boule_4;34;boule
2014-07-15;2011-2016 : 50 boules / 11 etoiles;etoile_1;1;etoile
2014-07-15;2011-2016 : 50 boules / 11 etoiles;etoile_2;3;etoile
2014-07-18;2011-2016 : 50 boules / 11 etoiles;boule_1;1;boule
2014-07-18;2011-2016 : 50 boules / 11 etoiles;boule_4;11;boule
2014-07-18;2011-2016 : 50 boules / 11 etoiles;boule_5;29;boule
2014-07-18;2011-2016 : 50 boules / 11 etoiles;boule_2;41;boule
2014-07-18;2011-2016 : 50 boules / 11 etoiles;boule_3;43;boule
2014-07-18;2011-2016 : 50 boules / 11 etoiles;etoile_1;3;etoile
2014-07-18;2011-2016 : 50 boules / 11 etoiles;etoile_2;11;etoile
2014-07-22;2011-2016 : 50 boules / 11 etoiles;boule_1;1;boule
2014-07-22;2011-2016 : 50 boules / 11 etoiles;boule_5;24;boule
2014-07-22;2011-2016 : 50 boules / 11 etoiles;boule_2;43;boule
2014-07-22;2011-2016 : 50 boules / 11 etoiles;boule_4;45;boule
2014-07-22;2011-2016 : 50 boules / 11 etoiles;boule_3;50;boule
2014-07-22;2011-2016 : 50 boules / 11 etoiles;etoile_1;5;etoile
2014-07-22;2011-2016 : 50 boules / 11 etoiles;etoile_2;8;etoile
2014-07-25;2011-2016 : 50 boules / 11 etoiles;boule_3;9;boule
2014-07-25;2011-2016 : 50 boules / 11 etoiles;boule_1;10;boule
2014-07-25;2011-2016 : 50 boules / 11 etoiles;boule_4;12;boule
2014-07-25;2011-2016 : 50 boules / 11 etoiles;boule_2;24;boule
2014-07-25;2011-2016 : 50 boules / 11 etoiles;boule_5;43;boule
2014-07-25;2011-2016 : 50 boules / 11 etoiles;etoile_1;5;etoile
2014-07-25;2011-2016 : 50 boules / 11 etoiles;etoile_2;9;etoile
2014-07-29;2011-2016 : 50 boules / 11 etoiles;boule_4;10;boule
2014-07-29;2011-2016 : 50 boules / 11 etoiles;boule_2;23;boule
2014-07-29;2011-2016 : 50 boules / 11 etoiles;boule_3;35;boule
2014-07-29;2011-2016 : 50 boules / 11 etoiles;boule_1;40;boule
2014-07-29;2011-2016 : 50 boules / 11 etoiles;boule_5;43;boule
2014-07-29;2011-2016 : 50 boules / 11 etoiles;etoile_2;3;etoile
2014-07-29;2011-2016 : 50 boules / 11 etoiles;etoile_1;9;etoile
2014-08-01;2011-2016 : 50 boules / 11 etoiles;boule_5;24;boule
2014-08-01;2011-2016 : 50 boules / 11 etoiles;boule_2;44;boule
2014-08-01;2011-2016 : 50 boules / 11 etoiles;boule_3;46;boule
2014-08-01;2011-2016 : 50 boules / 11 etoiles;boule_4;48;boule
2014-08-01;2011-2016 : 50 boules / 11 etoiles;boule_1;50;boule
2014-08-01;2011-2016 : 50 boules / 11 etoiles;etoile_2;5;etoile
2014-08-01;2011-2016 : 50 boules / 11 etoiles;etoile_1;10;etoile
2014-08-05;2011-2016 : 50 boules / 11 etoiles;boule_1;5;boule
2014-08-05;2011-2016 : 50 boules / 11 etoiles;boule_4;7;boule
2014-08-05;2011-2016 : 50 boules / 11 etoiles;boule_5;19;boule
2014-08-05;2011-2016 : 50 boules / 11 etoiles;boule_2;21;boule
2014-08-05;2011-2016 : 50 boules / 11 etoiles;boule_3;42;boule
2014-08-05;2011-2016 : 50 boules / 11 etoiles;etoile_2;5;etoile
2014-08-05;2011-2016 : 50 boules / 11 etoiles;etoile_1;11;etoile
2014-08-08;2011-2016 : 50 boules / 11 etoiles;boule_2;21;boule
2014-08-08;2011-2016 : 50 boules / 11 etoiles;boule_1;29;boule
2014-08-08;2011-2016 : 50 boules / 11 etoiles;boule_3;35;boule
2014-08-08;2011-2016 : 50 boules / 11 etoiles;boule_5;43;boule
2014-08-08;2011-2016 : 50 boules / 11 etoiles;boule_4;46;boule
2014-08-08;2011-2016 : 50 boules / 11 etoiles;etoile_1;1;etoile
2014-08-08;2011-2016 : 50 boules / 11 etoiles;etoile_2;9;etoile
2014-08-12;2011-2016 : 50 boules / 11 etoiles;boule_3;7;boule
2014-08-12;2011-2016 : 50 boules / 11 etoiles;boule_4;16;boule
2014-08-12;2011-2016 : 50 boules / 11 etoiles;boule_2;19;boule
2014-08-12;2011-2016 : 50 boules / 11 etoiles;boule_1;22;boule
2014-08-12;2011-2016 : 50 boules / 11 etoiles;boule_5;33;boule
2014-08-12;2011-2016 : 50 boules / 11 etoiles;etoile_2;2;etoile
2014-08-12;2011-2016 : 50 boules / 11 etoiles;etoile_1;5;etoile
2014-08-15;2011-2016 : 50 boules / 11 etoiles;boule_1;4;boule
2014-08-15;2011-2016 : 50 boules / 11 etoiles;boule_4;5;boule
2014-08-15;2011-2016 : 50 boules / 11 etoiles;boule_2;21;boule
2014-08-15;2011-2016 : 50 boules / 11 etoiles;boule_5;23;boule
2014-08-15;2011-2016 : 50 boules / 11 etoiles;boule_3;30;boule
2014-08-15;2011-2016 : 50 boules / 11 etoiles;etoile_2;8;etoile
2014-08-15;2011-2016 : 50 boules / 11 etoiles;etoile_1;10;etoile
2014-08-19;2011-2016 : 50 boules / 11 etoiles;boule_4;4;boule
2014-08-19;2011-2016 : 50 boules / 11 etoiles;boule_5;7;boule
2014-08-19;2011-2016 : 50 boules / 11 etoiles;boule_1;11;boule
2014-08-19;2011-2016 : 50 boules / 11 etoiles;boule_2;34;boule
2014-08-19;2011-2016 : 50 boules / 11 etoiles;boule_3;47;boule
2014-08-19;2011-2016 : 50 boules / 11 etoiles;etoile_1;7;etoile
2014-08-19;2011-2016 : 50 boules / 11 etoiles;etoile_2;8;etoile
2014-08-22;2011-2016 : 50 boules / 11 etoiles;boule_5;4;boule
2014-08-22;2011-2016 : 50 boules / 11 etoiles;boule_2;17;boule
2014-08-22;2011-2016 : 50 boules / 11 etoiles;boule_1;29;boule
2014-08-22;2011-2016 : 50 boules / 11 etoiles;boule_4;35;boule
2014-08-22;2011-2016 : 50 boules / 11 etoiles;boule_3;49;boule
2014-08-22;2011-2016 : 50 boules / 11 etoiles;etoile_1;1;etoile
2014-08-22;2011-2016 : 50 boules / 11 etoiles;etoile_2;2;etoile
2014-08-26;2011-2016 : 50 boules / 11 etoiles;boule_4;10;boule
2014-08-26;2011-2016 : 50 boules / 11 etoiles;boule_5;22;boule
2014-08-26;2011-2016 : 50 boules / 11 etoiles;boule_1;36;boule
2014-08-26;2011-2016 : 50 boules / 11 etoiles;boule_3;45;boule
2014-08-26;2011-2016 : 50 boules / 11 etoiles;boule_2;48;boule
2014-08-26;2011-2016 : 50 boules / 11 etoiles;etoile_2;4;etoile
2014-08-26;2011-2016 : 50 boules / 11 etoiles;etoile_1;11;etoile
2014-08-29;2011-2016 : 50 boules / 11 etoiles;boule_5;2;boule
2014-08-29;2011-2016 : 50 boules / 11 etoiles;boule_4;9;boule
2014-08-29;2011-2016 : 50 boules / 11 etoiles;boule_3;26;boule
2014-08-29;2011-2016 : 50 boules / 11 etoiles;boule_1;32;boule
2014-08-29;2011-2016 : 50 boules / 11 etoiles;boule_2;38;boule
2014-08-29;2011-2016 : 50 boules / 11 etoiles;etoile_1;3;etoile
2014-08-29;2011-2016 : 50 boules / 11 etoiles;etoile_2;6;etoile
2014-09-02;2011-2016 : 50 boules / 11 etoiles;boule_5;5;boule
2014-09-02;2011-2016 : 50 boules / 11 etoiles;boule_3;25;boule
2014-09-02;2011-2016 : 50 boules / 11 etoiles;boule_4;31;boule
2014-09-02;2011-2016 : 50 boules / 11 etoiles;boule_1;39;boule
2014-09-02;2011-2016 : 50 boules / 11 etoiles;boule_2;45;boule
2014-09-02;2011-2016 : 50 boules / 11 etoiles;etoile_2;1;etoile
2014-09-02;2011-2016 : 50 boules / 11 etoiles;etoile_1;8;etoile
2014-09-05;2011-2016 : 50 boules / 11 etoiles;boule_5;1;boule
2014-09-05;2011-2016 : 50 boules / 11 etoiles;boule_1;18;boule
2014-09-05;2011-2016 : 50 boules / 11 etoiles;boule_3;23;boule
2014-09-05;2011-2016 : 50 boules / 11 etoiles;boule_4;46;boule
2014-09-05;2011-2016 : 50 boules / 11 etoiles;boule_2;50;boule
2014-09-05;2011-2016 : 50 boules / 11 etoiles;etoile_2;3;etoile
2014-09-05;2011-2016 : 50 boules / 11 etoiles;etoile_1;9;etoile
2014-09-09;2011-2016 : 50 boules / 11 etoiles;boule_4;8;boule
2014-09-09;2011-2016 : 50 boules / 11 etoiles;boule_1;15;boule
2014-09-09;2011-2016 : 50 boules / 11 etoiles;boule_3;19;boule
2014-09-09;2011-2016 : 50 boules / 11 etoiles;boule_5;24;boule
2014-09-09;2011-2016 : 50 boules / 11 etoiles;boule_2;35;boule
2014-09-09;2011-2016 : 50 boules / 11 etoiles;etoile_2;8;etoile
2014-09-09;2011-2016 : 50 boules / 11 etoiles;etoile_1;10;etoile
2014-09-12;2011-2016 : 50 boules / 11 etoiles;boule_2;9;boule
2014-09-12;2011-2016 : 50 boules / 11 etoiles;boule_5;13;boule
2014-09-12;2011-2016 : 50 boules / 11 etoiles;boule_4;26;boule
2014-09-12;2011-2016 : 50 boules / 11 etoiles;boule_1;31;boule
2014-09-12;2011-2016 : 50 boules / 11 etoiles;boule_3;33;boule
2014-09-12;2011-2016 : 50 boules / 11 etoiles;etoile_1;7;etoile
2014-09-12;2011-2016 : 50 boules / 11 etoiles;etoile_2;11;etoile
2014-09-16;2011-2016 : 50 boules / 11 etoiles;boule_1;4;boule
2014-09-16;2011-2016 : 50 boules / 11 etoiles;boule_5;29;boule
2014-09-16;2011-2016 : 50 boules / 11 etoiles;boule_2;30;boule
2014-09-16;2011-2016 : 50 boules / 11 etoiles;boule_3;35;boule
2014-09-16;2011-2016 : 50 boules / 11 etoiles;boule_4;50;boule
2014-09-16;2011-2016 : 50 boules / 11 etoiles;etoile_2;2;etoile
2014-09-16;2011-2016 : 50 boules / 11 etoiles;etoile_1;4;etoile
2014-09-19;2011-2016 : 50 boules / 11 etoiles;boule_1;6;boule
2014-09-19;2011-2016 : 50 boules / 11 etoiles;boule_3;8;boule
2014-09-19;2011-2016 : 50 boules / 11 etoiles;boule_2;34;boule
2014-09-19;2011-2016 : 50 boules / 11 etoiles;boule_4;38;boule
2014-09-19;2011-2016 : 50 boules / 11 etoiles;boule_5;48;boule
2014-09-19;2011-2016 : 50 boules / 11 etoiles;etoile_2;3;etoile
2014-09-19;2011-2016 : 50 boules / 11 etoiles;etoile_1;9;etoile
2014-09-23;2011-2016 : 50 boules / 11 etoiles;boule_5;12;boule
2014-09-23;2011-2016 : 50 boules / 11 etoiles;boule_1;13;boule
2014-09-23;2011-2016 : 50 boules / 11 etoiles;boule_3;14;boule
2014-09-23;2011-2016 : 50 boules / 11 etoiles;boule_4;29;boule
2014-09-23;2011-2016 : 50 boules / 11 etoiles;boule_2;35;boule
2014-09-23;2011-2016 : 50 boules / 11 etoiles;etoile_1;1;etoile
2014-09-23;2011-2016 : 50 boules / 11 etoiles;etoile_2;7;etoile
2014-09-26;2011-2016 : 50 boules / 11 etoiles;boule_4;13;boule
2014-09-26;2011-2016 : 50 boules / 11 etoiles;boule_5;27;boule
2014-09-26;2011-2016 : 50 boules / 11 etoiles;boule_2;35;boule
2014-09-26;2011-2016 : 50 boules / 11 etoiles;boule_1;46;boule
2014-09-26;2011-2016 : 50 boules / 11 etoiles;boule_3;47;boule
2014-09-26;2011-2016 : 50 boules / 11 etoiles;etoile_1;1;etoile
2014-09-26;2011-2016 : 50 boules / 11 etoiles;etoile_2;2;etoile
2014-09-30;2011-2016 : 50 boules / 11 etoiles;boule_4;3;boule
2014-09-30;2011-2016 : 50 boules / 11 etoiles;boule_2;13;boule
2014-09-30;2011-2016 : 50 boules / 11 etoiles;boule_3;15;boule
2014-09-30;2011-2016 : 50 boules / 11 etoiles;boule_1;33;boule
2014-09-30;2011-2016 : 50 boules / 11 etoiles;boule_5;42;boule
2014-09-30;2011-2016 : 50 boules / 11 etoiles;etoile_1;5;etoile
2014-09-30;2011-2016 : 50 boules / 11 etoiles;etoile_2;7;etoile
2014-10-03;2011-2016 : 50 boules / 11 etoiles;boule_5;4;boule
2014-10-03;2011-2016 : 50 boules / 11 etoiles;boule_1;13;boule
2014-10-03;2011-2016 : 50 boules / 11 etoiles;boule_2;23;boule
2014-10-03;2011-2016 : 50 boules / 11 etoiles;boule_4;48;boule
2014-10-03;2011-2016 : 50 boules / 11 etoiles;boule_3;50;boule
2014-10-03;2011-2016 : 50 boules / 11 etoiles;etoile_2;5;etoile
2014-10-03;2011-2016 : 50 boules / 11 etoiles;etoile_1;10;etoile
2014-10-07;2011-2016 : 50 boules / 11 etoiles;boule_4;9;boule
2014-10-07;2011-2016 : 50 boules / 11 etoiles;boule_3;21;boule
2014-10-07;2011-2016 : 50 boules / 11 etoiles;boule_5;28;boule
2014-10-07;2011-2016 : 50 boules / 11 etoiles;boule_2;30;boule
2014-10-07;2011-2016 : 50 boules / 11 etoiles;boule_1;38;boule
2014-10-07;2011-2016 : 50 boules / 11 etoiles;etoile_2;1;etoile
2014-10-07;2011-2016 : 50 boules / 11 etoiles;etoile_1;8;etoile
2014-10-10;2011-2016 : 50 boules / 11 etoiles;boule_5;6;boule
2014-10-10;2011-2016 : 50 boules / 11 etoiles;boule_1;29;boule
2014-10-10;2011-2016 : 50 boules / 11 etoiles;boule_2;42;boule
2014-10-10;2011-2016 : 50 boules / 11 etoiles;boule_4;45;boule
2014-10-10;2011-2016 : 50 boules / 11 etoiles;boule_3;47;boule
2014-10-10;2011-2016 : 50 boules / 11 etoiles;etoile_1;9;etoile
2014-10-10;2011-2016 : 50 boules / 11 etoiles;etoile_2;10;etoile
2014-10-14;2011-2016 : 50 boules / 11 etoiles;boule_4;4;boule
2014-10-14;2011-2016 : 50 boules / 11 etoiles;boule_5;5;boule
2014-10-14;2011-2016 : 50 boules / 11 etoiles;boule_1;15;boule
2014-10-14;2011-2016 : 50 boules / 11 etoiles;boule_2;23;boule
2014-10-14;2011-2016 : 50 boules / 11 etoiles;boule_3;32;boule
2014-10-14;2011-2016 : 50 boules / 11 etoiles;etoile_2;3;etoile
2014-10-14;2011-2016 : 50 boules / 11 etoiles;etoile_1;7;etoile
2014-10-17;2011-2016 : 50 boules / 11 etoiles;boule_4;1;boule
2014-10-17;2011-2016 : 50 boules / 11 etoiles;boule_2;13;boule
2014-10-17;2011-2016 : 50 boules / 11 etoiles;boule_5;40;boule
2014-10-17;2011-2016 : 50 boules / 11 etoiles;boule_3;48;boule
2014-10-17;2011-2016 : 50 boules / 11 etoiles;boule_1;49;boule
2014-10-17;2011-2016 : 50 boules / 11 etoiles;etoile_1;8;etoile
2014-10-17;2011-2016 : 50 boules / 11 etoiles;etoile_2;10;etoile
2014-10-21;2011-2016 : 50 boules / 11 etoiles;boule_4;20;boule
2014-10-21;2011-2016 : 50 boules / 11 etoiles;boule_5;21;boule
2014-10-21;2011-2016 : 50 boules / 11 etoiles;boule_3;27;boule
2014-10-21;2011-2016 : 50 boules / 11 etoiles;boule_2;33;boule
2014-10-21;2011-2016 : 50 boules / 11 etoiles;boule_1;40;boule
2014-10-21;2011-2016 : 50 boules / 11 etoiles;etoile_1;3;etoile
2014-10-21;2011-2016 : 50 boules / 11 etoiles;etoile_2;10;etoile
2014-10-24;2011-2016 : 50 boules / 11 etoiles;boule_3;3;boule
2014-10-24;2011-2016 : 50 boules / 11 etoiles;boule_5;9;boule
2014-10-24;2011-2016 : 50 boules / 11 etoiles;boule_2;20;boule
2014-10-24;2011-2016 : 50 boules / 11 etoiles;boule_4;30;boule
2014-10-24;2011-2016 : 50 boules / 11 etoiles;boule_1;42;boule
2014-10-24;2011-2016 : 50 boules / 11 etoiles;etoile_2;1;etoile
2014-10-24;2011-2016 : 50 boules / 11 etoiles;etoile_1;6;etoile
2014-10-28;2011-2016 : 50 boules / 11 etoiles;boule_4;10;boule
2014-10-28;2011-2016 : 50 boules / 11 etoiles;boule_5;15;boule
2014-10-28;2011-2016 : 50 boules / 11 etoiles;boule_2;17;boule
2014-10-28;2011-2016 : 50 boules / 11 etoiles;boule_3;40;boule
2014-10-28;2011-2016 : 50 boules / 11 etoiles;boule_1;45;boule
2014-10-28;2011-2016 : 50 boules / 11 etoiles;etoile_1;1;etoile
2014-10-28;2011-2016 : 50 boules / 11 etoiles;etoile_2;2;etoile
2014-10-31;2011-2016 : 50 boules / 11 etoiles;boule_1;10;boule
2014-10-31;2011-2016 : 50 boules / 11 etoiles;boule_3;13;boule
2014-10-31;2011-2016 : 50 boules / 11 etoiles;boule_4;20;boule
2014-10-31;2011-2016 : 50 boules / 11 etoiles;boule_5;33;boule
2014-10-31;2011-2016 : 50 boules / 11 etoiles;boule_2;41;boule
2014-10-31;2011-2016 : 50 boules / 11 etoiles;etoile_2;3;etoile
2014-10-31;2011-2016 : 50 boules / 11 etoiles;etoile_1;9;etoile
2014-11-04;2011-2016 : 50 boules / 11 etoiles;boule_1;1;boule
2014-11-04;2011-2016 : 50 boules / 11 etoiles;boule_3;6;boule
2014-11-04;2011-2016 : 50 boules / 11 etoiles;boule_2;13;boule
2014-11-04;2011-2016 : 50 boules / 11 etoiles;boule_5;17;boule
2014-11-04;2011-2016 : 50 boules / 11 etoiles;boule_4;26;boule
2014-11-04;2011-2016 : 50 boules / 11 etoiles;etoile_1;3;etoile
2014-11-04;2011-2016 : 50 boules / 11 etoiles;etoile_2;5;etoile
2014-11-07;2011-2016 : 50 boules / 11 etoiles;boule_2;13;boule
2014-11-07;2011-2016 : 50 boules / 11 etoiles;boule_5;25;boule
2014-11-07;2011-2016 : 50 boules / 11 etoiles;boule_1;32;boule
2014-11-07;2011-2016 : 50 boules / 11 etoiles;boule_3;38;boule
2014-11-07;2011-2016 : 50 boules / 11 etoiles;boule_4;46;boule
2014-11-07;2011-2016 : 50 boules / 11 etoiles;etoile_2;1;etoile
2014-11-07;2011-2016 : 50 boules / 11 etoiles;etoile_1;10;etoile
2014-11-11;2011-2016 : 50 boules / 11 etoiles;boule_4;2;boule
2014-11-11;2011-2016 : 50 boules / 11 etoiles;boule_2;14;boule
2014-11-11;2011-2016 : 50 boules / 11 etoiles;boule_5;21;boule
2014-11-11;2011-2016 : 50 boules / 11 etoiles;boule_3;36;boule
2014-11-11;2011-2016 : 50 boules / 11 etoiles;boule_1;46;boule
2014-11-11;2011-2016 : 50 boules / 11 etoiles;etoile_2;7;etoile
2014-11-11;2011-2016 : 50 boules / 11 etoiles;etoile_1;11;etoile
2014-11-14;2011-2016 : 50 boules / 11 etoiles;boule_5;17;boule
2014-11-14;2011-2016 : 50 boules / 11 etoiles;boule_2;32;boule
2014-11-14;2011-2016 : 50 boules / 11 etoiles;boule_1;36;boule
2014-11-14;2011-2016 : 50 boules / 11 etoiles;boule_3;38;boule
2014-11-14;2011-2016 : 50 boules / 11 etoiles;boule_4;48;boule
2014-11-14;2011-2016 : 50 boules / 11 etoiles;etoile_2;5;etoile
2014-11-14;2011-2016 : 50 boules / 11 etoiles;etoile_1;8;etoile
2014-11-18;2011-2016 : 50 boules / 11 etoiles;boule_2;2;boule
2014-11-18;2011-2016 : 50 boules / 11 etoiles;boule_1;3;boule
2014-11-18;2011-2016 : 50 boules / 11 etoiles;boule_5;17;boule
2014-11-18;2011-2016 : 50 boules / 11 etoiles;boule_3;36;boule
2014-11-18;2011-2016 : 50 boules / 11 etoiles;boule_4;38;boule
2014-11-18;2011-2016 : 50 boules / 11 etoiles;etoile_2;4;etoile
2014-11-18;2011-2016 : 50 boules / 11 etoiles;etoile_1;11;etoile
2014-11-21;2011-2016 : 50 boules / 11 etoiles;boule_5;4;boule
2014-11-21;2011-2016 : 50 boules / 11 etoiles;boule_3;7;boule
2014-11-21;2011-2016 : 50 boules / 11 etoiles;boule_1;28;boule
2014-11-21;2011-2016 : 50 boules / 11 etoiles;boule_2;32;boule
2014-11-21;2011-2016 : 50 boules / 11 etoiles;boule_4;37;boule
2014-11-21;2011-2016 : 50 boules / 11 etoiles;etoile_1;5;etoile
2014-11-21;2011-2016 : 50 boules / 11 etoiles;etoile_2;10;etoile
2014-11-25;2011-2016 : 50 boules / 11 etoiles;boule_4;3;boule
2014-11-25;2011-2016 : 50 boules / 11 etoiles;boule_2;7;boule
2014-11-25;2011-2016 : 50 boules / 11 etoiles;boule_5;25;boule
2014-11-25;2011-2016 : 50 boules / 11 etoiles;boule_1;32;boule
2014-11-25;2011-2016 : 50 boules / 11 etoiles;boule_3;36;boule
2014-11-25;2011-2016 : 50 boules / 11 etoiles;etoile_1;1;etoile
2014-11-25;2011-2016 : 50 boules / 11 etoiles;etoile_2;6;etoile
2014-11-28;2011-2016 : 50 boules / 11 etoiles;boule_3;6;boule
2014-11-28;2011-2016 : 50 boules / 11 etoiles;boule_1;10;boule
2014-11-28;2011-2016 : 50 boules / 11 etoiles;boule_5;15;boule
2014-11-28;2011-2016 : 50 boules / 11 etoiles;boule_2;23;boule
2014-11-28;2011-2016 : 50 boules / 11 etoiles;boule_4;41;boule
2014-11-28;2011-2016 : 50 boules / 11 etoiles;etoile_2;4;etoile
2014-11-28;2011-2016 : 50 boules / 11 etoiles;etoile_1;10;etoile
2014-12-02;2011-2016 : 50 boules / 11 etoiles;boule_3;3;boule
2014-12-02;2011-2016 : 50 boules / 11 etoiles;boule_1;15;boule
2014-12-02;2011-2016 : 50 boules / 11 etoiles;boule_2;25;boule
2014-12-02;2011-2016 : 50 boules / 11 etoiles;boule_5;44;boule
2014-12-02;2011-2016 : 50 boules / 11 etoiles;boule_4;49;boule
2014-12-02;2011-2016 : 50 boules / 11 etoiles;etoile_2;1;etoile
2014-12-02;2011-2016 : 50 boules / 11 etoiles;etoile_1;9;etoile
2014-12-05;2011-2016 : 50 boules / 11 etoiles;boule_1;5;boule
2014-12-05;2011-2016 : 50 boules / 11 etoiles;boule_2;8;boule
2014-12-05;2011-2016 : 50 boules / 11 etoiles;boule_5;37;boule
2014-12-05;2011-2016 : 50 boules / 11 etoiles;boule_4;47;boule
2014-12-05;2011-2016 : 50 boules / 11 etoiles;boule_3;48;boule
2014-12-05;2011-2016 : 50 boules / 11 etoiles;etoile_2;2;etoile
2014-12-05;2011-2016 : 50 boules / 11 etoiles;etoile_1;3;etoile
2014-12-09;2011-2016 : 50 boules / 11 etoiles;boule_2;1;boule
2014-12-09;2011-2016 : 50 boules / 11 etoiles;boule_3;3;boule
2014-12-09;2011-2016 : 50 boules / 11 etoiles;boule_1;31;boule
2014-12-09;2011-2016 : 50 boules / 11 etoiles;boule_4;42;boule
2014-12-09;2011-2016 : 50 boules / 11 etoiles;boule_5;46;boule
2014-12-09;2011-2016 : 50 boules / 11 etoiles;etoile_2;4;etoile
2014-12-09;2011-2016 : 50 boules / 11 etoiles;etoile_1;11;etoile
2014-12-12;2011-2016 : 50 boules / 11 etoiles;boule_2;2;boule
2014-12-12;2011-2016 : 50 boules / 11 etoiles;boule_3;15;boule
2014-12-12;2011-2016 : 50 boules / 11 etoiles;boule_1;28;boule
2014-12-12;2011-2016 : 50 boules / 11 etoiles;boule_4;31;boule
2014-12-12;2011-2016 : 50 boules / 11 etoiles;boule_5;37;boule
2014-12-12;2011-2016 : 50 boules / 11 etoiles;etoile_1;4;etoile
2014-12-12;2011-2016 : 50 boules / 11 etoiles;etoile_2;6;etoile
2014-12-16;2011-2016 : 50 boules / 11 etoiles;boule_3;3;boule
2014-12-16;2011-2016 : 50 boules / 11 etoiles;boule_2;7;boule
2014-12-16;2011-2016 : 50 boules / 11 etoiles;boule_5;12;boule
2014-12-16;2011-2016 : 50 boules / 11 etoiles;boule_1;13;boule
2014-12-16;2011-2016 : 50 boules / 11 etoiles;boule_4;25;boule
2014-12-16;2011-2016 : 50 boules / 11 etoiles;etoile_1;5;etoile
2014-12-16;2011-2016 : 50 boules / 11 etoiles;etoile_2;8;etoile
2014-12-19;2011-2016 : 50 boules / 11 etoiles;boule_3;23;boule
2014-12-19;2011-2016 : 50 boules / 11 etoiles;boule_4;29;boule
2014-12-19;2011-2016 : 50 boules / 11 etoiles;boule_5;31;boule
2014-12-19;2011-2016 : 50 boules / 11 etoiles;boule_1;39;boule
2014-12-19;2011-2016 : 50 boules / 11 etoiles;boule_2;44;boule
2014-12-19;2011-2016 : 50 boules / 11 etoiles;etoile_1;5;etoile
2014-12-19;2011-2016 : 50 boules / 11 etoiles;etoile_2;8;etoile
2014-12-23;2011-2016 : 50 boules / 11 etoiles;boule_5;8;boule
2014-12-23;2011-2016 : 50 boules / 11 etoiles;boule_3;9;boule
2014-12-23;2011-2016 : 50 boules / 11 etoiles;boule_4;19;boule
2014-12-23;2011-2016 : 50 boules / 11 etoiles;boule_2;25;boule
2014-12-23;2011-2016 : 50 boules / 11 etoiles;boule_1;49;boule
2014-12-23;2011-2016 : 50 boules / 11 etoiles;etoile_2;2;etoile
2014-12-23;2011-2016 : 50 boules / 11 etoiles;etoile_1;10;etoile
2014-12-26;2011-2016 : 50 boules / 11 etoiles;boule_5;17;boule
2014-12-26;2011-2016 : 50 boules / 11 etoiles;boule_1;26;boule
2014-12-26;2011-2016 : 50 boules / 11 etoiles;boule_3;27;boule
2014-12-26;2011-2016 : 50 boules / 11 etoiles;boule_2;45;boule
2014-12-26;2011-2016 : 50 boules / 11 etoiles;boule_4;49;boule
2014-12-26;2011-2016 : 50 boules / 11 etoiles;etoile_1;2;etoile
2014-12-26;2011-2016 : 50 boules / 11 etoiles;etoile_2;3;etoile
2014-12-30;2011-2016 : 50 boules / 11 etoiles;boule_1;6;boule
2014-12-30;2011-2016 : 50 boules / 11 etoiles;boule_2;18;boule
2014-12-30;2011-2016 : 50 boules / 11 etoiles;boule_3;39;boule
2014-12-30;2011-2016 : 50 boules / 11 etoiles;boule_5;44;boule
2014-12-30;2011-2016 : 50 boules / 11 etoiles;boule_4;50;boule
2014-12-30;2011-2016 : 50 boules / 11 etoiles;etoile_2;8;etoile
2014-12-30;2011-2016 : 50 boules / 11 etoiles;etoile_1;11;etoile
2015-01-02;2011-2016 : 50 boules / 11 etoiles;boule_5;22;boule
2015-01-02;2011-2016 : 50 boules / 11 etoiles;boule_1;24;boule
2015-01-02;2011-2016 : 50 boules / 11 etoiles;boule_2;25;boule
2015-01-02;2011-2016 : 50 boules / 11 etoiles;boule_4;28;boule
2015-01-02;2011-2016 : 50 boules / 11 etoiles;boule_3;49;boule
2015-01-02;2011-2016 : 50 boules / 11 etoiles;etoile_1;3;etoile
2015-01-02;2011-2016 : 50 boules / 11 etoiles;etoile_2;6;etoile
2015-01-06;2011-2016 : 50 boules / 11 etoiles;boule_4;14;boule
2015-01-06;2011-2016 : 50 boules / 11 etoiles;boule_1;20;boule
2015-01-06;2011-2016 : 50 boules / 11 etoiles;boule_3;30;boule
2015-01-06;2011-2016 : 50 boules / 11 etoiles;boule_2;38;boule
2015-01-06;2011-2016 : 50 boules / 11 etoiles;boule_5;49;boule
2015-01-06;2011-2016 : 50 boules / 11 etoiles;etoile_2;3;etoile
2015-01-06;2011-2016 : 50 boules / 11 etoiles;etoile_1;4;etoile
2015-01-09;2011-2016 : 50 boules / 11 etoiles;boule_1;6;boule
2015-01-09;2011-2016 : 50 boules / 11 etoiles;boule_4;21;boule
2015-01-09;2011-2016 : 50 boules / 11 etoiles;boule_5;24;boule
2015-01-09;2011-2016 : 50 boules / 11 etoiles;boule_2;32;boule
2015-01-09;2011-2016 : 50 boules / 11 etoiles;boule_3;45;boule
2015-01-09;2011-2016 : 50 boules / 11 etoiles;etoile_1;1;etoile
2015-01-09;2011-2016 : 50 boules / 11 etoiles;etoile_2;11;etoile
2015-01-13;2011-2016 : 50 boules / 11 etoiles;boule_4;8;boule
2015-01-13;2011-2016 : 50 boules / 11 etoiles;boule_5;17;boule
2015-01-13;2011-2016 : 50 boules / 11 etoiles;boule_3;21;boule
2015-01-13;2011-2016 : 50 boules / 11 etoiles;boule_2;31;boule
2015-01-13;2011-2016 : 50 boules / 11 etoiles;boule_1;34;boule
2015-01-13;2011-2016 : 50 boules / 11 etoiles;etoile_2;9;etoile
2015-01-13;2011-2016 : 50 boules / 11 etoiles;etoile_1;10;etoile
2015-01-16;2011-2016 : 50 boules / 11 etoiles;boule_3;29;boule
2015-01-16;2011-2016 : 50 boules / 11 etoiles;boule_4;30;boule
2015-01-16;2011-2016 : 50 boules / 11 etoiles;boule_2;32;boule
2015-01-16;2011-2016 : 50 boules / 11 etoiles;boule_1;34;boule
2015-01-16;2011-2016 : 50 boules / 11 etoiles;boule_5;46;boule
2015-01-16;2011-2016 : 50 boules / 11 etoiles;etoile_2;3;etoile
2015-01-16;2011-2016 : 50 boules / 11 etoiles;etoile_1;6;etoile
2015-01-20;2011-2016 : 50 boules / 11 etoiles;boule_3;15;boule
2015-01-20;2011-2016 : 50 boules / 11 etoiles;boule_1;33;boule
2015-01-20;2011-2016 : 50 boules / 11 etoiles;boule_4;41;boule
2015-01-20;2011-2016 : 50 boules / 11 etoiles;boule_5;44;boule
2015-01-20;2011-2016 : 50 boules / 11 etoiles;boule_2;47;boule
2015-01-20;2011-2016 : 50 boules / 11 etoiles;etoile_2;8;etoile
2015-01-20;2011-2016 : 50 boules / 11 etoiles;etoile_1;10;etoile
2015-01-23;2011-2016 : 50 boules / 11 etoiles;boule_5;6;boule
2015-01-23;2011-2016 : 50 boules / 11 etoiles;boule_3;29;boule
2015-01-23;2011-2016 : 50 boules / 11 etoiles;boule_1;30;boule
2015-01-23;2011-2016 : 50 boules / 11 etoiles;boule_4;38;boule
2015-01-23;2011-2016 : 50 boules / 11 etoiles;boule_2;45;boule
2015-01-23;2011-2016 : 50 boules / 11 etoiles;etoile_2;1;etoile
2015-01-23;2011-2016 : 50 boules / 11 etoiles;etoile_1;8;etoile
2015-01-27;2011-2016 : 50 boules / 11 etoiles;boule_3;5;boule
2015-01-27;2011-2016 : 50 boules / 11 etoiles;boule_1;10;boule
2015-01-27;2011-2016 : 50 boules / 11 etoiles;boule_4;31;boule
2015-01-27;2011-2016 : 50 boules / 11 etoiles;boule_2;33;boule
2015-01-27;2011-2016 : 50 boules / 11 etoiles;boule_5;40;boule
2015-01-27;2011-2016 : 50 boules / 11 etoiles;etoile_2;8;etoile
2015-01-27;2011-2016 : 50 boules / 11 etoiles;etoile_1;10;etoile
2015-01-30;2011-2016 : 50 boules / 11 etoiles;boule_1;9;boule
2015-01-30;2011-2016 : 50 boules / 11 etoiles;boule_4;13;boule
2015-01-30;2011-2016 : 50 boules / 11 etoiles;boule_3;15;boule
2015-01-30;2011-2016 : 50 boules / 11 etoiles;boule_5;19;boule
2015-01-30;2011-2016 : 50 boules / 11 etoiles;boule_2;24;boule
2015-01-30;2011-2016 : 50 boules / 11 etoiles;etoile_1;3;etoile
2015-01-30;2011-2016 : 50 boules / 11 etoiles;etoile_2;8;etoile
2015-02-03;2011-2016 : 50 boules / 11 etoiles;boule_3;17;boule
2015-02-03;2011-2016 : 50 boules / 11 etoiles;boule_4;31;boule
2015-02-03;2011-2016 : 50 boules / 11 etoiles;boule_5;33;boule
2015-02-03;2011-2016 : 50 boules / 11 etoiles;boule_2;44;boule
2015-02-03;2011-2016 : 50 boules / 11 etoiles;boule_1;50;boule
2015-02-03;2011-2016 : 50 boules / 11 etoiles;etoile_2;7;etoile
2015-02-03;2011-2016 : 50 boules / 11 etoiles;etoile_1;11;etoile
2015-02-06;2011-2016 : 50 boules / 11 etoiles;boule_3;10;boule
2015-02-06;2011-2016 : 50 boules / 11 etoiles;boule_4;26;boule
2015-02-06;2011-2016 : 50 boules / 11 etoiles;boule_2;30;boule
2015-02-06;2011-2016 : 50 boules / 11 etoiles;boule_5;39;boule
2015-02-06;2011-2016 : 50 boules / 11 etoiles;boule_1;50;boule
2015-02-06;2011-2016 : 50 boules / 11 etoiles;etoile_2;7;etoile
2015-02-06;2011-2016 : 50 boules / 11 etoiles;etoile_1;8;etoile
2015-02-10;2011-2016 : 50 boules / 11 etoiles;boule_4;13;boule
2015-02-10;2011-2016 : 50 boules / 11 etoiles;boule_5;17;boule
2015-02-10;2011-2016 : 50 boules / 11 etoiles;boule_3;20;boule
2015-02-10;2011-2016 : 50 boules / 11 etoiles;boule_1;30;boule
2015-02-10;2011-2016 : 50 boules / 11 etoiles;boule_2;45;boule
2015-02-10;2011-2016 : 50 boules / 11 etoiles;etoile_1;9;etoile
2015-02-10;2011-2016 : 50 boules / 11 etoiles;etoile_2;10;etoile
2015-02-13;2011-2016 : 50 boules / 11 etoiles;boule_2;12;boule
2015-02-13;2011-2016 : 50 boules / 11 etoiles;boule_1;24;boule
2015-02-13;2011-2016 : 50 boules / 11 etoiles;boule_3;39;boule
2015-02-13;2011-2016 : 50 boules / 11 etoiles;boule_5;42;boule
2015-02-13;2011-2016 : 50 boules / 11 etoiles;boule_4;44;boule
2015-02-13;2011-2016 : 50 boules / 11 etoiles;etoile_1;3;etoile
2015-02-13;2011-2016 : 50 boules / 11 etoiles;etoile_2;11;etoile
2015-02-17;2011-2016 : 50 boules / 11 etoiles;boule_2;2;boule
2015-02-17;2011-2016 : 50 boules / 11 etoiles;boule_1;5;boule
2015-02-17;2011-2016 : 50 boules / 11 etoiles;boule_3;18;boule
2015-02-17;2011-2016 : 50 boules / 11 etoiles;boule_5;30;boule
2015-02-17;2011-2016 : 50 boules / 11 etoiles;boule_4;43;boule
2015-02-17;2011-2016 : 50 boules / 11 etoiles;etoile_2;1;etoile
2015-02-17;2011-2016 : 50 boules / 11 etoiles;etoile_1;10;etoile
2015-02-20;2011-2016 : 50 boules / 11 etoiles;boule_4;4;boule
2015-02-20;2011-2016 : 50 boules / 11 etoiles;boule_3;10;boule
2015-02-20;2011-2016 : 50 boules / 11 etoiles;boule_5;14;boule
2015-02-20;2011-2016 : 50 boules / 11 etoiles;boule_1;37;boule
2015-02-20;2011-2016 : 50 boules / 11 etoiles;boule_2;46;boule
2015-02-20;2011-2016 : 50 boules / 11 etoiles;etoile_1;4;etoile
2015-02-20;2011-2016 : 50 boules / 11 etoiles;etoile_2;7;etoile
2015-02-24;2011-2016 : 50 boules / 11 etoiles;boule_1;3;boule
2015-02-24;2011-2016 : 50 boules / 11 etoiles;boule_3;25;boule
2015-02-24;2011-2016 : 50 boules / 11 etoiles;boule_2;28;boule
2015-02-24;2011-2016 : 50 boules / 11 etoiles;boule_4;34;boule
2015-02-24;2011-2016 : 50 boules / 11 etoiles;boule_5;50;boule
2015-02-24;2011-2016 : 50 boules / 11 etoiles;etoile_1;1;etoile
2015-02-24;2011-2016 : 50 boules / 11 etoiles;etoile_2;11;etoile
2015-02-27;2011-2016 : 50 boules / 11 etoiles;boule_4;5;boule
2015-02-27;2011-2016 : 50 boules / 11 etoiles;boule_3;14;boule
2015-02-27;2011-2016 : 50 boules / 11 etoiles;boule_1;17;boule
2015-02-27;2011-2016 : 50 boules / 11 etoiles;boule_2;25;boule
2015-02-27;2011-2016 : 50 boules / 11 etoiles;boule_5;47;boule
2015-02-27;2011-2016 : 50 boules / 11 etoiles;etoile_2;9;etoile
2015-02-27;2011-2016 : 50 boules / 11 etoiles;etoile_1;10;etoile
2015-03-03;2011-2016 : 50 boules / 11 etoiles;boule_1;6;boule
2015-03-03;2011-2016 : 50 boules / 11 etoiles;boule_4;8;boule
2015-03-03;2011-2016 : 50 boules / 11 etoiles;boule_5;11;boule
2015-03-03;2011-2016 : 50 boules / 11 etoiles;boule_3;13;boule
2015-03-03;2011-2016 : 50 boules / 11 etoiles;boule_2;21;boule
2015-03-03;2011-2016 : 50 boules / 11 etoiles;etoile_2;7;etoile
2015-03-03;2011-2016 : 50 boules / 11 etoiles;etoile_1;8;etoile
2015-03-06;2011-2016 : 50 boules / 11 etoiles;boule_5;23;boule
2015-03-06;2011-2016 : 50 boules / 11 etoiles;boule_2;30;boule
2015-03-06;2011-2016 : 50 boules / 11 etoiles;boule_1;47;boule
2015-03-06;2011-2016 : 50 boules / 11 etoiles;boule_3;49;boule
2015-03-06;2011-2016 : 50 boules / 11 etoiles;boule_4;50;boule
2015-03-06;2011-2016 : 50 boules / 11 etoiles;etoile_2;2;etoile
2015-03-06;2011-2016 : 50 boules / 11 etoiles;etoile_1;7;etoile
2015-03-10;2011-2016 : 50 boules / 11 etoiles;boule_3;2;boule
2015-03-10;2011-2016 : 50 boules / 11 etoiles;boule_4;6;boule
2015-03-10;2011-2016 : 50 boules / 11 etoiles;boule_5;23;boule
2015-03-10;2011-2016 : 50 boules / 11 etoiles;boule_2;30;boule
2015-03-10;2011-2016 : 50 boules / 11 etoiles;boule_1;31;boule
2015-03-10;2011-2016 : 50 boules / 11 etoiles;etoile_2;2;etoile
2015-03-10;2011-2016 : 50 boules / 11 etoiles;etoile_1;10;etoile
2015-03-13;2011-2016 : 50 boules / 11 etoiles;boule_1;4;boule
2015-03-13;2011-2016 : 50 boules / 11 etoiles;boule_2;5;boule
2015-03-13;2011-2016 : 50 boules / 11 etoiles;boule_4;18;boule
2015-03-13;2011-2016 : 50 boules / 11 etoiles;boule_3;22;boule
2015-03-13;2011-2016 : 50 boules / 11 etoiles;boule_5;23;boule
2015-03-13;2011-2016 : 50 boules / 11 etoiles;etoile_2;1;etoile
2015-03-13;2011-2016 : 50 boules / 11 etoiles;etoile_1;3;etoile
2015-03-17;2011-2016 : 50 boules / 11 etoiles;boule_1;11;boule
2015-03-17;2011-2016 : 50 boules / 11 etoiles;boule_2;23;boule
2015-03-17;2011-2016 : 50 boules / 11 etoiles;boule_5;26;boule
2015-03-17;2011-2016 : 50 boules / 11 etoiles;boule_4;38;boule
2015-03-17;2011-2016 : 50 boules / 11 etoiles;boule_3;44;boule
2015-03-17;2011-2016 : 50 boules / 11 etoiles;etoile_2;1;etoile
2015-03-17;2011-2016 : 50 boules / 11 etoiles;etoile_1;8;etoile
2015-03-20;2011-2016 : 50 boules / 11 etoiles;boule_1;3;boule
2015-03-20;2011-2016 : 50 boules / 11 etoiles;boule_2;14;boule
2015-03-20;2011-2016 : 50 boules / 11 etoiles;boule_5;37;boule
2015-03-20;2011-2016 : 50 boules / 11 etoiles;boule_3;42;boule
2015-03-20;2011-2016 : 50 boules / 11 etoiles;boule_4;48;boule
2015-03-20;2011-2016 : 50 boules / 11 etoiles;etoile_1;1;etoile
2015-03-20;2011-2016 : 50 boules / 11 etoiles;etoile_2;10;etoile
2015-03-24;2011-2016 : 50 boules / 11 etoiles;boule_2;10;boule
2015-03-24;2011-2016 : 50 boules / 11 etoiles;boule_4;24;boule
2015-03-24;2011-2016 : 50 boules / 11 etoiles;boule_5;26;boule
2015-03-24;2011-2016 : 50 boules / 11 etoiles;boule_3;39;boule
2015-03-24;2011-2016 : 50 boules / 11 etoiles;boule_1;40;boule
2015-03-24;2011-2016 : 50 boules / 11 etoiles;etoile_1;3;etoile
2015-03-24;2011-2016 : 50 boules / 11 etoiles;etoile_2;10;etoile
2015-03-27;2011-2016 : 50 boules / 11 etoiles;boule_5;2;boule
2015-03-27;2011-2016 : 50 boules / 11 etoiles;boule_1;30;boule
2015-03-27;2011-2016 : 50 boules / 11 etoiles;boule_3;32;boule
2015-03-27;2011-2016 : 50 boules / 11 etoiles;boule_2;39;boule
2015-03-27;2011-2016 : 50 boules / 11 etoiles;boule_4;44;boule
2015-03-27;2011-2016 : 50 boules / 11 etoiles;etoile_2;6;etoile
2015-03-27;2011-2016 : 50 boules / 11 etoiles;etoile_1;10;etoile
2015-03-31;2011-2016 : 50 boules / 11 etoiles;boule_1;8;boule
2015-03-31;2011-2016 : 50 boules / 11 etoiles;boule_3;20;boule
2015-03-31;2011-2016 : 50 boules / 11 etoiles;boule_4;24;boule
2015-03-31;2011-2016 : 50 boules / 11 etoiles;boule_2;28;boule
2015-03-31;2011-2016 : 50 boules / 11 etoiles;boule_5;49;boule
2015-03-31;2011-2016 : 50 boules / 11 etoiles;etoile_1;8;etoile
2015-03-31;2011-2016 : 50 boules / 11 etoiles;etoile_2;9;etoile
2015-04-03;2011-2016 : 50 boules / 11 etoiles;boule_5;27;boule
2015-04-03;2011-2016 : 50 boules / 11 etoiles;boule_4;29;boule
2015-04-03;2011-2016 : 50 boules / 11 etoiles;boule_2;37;boule
2015-04-03;2011-2016 : 50 boules / 11 etoiles;boule_1;39;boule
2015-04-03;2011-2016 : 50 boules / 11 etoiles;boule_3;49;boule
2015-04-03;2011-2016 : 50 boules / 11 etoiles;etoile_2;2;etoile
2015-04-03;2011-2016 : 50 boules / 11 etoiles;etoile_1;4;etoile
2015-04-07;2011-2016 : 50 boules / 11 etoiles;boule_5;18;boule
2015-04-07;2011-2016 : 50 boules / 11 etoiles;boule_2;25;boule
2015-04-07;2011-2016 : 50 boules / 11 etoiles;boule_1;39;boule
2015-04-07;2011-2016 : 50 boules / 11 etoiles;boule_4;44;boule
2015-04-07;2011-2016 : 50 boules / 11 etoiles;boule_3;50;boule
2015-04-07;2011-2016 : 50 boules / 11 etoiles;etoile_2;5;etoile
2015-04-07;2011-2016 : 50 boules / 11 etoiles;etoile_1;8;etoile
2015-04-10;2011-2016 : 50 boules / 11 etoiles;boule_3;22;boule
2015-04-10;2011-2016 : 50 boules / 11 etoiles;boule_4;23;boule
2015-04-10;2011-2016 : 50 boules / 11 etoiles;boule_1;25;boule
2015-04-10;2011-2016 : 50 boules / 11 etoiles;boule_5;30;boule
2015-04-10;2011-2016 : 50 boules / 11 etoiles;boule_2;43;boule
2015-04-10;2011-2016 : 50 boules / 11 etoiles;etoile_1;5;etoile
2015-04-10;2011-2016 : 50 boules / 11 etoiles;etoile_2;9;etoile
2015-04-14;2011-2016 : 50 boules / 11 etoiles;boule_4;24;boule
2015-04-14;2011-2016 : 50 boules / 11 etoiles;boule_3;32;boule
2015-04-14;2011-2016 : 50 boules / 11 etoiles;boule_2;34;boule
2015-04-14;2011-2016 : 50 boules / 11 etoiles;boule_5;35;boule
2015-04-14;2011-2016 : 50 boules / 11 etoiles;boule_1;49;boule
2015-04-14;2011-2016 : 50 boules / 11 etoiles;etoile_2;1;etoile
2015-04-14;2011-2016 : 50 boules / 11 etoiles;etoile_1;2;etoile
2015-04-17;2011-2016 : 50 boules / 11 etoiles;boule_2;2;boule
2015-04-17;2011-2016 : 50 boules / 11 etoiles;boule_4;24;boule
2015-04-17;2011-2016 : 50 boules / 11 etoiles;boule_5;30;boule
2015-04-17;2011-2016 : 50 boules / 11 etoiles;boule_3;34;boule
2015-04-17;2011-2016 : 50 boules / 11 etoiles;boule_1;39;boule
2015-04-17;2011-2016 : 50 boules / 11 etoiles;etoile_2;8;etoile
2015-04-17;2011-2016 : 50 boules / 11 etoiles;etoile_1;11;etoile
2015-04-21;2011-2016 : 50 boules / 11 etoiles;boule_4;6;boule
2015-04-21;2011-2016 : 50 boules / 11 etoiles;boule_1;14;boule
2015-04-21;2011-2016 : 50 boules / 11 etoiles;boule_3;17;boule
2015-04-21;2011-2016 : 50 boules / 11 etoiles;boule_2;42;boule
2015-04-21;2011-2016 : 50 boules / 11 etoiles;boule_5;45;boule
2015-04-21;2011-2016 : 50 boules / 11 etoiles;etoile_2;1;etoile
2015-04-21;2011-2016 : 50 boules / 11 etoiles;etoile_1;8;etoile
2015-04-24;2011-2016 : 50 boules / 11 etoiles;boule_2;5;boule
2015-04-24;2011-2016 : 50 boules / 11 etoiles;boule_5;19;boule
2015-04-24;2011-2016 : 50 boules / 11 etoiles;boule_4;29;boule
2015-04-24;2011-2016 : 50 boules / 11 etoiles;boule_1;31;boule
2015-04-24;2011-2016 : 50 boules / 11 etoiles;boule_3;40;boule
2015-04-24;2011-2016 : 50 boules / 11 etoiles;etoile_1;3;etoile
2015-04-24;2011-2016 : 50 boules / 11 etoiles;etoile_2;10;etoile
2015-04-28;2011-2016 : 50 boules / 11 etoiles;boule_2;24;boule
2015-04-28;2011-2016 : 50 boules / 11 etoiles;boule_4;26;boule
2015-04-28;2011-2016 : 50 boules / 11 etoiles;boule_3;28;boule
2015-04-28;2011-2016 : 50 boules / 11 etoiles;boule_1;36;boule
2015-04-28;2011-2016 : 50 boules / 11 etoiles;boule_5;45;boule
2015-04-28;2011-2016 : 50 boules / 11 etoiles;etoile_2;7;etoile
2015-04-28;2011-2016 : 50 boules / 11 etoiles;etoile_1;10;etoile
2015-05-01;2011-2016 : 50 boules / 11 etoiles;boule_5;3;boule
2015-05-01;2011-2016 : 50 boules / 11 etoiles;boule_1;19;boule
2015-05-01;2011-2016 : 50 boules / 11 etoiles;boule_3;20;boule
2015-05-01;2011-2016 : 50 boules / 11 etoiles;boule_4;25;boule
2015-05-01;2011-2016 : 50 boules / 11 etoiles;boule_2;26;boule
2015-05-01;2011-2016 : 50 boules / 11 etoiles;etoile_1;6;etoile
2015-05-01;2011-2016 : 50 boules / 11 etoiles;etoile_2;10;etoile
2015-05-05;2011-2016 : 50 boules / 11 etoiles;boule_1;1;boule
2015-05-05;2011-2016 : 50 boules / 11 etoiles;boule_3;10;boule
2015-05-05;2011-2016 : 50 boules / 11 etoiles;boule_2;17;boule
2015-05-05;2011-2016 : 50 boules / 11 etoiles;boule_5;20;boule
2015-05-05;2011-2016 : 50 boules / 11 etoiles;boule_4;42;boule
2015-05-05;2011-2016 : 50 boules / 11 etoiles;etoile_2;8;etoile
2015-05-05;2011-2016 : 50 boules / 11 etoiles;etoile_1;9;etoile
2015-05-08;2011-2016 : 50 boules / 11 etoiles;boule_4;7;boule
2015-05-08;2011-2016 : 50 boules / 11 etoiles;boule_1;14;boule
2015-05-08;2011-2016 : 50 boules / 11 etoiles;boule_2;19;boule
2015-05-08;2011-2016 : 50 boules / 11 etoiles;boule_5;47;boule
2015-05-08;2011-2016 : 50 boules / 11 etoiles;boule_3;49;boule
2015-05-08;2011-2016 : 50 boules / 11 etoiles;etoile_2;3;etoile
2015-05-08;2011-2016 : 50 boules / 11 etoiles;etoile_1;10;etoile
2015-05-12;2011-2016 : 50 boules / 11 etoiles;boule_3;14;boule
2015-05-12;2011-2016 : 50 boules / 11 etoiles;boule_1;29;boule
2015-05-12;2011-2016 : 50 boules / 11 etoiles;boule_2;30;boule
2015-05-12;2011-2016 : 50 boules / 11 etoiles;boule_5;40;boule
2015-05-12;2011-2016 : 50 boules / 11 etoiles;boule_4;46;boule
2015-05-12;2011-2016 : 50 boules / 11 etoiles;etoile_1;3;etoile
2015-05-12;2011-2016 : 50 boules / 11 etoiles;etoile_2;6;etoile
2015-05-15;2011-2016 : 50 boules / 11 etoiles;boule_4;5;boule
2015-05-15;2011-2016 : 50 boules / 11 etoiles;boule_5;35;boule
2015-05-15;2011-2016 : 50 boules / 11 etoiles;boule_2;42;boule
2015-05-15;2011-2016 : 50 boules / 11 etoiles;boule_3;44;boule
2015-05-15;2011-2016 : 50 boules / 11 etoiles;boule_1;47;boule
2015-05-15;2011-2016 : 50 boules / 11 etoiles;etoile_2;8;etoile
2015-05-15;2011-2016 : 50 boules / 11 etoiles;etoile_1;9;etoile
2015-05-19;2011-2016 : 50 boules / 11 etoiles;boule_4;26;boule
2015-05-19;2011-2016 : 50 boules / 11 etoiles;boule_5;30;boule
2015-05-19;2011-2016 : 50 boules / 11 etoiles;boule_3;31;boule
2015-05-19;2011-2016 : 50 boules / 11 etoiles;boule_1;35;boule
2015-05-19;2011-2016 : 50 boules / 11 etoiles;boule_2;37;boule
2015-05-19;2011-2016 : 50 boules / 11 etoiles;etoile_2;8;etoile
2015-05-19;2011-2016 : 50 boules / 11 etoiles;etoile_1;11;etoile
2015-05-22;2011-2016 : 50 boules / 11 etoiles;boule_1;18;boule
2015-05-22;2011-2016 : 50 boules / 11 etoiles;boule_4;24;boule
2015-05-22;2011-2016 : 50 boules / 11 etoiles;boule_3;35;boule
2015-05-22;2011-2016 : 50 boules / 11 etoiles;boule_2;44;boule
2015-05-22;2011-2016 : 50 boules / 11 etoiles;boule_5;45;boule
2015-05-22;2011-2016 : 50 boules / 11 etoiles;etoile_1;5;etoile
2015-05-22;2011-2016 : 50 boules / 11 etoiles;etoile_2;11;etoile
2015-05-26;2011-2016 : 50 boules / 11 etoiles;boule_5;5;boule
2015-05-26;2011-2016 : 50 boules / 11 etoiles;boule_1;6;boule
2015-05-26;2011-2016 : 50 boules / 11 etoiles;boule_3;7;boule
2015-05-26;2011-2016 : 50 boules / 11 etoiles;boule_4;21;boule
2015-05-26;2011-2016 : 50 boules / 11 etoiles;boule_2;24;boule
2015-05-26;2011-2016 : 50 boules / 11 etoiles;etoile_2;5;etoile
2015-05-26;2011-2016 : 50 boules / 11 etoiles;etoile_1;6;etoile
2015-05-29;2011-2016 : 50 boules / 11 etoiles;boule_5;3;boule
2015-05-29;2011-2016 : 50 boules / 11 etoiles;boule_1;4;boule
2015-05-29;2011-2016 : 50 boules / 11 etoiles;boule_2;20;boule
2015-05-29;2011-2016 : 50 boules / 11 etoiles;boule_4;45;boule
2015-05-29;2011-2016 : 50 boules / 11 etoiles;boule_3;48;boule
2015-05-29;2011-2016 : 50 boules / 11 etoiles;etoile_2;6;etoile
2015-05-29;2011-2016 : 50 boules / 11 etoiles;etoile_1;8;etoile
2015-06-02;2011-2016 : 50 boules / 11 etoiles;boule_2;7;boule
2015-06-02;2011-2016 : 50 boules / 11 etoiles;boule_1;23;boule
2015-06-02;2011-2016 : 50 boules / 11 etoiles;boule_4;29;boule
2015-06-02;2011-2016 : 50 boules / 11 etoiles;boule_5;37;boule
2015-06-02;2011-2016 : 50 boules / 11 etoiles;boule_3;41;boule
2015-06-02;2011-2016 : 50 boules / 11 etoiles;etoile_1;1;etoile
2015-06-02;2011-2016 : 50 boules / 11 etoiles;etoile_2;8;etoile
2015-06-05;2011-2016 : 50 boules / 11 etoiles;boule_3;2;boule
2015-06-05;2011-2016 : 50 boules / 11 etoiles;boule_2;7;boule
2015-06-05;2011-2016 : 50 boules / 11 etoiles;boule_1;8;boule
2015-06-05;2011-2016 : 50 boules / 11 etoiles;boule_5;45;boule
2015-06-05;2011-2016 : 50 boules / 11 etoiles;boule_4;48;boule
2015-06-05;2011-2016 : 50 boules / 11 etoiles;etoile_2;1;etoile
2015-06-05;2011-2016 : 50 boules / 11 etoiles;etoile_1;9;etoile
2015-06-09;2011-2016 : 50 boules / 11 etoiles;boule_1;5;boule
2015-06-09;2011-2016 : 50 boules / 11 etoiles;boule_4;9;boule
2015-06-09;2011-2016 : 50 boules / 11 etoiles;boule_3;17;boule
2015-06-09;2011-2016 : 50 boules / 11 etoiles;boule_5;32;boule
2015-06-09;2011-2016 : 50 boules / 11 etoiles;boule_2;34;boule
2015-06-09;2011-2016 : 50 boules / 11 etoiles;etoile_2;6;etoile
2015-06-09;2011-2016 : 50 boules / 11 etoiles;etoile_1;8;etoile
2015-06-12;2011-2016 : 50 boules / 11 etoiles;boule_4;5;boule
2015-06-12;2011-2016 : 50 boules / 11 etoiles;boule_5;8;boule
2015-06-12;2011-2016 : 50 boules / 11 etoiles;boule_2;10;boule
2015-06-12;2011-2016 : 50 boules / 11 etoiles;boule_1;11;boule
2015-06-12;2011-2016 : 50 boules / 11 etoiles;boule_3;37;boule
2015-06-12;2011-2016 : 50 boules / 11 etoiles;etoile_2;7;etoile
2015-06-12;2011-2016 : 50 boules / 11 etoiles;etoile_1;9;etoile
2015-06-16;2011-2016 : 50 boules / 11 etoiles;boule_2;10;boule
2015-06-16;2011-2016 : 50 boules / 11 etoiles;boule_1;15;boule
2015-06-16;2011-2016 : 50 boules / 11 etoiles;boule_4;16;boule
2015-06-16;2011-2016 : 50 boules / 11 etoiles;boule_3;36;boule
2015-06-16;2011-2016 : 50 boules / 11 etoiles;boule_5;37;boule
2015-06-16;2011-2016 : 50 boules / 11 etoiles;etoile_1;3;etoile
2015-06-16;2011-2016 : 50 boules / 11 etoiles;etoile_2;9;etoile
2015-06-19;2011-2016 : 50 boules / 11 etoiles;boule_1;7;boule
2015-06-19;2011-2016 : 50 boules / 11 etoiles;boule_2;14;boule
2015-06-19;2011-2016 : 50 boules / 11 etoiles;boule_3;20;boule
2015-06-19;2011-2016 : 50 boules / 11 etoiles;boule_4;31;boule
2015-06-19;2011-2016 : 50 boules / 11 etoiles;boule_5;42;boule
2015-06-19;2011-2016 : 50 boules / 11 etoiles;etoile_2;3;etoile
2015-06-19;2011-2016 : 50 boules / 11 etoiles;etoile_1;9;etoile
2015-06-23;2011-2016 : 50 boules / 11 etoiles;boule_3;4;boule
2015-06-23;2011-2016 : 50 boules / 11 etoiles;boule_1;16;boule
2015-06-23;2011-2016 : 50 boules / 11 etoiles;boule_4;22;boule
2015-06-23;2011-2016 : 50 boules / 11 etoiles;boule_2;38;boule
2015-06-23;2011-2016 : 50 boules / 11 etoiles;boule_5;49;boule
2015-06-23;2011-2016 : 50 boules / 11 etoiles;etoile_1;6;etoile
2015-06-23;2011-2016 : 50 boules / 11 etoiles;etoile_2;9;etoile
2015-06-26;2011-2016 : 50 boules / 11 etoiles;boule_4;3;boule
2015-06-26;2011-2016 : 50 boules / 11 etoiles;boule_3;6;boule
2015-06-26;2011-2016 : 50 boules / 11 etoiles;boule_1;10;boule
2015-06-26;2011-2016 : 50 boules / 11 etoiles;boule_2;19;boule
2015-06-26;2011-2016 : 50 boules / 11 etoiles;boule_5;24;boule
2015-06-26;2011-2016 : 50 boules / 11 etoiles;etoile_1;5;etoile
2015-06-26;2011-2016 : 50 boules / 11 etoiles;etoile_2;7;etoile
2015-06-30;2011-2016 : 50 boules / 11 etoiles;boule_1;11;boule
2015-06-30;2011-2016 : 50 boules / 11 etoiles;boule_3;15;boule
2015-06-30;2011-2016 : 50 boules / 11 etoiles;boule_2;28;boule
2015-06-30;2011-2016 : 50 boules / 11 etoiles;boule_4;34;boule
2015-06-30;2011-2016 : 50 boules / 11 etoiles;boule_5;37;boule
2015-06-30;2011-2016 : 50 boules / 11 etoiles;etoile_1;1;etoile
2015-06-30;2011-2016 : 50 boules / 11 etoiles;etoile_2;8;etoile
2015-07-03;2011-2016 : 50 boules / 11 etoiles;boule_1;11;boule
2015-07-03;2011-2016 : 50 boules / 11 etoiles;boule_5;12;boule
2015-07-03;2011-2016 : 50 boules / 11 etoiles;boule_4;15;boule
2015-07-03;2011-2016 : 50 boules / 11 etoiles;boule_2;18;boule
2015-07-03;2011-2016 : 50 boules / 11 etoiles;boule_3;44;boule
2015-07-03;2011-2016 : 50 boules / 11 etoiles;etoile_1;3;etoile
2015-07-03;2011-2016 : 50 boules / 11 etoiles;etoile_2;9;etoile
2015-07-07;2011-2016 : 50 boules / 11 etoiles;boule_5;6;boule
2015-07-07;2011-2016 : 50 boules / 11 etoiles;boule_1;7;boule
2015-07-07;2011-2016 : 50 boules / 11 etoiles;boule_4;18;boule
2015-07-07;2011-2016 : 50 boules / 11 etoiles;boule_3;33;boule
2015-07-07;2011-2016 : 50 boules / 11 etoiles;boule_2;41;boule
2015-07-07;2011-2016 : 50 boules / 11 etoiles;etoile_2;3;etoile
2015-07-07;2011-2016 : 50 boules / 11 etoiles;etoile_1;10;etoile
2015-07-10;2011-2016 : 50 boules / 11 etoiles;boule_4;5;boule
2015-07-10;2011-2016 : 50 boules / 11 etoiles;boule_2;8;boule
2015-07-10;2011-2016 : 50 boules / 11 etoiles;boule_3;15;boule
2015-07-10;2011-2016 : 50 boules / 11 etoiles;boule_1;35;boule
2015-07-10;2011-2016 : 50 boules / 11 etoiles;boule_5;41;boule
2015-07-10;2011-2016 : 50 boules / 11 etoiles;etoile_2;4;etoile
2015-07-10;2011-2016 : 50 boules / 11 etoiles;etoile_1;5;etoile
2015-07-14;2011-2016 : 50 boules / 11 etoiles;boule_5;6;boule
2015-07-14;2011-2016 : 50 boules / 11 etoiles;boule_2;18;boule
2015-07-14;2011-2016 : 50 boules / 11 etoiles;boule_4;19;boule
2015-07-14;2011-2016 : 50 boules / 11 etoiles;boule_1;34;boule
2015-07-14;2011-2016 : 50 boules / 11 etoiles;boule_3;36;boule
2015-07-14;2011-2016 : 50 boules / 11 etoiles;etoile_1;1;etoile
2015-07-14;2011-2016 : 50 boules / 11 etoiles;etoile_2;8;etoile
2015-07-17;2011-2016 : 50 boules / 11 etoiles;boule_4;1;boule
2015-07-17;2011-2016 : 50 boules / 11 etoiles;boule_1;21;boule
2015-07-17;2011-2016 : 50 boules / 11 etoiles;boule_3;22;boule
2015-07-17;2011-2016 : 50 boules / 11 etoiles;boule_5;43;boule
2015-07-17;2011-2016 : 50 boules / 11 etoiles;boule_2;48;boule
2015-07-17;2011-2016 : 50 boules / 11 etoiles;etoile_2;7;etoile
2015-07-17;2011-2016 : 50 boules / 11 etoiles;etoile_1;9;etoile
2015-07-21;2011-2016 : 50 boules / 11 etoiles;boule_1;14;boule
2015-07-21;2011-2016 : 50 boules / 11 etoiles;boule_5;20;boule
2015-07-21;2011-2016 : 50 boules / 11 etoiles;boule_4;27;boule
2015-07-21;2011-2016 : 50 boules / 11 etoiles;boule_2;29;boule
2015-07-21;2011-2016 : 50 boules / 11 etoiles;boule_3;44;boule
2015-07-21;2011-2016 : 50 boules / 11 etoiles;etoile_2;7;etoile
2015-07-21;2011-2016 : 50 boules / 11 etoiles;etoile_1;10;etoile
2015-07-24;2011-2016 : 50 boules / 11 etoiles;boule_3;2;boule
2015-07-24;2011-2016 : 50 boules / 11 etoiles;boule_4;9;boule
2015-07-24;2011-2016 : 50 boules / 11 etoiles;boule_1;21;boule
2015-07-24;2011-2016 : 50 boules / 11 etoiles;boule_5;35;boule
2015-07-24;2011-2016 : 50 boules / 11 etoiles;boule_2;46;boule
2015-07-24;2011-2016 : 50 boules / 11 etoiles;etoile_1;2;etoile
2015-07-24;2011-2016 : 50 boules / 11 etoiles;etoile_2;11;etoile
2015-07-28;2011-2016 : 50 boules / 11 etoiles;boule_2;23;boule
2015-07-28;2011-2016 : 50 boules / 11 etoiles;boule_5;32;boule
2015-07-28;2011-2016 : 50 boules / 11 etoiles;boule_1;36;boule
2015-07-28;2011-2016 : 50 boules / 11 etoiles;boule_4;43;boule
2015-07-28;2011-2016 : 50 boules / 11 etoiles;boule_3;49;boule
2015-07-28;2011-2016 : 50 boules / 11 etoiles;etoile_2;7;etoile
2015-07-28;2011-2016 : 50 boules / 11 etoiles;etoile_1;8;etoile
2015-07-31;2011-2016 : 50 boules / 11 etoiles;boule_3;16;boule
2015-07-31;2011-2016 : 50 boules / 11 etoiles;boule_2;21;boule
2015-07-31;2011-2016 : 50 boules / 11 etoiles;boule_1;34;boule
2015-07-31;2011-2016 : 50 boules / 11 etoiles;boule_5;40;boule
2015-07-31;2011-2016 : 50 boules / 11 etoiles;boule_4;50;boule
2015-07-31;2011-2016 : 50 boules / 11 etoiles;etoile_1;6;etoile
2015-07-31;2011-2016 : 50 boules / 11 etoiles;etoile_2;9;etoile
2015-08-04;2011-2016 : 50 boules / 11 etoiles;boule_4;10;boule
2015-08-04;2011-2016 : 50 boules / 11 etoiles;boule_2;15;boule
2015-08-04;2011-2016 : 50 boules / 11 etoiles;boule_3;39;boule
2015-08-04;2011-2016 : 50 boules / 11 etoiles;boule_5;45;boule
2015-08-04;2011-2016 : 50 boules / 11 etoiles;boule_1;50;boule
2015-08-04;2011-2016 : 50 boules / 11 etoiles;etoile_2;9;etoile
2015-08-04;2011-2016 : 50 boules / 11 etoiles;etoile_1;10;etoile
2015-08-07;2011-2016 : 50 boules / 11 etoiles;boule_1;1;boule
2015-08-07;2011-2016 : 50 boules / 11 etoiles;boule_2;5;boule
2015-08-07;2011-2016 : 50 boules / 11 etoiles;boule_3;21;boule
2015-08-07;2011-2016 : 50 boules / 11 etoiles;boule_5;39;boule
2015-08-07;2011-2016 : 50 boules / 11 etoiles;boule_4;44;boule
2015-08-07;2011-2016 : 50 boules / 11 etoiles;etoile_1;4;etoile
2015-08-07;2011-2016 : 50 boules / 11 etoiles;etoile_2;11;etoile
2015-08-11;2011-2016 : 50 boules / 11 etoiles;boule_1;2;boule
2015-08-11;2011-2016 : 50 boules / 11 etoiles;boule_3;3;boule
2015-08-11;2011-2016 : 50 boules / 11 etoiles;boule_5;8;boule
2015-08-11;2011-2016 : 50 boules / 11 etoiles;boule_4;15;boule
2015-08-11;2011-2016 : 50 boules / 11 etoiles;boule_2;16;boule
2015-08-11;2011-2016 : 50 boules / 11 etoiles;etoile_1;4;etoile
2015-08-11;2011-2016 : 50 boules / 11 etoiles;etoile_2;11;etoile
2015-08-14;2011-2016 : 50 boules / 11 etoiles;boule_2;4;boule
2015-08-14;2011-2016 : 50 boules / 11 etoiles;boule_4;7;boule
2015-08-14;2011-2016 : 50 boules / 11 etoiles;boule_5;39;boule
2015-08-14;2011-2016 : 50 boules / 11 etoiles;boule_3;44;boule
2015-08-14;2011-2016 : 50 boules / 11 etoiles;boule_1;45;boule
2015-08-14;2011-2016 : 50 boules / 11 etoiles;etoile_1;3;etoile
2015-08-14;2011-2016 : 50 boules / 11 etoiles;etoile_2;5;etoile
2015-08-18;2011-2016 : 50 boules / 11 etoiles;boule_1;7;boule
2015-08-18;2011-2016 : 50 boules / 11 etoiles;boule_2;10;boule
2015-08-18;2011-2016 : 50 boules / 11 etoiles;boule_5;11;boule
2015-08-18;2011-2016 : 50 boules / 11 etoiles;boule_4;12;boule
2015-08-18;2011-2016 : 50 boules / 11 etoiles;boule_3;19;boule
2015-08-18;2011-2016 : 50 boules / 11 etoiles;etoile_1;2;etoile
2015-08-18;2011-2016 : 50 boules / 11 etoiles;etoile_2;9;etoile
2015-08-21;2011-2016 : 50 boules / 11 etoiles;boule_2;4;boule
2015-08-21;2011-2016 : 50 boules / 11 etoiles;boule_3;16;boule
2015-08-21;2011-2016 : 50 boules / 11 etoiles;boule_4;18;boule
2015-08-21;2011-2016 : 50 boules / 11 etoiles;boule_5;43;boule
2015-08-21;2011-2016 : 50 boules / 11 etoiles;boule_1;47;boule
2015-08-21;2011-2016 : 50 boules / 11 etoiles;etoile_2;6;etoile
2015-08-21;2011-2016 : 50 boules / 11 etoiles;etoile_1;10;etoile
2015-08-25;2011-2016 : 50 boules / 11 etoiles;boule_4;27;boule
2015-08-25;2011-2016 : 50 boules / 11 etoiles;boule_1;31;boule
2015-08-25;2011-2016 : 50 boules / 11 etoiles;boule_2;33;boule
2015-08-25;2011-2016 : 50 boules / 11 etoiles;boule_5;42;boule
2015-08-25;2011-2016 : 50 boules / 11 etoiles;boule_3;50;boule
2015-08-25;2011-2016 : 50 boules / 11 etoiles;etoile_2;2;etoile
2015-08-25;2011-2016 : 50 boules / 11 etoiles;etoile_1;5;etoile
2015-08-28;2011-2016 : 50 boules / 11 etoiles;boule_1;11;boule
2015-08-28;2011-2016 : 50 boules / 11 etoiles;boule_4;29;boule
2015-08-28;2011-2016 : 50 boules / 11 etoiles;boule_3;30;boule
2015-08-28;2011-2016 : 50 boules / 11 etoiles;boule_5;31;boule
2015-08-28;2011-2016 : 50 boules / 11 etoiles;boule_2;34;boule
2015-08-28;2011-2016 : 50 boules / 11 etoiles;etoile_1;4;etoile
2015-08-28;2011-2016 : 50 boules / 11 etoiles;etoile_2;7;etoile
2015-09-01;2011-2016 : 50 boules / 11 etoiles;boule_1;6;boule
2015-09-01;2011-2016 : 50 boules / 11 etoiles;boule_4;19;boule
2015-09-01;2011-2016 : 50 boules / 11 etoiles;boule_5;21;boule
2015-09-01;2011-2016 : 50 boules / 11 etoiles;boule_2;27;boule
2015-09-01;2011-2016 : 50 boules / 11 etoiles;boule_3;45;boule
2015-09-01;2011-2016 : 50 boules / 11 etoiles;etoile_2;1;etoile
2015-09-01;2011-2016 : 50 boules / 11 etoiles;etoile_1;8;etoile
2015-09-04;2011-2016 : 50 boules / 11 etoiles;boule_2;8;boule
2015-09-04;2011-2016 : 50 boules / 11 etoiles;boule_4;9;boule
2015-09-04;2011-2016 : 50 boules / 11 etoiles;boule_1;27;boule
2015-09-04;2011-2016 : 50 boules / 11 etoiles;boule_3;45;boule
2015-09-04;2011-2016 : 50 boules / 11 etoiles;boule_5;50;boule
2015-09-04;2011-2016 : 50 boules / 11 etoiles;etoile_1;8;etoile
2015-09-04;2011-2016 : 50 boules / 11 etoiles;etoile_2;10;etoile
2015-09-08;2011-2016 : 50 boules / 11 etoiles;boule_2;14;boule
2015-09-08;2011-2016 : 50 boules / 11 etoiles;boule_5;16;boule
2015-09-08;2011-2016 : 50 boules / 11 etoiles;boule_4;39;boule
2015-09-08;2011-2016 : 50 boules / 11 etoiles;boule_3;40;boule
2015-09-08;2011-2016 : 50 boules / 11 etoiles;boule_1;42;boule
2015-09-08;2011-2016 : 50 boules / 11 etoiles;etoile_1;1;etoile
2015-09-08;2011-2016 : 50 boules / 11 etoiles;etoile_2;4;etoile
2015-09-11;2011-2016 : 50 boules / 11 etoiles;boule_3;10;boule
2015-09-11;2011-2016 : 50 boules / 11 etoiles;boule_5;18;boule
2015-09-11;2011-2016 : 50 boules / 11 etoiles;boule_1;19;boule
2015-09-11;2011-2016 : 50 boules / 11 etoiles;boule_4;29;boule
2015-09-11;2011-2016 : 50 boules / 11 etoiles;boule_2;50;boule
2015-09-11;2011-2016 : 50 boules / 11 etoiles;etoile_2;1;etoile
2015-09-11;2011-2016 : 50 boules / 11 etoiles;etoile_1;9;etoile
2015-09-15;2011-2016 : 50 boules / 11 etoiles;boule_2;8;boule
2015-09-15;2011-2016 : 50 boules / 11 etoiles;boule_3;15;boule
2015-09-15;2011-2016 : 50 boules / 11 etoiles;boule_4;17;boule
2015-09-15;2011-2016 : 50 boules / 11 etoiles;boule_1;44;boule
2015-09-15;2011-2016 : 50 boules / 11 etoiles;boule_5;49;boule
2015-09-15;2011-2016 : 50 boules / 11 etoiles;etoile_1;5;etoile
2015-09-15;2011-2016 : 50 boules / 11 etoiles;etoile_2;8;etoile
2015-09-18;2011-2016 : 50 boules / 11 etoiles;boule_4;7;boule
2015-09-18;2011-2016 : 50 boules / 11 etoiles;boule_5;29;boule
2015-09-18;2011-2016 : 50 boules / 11 etoiles;boule_3;33;boule
2015-09-18;2011-2016 : 50 boules / 11 etoiles;boule_2;34;boule
2015-09-18;2011-2016 : 50 boules / 11 etoiles;boule_1;39;boule
2015-09-18;2011-2016 : 50 boules / 11 etoiles;etoile_2;7;etoile
2015-09-18;2011-2016 : 50 boules / 11 etoiles;etoile_1;8;etoile
2015-09-22;2011-2016 : 50 boules / 11 etoiles;boule_2;14;boule
2015-09-22;2011-2016 : 50 boules / 11 etoiles;boule_3;23;boule
2015-09-22;2011-2016 : 50 boules / 11 etoiles;boule_5;26;boule
2015-09-22;2011-2016 : 50 boules / 11 etoiles;boule_1;27;boule
2015-09-22;2011-2016 : 50 boules / 11 etoiles;boule_4;29;boule
2015-09-22;2011-2016 : 50 boules / 11 etoiles;etoile_1;7;etoile
2015-09-22;2011-2016 : 50 boules / 11 etoiles;etoile_2;10;etoile
2015-09-25;2011-2016 : 50 boules / 11 etoiles;boule_4;13;boule
2015-09-25;2011-2016 : 50 boules / 11 etoiles;boule_1;14;boule
2015-09-25;2011-2016 : 50 boules / 11 etoiles;boule_5;23;boule
2015-09-25;2011-2016 : 50 boules / 11 etoiles;boule_3;30;boule
2015-09-25;2011-2016 : 50 boules / 11 etoiles;boule_2;37;boule
2015-09-25;2011-2016 : 50 boules / 11 etoiles;etoile_2;2;etoile
2015-09-25;2011-2016 : 50 boules / 11 etoiles;etoile_1;8;etoile
2015-09-29;2011-2016 : 50 boules / 11 etoiles;boule_4;11;boule
2015-09-29;2011-2016 : 50 boules / 11 etoiles;boule_1;14;boule
2015-09-29;2011-2016 : 50 boules / 11 etoiles;boule_3;26;boule
2015-09-29;2011-2016 : 50 boules / 11 etoiles;boule_5;29;boule
2015-09-29;2011-2016 : 50 boules / 11 etoiles;boule_2;49;boule
2015-09-29;2011-2016 : 50 boules / 11 etoiles;etoile_1;3;etoile
2015-09-29;2011-2016 : 50 boules / 11 etoiles;etoile_2;9;etoile
2015-10-02;2011-2016 : 50 boules / 11 etoiles;boule_3;7;boule
2015-10-02;2011-2016 : 50 boules / 11 etoiles;boule_5;18;boule
2015-10-02;2011-2016 : 50 boules / 11 etoiles;boule_1;21;boule
2015-10-02;2011-2016 : 50 boules / 11 etoiles;boule_4;32;boule
2015-10-02;2011-2016 : 50 boules / 11 etoiles;boule_2;35;boule
2015-10-02;2011-2016 : 50 boules / 11 etoiles;etoile_2;2;etoile
2015-10-02;2011-2016 : 50 boules / 11 etoiles;etoile_1;11;etoile
2015-10-06;2011-2016 : 50 boules / 11 etoiles;boule_4;11;boule
2015-10-06;2011-2016 : 50 boules / 11 etoiles;boule_5;20;boule
2015-10-06;2011-2016 : 50 boules / 11 etoiles;boule_1;22;boule
2015-10-06;2011-2016 : 50 boules / 11 etoiles;boule_3;29;boule
2015-10-06;2011-2016 : 50 boules / 11 etoiles;boule_2;32;boule
2015-10-06;2011-2016 : 50 boules / 11 etoiles;etoile_1;1;etoile
2015-10-06;2011-2016 : 50 boules / 11 etoiles;etoile_2;8;etoile
2015-10-09;2011-2016 : 50 boules / 11 etoiles;boule_5;1;boule
2015-10-09;2011-2016 : 50 boules / 11 etoiles;boule_4;40;boule
2015-10-09;2011-2016 : 50 boules / 11 etoiles;boule_2;42;boule
2015-10-09;2011-2016 : 50 boules / 11 etoiles;boule_1;43;boule
2015-10-09;2011-2016 : 50 boules / 11 etoiles;boule_3;47;boule
2015-10-09;2011-2016 : 50 boules / 11 etoiles;etoile_1;9;etoile
2015-10-09;2011-2016 : 50 boules / 11 etoiles;etoile_2;11;etoile
2015-10-13;2011-2016 : 50 boules / 11 etoiles;boule_3;12;boule
2015-10-13;2011-2016 : 50 boules / 11 etoiles;boule_2;15;boule
2015-10-13;2011-2016 : 50 boules / 11 etoiles;boule_1;26;boule
2015-10-13;2011-2016 : 50 boules / 11 etoiles;boule_5;29;boule
2015-10-13;2011-2016 : 50 boules / 11 etoiles;boule_4;47;boule
2015-10-13;2011-2016 : 50 boules / 11 etoiles;etoile_2;3;etoile
2015-10-13;2011-2016 : 50 boules / 11 etoiles;etoile_1;11;etoile
2015-10-16;2011-2016 : 50 boules / 11 etoiles;boule_3;7;boule
2015-10-16;2011-2016 : 50 boules / 11 etoiles;boule_1;28;boule
2015-10-16;2011-2016 : 50 boules / 11 etoiles;boule_5;29;boule
2015-10-16;2011-2016 : 50 boules / 11 etoiles;boule_2;43;boule
2015-10-16;2011-2016 : 50 boules / 11 etoiles;boule_4;48;boule
2015-10-16;2011-2016 : 50 boules / 11 etoiles;etoile_1;3;etoile
2015-10-16;2011-2016 : 50 boules / 11 etoiles;etoile_2;10;etoile
2015-10-20;2011-2016 : 50 boules / 11 etoiles;boule_5;17;boule
2015-10-20;2011-2016 : 50 boules / 11 etoiles;boule_2;19;boule
2015-10-20;2011-2016 : 50 boules / 11 etoiles;boule_1;21;boule
2015-10-20;2011-2016 : 50 boules / 11 etoiles;boule_3;30;boule
2015-10-20;2011-2016 : 50 boules / 11 etoiles;boule_4;45;boule
2015-10-20;2011-2016 : 50 boules / 11 etoiles;etoile_1;8;etoile
2015-10-20;2011-2016 : 50 boules / 11 etoiles;etoile_2;10;etoile
2015-10-23;2011-2016 : 50 boules / 11 etoiles;boule_2;7;boule
2015-10-23;2011-2016 : 50 boules / 11 etoiles;boule_1;25;boule
2015-10-23;2011-2016 : 50 boules / 11 etoiles;boule_5;30;boule
2015-10-23;2011-2016 : 50 boules / 11 etoiles;boule_3;32;boule
2015-10-23;2011-2016 : 50 boules / 11 etoiles;boule_4;39;boule
2015-10-23;2011-2016 : 50 boules / 11 etoiles;etoile_1;2;etoile
2015-10-23;2011-2016 : 50 boules / 11 etoiles;etoile_2;8;etoile
2015-10-27;2011-2016 : 50 boules / 11 etoiles;boule_1;11;boule
2015-10-27;2011-2016 : 50 boules / 11 etoiles;boule_5;12;boule
2015-10-27;2011-2016 : 50 boules / 11 etoiles;boule_2;20;boule
2015-10-27;2011-2016 : 50 boules / 11 etoiles;boule_3;25;boule
2015-10-27;2011-2016 : 50 boules / 11 etoiles;boule_4;36;boule
2015-10-27;2011-2016 : 50 boules / 11 etoiles;etoile_2;6;etoile
2015-10-27;2011-2016 : 50 boules / 11 etoiles;etoile_1;9;etoile
2015-10-30;2011-2016 : 50 boules / 11 etoiles;boule_4;8;boule
2015-10-30;2011-2016 : 50 boules / 11 etoiles;boule_2;13;boule
2015-10-30;2011-2016 : 50 boules / 11 etoiles;boule_3;17;boule
2015-10-30;2011-2016 : 50 boules / 11 etoiles;boule_5;21;boule
2015-10-30;2011-2016 : 50 boules / 11 etoiles;boule_1;34;boule
2015-10-30;2011-2016 : 50 boules / 11 etoiles;etoile_1;6;etoile
2015-10-30;2011-2016 : 50 boules / 11 etoiles;etoile_2;7;etoile
2015-11-03;2011-2016 : 50 boules / 11 etoiles;boule_4;8;boule
2015-11-03;2011-2016 : 50 boules / 11 etoiles;boule_2;27;boule
2015-11-03;2011-2016 : 50 boules / 11 etoiles;boule_1;39;boule
2015-11-03;2011-2016 : 50 boules / 11 etoiles;boule_5;46;boule
2015-11-03;2011-2016 : 50 boules / 11 etoiles;boule_3;49;boule
2015-11-03;2011-2016 : 50 boules / 11 etoiles;etoile_1;2;etoile
2015-11-03;2011-2016 : 50 boules / 11 etoiles;etoile_2;6;etoile
2015-11-06;2011-2016 : 50 boules / 11 etoiles;boule_5;3;boule
2015-11-06;2011-2016 : 50 boules / 11 etoiles;boule_4;17;boule
2015-11-06;2011-2016 : 50 boules / 11 etoiles;boule_1;26;boule
2015-11-06;2011-2016 : 50 boules / 11 etoiles;boule_3;38;boule
2015-11-06;2011-2016 : 50 boules / 11 etoiles;boule_2;40;boule
2015-11-06;2011-2016 : 50 boules / 11 etoiles;etoile_1;4;etoile
2015-11-06;2011-2016 : 50 boules / 11 etoiles;etoile_2;10;etoile
2015-11-10;2011-2016 : 50 boules / 11 etoiles;boule_4;6;boule
2015-11-10;2011-2016 : 50 boules / 11 etoiles;boule_3;13;boule
2015-11-10;2011-2016 : 50 boules / 11 etoiles;boule_5;18;boule
2015-11-10;2011-2016 : 50 boules / 11 etoiles;boule_2;39;boule
2015-11-10;2011-2016 : 50 boules / 11 etoiles;boule_1;43;boule
2015-11-10;2011-2016 : 50 boules / 11 etoiles;etoile_1;2;etoile
2015-11-10;2011-2016 : 50 boules / 11 etoiles;etoile_2;8;etoile
2015-11-13;2011-2016 : 50 boules / 11 etoiles;boule_2;10;boule
2015-11-13;2011-2016 : 50 boules / 11 etoiles;boule_5;17;boule
2015-11-13;2011-2016 : 50 boules / 11 etoiles;boule_3;18;boule
2015-11-13;2011-2016 : 50 boules / 11 etoiles;boule_1;33;boule
2015-11-13;2011-2016 : 50 boules / 11 etoiles;boule_4;40;boule
2015-11-13;2011-2016 : 50 boules / 11 etoiles;etoile_2;2;etoile
2015-11-13;2011-2016 : 50 boules / 11 etoiles;etoile_1;8;etoile
2015-11-17;2011-2016 : 50 boules / 11 etoiles;boule_1;6;boule
2015-11-17;2011-2016 : 50 boules / 11 etoiles;boule_5;7;boule
2015-11-17;2011-2016 : 50 boules / 11 etoiles;boule_3;23;boule
2015-11-17;2011-2016 : 50 boules / 11 etoiles;boule_2;37;boule
2015-11-17;2011-2016 : 50 boules / 11 etoiles;boule_4;38;boule
2015-11-17;2011-2016 : 50 boules / 11 etoiles;etoile_2;10;etoile
2015-11-17;2011-2016 : 50 boules / 11 etoiles;etoile_1;11;etoile
2015-11-20;2011-2016 : 50 boules / 11 etoiles;boule_5;4;boule
2015-11-20;2011-2016 : 50 boules / 11 etoiles;boule_3;30;boule
2015-11-20;2011-2016 : 50 boules / 11 etoiles;boule_1;34;boule
2015-11-20;2011-2016 : 50 boules / 11 etoiles;boule_4;46;boule
2015-11-20;2011-2016 : 50 boules / 11 etoiles;boule_2;49;boule
2015-11-20;2011-2016 : 50 boules / 11 etoiles;etoile_2;7;etoile
2015-11-20;2011-2016 : 50 boules / 11 etoiles;etoile_1;8;etoile
2015-11-24;2011-2016 : 50 boules / 11 etoiles;boule_4;9;boule
2015-11-24;2011-2016 : 50 boules / 11 etoiles;boule_2;14;boule
2015-11-24;2011-2016 : 50 boules / 11 etoiles;boule_5;16;boule
2015-11-24;2011-2016 : 50 boules / 11 etoiles;boule_3;17;boule
2015-11-24;2011-2016 : 50 boules / 11 etoiles;boule_1;26;boule
2015-11-24;2011-2016 : 50 boules / 11 etoiles;etoile_1;10;etoile
2015-11-24;2011-2016 : 50 boules / 11 etoiles;etoile_2;11;etoile
2015-11-27;2011-2016 : 50 boules / 11 etoiles;boule_2;16;boule
2015-11-27;2011-2016 : 50 boules / 11 etoiles;boule_5;29;boule
2015-11-27;2011-2016 : 50 boules / 11 etoiles;boule_3;30;boule
2015-11-27;2011-2016 : 50 boules / 11 etoiles;boule_4;37;boule
2015-11-27;2011-2016 : 50 boules / 11 etoiles;boule_1;50;boule
2015-11-27;2011-2016 : 50 boules / 11 etoiles;etoile_1;6;etoile
2015-11-27;2011-2016 : 50 boules / 11 etoiles;etoile_2;8;etoile
2015-12-01;2011-2016 : 50 boules / 11 etoiles;boule_5;2;boule
2015-12-01;2011-2016 : 50 boules / 11 etoiles;boule_2;15;boule
2015-12-01;2011-2016 : 50 boules / 11 etoiles;boule_4;25;boule
2015-12-01;2011-2016 : 50 boules / 11 etoiles;boule_1;35;boule
2015-12-01;2011-2016 : 50 boules / 11 etoiles;boule_3;45;boule
2015-12-01;2011-2016 : 50 boules / 11 etoiles;etoile_2;8;etoile
2015-12-01;2011-2016 : 50 boules / 11 etoiles;etoile_1;10;etoile
2015-12-04;2011-2016 : 50 boules / 11 etoiles;boule_5;8;boule
2015-12-04;2011-2016 : 50 boules / 11 etoiles;boule_1;17;boule
2015-12-04;2011-2016 : 50 boules / 11 etoiles;boule_3;18;boule
2015-12-04;2011-2016 : 50 boules / 11 etoiles;boule_2;27;boule
2015-12-04;2011-2016 : 50 boules / 11 etoiles;boule_4;39;boule
2015-12-04;2011-2016 : 50 boules / 11 etoiles;etoile_2;1;etoile
2015-12-04;2011-2016 : 50 boules / 11 etoiles;etoile_1;7;etoile
2015-12-08;2011-2016 : 50 boules / 11 etoiles;boule_3;12;boule
2015-12-08;2011-2016 : 50 boules / 11 etoiles;boule_5;17;boule
2015-12-08;2011-2016 : 50 boules / 11 etoiles;boule_2;29;boule
2015-12-08;2011-2016 : 50 boules / 11 etoiles;boule_4;38;boule
2015-12-08;2011-2016 : 50 boules / 11 etoiles;boule_1;48;boule
2015-12-08;2011-2016 : 50 boules / 11 etoiles;etoile_1;9;etoile
2015-12-08;2011-2016 : 50 boules / 11 etoiles;etoile_2;11;etoile
2015-12-11;2011-2016 : 50 boules / 11 etoiles;boule_4;3;boule
2015-12-11;2011-2016 : 50 boules / 11 etoiles;boule_2;5;boule
2015-12-11;2011-2016 : 50 boules / 11 etoiles;boule_3;21;boule
2015-12-11;2011-2016 : 50 boules / 11 etoiles;boule_5;40;boule
2015-12-11;2011-2016 : 50 boules / 11 etoiles;boule_1;43;boule
2015-12-11;2011-2016 : 50 boules / 11 etoiles;etoile_2;6;etoile
2015-12-11;2011-2016 : 50 boules / 11 etoiles;etoile_1;11;etoile
2015-12-15;2011-2016 : 50 boules / 11 etoiles;boule_4;8;boule
2015-12-15;2011-2016 : 50 boules / 11 etoiles;boule_1;11;boule
2015-12-15;2011-2016 : 50 boules / 11 etoiles;boule_5;23;boule
2015-12-15;2011-2016 : 50 boules / 11 etoiles;boule_2;27;boule
2015-12-15;2011-2016 : 50 boules / 11 etoiles;boule_3;35;boule
2015-12-15;2011-2016 : 50 boules / 11 etoiles;etoile_1;4;etoile
2015-12-15;2011-2016 : 50 boules / 11 etoiles;etoile_2;11;etoile
2015-12-18;2011-2016 : 50 boules / 11 etoiles;boule_2;6;boule
2015-12-18;2011-2016 : 50 boules / 11 etoiles;boule_1;22;boule
2015-12-18;2011-2016 : 50 boules / 11 etoiles;boule_3;26;boule
2015-12-18;2011-2016 : 50 boules / 11 etoiles;boule_4;29;boule
2015-12-18;2011-2016 : 50 boules / 11 etoiles;boule_5;48;boule
2015-12-18;2011-2016 : 50 boules / 11 etoiles;etoile_1;5;etoile
2015-12-18;2011-2016 : 50 boules / 11 etoiles;etoile_2;6;etoile
2015-12-22;2011-2016 : 50 boules / 11 etoiles;boule_3;18;boule
2015-12-22;2011-2016 : 50 boules / 11 etoiles;boule_1;19;boule
2015-12-22;2011-2016 : 50 boules / 11 etoiles;boule_5;20;boule
2015-12-22;2011-2016 : 50 boules / 11 etoiles;boule_4;40;boule
2015-12-22;2011-2016 : 50 boules / 11 etoiles;boule_2;41;boule
2015-12-22;2011-2016 : 50 boules / 11 etoiles;etoile_1;7;etoile
2015-12-22;2011-2016 : 50 boules / 11 etoiles;etoile_2;10;etoile
2015-12-25;2011-2016 : 50 boules / 11 etoiles;boule_4;3;boule
2015-12-25;2011-2016 : 50 boules / 11 etoiles;boule_1;10;boule
2015-12-25;2011-2016 : 50 boules / 11 etoiles;boule_5;25;boule
2015-12-25;2011-2016 : 50 boules / 11 etoiles;boule_2;27;boule
2015-12-25;2011-2016 : 50 boules / 11 etoiles;boule_3;40;boule
2015-12-25;2011-2016 : 50 boules / 11 etoiles;etoile_2;3;etoile
2015-12-25;2011-2016 : 50 boules / 11 etoiles;etoile_1;9;etoile
2015-12-29;2011-2016 : 50 boules / 11 etoiles;boule_1;5;boule
2015-12-29;2011-2016 : 50 boules / 11 etoiles;boule_5;20;boule
2015-12-29;2011-2016 : 50 boules / 11 etoiles;boule_4;31;boule
2015-12-29;2011-2016 : 50 boules / 11 etoiles;boule_3;32;boule
2015-12-29;2011-2016 : 50 boules / 11 etoiles;boule_2;36;boule
2015-12-29;2011-2016 : 50 boules / 11 etoiles;etoile_1;6;etoile
2015-12-29;2011-2016 : 50 boules / 11 etoiles;etoile_2;7;etoile
2016-01-01;2011-2016 : 50 boules / 11 etoiles;boule_5;4;boule
2016-01-01;2011-2016 : 50 boules / 11 etoiles;boule_2;37;boule
2016-01-01;2011-2016 : 50 boules / 11 etoiles;boule_3;38;boule
2016-01-01;2011-2016 : 50 boules / 11 etoiles;boule_4;39;boule
2016-01-01;2011-2016 : 50 boules / 11 etoiles;boule_1;44;boule
2016-01-01;2011-2016 : 50 boules / 11 etoiles;etoile_1;4;etoile
2016-01-01;2011-2016 : 50 boules / 11 etoiles;etoile_2;7;etoile
2016-01-05;2011-2016 : 50 boules / 11 etoiles;boule_3;6;boule
2016-01-05;2011-2016 : 50 boules / 11 etoiles;boule_2;10;boule
2016-01-05;2011-2016 : 50 boules / 11 etoiles;boule_5;31;boule
2016-01-05;2011-2016 : 50 boules / 11 etoiles;boule_1;36;boule
2016-01-05;2011-2016 : 50 boules / 11 etoiles;boule_4;39;boule
2016-01-05;2011-2016 : 50 boules / 11 etoiles;etoile_1;6;etoile
2016-01-05;2011-2016 : 50 boules / 11 etoiles;etoile_2;10;etoile
2016-01-08;2011-2016 : 50 boules / 11 etoiles;boule_5;5;boule
2016-01-08;2011-2016 : 50 boules / 11 etoiles;boule_3;26;boule
2016-01-08;2011-2016 : 50 boules / 11 etoiles;boule_2;33;boule
2016-01-08;2011-2016 : 50 boules / 11 etoiles;boule_1;35;boule
2016-01-08;2011-2016 : 50 boules / 11 etoiles;boule_4;40;boule
2016-01-08;2011-2016 : 50 boules / 11 etoiles;etoile_1;3;etoile
2016-01-08;2011-2016 : 50 boules / 11 etoiles;etoile_2;8;etoile
2016-01-12;2011-2016 : 50 boules / 11 etoiles;boule_5;1;boule
2016-01-12;2011-2016 : 50 boules / 11 etoiles;boule_1;2;boule
2016-01-12;2011-2016 : 50 boules / 11 etoiles;boule_2;10;boule
2016-01-12;2011-2016 : 50 boules / 11 etoiles;boule_3;30;boule
2016-01-12;2011-2016 : 50 boules / 11 etoiles;boule_4;44;boule
2016-01-12;2011-2016 : 50 boules / 11 etoiles;etoile_1;1;etoile
2016-01-12;2011-2016 : 50 boules / 11 etoiles;etoile_2;8;etoile
2016-01-15;2011-2016 : 50 boules / 11 etoiles;boule_4;10;boule
2016-01-15;2011-2016 : 50 boules / 11 etoiles;boule_3;19;boule
2016-01-15;2011-2016 : 50 boules / 11 etoiles;boule_2;38;boule
2016-01-15;2011-2016 : 50 boules / 11 etoiles;boule_1;43;boule
2016-01-15;2011-2016 : 50 boules / 11 etoiles;boule_5;46;boule
2016-01-15;2011-2016 : 50 boules / 11 etoiles;etoile_1;1;etoile
2016-01-15;2011-2016 : 50 boules / 11 etoiles;etoile_2;11;etoile
2016-01-19;2011-2016 : 50 boules / 11 etoiles;boule_1;2;boule
2016-01-19;2011-2016 : 50 boules / 11 etoiles;boule_2;30;boule
2016-01-19;2011-2016 : 50 boules / 11 etoiles;boule_3;38;boule
2016-01-19;2011-2016 : 50 boules / 11 etoiles;boule_4;43;boule
2016-01-19;2011-2016 : 50 boules / 11 etoiles;boule_5;46;boule
2016-01-19;2011-2016 : 50 boules / 11 etoiles;etoile_2;2;etoile
2016-01-19;2011-2016 : 50 boules / 11 etoiles;etoile_1;7;etoile
2016-01-22;2011-2016 : 50 boules / 11 etoiles;boule_2;10;boule
2016-01-22;2011-2016 : 50 boules / 11 etoiles;boule_5;12;boule
2016-01-22;2011-2016 : 50 boules / 11 etoiles;boule_1;27;boule
2016-01-22;2011-2016 : 50 boules / 11 etoiles;boule_3;30;boule
2016-01-22;2011-2016 : 50 boules / 11 etoiles;boule_4;47;boule
2016-01-22;2011-2016 : 50 boules / 11 etoiles;etoile_2;8;etoile
2016-01-22;2011-2016 : 50 boules / 11 etoiles;etoile_1;9;etoile
2016-01-26;2011-2016 : 50 boules / 11 etoiles;boule_1;15;boule
2016-01-26;2011-2016 : 50 boules / 11 etoiles;boule_3;24;boule
2016-01-26;2011-2016 : 50 boules / 11 etoiles;boule_5;38;boule
2016-01-26;2011-2016 : 50 boules / 11 etoiles;boule_2;40;boule
2016-01-26;2011-2016 : 50 boules / 11 etoiles;boule_4;48;boule
2016-01-26;2011-2016 : 50 boules / 11 etoiles;etoile_1;2;etoile
2016-01-26;2011-2016 : 50 boules / 11 etoiles;etoile_2;9;etoile
2016-01-29;2011-2016 : 50 boules / 11 etoiles;boule_4;1;boule
2016-01-29;2011-2016 : 50 boules / 11 etoiles;boule_5;5;boule
2016-01-29;2011-2016 : 50 boules / 11 etoiles;boule_3;23;boule
2016-01-29;2011-2016 : 50 boules / 11 etoiles;boule_1;29;boule
2016-01-29;2011-2016 : 50 boules / 11 etoiles;boule_2;32;boule
2016-01-29;2011-2016 : 50 boules / 11 etoiles;etoile_1;1;etoile
2016-01-29;2011-2016 : 50 boules / 11 etoiles;etoile_2;7;etoile
2016-02-02;2011-2016 : 50 boules / 11 etoiles;boule_4;6;boule
2016-02-02;2011-2016 : 50 boules / 11 etoiles;boule_5;9;boule
2016-02-02;2011-2016 : 50 boules / 11 etoiles;boule_3;10;boule
2016-02-02;2011-2016 : 50 boules / 11 etoiles;boule_2;21;boule
2016-02-02;2011-2016 : 50 boules / 11 etoiles;boule_1;36;boule
2016-02-02;2011-2016 : 50 boules / 11 etoiles;etoile_2;2;etoile
2016-02-02;2011-2016 : 50 boules / 11 etoiles;etoile_1;6;etoile
2016-02-05;2011-2016 : 50 boules / 11 etoiles;boule_4;3;boule
2016-02-05;2011-2016 : 50 boules / 11 etoiles;boule_3;27;boule
2016-02-05;2011-2016 : 50 boules / 11 etoiles;boule_2;32;boule
2016-02-05;2011-2016 : 50 boules / 11 etoiles;boule_5;41;boule
2016-02-05;2011-2016 : 50 boules / 11 etoiles;boule_1;46;boule
2016-02-05;2011-2016 : 50 boules / 11 etoiles;etoile_1;4;etoile
2016-02-05;2011-2016 : 50 boules / 11 etoiles;etoile_2;8;etoile
2016-02-09;2011-2016 : 50 boules / 11 etoiles;boule_2;6;boule
2016-02-09;2011-2016 : 50 boules / 11 etoiles;boule_1;9;boule
2016-02-09;2011-2016 : 50 boules / 11 etoiles;boule_3;13;boule
2016-02-09;2011-2016 : 50 boules / 11 etoiles;boule_4;28;boule
2016-02-09;2011-2016 : 50 boules / 11 etoiles;boule_5;37;boule
2016-02-09;2011-2016 : 50 boules / 11 etoiles;etoile_1;4;etoile
2016-02-09;2011-2016 : 50 boules / 11 etoiles;etoile_2;5;etoile
2016-02-12;2011-2016 : 50 boules / 11 etoiles;boule_5;3;boule
2016-02-12;2011-2016 : 50 boules / 11 etoiles;boule_4;20;boule
2016-02-12;2011-2016 : 50 boules / 11 etoiles;boule_3;28;boule
2016-02-12;2011-2016 : 50 boules / 11 etoiles;boule_1;31;boule
2016-02-12;2011-2016 : 50 boules / 11 etoiles;boule_2;49;boule
2016-02-12;2011-2016 : 50 boules / 11 etoiles;etoile_2;2;etoile
2016-02-12;2011-2016 : 50 boules / 11 etoiles;etoile_1;5;etoile
2016-02-16;2011-2016 : 50 boules / 11 etoiles;boule_1;3;boule
2016-02-16;2011-2016 : 50 boules / 11 etoiles;boule_4;10;boule
2016-02-16;2011-2016 : 50 boules / 11 etoiles;boule_2;22;boule
2016-02-16;2011-2016 : 50 boules / 11 etoiles;boule_5;37;boule
2016-02-16;2011-2016 : 50 boules / 11 etoiles;boule_3;50;boule
2016-02-16;2011-2016 : 50 boules / 11 etoiles;etoile_1;6;etoile
2016-02-16;2011-2016 : 50 boules / 11 etoiles;etoile_2;10;etoile
2016-02-19;2011-2016 : 50 boules / 11 etoiles;boule_2;13;boule
2016-02-19;2011-2016 : 50 boules / 11 etoiles;boule_3;14;boule
2016-02-19;2011-2016 : 50 boules / 11 etoiles;boule_5;30;boule
2016-02-19;2011-2016 : 50 boules / 11 etoiles;boule_1;32;boule
2016-02-19;2011-2016 : 50 boules / 11 etoiles;boule_4;39;boule
2016-02-19;2011-2016 : 50 boules / 11 etoiles;etoile_1;3;etoile
2016-02-19;2011-2016 : 50 boules / 11 etoiles;etoile_2;9;etoile
2016-02-23;2011-2016 : 50 boules / 11 etoiles;boule_3;23;boule
2016-02-23;2011-2016 : 50 boules / 11 etoiles;boule_4;25;boule
2016-02-23;2011-2016 : 50 boules / 11 etoiles;boule_2;32;boule
2016-02-23;2011-2016 : 50 boules / 11 etoiles;boule_5;37;boule
2016-02-23;2011-2016 : 50 boules / 11 etoiles;boule_1;42;boule
2016-02-23;2011-2016 : 50 boules / 11 etoiles;etoile_2;1;etoile
2016-02-23;2011-2016 : 50 boules / 11 etoiles;etoile_1;11;etoile
2016-02-26;2011-2016 : 50 boules / 11 etoiles;boule_3;5;boule
2016-02-26;2011-2016 : 50 boules / 11 etoiles;boule_1;13;boule
2016-02-26;2011-2016 : 50 boules / 11 etoiles;boule_5;15;boule
2016-02-26;2011-2016 : 50 boules / 11 etoiles;boule_4;33;boule
2016-02-26;2011-2016 : 50 boules / 11 etoiles;boule_2;50;boule
2016-02-26;2011-2016 : 50 boules / 11 etoiles;etoile_1;9;etoile
2016-02-26;2011-2016 : 50 boules / 11 etoiles;etoile_2;11;etoile
2016-03-01;2011-2016 : 50 boules / 11 etoiles;boule_5;4;boule
2016-03-01;2011-2016 : 50 boules / 11 etoiles;boule_2;7;boule
2016-03-01;2011-2016 : 50 boules / 11 etoiles;boule_4;13;boule
2016-03-01;2011-2016 : 50 boules / 11 etoiles;boule_3;28;boule
2016-03-01;2011-2016 : 50 boules / 11 etoiles;boule_1;37;boule
2016-03-01;2011-2016 : 50 boules / 11 etoiles;etoile_2;10;etoile
2016-03-01;2011-2016 : 50 boules / 11 etoiles;etoile_1;11;etoile
2016-03-04;2011-2016 : 50 boules / 11 etoiles;boule_1;9;boule
2016-03-04;2011-2016 : 50 boules / 11 etoiles;boule_5;14;boule
2016-03-04;2011-2016 : 50 boules / 11 etoiles;boule_4;16;boule
2016-03-04;2011-2016 : 50 boules / 11 etoiles;boule_2;23;boule
2016-03-04;2011-2016 : 50 boules / 11 etoiles;boule_3;40;boule
2016-03-04;2011-2016 : 50 boules / 11 etoiles;etoile_1;1;etoile
2016-03-04;2011-2016 : 50 boules / 11 etoiles;etoile_2;5;etoile
2016-03-08;2011-2016 : 50 boules / 11 etoiles;boule_5;1;boule
2016-03-08;2011-2016 : 50 boules / 11 etoiles;boule_4;8;boule
2016-03-08;2011-2016 : 50 boules / 11 etoiles;boule_1;9;boule
2016-03-08;2011-2016 : 50 boules / 11 etoiles;boule_2;14;boule
2016-03-08;2011-2016 : 50 boules / 11 etoiles;boule_3;23;boule
2016-03-08;2011-2016 : 50 boules / 11 etoiles;etoile_2;1;etoile
2016-03-08;2011-2016 : 50 boules / 11 etoiles;etoile_1;7;etoile
2016-03-11;2011-2016 : 50 boules / 11 etoiles;boule_3;1;boule
2016-03-11;2011-2016 : 50 boules / 11 etoiles;boule_4;21;boule
2016-03-11;2011-2016 : 50 boules / 11 etoiles;boule_1;26;boule
2016-03-11;2011-2016 : 50 boules / 11 etoiles;boule_5;40;boule
2016-03-11;2011-2016 : 50 boules / 11 etoiles;boule_2;43;boule
2016-03-11;2011-2016 : 50 boules / 11 etoiles;etoile_2;6;etoile
2016-03-11;2011-2016 : 50 boules / 11 etoiles;etoile_1;9;etoile
2016-03-15;2011-2016 : 50 boules / 11 etoiles;boule_3;5;boule
2016-03-15;2011-2016 : 50 boules / 11 etoiles;boule_1;7;boule
2016-03-15;2011-2016 : 50 boules / 11 etoiles;boule_2;10;boule
2016-03-15;2011-2016 : 50 boules / 11 etoiles;boule_5;34;boule
2016-03-15;2011-2016 : 50 boules / 11 etoiles;boule_4;44;boule
2016-03-15;2011-2016 : 50 boules / 11 etoiles;etoile_2;2;etoile
2016-03-15;2011-2016 : 50 boules / 11 etoiles;etoile_1;10;etoile
2016-03-18;2011-2016 : 50 boules / 11 etoiles;boule_1;14;boule
2016-03-18;2011-2016 : 50 boules / 11 etoiles;boule_4;19;boule
2016-03-18;2011-2016 : 50 boules / 11 etoiles;boule_3;21;boule
2016-03-18;2011-2016 : 50 boules / 11 etoiles;boule_5;24;boule
2016-03-18;2011-2016 : 50 boules / 11 etoiles;boule_2;49;boule
2016-03-18;2011-2016 : 50 boules / 11 etoiles;etoile_1;5;etoile
2016-03-18;2011-2016 : 50 boules / 11 etoiles;etoile_2;11;etoile
2016-03-22;2011-2016 : 50 boules / 11 etoiles;boule_3;12;boule
2016-03-22;2011-2016 : 50 boules / 11 etoiles;boule_1;15;boule
2016-03-22;2011-2016 : 50 boules / 11 etoiles;boule_4;26;boule
2016-03-22;2011-2016 : 50 boules / 11 etoiles;boule_5;42;boule
2016-03-22;2011-2016 : 50 boules / 11 etoiles;boule_2;49;boule
2016-03-22;2011-2016 : 50 boules / 11 etoiles;etoile_1;5;etoile
2016-03-22;2011-2016 : 50 boules / 11 etoiles;etoile_2;8;etoile
2016-03-25;2011-2016 : 50 boules / 11 etoiles;boule_3;12;boule
2016-03-25;2011-2016 : 50 boules / 11 etoiles;boule_5;19;boule
2016-03-25;2011-2016 : 50 boules / 11 etoiles;boule_2;36;boule
2016-03-25;2011-2016 : 50 boules / 11 etoiles;boule_4;42;boule
2016-03-25;2011-2016 : 50 boules / 11 etoiles;boule_1;43;boule
2016-03-25;2011-2016 : 50 boules / 11 etoiles;etoile_2;5;etoile
2016-03-25;2011-2016 : 50 boules / 11 etoiles;etoile_1;8;etoile
2016-03-29;2011-2016 : 50 boules / 11 etoiles;boule_5;1;boule
2016-03-29;2011-2016 : 50 boules / 11 etoiles;boule_1;4;boule
2016-03-29;2011-2016 : 50 boules / 11 etoiles;boule_3;19;boule
2016-03-29;2011-2016 : 50 boules / 11 etoiles;boule_2;25;boule
2016-03-29;2011-2016 : 50 boules / 11 etoiles;boule_4;36;boule
2016-03-29;2011-2016 : 50 boules / 11 etoiles;etoile_1;3;etoile
2016-03-29;2011-2016 : 50 boules / 11 etoiles;etoile_2;11;etoile
2016-04-01;2011-2016 : 50 boules / 11 etoiles;boule_3;2;boule
2016-04-01;2011-2016 : 50 boules / 11 etoiles;boule_5;16;boule
2016-04-01;2011-2016 : 50 boules / 11 etoiles;boule_1;23;boule
2016-04-01;2011-2016 : 50 boules / 11 etoiles;boule_2;25;boule
2016-04-01;2011-2016 : 50 boules / 11 etoiles;boule_4;49;boule
2016-04-01;2011-2016 : 50 boules / 11 etoiles;etoile_1;6;etoile
2016-04-01;2011-2016 : 50 boules / 11 etoiles;etoile_2;9;etoile
2016-04-05;2011-2016 : 50 boules / 11 etoiles;boule_1;3;boule
2016-04-05;2011-2016 : 50 boules / 11 etoiles;boule_5;5;boule
2016-04-05;2011-2016 : 50 boules / 11 etoiles;boule_4;9;boule
2016-04-05;2011-2016 : 50 boules / 11 etoiles;boule_2;19;boule
2016-04-05;2011-2016 : 50 boules / 11 etoiles;boule_3;40;boule
2016-04-05;2011-2016 : 50 boules / 11 etoiles;etoile_2;2;etoile
2016-04-05;2011-2016 : 50 boules / 11 etoiles;etoile_1;5;etoile
2016-04-08;2011-2016 : 50 boules / 11 etoiles;boule_4;6;boule
2016-04-08;2011-2016 : 50 boules / 11 etoiles;boule_2;8;boule
2016-04-08;2011-2016 : 50 boules / 11 etoiles;boule_5;26;boule
2016-04-08;2011-2016 : 50 boules / 11 etoiles;boule_1;43;boule
2016-04-08;2011-2016 : 50 boules / 11 etoiles;boule_3;49;boule
2016-04-08;2011-2016 : 50 boules / 11 etoiles;etoile_2;6;etoile
2016-04-08;2011-2016 : 50 boules / 11 etoiles;etoile_1;10;etoile
2016-04-12;2011-2016 : 50 boules / 11 etoiles;boule_2;1;boule
2016-04-12;2011-2016 : 50 boules / 11 etoiles;boule_3;5;boule
2016-04-12;2011-2016 : 50 boules / 11 etoiles;boule_1;9;boule
2016-04-12;2011-2016 : 50 boules / 11 etoiles;boule_4;22;boule
2016-04-12;2011-2016 : 50 boules / 11 etoiles;boule_5;38;boule
2016-04-12;2011-2016 : 50 boules / 11 etoiles;etoile_2;2;etoile
2016-04-12;2011-2016 : 50 boules / 11 etoiles;etoile_1;10;etoile
2016-04-15;2011-2016 : 50 boules / 11 etoiles;boule_1;13;boule
2016-04-15;2011-2016 : 50 boules / 11 etoiles;boule_4;14;boule
2016-04-15;2011-2016 : 50 boules / 11 etoiles;boule_2;32;boule
2016-04-15;2011-2016 : 50 boules / 11 etoiles;boule_3;37;boule
2016-04-15;2011-2016 : 50 boules / 11 etoiles;boule_5;48;boule
2016-04-15;2011-2016 : 50 boules / 11 etoiles;etoile_1;1;etoile
2016-04-15;2011-2016 : 50 boules / 11 etoiles;etoile_2;7;etoile
2016-04-19;2011-2016 : 50 boules / 11 etoiles;boule_5;11;boule
2016-04-19;2011-2016 : 50 boules / 11 etoiles;boule_2;14;boule
2016-04-19;2011-2016 : 50 boules / 11 etoiles;boule_4;15;boule
2016-04-19;2011-2016 : 50 boules / 11 etoiles;boule_1;27;boule
2016-04-19;2011-2016 : 50 boules / 11 etoiles;boule_3;44;boule
2016-04-19;2011-2016 : 50 boules / 11 etoiles;etoile_2;2;etoile
2016-04-19;2011-2016 : 50 boules / 11 etoiles;etoile_1;7;etoile
2016-04-22;2011-2016 : 50 boules / 11 etoiles;boule_5;17;boule
2016-04-22;2011-2016 : 50 boules / 11 etoiles;boule_3;26;boule
2016-04-22;2011-2016 : 50 boules / 11 etoiles;boule_1;32;boule
2016-04-22;2011-2016 : 50 boules / 11 etoiles;boule_4;34;boule
2016-04-22;2011-2016 : 50 boules / 11 etoiles;boule_2;43;boule
2016-04-22;2011-2016 : 50 boules / 11 etoiles;etoile_1;2;etoile
2016-04-22;2011-2016 : 50 boules / 11 etoiles;etoile_2;10;etoile
2016-04-26;2011-2016 : 50 boules / 11 etoiles;boule_1;10;boule
2016-04-26;2011-2016 : 50 boules / 11 etoiles;boule_3;17;boule
2016-04-26;2011-2016 : 50 boules / 11 etoiles;boule_5;31;boule
2016-04-26;2011-2016 : 50 boules / 11 etoiles;boule_4;32;boule
2016-04-26;2011-2016 : 50 boules / 11 etoiles;boule_2;42;boule
2016-04-26;2011-2016 : 50 boules / 11 etoiles;etoile_1;2;etoile
2016-04-26;2011-2016 : 50 boules / 11 etoiles;etoile_2;5;etoile
2016-04-29;2011-2016 : 50 boules / 11 etoiles;boule_1;4;boule
2016-04-29;2011-2016 : 50 boules / 11 etoiles;boule_4;5;boule
2016-04-29;2011-2016 : 50 boules / 11 etoiles;boule_2;25;boule
2016-04-29;2011-2016 : 50 boules / 11 etoiles;boule_3;28;boule
2016-04-29;2011-2016 : 50 boules / 11 etoiles;boule_5;43;boule
2016-04-29;2011-2016 : 50 boules / 11 etoiles;etoile_1;6;etoile
2016-04-29;2011-2016 : 50 boules / 11 etoiles;etoile_2;11;etoile
2016-05-03;2011-2016 : 50 boules / 11 etoiles;boule_3;8;boule
2016-05-03;2011-2016 : 50 boules / 11 etoiles;boule_1;23;boule
2016-05-03;2011-2016 : 50 boules / 11 etoiles;boule_4;24;boule
2016-05-03;2011-2016 : 50 boules / 11 etoiles;boule_2;34;boule
2016-05-03;2011-2016 : 50 boules / 11 etoiles;boule_5;38;boule
2016-05-03;2011-2016 : 50 boules / 11 etoiles;etoile_1;3;etoile
2016-05-03;2011-2016 : 50 boules / 11 etoiles;etoile_2;7;etoile
2016-05-06;2011-2016 : 50 boules / 11 etoiles;boule_5;32;boule
2016-05-06;2011-2016 : 50 boules / 11 etoiles;boule_4;34;boule
2016-05-06;2011-2016 : 50 boules / 11 etoiles;boule_3;40;boule
2016-05-06;2011-2016 : 50 boules / 11 etoiles;boule_1;45;boule
2016-05-06;2011-2016 : 50 boules / 11 etoiles;boule_2;48;boule
2016-05-06;2011-2016 : 50 boules / 11 etoiles;etoile_2;1;etoile
2016-05-06;2011-2016 : 50 boules / 11 etoiles;etoile_1;10;etoile
2016-05-10;2011-2016 : 50 boules / 11 etoiles;boule_2;2;boule
2016-05-10;2011-2016 : 50 boules / 11 etoiles;boule_3;26;boule
2016-05-10;2011-2016 : 50 boules / 11 etoiles;boule_4;27;boule
2016-05-10;2011-2016 : 50 boules / 11 etoiles;boule_1;40;boule
2016-05-10;2011-2016 : 50 boules / 11 etoiles;boule_5;49;boule
2016-05-10;2011-2016 : 50 boules / 11 etoiles;etoile_2;5;etoile
2016-05-10;2011-2016 : 50 boules / 11 etoiles;etoile_1;10;etoile
2016-05-13;2011-2016 : 50 boules / 11 etoiles;boule_5;7;boule
2016-05-13;2011-2016 : 50 boules / 11 etoiles;boule_4;15;boule
2016-05-13;2011-2016 : 50 boules / 11 etoiles;boule_2;28;boule
2016-05-13;2011-2016 : 50 boules / 11 etoiles;boule_1;31;boule
2016-05-13;2011-2016 : 50 boules / 11 etoiles;boule_3;42;boule
2016-05-13;2011-2016 : 50 boules / 11 etoiles;etoile_1;10;etoile
2016-05-13;2011-2016 : 50 boules / 11 etoiles;etoile_2;11;etoile
2016-05-17;2011-2016 : 50 boules / 11 etoiles;boule_5;15;boule
2016-05-17;2011-2016 : 50 boules / 11 etoiles;boule_2;27;boule
2016-05-17;2011-2016 : 50 boules / 11 etoiles;boule_1;32;boule
2016-05-17;2011-2016 : 50 boules / 11 etoiles;boule_4;36;boule
2016-05-17;2011-2016 : 50 boules / 11 etoiles;boule_3;39;boule
2016-05-17;2011-2016 : 50 boules / 11 etoiles;etoile_1;3;etoile
2016-05-17;2011-2016 : 50 boules / 11 etoiles;etoile_2;10;etoile
2016-05-20;2011-2016 : 50 boules / 11 etoiles;boule_2;9;boule
2016-05-20;2011-2016 : 50 boules / 11 etoiles;boule_4;14;boule
2016-05-20;2011-2016 : 50 boules / 11 etoiles;boule_3;30;boule
2016-05-20;2011-2016 : 50 boules / 11 etoiles;boule_1;41;boule
2016-05-20;2011-2016 : 50 boules / 11 etoiles;boule_5;45;boule
2016-05-20;2011-2016 : 50 boules / 11 etoiles;etoile_1;4;etoile
2016-05-20;2011-2016 : 50 boules / 11 etoiles;etoile_2;9;etoile
2016-05-24;2011-2016 : 50 boules / 11 etoiles;boule_4;16;boule
2016-05-24;2011-2016 : 50 boules / 11 etoiles;boule_2;17;boule
2016-05-24;2011-2016 : 50 boules / 11 etoiles;boule_5;23;boule
2016-05-24;2011-2016 : 50 boules / 11 etoiles;boule_3;34;boule
2016-05-24;2011-2016 : 50 boules / 11 etoiles;boule_1;37;boule
2016-05-24;2011-2016 : 50 boules / 11 etoiles;etoile_2;6;etoile
2016-05-24;2011-2016 : 50 boules / 11 etoiles;etoile_1;9;etoile
2016-05-27;2011-2016 : 50 boules / 11 etoiles;boule_3;13;boule
2016-05-27;2011-2016 : 50 boules / 11 etoiles;boule_5;25;boule
2016-05-27;2011-2016 : 50 boules / 11 etoiles;boule_2;27;boule
2016-05-27;2011-2016 : 50 boules / 11 etoiles;boule_4;43;boule
2016-05-27;2011-2016 : 50 boules / 11 etoiles;boule_1;46;boule
2016-05-27;2011-2016 : 50 boules / 11 etoiles;etoile_1;4;etoile
2016-05-27;2011-2016 : 50 boules / 11 etoiles;etoile_2;8;etoile
2016-05-31;2011-2016 : 50 boules / 11 etoiles;boule_1;6;boule
2016-05-31;2011-2016 : 50 boules / 11 etoiles;boule_5;12;boule
2016-05-31;2011-2016 : 50 boules / 11 etoiles;boule_3;26;boule
2016-05-31;2011-2016 : 50 boules / 11 etoiles;boule_2;30;boule
2016-05-31;2011-2016 : 50 boules / 11 etoiles;boule_4;48;boule
2016-05-31;2011-2016 : 50 boules / 11 etoiles;etoile_1;6;etoile
2016-05-31;2011-2016 : 50 boules / 11 etoiles;etoile_2;7;etoile
2016-06-03;2011-2016 : 50 boules / 11 etoiles;boule_1;7;boule
2016-06-03;2011-2016 : 50 boules / 11 etoiles;boule_4;23;boule
2016-06-03;2011-2016 : 50 boules / 11 etoiles;boule_2;31;boule
2016-06-03;2011-2016 : 50 boules / 11 etoiles;boule_5;33;boule
2016-06-03;2011-2016 : 50 boules / 11 etoiles;boule_3;39;boule
2016-06-03;2011-2016 : 50 boules / 11 etoiles;etoile_1;6;etoile
2016-06-03;2011-2016 : 50 boules / 11 etoiles;etoile_2;10;etoile
2016-06-07;2011-2016 : 50 boules / 11 etoiles;boule_3;19;boule
2016-06-07;2011-2016 : 50 boules / 11 etoiles;boule_1;26;boule
2016-06-07;2011-2016 : 50 boules / 11 etoiles;boule_5;35;boule
2016-06-07;2011-2016 : 50 boules / 11 etoiles;boule_4;45;boule
2016-06-07;2011-2016 : 50 boules / 11 etoiles;boule_2;49;boule
2016-06-07;2011-2016 : 50 boules / 11 etoiles;etoile_1;2;etoile
2016-06-07;2011-2016 : 50 boules / 11 etoiles;etoile_2;5;etoile
2016-06-10;2011-2016 : 50 boules / 11 etoiles;boule_4;14;boule
2016-06-10;2011-2016 : 50 boules / 11 etoiles;boule_1;21;boule
2016-06-10;2011-2016 : 50 boules / 11 etoiles;boule_2;35;boule
2016-06-10;2011-2016 : 50 boules / 11 etoiles;boule_3;42;boule
2016-06-10;2011-2016 : 50 boules / 11 etoiles;boule_5;43;boule
2016-06-10;2011-2016 : 50 boules / 11 etoiles;etoile_1;7;etoile
2016-06-10;2011-2016 : 50 boules / 11 etoiles;etoile_2;9;etoile
2016-06-14;2011-2016 : 50 boules / 11 etoiles;boule_1;13;boule
2016-06-14;2011-2016 : 50 boules / 11 etoiles;boule_5;34;boule
2016-06-14;2011-2016 : 50 boules / 11 etoiles;boule_4;39;boule
2016-06-14;2011-2016 : 50 boules / 11 etoiles;boule_3;42;boule
2016-06-14;2011-2016 : 50 boules / 11 etoiles;boule_2;50;boule
2016-06-14;2011-2016 : 50 boules / 11 etoiles;etoile_2;9;etoile
2016-06-14;2011-2016 : 50 boules / 11 etoiles;etoile_1;11;etoile
2016-06-17;2011-2016 : 50 boules / 11 etoiles;boule_2;1;boule
2016-06-17;2011-2016 : 50 boules / 11 etoiles;boule_5;7;boule
2016-06-17;2011-2016 : 50 boules / 11 etoiles;boule_3;18;boule
2016-06-17;2011-2016 : 50 boules / 11 etoiles;boule_4;27;boule
2016-06-17;2011-2016 : 50 boules / 11 etoiles;boule_1;43;boule
2016-06-17;2011-2016 : 50 boules / 11 etoiles;etoile_2;4;etoile
2016-06-17;2011-2016 : 50 boules / 11 etoiles;etoile_1;8;etoile
2016-06-21;2011-2016 : 50 boules / 11 etoiles;boule_5;5;boule
2016-06-21;2011-2016 : 50 boules / 11 etoiles;boule_3;17;boule
2016-06-21;2011-2016 : 50 boules / 11 etoiles;boule_1;32;boule
2016-06-21;2011-2016 : 50 boules / 11 etoiles;boule_2;35;boule
2016-06-21;2011-2016 : 50 boules / 11 etoiles;boule_4;49;boule
2016-06-21;2011-2016 : 50 boules / 11 etoiles;etoile_2;1;etoile
2016-06-21;2011-2016 : 50 boules / 11 etoiles;etoile_1;5;etoile
2016-06-24;2011-2016 : 50 boules / 11 etoiles;boule_1;11;boule
2016-06-24;2011-2016 : 50 boules / 11 etoiles;boule_2;19;boule
2016-06-24;2011-2016 : 50 boules / 11 etoiles;boule_5;27;boule
2016-06-24;2011-2016 : 50 boules / 11 etoiles;boule_4;28;boule
2016-06-24;2011-2016 : 50 boules / 11 etoiles;boule_3;39;boule
2016-06-24;2011-2016 : 50 boules / 11 etoiles;etoile_1;3;etoile
2016-06-24;2011-2016 : 50 boules / 11 etoiles;etoile_2;10;etoile
2016-06-28;2011-2016 : 50 boules / 11 etoiles;boule_4;26;boule
2016-06-28;2011-2016 : 50 boules / 11 etoiles;boule_3;32;boule
2016-06-28;2011-2016 : 50 boules / 11 etoiles;boule_2;37;boule
2016-06-28;2011-2016 : 50 boules / 11 etoiles;boule_1;43;boule
2016-06-28;2011-2016 : 50 boules / 11 etoiles;boule_5;49;boule
2016-06-28;2011-2016 : 50 boules / 11 etoiles;etoile_2;4;etoile
2016-06-28;2011-2016 : 50 boules / 11 etoiles;etoile_1;5;etoile
2016-07-01;2011-2016 : 50 boules / 11 etoiles;boule_5;2;boule
2016-07-01;2011-2016 : 50 boules / 11 etoiles;boule_1;11;boule
2016-07-01;2011-2016 : 50 boules / 11 etoiles;boule_3;13;boule
2016-07-01;2011-2016 : 50 boules / 11 etoiles;boule_4;40;boule
2016-07-01;2011-2016 : 50 boules / 11 etoiles;boule_2;50;boule
2016-07-01;2011-2016 : 50 boules / 11 etoiles;etoile_2;1;etoile
2016-07-01;2011-2016 : 50 boules / 11 etoiles;etoile_1;10;etoile
2016-07-05;2011-2016 : 50 boules / 11 etoiles;boule_5;1;boule
2016-07-05;2011-2016 : 50 boules / 11 etoiles;boule_3;10;boule
2016-07-05;2011-2016 : 50 boules / 11 etoiles;boule_2;29;boule
2016-07-05;2011-2016 : 50 boules / 11 etoiles;boule_1;38;boule
2016-07-05;2011-2016 : 50 boules / 11 etoiles;boule_4;48;boule
2016-07-05;2011-2016 : 50 boules / 11 etoiles;etoile_2;3;etoile
2016-07-05;2011-2016 : 50 boules / 11 etoiles;etoile_1;4;etoile
2016-07-08;2011-2016 : 50 boules / 11 etoiles;boule_3;8;boule
2016-07-08;2011-2016 : 50 boules / 11 etoiles;boule_1;12;boule
2016-07-08;2011-2016 : 50 boules / 11 etoiles;boule_2;18;boule
2016-07-08;2011-2016 : 50 boules / 11 etoiles;boule_5;33;boule
2016-07-08;2011-2016 : 50 boules / 11 etoiles;boule_4;44;boule
2016-07-08;2011-2016 : 50 boules / 11 etoiles;etoile_2;4;etoile
2016-07-08;2011-2016 : 50 boules / 11 etoiles;etoile_1;8;etoile
2016-07-12;2011-2016 : 50 boules / 11 etoiles;boule_2;3;boule
2016-07-12;2011-2016 : 50 boules / 11 etoiles;boule_5;7;boule
2016-07-12;2011-2016 : 50 boules / 11 etoiles;boule_1;26;boule
2016-07-12;2011-2016 : 50 boules / 11 etoiles;boule_4;33;boule
2016-07-12;2011-2016 : 50 boules / 11 etoiles;boule_3;41;boule
2016-07-12;2011-2016 : 50 boules / 11 etoiles;etoile_1;2;etoile
2016-07-12;2011-2016 : 50 boules / 11 etoiles;etoile_2;10;etoile
2016-07-15;2011-2016 : 50 boules / 11 etoiles;boule_1;2;boule
2016-07-15;2011-2016 : 50 boules / 11 etoiles;boule_2;11;boule
2016-07-15;2011-2016 : 50 boules / 11 etoiles;boule_4;13;boule
2016-07-15;2011-2016 : 50 boules / 11 etoiles;boule_3;14;boule
2016-07-15;2011-2016 : 50 boules / 11 etoiles;boule_5;21;boule
2016-07-15;2011-2016 : 50 boules / 11 etoiles;etoile_1;1;etoile
2016-07-15;2011-2016 : 50 boules / 11 etoiles;etoile_2;8;etoile
2016-07-19;2011-2016 : 50 boules / 11 etoiles;boule_3;19;boule
2016-07-19;2011-2016 : 50 boules / 11 etoiles;boule_1;24;boule
2016-07-19;2011-2016 : 50 boules / 11 etoiles;boule_4;28;boule
2016-07-19;2011-2016 : 50 boules / 11 etoiles;boule_5;36;boule
2016-07-19;2011-2016 : 50 boules / 11 etoiles;boule_2;37;boule
2016-07-19;2011-2016 : 50 boules / 11 etoiles;etoile_2;3;etoile
2016-07-19;2011-2016 : 50 boules / 11 etoiles;etoile_1;6;etoile
2016-07-22;2011-2016 : 50 boules / 11 etoiles;boule_4;7;boule
2016-07-22;2011-2016 : 50 boules / 11 etoiles;boule_3;24;boule
2016-07-22;2011-2016 : 50 boules / 11 etoiles;boule_1;26;boule
2016-07-22;2011-2016 : 50 boules / 11 etoiles;boule_5;37;boule
2016-07-22;2011-2016 : 50 boules / 11 etoiles;boule_2;45;boule
2016-07-22;2011-2016 : 50 boules / 11 etoiles;etoile_2;5;etoile
2016-07-22;2011-2016 : 50 boules / 11 etoiles;etoile_1;9;etoile
2016-07-26;2011-2016 : 50 boules / 11 etoiles;boule_5;3;boule
2016-07-26;2011-2016 : 50 boules / 11 etoiles;boule_3;10;boule
2016-07-26;2011-2016 : 50 boules / 11 etoiles;boule_1;13;boule
2016-07-26;2011-2016 : 50 boules / 11 etoiles;boule_4;45;boule
2016-07-26;2011-2016 : 50 boules / 11 etoiles;boule_2;49;boule
2016-07-26;2011-2016 : 50 boules / 11 etoiles;etoile_2;2;etoile
2016-07-26;2011-2016 : 50 boules / 11 etoiles;etoile_1;11;etoile
2016-07-29;2011-2016 : 50 boules / 11 etoiles;boule_4;1;boule
2016-07-29;2011-2016 : 50 boules / 11 etoiles;boule_5;21;boule
2016-07-29;2011-2016 : 50 boules / 11 etoiles;boule_2;26;boule
2016-07-29;2011-2016 : 50 boules / 11 etoiles;boule_1;40;boule
2016-07-29;2011-2016 : 50 boules / 11 etoiles;boule_3;50;boule
2016-07-29;2011-2016 : 50 boules / 11 etoiles;etoile_2;2;etoile
2016-07-29;2011-2016 : 50 boules / 11 etoiles;etoile_1;4;etoile
2016-08-02;2011-2016 : 50 boules / 11 etoiles;boule_4;2;boule
2016-08-02;2011-2016 : 50 boules / 11 etoiles;boule_5;8;boule
2016-08-02;2011-2016 : 50 boules / 11 etoiles;boule_1;27;boule
2016-08-02;2011-2016 : 50 boules / 11 etoiles;boule_3;38;boule
2016-08-02;2011-2016 : 50 boules / 11 etoiles;boule_2;46;boule
2016-08-02;2011-2016 : 50 boules / 11 etoiles;etoile_1;2;etoile
2016-08-02;2011-2016 : 50 boules / 11 etoiles;etoile_2;6;etoile
2016-08-05;2011-2016 : 50 boules / 11 etoiles;boule_2;16;boule
2016-08-05;2011-2016 : 50 boules / 11 etoiles;boule_1;19;boule
2016-08-05;2011-2016 : 50 boules / 11 etoiles;boule_3;24;boule
2016-08-05;2011-2016 : 50 boules / 11 etoiles;boule_5;35;boule
2016-08-05;2011-2016 : 50 boules / 11 etoiles;boule_4;37;boule
2016-08-05;2011-2016 : 50 boules / 11 etoiles;etoile_1;2;etoile
2016-08-05;2011-2016 : 50 boules / 11 etoiles;etoile_2;7;etoile
2016-08-09;2011-2016 : 50 boules / 11 etoiles;boule_4;12;boule
2016-08-09;2011-2016 : 50 boules / 11 etoiles;boule_1;19;boule
2016-08-09;2011-2016 : 50 boules / 11 etoiles;boule_2;43;boule
2016-08-09;2011-2016 : 50 boules / 11 etoiles;boule_3;44;boule
2016-08-09;2011-2016 : 50 boules / 11 etoiles;boule_5;45;boule
2016-08-09;2011-2016 : 50 boules / 11 etoiles;etoile_2;5;etoile
2016-08-09;2011-2016 : 50 boules / 11 etoiles;etoile_1;10;etoile
2016-08-12;2011-2016 : 50 boules / 11 etoiles;boule_4;2;boule
2016-08-12;2011-2016 : 50 boules / 11 etoiles;boule_1;15;boule
2016-08-12;2011-2016 : 50 boules / 11 etoiles;boule_5;28;boule
2016-08-12;2011-2016 : 50 boules / 11 etoiles;boule_3;36;boule
2016-08-12;2011-2016 : 50 boules / 11 etoiles;boule_2;50;boule
2016-08-12;2011-2016 : 50 boules / 11 etoiles;etoile_2;2;etoile
2016-08-12;2011-2016 : 50 boules / 11 etoiles;etoile_1;11;etoile
2016-08-16;2011-2016 : 50 boules / 11 etoiles;boule_5;2;boule
2016-08-16;2011-2016 : 50 boules / 11 etoiles;boule_4;26;boule
2016-08-16;2011-2016 : 50 boules / 11 etoiles;boule_1;34;boule
2016-08-16;2011-2016 : 50 boules / 11 etoiles;boule_2;37;boule
2016-08-16;2011-2016 : 50 boules / 11 etoiles;boule_3;46;boule
2016-08-16;2011-2016 : 50 boules / 11 etoiles;etoile_1;4;etoile
2016-08-16;2011-2016 : 50 boules / 11 etoiles;etoile_2;8;etoile
2016-08-19;2011-2016 : 50 boules / 11 etoiles;boule_3;5;boule
2016-08-19;2011-2016 : 50 boules / 11 etoiles;boule_2;6;boule
2016-08-19;2011-2016 : 50 boules / 11 etoiles;boule_1;22;boule
2016-08-19;2011-2016 : 50 boules / 11 etoiles;boule_4;25;boule
2016-08-19;2011-2016 : 50 boules / 11 etoiles;boule_5;34;boule
2016-08-19;2011-2016 : 50 boules / 11 etoiles;etoile_2;5;etoile
2016-08-19;2011-2016 : 50 boules / 11 etoiles;etoile_1;7;etoile
2016-08-23;2011-2016 : 50 boules / 11 etoiles;boule_1;2;boule
2016-08-23;2011-2016 : 50 boules / 11 etoiles;boule_5;23;boule
2016-08-23;2011-2016 : 50 boules / 11 etoiles;boule_2;31;boule
2016-08-23;2011-2016 : 50 boules / 11 etoiles;boule_4;37;boule
2016-08-23;2011-2016 : 50 boules / 11 etoiles;boule_3;45;boule
2016-08-23;2011-2016 : 50 boules / 11 etoiles;etoile_2;4;etoile
2016-08-23;2011-2016 : 50 boules / 11 etoiles;etoile_1;8;etoile
2016-08-26;2011-2016 : 50 boules / 11 etoiles;boule_5;1;boule
2016-08-26;2011-2016 : 50 boules / 11 etoiles;boule_2;9;boule
2016-08-26;2011-2016 : 50 boules / 11 etoiles;boule_4;28;boule
2016-08-26;2011-2016 : 50 boules / 11 etoiles;boule_3;30;boule
2016-08-26;2011-2016 : 50 boules / 11 etoiles;boule_1;48;boule
2016-08-26;2011-2016 : 50 boules / 11 etoiles;etoile_1;7;etoile
2016-08-26;2011-2016 : 50 boules / 11 etoiles;etoile_2;8;etoile
2016-08-30;2011-2016 : 50 boules / 11 etoiles;boule_3;13;boule
2016-08-30;2011-2016 : 50 boules / 11 etoiles;boule_4;16;boule
2016-08-30;2011-2016 : 50 boules / 11 etoiles;boule_1;29;boule
2016-08-30;2011-2016 : 50 boules / 11 etoiles;boule_5;35;boule
2016-08-30;2011-2016 : 50 boules / 11 etoiles;boule_2;42;boule
2016-08-30;2011-2016 : 50 boules / 11 etoiles;etoile_1;6;etoile
2016-08-30;2011-2016 : 50 boules / 11 etoiles;etoile_2;8;etoile
2016-09-02;2011-2016 : 50 boules / 11 etoiles;boule_5;8;boule
2016-09-02;2011-2016 : 50 boules / 11 etoiles;boule_3;16;boule
2016-09-02;2011-2016 : 50 boules / 11 etoiles;boule_4;32;boule
2016-09-02;2011-2016 : 50 boules / 11 etoiles;boule_2;40;boule
2016-09-02;2011-2016 : 50 boules / 11 etoiles;boule_1;50;boule
2016-09-02;2011-2016 : 50 boules / 11 etoiles;etoile_1;2;etoile
2016-09-02;2011-2016 : 50 boules / 11 etoiles;etoile_2;11;etoile
2016-09-06;2011-2016 : 50 boules / 11 etoiles;boule_2;12;boule
2016-09-06;2011-2016 : 50 boules / 11 etoiles;boule_4;24;boule
2016-09-06;2011-2016 : 50 boules / 11 etoiles;boule_5;30;boule
2016-09-06;2011-2016 : 50 boules / 11 etoiles;boule_3;34;boule
2016-09-06;2011-2016 : 50 boules / 11 etoiles;boule_1;45;boule
2016-09-06;2011-2016 : 50 boules / 11 etoiles;etoile_1;7;etoile
2016-09-06;2011-2016 : 50 boules / 11 etoiles;etoile_2;10;etoile
2016-09-09;2011-2016 : 50 boules / 11 etoiles;boule_2;4;boule
2016-09-09;2011-2016 : 50 boules / 11 etoiles;boule_3;11;boule
2016-09-09;2011-2016 : 50 boules / 11 etoiles;boule_5;15;boule
2016-09-09;2011-2016 : 50 boules / 11 etoiles;boule_4;17;boule
2016-09-09;2011-2016 : 50 boules / 11 etoiles;boule_1;28;boule
2016-09-09;2011-2016 : 50 boules / 11 etoiles;etoile_1;1;etoile
2016-09-09;2011-2016 : 50 boules / 11 etoiles;etoile_2;3;etoile
2016-09-13;2011-2016 : 50 boules / 11 etoiles;boule_3;4;boule
2016-09-13;2011-2016 : 50 boules / 11 etoiles;boule_4;7;boule
2016-09-13;2011-2016 : 50 boules / 11 etoiles;boule_2;16;boule
2016-09-13;2011-2016 : 50 boules / 11 etoiles;boule_5;35;boule
2016-09-13;2011-2016 : 50 boules / 11 etoiles;boule_1;44;boule
2016-09-13;2011-2016 : 50 boules / 11 etoiles;etoile_2;1;etoile
2016-09-13;2011-2016 : 50 boules / 11 etoiles;etoile_1;3;etoile
2016-09-16;2011-2016 : 50 boules / 11 etoiles;boule_2;5;boule
2016-09-16;2011-2016 : 50 boules / 11 etoiles;boule_4;8;boule
2016-09-16;2011-2016 : 50 boules / 11 etoiles;boule_5;14;boule
2016-09-16;2011-2016 : 50 boules / 11 etoiles;boule_3;22;boule
2016-09-16;2011-2016 : 50 boules / 11 etoiles;boule_1;32;boule
2016-09-16;2011-2016 : 50 boules / 11 etoiles;etoile_1;2;etoile
2016-09-16;2011-2016 : 50 boules / 11 etoiles;etoile_2;11;etoile
2016-09-20;2011-2016 : 50 boules / 11 etoiles;boule_4;1;boule
2016-09-20;2011-2016 : 50 boules / 11 etoiles;boule_3;4;boule
2016-09-20;2011-2016 : 50 boules / 11 etoiles;boule_5;10;boule
2016-09-20;2011-2016 : 50 boules / 11 etoiles;boule_2;41;boule
2016-09-20;2011-2016 : 50 boules / 11 etoiles;boule_1;45;boule
2016-09-20;2011-2016 : 50 boules / 11 etoiles;etoile_2;6;etoile
2016-09-20;2011-2016 : 50 boules / 11 etoiles;etoile_1;9;etoile
2016-09-23;2011-2016 : 50 boules / 11 etoiles;boule_1;14;boule
2016-09-23;2011-2016 : 50 boules / 11 etoiles;boule_5;16;boule
2016-09-23;2011-2016 : 50 boules / 11 etoiles;boule_2;39;boule
2016-09-23;2011-2016 : 50 boules / 11 etoiles;boule_3;42;boule
2016-09-23;2011-2016 : 50 boules / 11 etoiles;boule_4;49;boule
2016-09-23;2011-2016 : 50 boules / 11 etoiles;etoile_2;3;etoile
2016-09-23;2011-2016 : 50 boules / 11 etoiles;etoile_1;9;etoile
2016-09-27;2016+ : 50 boules / 12 etoiles;boule_2;6;boule
2016-09-27;2016+ : 50 boules / 12 etoiles;boule_5;9;boule
2016-09-27;2016+ : 50 boules / 12 etoiles;boule_3;13;boule
2016-09-27;2016+ : 50 boules / 12 etoiles;boule_4;39;boule
2016-09-27;2016+ : 50 boules / 12 etoiles;boule_1;41;boule
2016-09-27;2016+ : 50 boules / 12 etoiles;etoile_1;2;etoile
2016-09-27;2016+ : 50 boules / 12 etoiles;etoile_2;12;etoile
2016-09-30;2016+ : 50 boules / 12 etoiles;boule_3;17;boule
2016-09-30;2016+ : 50 boules / 12 etoiles;boule_1;35;boule
2016-09-30;2016+ : 50 boules / 12 etoiles;boule_4;37;boule
2016-09-30;2016+ : 50 boules / 12 etoiles;boule_5;43;boule
2016-09-30;2016+ : 50 boules / 12 etoiles;boule_2;44;boule
2016-09-30;2016+ : 50 boules / 12 etoiles;etoile_2;2;etoile
2016-09-30;2016+ : 50 boules / 12 etoiles;etoile_1;10;etoile
2016-10-04;2016+ : 50 boules / 12 etoiles;boule_1;4;boule
2016-10-04;2016+ : 50 boules / 12 etoiles;boule_3;7;boule
2016-10-04;2016+ : 50 boules / 12 etoiles;boule_4;14;boule
2016-10-04;2016+ : 50 boules / 12 etoiles;boule_5;34;boule
2016-10-04;2016+ : 50 boules / 12 etoiles;boule_2;38;boule
2016-10-04;2016+ : 50 boules / 12 etoiles;etoile_1;4;etoile
2016-10-04;2016+ : 50 boules / 12 etoiles;etoile_2;11;etoile
2016-10-07;2016+ : 50 boules / 12 etoiles;boule_5;2;boule
2016-10-07;2016+ : 50 boules / 12 etoiles;boule_1;12;boule
2016-10-07;2016+ : 50 boules / 12 etoiles;boule_4;20;boule
2016-10-07;2016+ : 50 boules / 12 etoiles;boule_3;27;boule
2016-10-07;2016+ : 50 boules / 12 etoiles;boule_2;30;boule
2016-10-07;2016+ : 50 boules / 12 etoiles;etoile_2;9;etoile
2016-10-07;2016+ : 50 boules / 12 etoiles;etoile_1;11;etoile
2016-10-11;2016+ : 50 boules / 12 etoiles;boule_5;5;boule
2016-10-11;2016+ : 50 boules / 12 etoiles;boule_1;12;boule
2016-10-11;2016+ : 50 boules / 12 etoiles;boule_3;20;boule
2016-10-11;2016+ : 50 boules / 12 etoiles;boule_4;24;boule
2016-10-11;2016+ : 50 boules / 12 etoiles;boule_2;37;boule
2016-10-11;2016+ : 50 boules / 12 etoiles;etoile_1;4;etoile
2016-10-11;2016+ : 50 boules / 12 etoiles;etoile_2;11;etoile
2016-10-14;2016+ : 50 boules / 12 etoiles;boule_4;7;boule
2016-10-14;2016+ : 50 boules / 12 etoiles;boule_5;13;boule
2016-10-14;2016+ : 50 boules / 12 etoiles;boule_3;19;boule
2016-10-14;2016+ : 50 boules / 12 etoiles;boule_1;31;boule
2016-10-14;2016+ : 50 boules / 12 etoiles;boule_2;34;boule
2016-10-14;2016+ : 50 boules / 12 etoiles;etoile_2;1;etoile
2016-10-14;2016+ : 50 boules / 12 etoiles;etoile_1;11;etoile
2016-10-18;2016+ : 50 boules / 12 etoiles;boule_1;2;boule
2016-10-18;2016+ : 50 boules / 12 etoiles;boule_3;17;boule
2016-10-18;2016+ : 50 boules / 12 etoiles;boule_4;21;boule
2016-10-18;2016+ : 50 boules / 12 etoiles;boule_2;25;boule
2016-10-18;2016+ : 50 boules / 12 etoiles;boule_5;27;boule
2016-10-18;2016+ : 50 boules / 12 etoiles;etoile_2;6;etoile
2016-10-18;2016+ : 50 boules / 12 etoiles;etoile_1;9;etoile
2016-10-21;2016+ : 50 boules / 12 etoiles;boule_2;9;boule
2016-10-21;2016+ : 50 boules / 12 etoiles;boule_4;20;boule
2016-10-21;2016+ : 50 boules / 12 etoiles;boule_3;23;boule
2016-10-21;2016+ : 50 boules / 12 etoiles;boule_5;44;boule
2016-10-21;2016+ : 50 boules / 12 etoiles;boule_1;48;boule
2016-10-21;2016+ : 50 boules / 12 etoiles;etoile_2;8;etoile
2016-10-21;2016+ : 50 boules / 12 etoiles;etoile_1;10;etoile
2016-10-25;2016+ : 50 boules / 12 etoiles;boule_4;3;boule
2016-10-25;2016+ : 50 boules / 12 etoiles;boule_2;15;boule
2016-10-25;2016+ : 50 boules / 12 etoiles;boule_5;20;boule
2016-10-25;2016+ : 50 boules / 12 etoiles;boule_3;21;boule
2016-10-25;2016+ : 50 boules / 12 etoiles;boule_1;28;boule
2016-10-25;2016+ : 50 boules / 12 etoiles;etoile_2;1;etoile
2016-10-25;2016+ : 50 boules / 12 etoiles;etoile_1;5;etoile
2016-10-28;2016+ : 50 boules / 12 etoiles;boule_3;10;boule
2016-10-28;2016+ : 50 boules / 12 etoiles;boule_5;16;boule
2016-10-28;2016+ : 50 boules / 12 etoiles;boule_4;19;boule
2016-10-28;2016+ : 50 boules / 12 etoiles;boule_1;23;boule
2016-10-28;2016+ : 50 boules / 12 etoiles;boule_2;43;boule
2016-10-28;2016+ : 50 boules / 12 etoiles;etoile_2;2;etoile
2016-10-28;2016+ : 50 boules / 12 etoiles;etoile_1;8;etoile
2016-11-01;2016+ : 50 boules / 12 etoiles;boule_3;6;boule
2016-11-01;2016+ : 50 boules / 12 etoiles;boule_1;10;boule
2016-11-01;2016+ : 50 boules / 12 etoiles;boule_2;20;boule
2016-11-01;2016+ : 50 boules / 12 etoiles;boule_5;29;boule
2016-11-01;2016+ : 50 boules / 12 etoiles;boule_4;37;boule
2016-11-01;2016+ : 50 boules / 12 etoiles;etoile_2;1;etoile
2016-11-01;2016+ : 50 boules / 12 etoiles;etoile_1;9;etoile
2016-11-04;2016+ : 50 boules / 12 etoiles;boule_1;7;boule
2016-11-04;2016+ : 50 boules / 12 etoiles;boule_2;11;boule
2016-11-04;2016+ : 50 boules / 12 etoiles;boule_3;12;boule
2016-11-04;2016+ : 50 boules / 12 etoiles;boule_5;44;boule
2016-11-04;2016+ : 50 boules / 12 etoiles;boule_4;48;boule
2016-11-04;2016+ : 50 boules / 12 etoiles;etoile_2;3;etoile
2016-11-04;2016+ : 50 boules / 12 etoiles;etoile_1;7;etoile
2016-11-08;2016+ : 50 boules / 12 etoiles;boule_5;5;boule
2016-11-08;2016+ : 50 boules / 12 etoiles;boule_3;9;boule
2016-11-08;2016+ : 50 boules / 12 etoiles;boule_2;47;boule
2016-11-08;2016+ : 50 boules / 12 etoiles;boule_1;49;boule
2016-11-08;2016+ : 50 boules / 12 etoiles;boule_4;50;boule
2016-11-08;2016+ : 50 boules / 12 etoiles;etoile_2;8;etoile
2016-11-08;2016+ : 50 boules / 12 etoiles;etoile_1;9;etoile
2016-11-11;2016+ : 50 boules / 12 etoiles;boule_3;3;boule
2016-11-11;2016+ : 50 boules / 12 etoiles;boule_4;22;boule
2016-11-11;2016+ : 50 boules / 12 etoiles;boule_5;23;boule
2016-11-11;2016+ : 50 boules / 12 etoiles;boule_1;38;boule
2016-11-11;2016+ : 50 boules / 12 etoiles;boule_2;49;boule
2016-11-11;2016+ : 50 boules / 12 etoiles;etoile_2;2;etoile
2016-11-11;2016+ : 50 boules / 12 etoiles;etoile_1;9;etoile
2016-11-15;2016+ : 50 boules / 12 etoiles;boule_2;7;boule
2016-11-15;2016+ : 50 boules / 12 etoiles;boule_3;15;boule
2016-11-15;2016+ : 50 boules / 12 etoiles;boule_4;36;boule
2016-11-15;2016+ : 50 boules / 12 etoiles;boule_1;42;boule
2016-11-15;2016+ : 50 boules / 12 etoiles;boule_5;48;boule
2016-11-15;2016+ : 50 boules / 12 etoiles;etoile_1;3;etoile
2016-11-15;2016+ : 50 boules / 12 etoiles;etoile_2;7;etoile
2016-11-18;2016+ : 50 boules / 12 etoiles;boule_5;3;boule
2016-11-18;2016+ : 50 boules / 12 etoiles;boule_3;12;boule
2016-11-18;2016+ : 50 boules / 12 etoiles;boule_2;27;boule
2016-11-18;2016+ : 50 boules / 12 etoiles;boule_1;32;boule
2016-11-18;2016+ : 50 boules / 12 etoiles;boule_4;47;boule
2016-11-18;2016+ : 50 boules / 12 etoiles;etoile_2;6;etoile
2016-11-18;2016+ : 50 boules / 12 etoiles;etoile_1;8;etoile
2016-11-22;2016+ : 50 boules / 12 etoiles;boule_3;5;boule
2016-11-22;2016+ : 50 boules / 12 etoiles;boule_2;10;boule
2016-11-22;2016+ : 50 boules / 12 etoiles;boule_4;33;boule
2016-11-22;2016+ : 50 boules / 12 etoiles;boule_5;34;boule
2016-11-22;2016+ : 50 boules / 12 etoiles;boule_1;47;boule
2016-11-22;2016+ : 50 boules / 12 etoiles;etoile_2;2;etoile
2016-11-22;2016+ : 50 boules / 12 etoiles;etoile_1;10;etoile
2016-11-25;2016+ : 50 boules / 12 etoiles;boule_3;5;boule
2016-11-25;2016+ : 50 boules / 12 etoiles;boule_4;11;boule
2016-11-25;2016+ : 50 boules / 12 etoiles;boule_5;17;boule
2016-11-25;2016+ : 50 boules / 12 etoiles;boule_2;23;boule
2016-11-25;2016+ : 50 boules / 12 etoiles;boule_1;28;boule
2016-11-25;2016+ : 50 boules / 12 etoiles;etoile_1;10;etoile
2016-11-25;2016+ : 50 boules / 12 etoiles;etoile_2;11;etoile
2016-11-29;2016+ : 50 boules / 12 etoiles;boule_3;21;boule
2016-11-29;2016+ : 50 boules / 12 etoiles;boule_5;26;boule
2016-11-29;2016+ : 50 boules / 12 etoiles;boule_2;27;boule
2016-11-29;2016+ : 50 boules / 12 etoiles;boule_4;28;boule
2016-11-29;2016+ : 50 boules / 12 etoiles;boule_1;38;boule
2016-11-29;2016+ : 50 boules / 12 etoiles;etoile_2;9;etoile
2016-11-29;2016+ : 50 boules / 12 etoiles;etoile_1;11;etoile
2016-12-02;2016+ : 50 boules / 12 etoiles;boule_3;6;boule
2016-12-02;2016+ : 50 boules / 12 etoiles;boule_4;11;boule
2016-12-02;2016+ : 50 boules / 12 etoiles;boule_1;23;boule
2016-12-02;2016+ : 50 boules / 12 etoiles;boule_5;31;boule
2016-12-02;2016+ : 50 boules / 12 etoiles;boule_2;32;boule
2016-12-02;2016+ : 50 boules / 12 etoiles;etoile_1;2;etoile
2016-12-02;2016+ : 50 boules / 12 etoiles;etoile_2;12;etoile
2016-12-06;2016+ : 50 boules / 12 etoiles;boule_2;1;boule
2016-12-06;2016+ : 50 boules / 12 etoiles;boule_3;7;boule
2016-12-06;2016+ : 50 boules / 12 etoiles;boule_4;11;boule
2016-12-06;2016+ : 50 boules / 12 etoiles;boule_1;27;boule
2016-12-06;2016+ : 50 boules / 12 etoiles;boule_5;45;boule
2016-12-06;2016+ : 50 boules / 12 etoiles;etoile_2;4;etoile
2016-12-06;2016+ : 50 boules / 12 etoiles;etoile_1;9;etoile
2016-12-09;2016+ : 50 boules / 12 etoiles;boule_1;6;boule
2016-12-09;2016+ : 50 boules / 12 etoiles;boule_5;12;boule
2016-12-09;2016+ : 50 boules / 12 etoiles;boule_4;28;boule
2016-12-09;2016+ : 50 boules / 12 etoiles;boule_3;37;boule
2016-12-09;2016+ : 50 boules / 12 etoiles;boule_2;40;boule
2016-12-09;2016+ : 50 boules / 12 etoiles;etoile_1;1;etoile
2016-12-09;2016+ : 50 boules / 12 etoiles;etoile_2;5;etoile
2016-12-13;2016+ : 50 boules / 12 etoiles;boule_5;14;boule
2016-12-13;2016+ : 50 boules / 12 etoiles;boule_1;28;boule
2016-12-13;2016+ : 50 boules / 12 etoiles;boule_4;29;boule
2016-12-13;2016+ : 50 boules / 12 etoiles;boule_3;48;boule
2016-12-13;2016+ : 50 boules / 12 etoiles;boule_2;50;boule
2016-12-13;2016+ : 50 boules / 12 etoiles;etoile_2;2;etoile
2016-12-13;2016+ : 50 boules / 12 etoiles;etoile_1;8;etoile
2016-12-16;2016+ : 50 boules / 12 etoiles;boule_3;6;boule
2016-12-16;2016+ : 50 boules / 12 etoiles;boule_2;10;boule
2016-12-16;2016+ : 50 boules / 12 etoiles;boule_4;30;boule
2016-12-16;2016+ : 50 boules / 12 etoiles;boule_5;41;boule
2016-12-16;2016+ : 50 boules / 12 etoiles;boule_1;45;boule
2016-12-16;2016+ : 50 boules / 12 etoiles;etoile_2;4;etoile
2016-12-16;2016+ : 50 boules / 12 etoiles;etoile_1;11;etoile
2016-12-20;2016+ : 50 boules / 12 etoiles;boule_3;13;boule
2016-12-20;2016+ : 50 boules / 12 etoiles;boule_1;15;boule
2016-12-20;2016+ : 50 boules / 12 etoiles;boule_5;17;boule
2016-12-20;2016+ : 50 boules / 12 etoiles;boule_4;21;boule
2016-12-20;2016+ : 50 boules / 12 etoiles;boule_2;27;boule
2016-12-20;2016+ : 50 boules / 12 etoiles;etoile_2;2;etoile
2016-12-20;2016+ : 50 boules / 12 etoiles;etoile_1;3;etoile
2016-12-23;2016+ : 50 boules / 12 etoiles;boule_5;4;boule
2016-12-23;2016+ : 50 boules / 12 etoiles;boule_3;16;boule
2016-12-23;2016+ : 50 boules / 12 etoiles;boule_4;20;boule
2016-12-23;2016+ : 50 boules / 12 etoiles;boule_2;39;boule
2016-12-23;2016+ : 50 boules / 12 etoiles;boule_1;46;boule
2016-12-23;2016+ : 50 boules / 12 etoiles;etoile_2;2;etoile
2016-12-23;2016+ : 50 boules / 12 etoiles;etoile_1;5;etoile
2016-12-27;2016+ : 50 boules / 12 etoiles;boule_5;3;boule
2016-12-27;2016+ : 50 boules / 12 etoiles;boule_2;22;boule
2016-12-27;2016+ : 50 boules / 12 etoiles;boule_4;25;boule
2016-12-27;2016+ : 50 boules / 12 etoiles;boule_1;32;boule
2016-12-27;2016+ : 50 boules / 12 etoiles;boule_3;39;boule
2016-12-27;2016+ : 50 boules / 12 etoiles;etoile_1;7;etoile
2016-12-27;2016+ : 50 boules / 12 etoiles;etoile_2;12;etoile
2016-12-30;2016+ : 50 boules / 12 etoiles;boule_5;8;boule
2016-12-30;2016+ : 50 boules / 12 etoiles;boule_1;10;boule
2016-12-30;2016+ : 50 boules / 12 etoiles;boule_2;22;boule
2016-12-30;2016+ : 50 boules / 12 etoiles;boule_3;29;boule
2016-12-30;2016+ : 50 boules / 12 etoiles;boule_4;47;boule
2016-12-30;2016+ : 50 boules / 12 etoiles;etoile_1;1;etoile
2016-12-30;2016+ : 50 boules / 12 etoiles;etoile_2;3;etoile
2017-01-03;2016+ : 50 boules / 12 etoiles;boule_5;19;boule
2017-01-03;2016+ : 50 boules / 12 etoiles;boule_4;23;boule
2017-01-03;2016+ : 50 boules / 12 etoiles;boule_2;27;boule
2017-01-03;2016+ : 50 boules / 12 etoiles;boule_1;34;boule
2017-01-03;2016+ : 50 boules / 12 etoiles;boule_3;49;boule
2017-01-03;2016+ : 50 boules / 12 etoiles;etoile_2;1;etoile
2017-01-03;2016+ : 50 boules / 12 etoiles;etoile_1;11;etoile
2017-01-06;2016+ : 50 boules / 12 etoiles;boule_4;10;boule
2017-01-06;2016+ : 50 boules / 12 etoiles;boule_2;14;boule
2017-01-06;2016+ : 50 boules / 12 etoiles;boule_5;18;boule
2017-01-06;2016+ : 50 boules / 12 etoiles;boule_1;21;boule
2017-01-06;2016+ : 50 boules / 12 etoiles;boule_3;49;boule
2017-01-06;2016+ : 50 boules / 12 etoiles;etoile_1;9;etoile
2017-01-06;2016+ : 50 boules / 12 etoiles;etoile_2;11;etoile
2017-01-10;2016+ : 50 boules / 12 etoiles;boule_5;2;boule
2017-01-10;2016+ : 50 boules / 12 etoiles;boule_4;11;boule
2017-01-10;2016+ : 50 boules / 12 etoiles;boule_2;29;boule
2017-01-10;2016+ : 50 boules / 12 etoiles;boule_3;35;boule
2017-01-10;2016+ : 50 boules / 12 etoiles;boule_1;44;boule
2017-01-10;2016+ : 50 boules / 12 etoiles;etoile_1;4;etoile
2017-01-10;2016+ : 50 boules / 12 etoiles;etoile_2;9;etoile
2017-01-13;2016+ : 50 boules / 12 etoiles;boule_4;3;boule
2017-01-13;2016+ : 50 boules / 12 etoiles;boule_2;7;boule
2017-01-13;2016+ : 50 boules / 12 etoiles;boule_1;16;boule
2017-01-13;2016+ : 50 boules / 12 etoiles;boule_5;26;boule
2017-01-13;2016+ : 50 boules / 12 etoiles;boule_3;50;boule
2017-01-13;2016+ : 50 boules / 12 etoiles;etoile_1;4;etoile
2017-01-13;2016+ : 50 boules / 12 etoiles;etoile_2;7;etoile
2017-01-17;2016+ : 50 boules / 12 etoiles;boule_2;4;boule
2017-01-17;2016+ : 50 boules / 12 etoiles;boule_4;16;boule
2017-01-17;2016+ : 50 boules / 12 etoiles;boule_3;25;boule
2017-01-17;2016+ : 50 boules / 12 etoiles;boule_1;43;boule
2017-01-17;2016+ : 50 boules / 12 etoiles;boule_5;47;boule
2017-01-17;2016+ : 50 boules / 12 etoiles;etoile_2;2;etoile
2017-01-17;2016+ : 50 boules / 12 etoiles;etoile_1;10;etoile
2017-01-20;2016+ : 50 boules / 12 etoiles;boule_2;10;boule
2017-01-20;2016+ : 50 boules / 12 etoiles;boule_1;17;boule
2017-01-20;2016+ : 50 boules / 12 etoiles;boule_3;27;boule
2017-01-20;2016+ : 50 boules / 12 etoiles;boule_5;31;boule
2017-01-20;2016+ : 50 boules / 12 etoiles;boule_4;49;boule
2017-01-20;2016+ : 50 boules / 12 etoiles;etoile_1;3;etoile
2017-01-20;2016+ : 50 boules / 12 etoiles;etoile_2;5;etoile
2017-01-24;2016+ : 50 boules / 12 etoiles;boule_2;1;boule
2017-01-24;2016+ : 50 boules / 12 etoiles;boule_1;5;boule
2017-01-24;2016+ : 50 boules / 12 etoiles;boule_5;7;boule
2017-01-24;2016+ : 50 boules / 12 etoiles;boule_4;17;boule
2017-01-24;2016+ : 50 boules / 12 etoiles;boule_3;23;boule
2017-01-24;2016+ : 50 boules / 12 etoiles;etoile_1;3;etoile
2017-01-24;2016+ : 50 boules / 12 etoiles;etoile_2;8;etoile
2017-01-27;2016+ : 50 boules / 12 etoiles;boule_4;17;boule
2017-01-27;2016+ : 50 boules / 12 etoiles;boule_3;20;boule
2017-01-27;2016+ : 50 boules / 12 etoiles;boule_1;28;boule
2017-01-27;2016+ : 50 boules / 12 etoiles;boule_2;45;boule
2017-01-27;2016+ : 50 boules / 12 etoiles;boule_5;48;boule
2017-01-27;2016+ : 50 boules / 12 etoiles;etoile_2;5;etoile
2017-01-27;2016+ : 50 boules / 12 etoiles;etoile_1;9;etoile
2017-01-31;2016+ : 50 boules / 12 etoiles;boule_5;3;boule
2017-01-31;2016+ : 50 boules / 12 etoiles;boule_1;4;boule
2017-01-31;2016+ : 50 boules / 12 etoiles;boule_2;17;boule
2017-01-31;2016+ : 50 boules / 12 etoiles;boule_4;23;boule
2017-01-31;2016+ : 50 boules / 12 etoiles;boule_3;44;boule
2017-01-31;2016+ : 50 boules / 12 etoiles;etoile_1;6;etoile
2017-01-31;2016+ : 50 boules / 12 etoiles;etoile_2;9;etoile
2017-02-03;2016+ : 50 boules / 12 etoiles;boule_1;3;boule
2017-02-03;2016+ : 50 boules / 12 etoiles;boule_2;4;boule
2017-02-03;2016+ : 50 boules / 12 etoiles;boule_5;15;boule
2017-02-03;2016+ : 50 boules / 12 etoiles;boule_4;46;boule
2017-02-03;2016+ : 50 boules / 12 etoiles;boule_3;50;boule
2017-02-03;2016+ : 50 boules / 12 etoiles;etoile_2;5;etoile
2017-02-03;2016+ : 50 boules / 12 etoiles;etoile_1;9;etoile
2017-02-07;2016+ : 50 boules / 12 etoiles;boule_3;4;boule
2017-02-07;2016+ : 50 boules / 12 etoiles;boule_5;10;boule
2017-02-07;2016+ : 50 boules / 12 etoiles;boule_4;31;boule
2017-02-07;2016+ : 50 boules / 12 etoiles;boule_2;38;boule
2017-02-07;2016+ : 50 boules / 12 etoiles;boule_1;44;boule
2017-02-07;2016+ : 50 boules / 12 etoiles;etoile_2;8;etoile
2017-02-07;2016+ : 50 boules / 12 etoiles;etoile_1;10;etoile
2017-02-10;2016+ : 50 boules / 12 etoiles;boule_3;7;boule
2017-02-10;2016+ : 50 boules / 12 etoiles;boule_5;21;boule
2017-02-10;2016+ : 50 boules / 12 etoiles;boule_2;26;boule
2017-02-10;2016+ : 50 boules / 12 etoiles;boule_4;35;boule
2017-02-10;2016+ : 50 boules / 12 etoiles;boule_1;43;boule
2017-02-10;2016+ : 50 boules / 12 etoiles;etoile_2;2;etoile
2017-02-10;2016+ : 50 boules / 12 etoiles;etoile_1;9;etoile
2017-02-14;2016+ : 50 boules / 12 etoiles;boule_4;2;boule
2017-02-14;2016+ : 50 boules / 12 etoiles;boule_5;10;boule
2017-02-14;2016+ : 50 boules / 12 etoiles;boule_3;24;boule
2017-02-14;2016+ : 50 boules / 12 etoiles;boule_2;40;boule
2017-02-14;2016+ : 50 boules / 12 etoiles;boule_1;44;boule
2017-02-14;2016+ : 50 boules / 12 etoiles;etoile_1;3;etoile
2017-02-14;2016+ : 50 boules / 12 etoiles;etoile_2;10;etoile
2017-02-17;2016+ : 50 boules / 12 etoiles;boule_2;19;boule
2017-02-17;2016+ : 50 boules / 12 etoiles;boule_1;25;boule
2017-02-17;2016+ : 50 boules / 12 etoiles;boule_3;33;boule
2017-02-17;2016+ : 50 boules / 12 etoiles;boule_4;36;boule
2017-02-17;2016+ : 50 boules / 12 etoiles;boule_5;48;boule
2017-02-17;2016+ : 50 boules / 12 etoiles;etoile_1;2;etoile
2017-02-17;2016+ : 50 boules / 12 etoiles;etoile_2;9;etoile
2017-02-21;2016+ : 50 boules / 12 etoiles;boule_4;13;boule
2017-02-21;2016+ : 50 boules / 12 etoiles;boule_1;19;boule
2017-02-21;2016+ : 50 boules / 12 etoiles;boule_2;41;boule
2017-02-21;2016+ : 50 boules / 12 etoiles;boule_5;45;boule
2017-02-21;2016+ : 50 boules / 12 etoiles;boule_3;49;boule
2017-02-21;2016+ : 50 boules / 12 etoiles;etoile_2;3;etoile
2017-02-21;2016+ : 50 boules / 12 etoiles;etoile_1;4;etoile
2017-02-24;2016+ : 50 boules / 12 etoiles;boule_2;2;boule
2017-02-24;2016+ : 50 boules / 12 etoiles;boule_5;4;boule
2017-02-24;2016+ : 50 boules / 12 etoiles;boule_1;13;boule
2017-02-24;2016+ : 50 boules / 12 etoiles;boule_4;22;boule
2017-02-24;2016+ : 50 boules / 12 etoiles;boule_3;43;boule
2017-02-24;2016+ : 50 boules / 12 etoiles;etoile_1;8;etoile
2017-02-24;2016+ : 50 boules / 12 etoiles;etoile_2;9;etoile
2017-02-28;2016+ : 50 boules / 12 etoiles;boule_3;10;boule
2017-02-28;2016+ : 50 boules / 12 etoiles;boule_5;20;boule
2017-02-28;2016+ : 50 boules / 12 etoiles;boule_2;31;boule
2017-02-28;2016+ : 50 boules / 12 etoiles;boule_1;35;boule
2017-02-28;2016+ : 50 boules / 12 etoiles;boule_4;42;boule
2017-02-28;2016+ : 50 boules / 12 etoiles;etoile_1;2;etoile
2017-02-28;2016+ : 50 boules / 12 etoiles;etoile_2;12;etoile
2017-03-03;2016+ : 50 boules / 12 etoiles;boule_2;2;boule
2017-03-03;2016+ : 50 boules / 12 etoiles;boule_3;11;boule
2017-03-03;2016+ : 50 boules / 12 etoiles;boule_4;29;boule
2017-03-03;2016+ : 50 boules / 12 etoiles;boule_5;30;boule
2017-03-03;2016+ : 50 boules / 12 etoiles;boule_1;47;boule
2017-03-03;2016+ : 50 boules / 12 etoiles;etoile_2;1;etoile
2017-03-03;2016+ : 50 boules / 12 etoiles;etoile_1;12;etoile
2017-03-07;2016+ : 50 boules / 12 etoiles;boule_1;6;boule
2017-03-07;2016+ : 50 boules / 12 etoiles;boule_2;37;boule
2017-03-07;2016+ : 50 boules / 12 etoiles;boule_4;41;boule
2017-03-07;2016+ : 50 boules / 12 etoiles;boule_5;48;boule
2017-03-07;2016+ : 50 boules / 12 etoiles;boule_3;50;boule
2017-03-07;2016+ : 50 boules / 12 etoiles;etoile_2;4;etoile
2017-03-07;2016+ : 50 boules / 12 etoiles;etoile_1;5;etoile
2017-03-10;2016+ : 50 boules / 12 etoiles;boule_3;31;boule
2017-03-10;2016+ : 50 boules / 12 etoiles;boule_5;36;boule
2017-03-10;2016+ : 50 boules / 12 etoiles;boule_1;38;boule
2017-03-10;2016+ : 50 boules / 12 etoiles;boule_4;47;boule
2017-03-10;2016+ : 50 boules / 12 etoiles;boule_2;49;boule
2017-03-10;2016+ : 50 boules / 12 etoiles;etoile_1;8;etoile
2017-03-10;2016+ : 50 boules / 12 etoiles;etoile_2;11;etoile
2017-03-14;2016+ : 50 boules / 12 etoiles;boule_5;3;boule
2017-03-14;2016+ : 50 boules / 12 etoiles;boule_2;5;boule
2017-03-14;2016+ : 50 boules / 12 etoiles;boule_1;21;boule
2017-03-14;2016+ : 50 boules / 12 etoiles;boule_4;36;boule
2017-03-14;2016+ : 50 boules / 12 etoiles;boule_3;44;boule
2017-03-14;2016+ : 50 boules / 12 etoiles;etoile_1;3;etoile
2017-03-14;2016+ : 50 boules / 12 etoiles;etoile_2;6;etoile
2017-03-17;2016+ : 50 boules / 12 etoiles;boule_4;6;boule
2017-03-17;2016+ : 50 boules / 12 etoiles;boule_5;10;boule
2017-03-17;2016+ : 50 boules / 12 etoiles;boule_1;19;boule
2017-03-17;2016+ : 50 boules / 12 etoiles;boule_2;29;boule
2017-03-17;2016+ : 50 boules / 12 etoiles;boule_3;36;boule
2017-03-17;2016+ : 50 boules / 12 etoiles;etoile_2;3;etoile
2017-03-17;2016+ : 50 boules / 12 etoiles;etoile_1;9;etoile
2017-03-21;2016+ : 50 boules / 12 etoiles;boule_5;1;boule
2017-03-21;2016+ : 50 boules / 12 etoiles;boule_3;20;boule
2017-03-21;2016+ : 50 boules / 12 etoiles;boule_2;23;boule
2017-03-21;2016+ : 50 boules / 12 etoiles;boule_4;44;boule
2017-03-21;2016+ : 50 boules / 12 etoiles;boule_1;47;boule
2017-03-21;2016+ : 50 boules / 12 etoiles;etoile_2;4;etoile
2017-03-21;2016+ : 50 boules / 12 etoiles;etoile_1;11;etoile
2017-03-24;2016+ : 50 boules / 12 etoiles;boule_1;2;boule
2017-03-24;2016+ : 50 boules / 12 etoiles;boule_3;17;boule
2017-03-24;2016+ : 50 boules / 12 etoiles;boule_2;21;boule
2017-03-24;2016+ : 50 boules / 12 etoiles;boule_4;27;boule
2017-03-24;2016+ : 50 boules / 12 etoiles;boule_5;34;boule
2017-03-24;2016+ : 50 boules / 12 etoiles;etoile_1;5;etoile
2017-03-24;2016+ : 50 boules / 12 etoiles;etoile_2;9;etoile
2017-03-28;2016+ : 50 boules / 12 etoiles;boule_4;9;boule
2017-03-28;2016+ : 50 boules / 12 etoiles;boule_2;13;boule
2017-03-28;2016+ : 50 boules / 12 etoiles;boule_5;31;boule
2017-03-28;2016+ : 50 boules / 12 etoiles;boule_1;33;boule
2017-03-28;2016+ : 50 boules / 12 etoiles;boule_3;46;boule
2017-03-28;2016+ : 50 boules / 12 etoiles;etoile_1;6;etoile
2017-03-28;2016+ : 50 boules / 12 etoiles;etoile_2;10;etoile
2017-03-31;2016+ : 50 boules / 12 etoiles;boule_4;17;boule
2017-03-31;2016+ : 50 boules / 12 etoiles;boule_1;24;boule
2017-03-31;2016+ : 50 boules / 12 etoiles;boule_2;26;boule
2017-03-31;2016+ : 50 boules / 12 etoiles;boule_5;28;boule
2017-03-31;2016+ : 50 boules / 12 etoiles;boule_3;45;boule
2017-03-31;2016+ : 50 boules / 12 etoiles;etoile_1;4;etoile
2017-03-31;2016+ : 50 boules / 12 etoiles;etoile_2;12;etoile
2017-04-04;2016+ : 50 boules / 12 etoiles;boule_4;1;boule
2017-04-04;2016+ : 50 boules / 12 etoiles;boule_3;9;boule
2017-04-04;2016+ : 50 boules / 12 etoiles;boule_1;24;boule
2017-04-04;2016+ : 50 boules / 12 etoiles;boule_2;33;boule
2017-04-04;2016+ : 50 boules / 12 etoiles;boule_5;34;boule
2017-04-04;2016+ : 50 boules / 12 etoiles;etoile_1;2;etoile
2017-04-04;2016+ : 50 boules / 12 etoiles;etoile_2;6;etoile
2017-04-07;2016+ : 50 boules / 12 etoiles;boule_3;2;boule
2017-04-07;2016+ : 50 boules / 12 etoiles;boule_2;10;boule
2017-04-07;2016+ : 50 boules / 12 etoiles;boule_5;19;boule
2017-04-07;2016+ : 50 boules / 12 etoiles;boule_1;35;boule
2017-04-07;2016+ : 50 boules / 12 etoiles;boule_4;50;boule
2017-04-07;2016+ : 50 boules / 12 etoiles;etoile_2;6;etoile
2017-04-07;2016+ : 50 boules / 12 etoiles;etoile_1;7;etoile
2017-04-11;2016+ : 50 boules / 12 etoiles;boule_2;5;boule
2017-04-11;2016+ : 50 boules / 12 etoiles;boule_5;21;boule
2017-04-11;2016+ : 50 boules / 12 etoiles;boule_1;22;boule
2017-04-11;2016+ : 50 boules / 12 etoiles;boule_3;31;boule
2017-04-11;2016+ : 50 boules / 12 etoiles;boule_4;49;boule
2017-04-11;2016+ : 50 boules / 12 etoiles;etoile_2;2;etoile
2017-04-11;2016+ : 50 boules / 12 etoiles;etoile_1;8;etoile
2017-04-14;2016+ : 50 boules / 12 etoiles;boule_3;4;boule
2017-04-14;2016+ : 50 boules / 12 etoiles;boule_4;14;boule
2017-04-14;2016+ : 50 boules / 12 etoiles;boule_2;20;boule
2017-04-14;2016+ : 50 boules / 12 etoiles;boule_5;23;boule
2017-04-14;2016+ : 50 boules / 12 etoiles;boule_1;33;boule
2017-04-14;2016+ : 50 boules / 12 etoiles;etoile_1;6;etoile
2017-04-14;2016+ : 50 boules / 12 etoiles;etoile_2;10;etoile
2017-04-18;2016+ : 50 boules / 12 etoiles;boule_2;17;boule
2017-04-18;2016+ : 50 boules / 12 etoiles;boule_1;22;boule
2017-04-18;2016+ : 50 boules / 12 etoiles;boule_5;31;boule
2017-04-18;2016+ : 50 boules / 12 etoiles;boule_4;38;boule
2017-04-18;2016+ : 50 boules / 12 etoiles;boule_3;45;boule
2017-04-18;2016+ : 50 boules / 12 etoiles;etoile_2;5;etoile
2017-04-18;2016+ : 50 boules / 12 etoiles;etoile_1;12;etoile
2017-04-21;2016+ : 50 boules / 12 etoiles;boule_1;2;boule
2017-04-21;2016+ : 50 boules / 12 etoiles;boule_2;13;boule
2017-04-21;2016+ : 50 boules / 12 etoiles;boule_5;16;boule
2017-04-21;2016+ : 50 boules / 12 etoiles;boule_3;22;boule
2017-04-21;2016+ : 50 boules / 12 etoiles;boule_4;49;boule
2017-04-21;2016+ : 50 boules / 12 etoiles;etoile_1;4;etoile
2017-04-21;2016+ : 50 boules / 12 etoiles;etoile_2;5;etoile
2017-04-25;2016+ : 50 boules / 12 etoiles;boule_2;9;boule
2017-04-25;2016+ : 50 boules / 12 etoiles;boule_1;11;boule
2017-04-25;2016+ : 50 boules / 12 etoiles;boule_4;19;boule
2017-04-25;2016+ : 50 boules / 12 etoiles;boule_3;32;boule
2017-04-25;2016+ : 50 boules / 12 etoiles;boule_5;43;boule
2017-04-25;2016+ : 50 boules / 12 etoiles;etoile_1;3;etoile
2017-04-25;2016+ : 50 boules / 12 etoiles;etoile_2;9;etoile
2017-04-28;2016+ : 50 boules / 12 etoiles;boule_5;14;boule
2017-04-28;2016+ : 50 boules / 12 etoiles;boule_1;20;boule
2017-04-28;2016+ : 50 boules / 12 etoiles;boule_2;25;boule
2017-04-28;2016+ : 50 boules / 12 etoiles;boule_3;30;boule
2017-04-28;2016+ : 50 boules / 12 etoiles;boule_4;39;boule
2017-04-28;2016+ : 50 boules / 12 etoiles;etoile_2;2;etoile
2017-04-28;2016+ : 50 boules / 12 etoiles;etoile_1;8;etoile
2017-05-02;2016+ : 50 boules / 12 etoiles;boule_4;6;boule
2017-05-02;2016+ : 50 boules / 12 etoiles;boule_3;19;boule
2017-05-02;2016+ : 50 boules / 12 etoiles;boule_5;23;boule
2017-05-02;2016+ : 50 boules / 12 etoiles;boule_2;25;boule
2017-05-02;2016+ : 50 boules / 12 etoiles;boule_1;27;boule
2017-05-02;2016+ : 50 boules / 12 etoiles;etoile_2;11;etoile
2017-05-02;2016+ : 50 boules / 12 etoiles;etoile_1;12;etoile
2017-05-05;2016+ : 50 boules / 12 etoiles;boule_4;3;boule
2017-05-05;2016+ : 50 boules / 12 etoiles;boule_1;7;boule
2017-05-05;2016+ : 50 boules / 12 etoiles;boule_3;30;boule
2017-05-05;2016+ : 50 boules / 12 etoiles;boule_5;35;boule
2017-05-05;2016+ : 50 boules / 12 etoiles;boule_2;43;boule
2017-05-05;2016+ : 50 boules / 12 etoiles;etoile_1;1;etoile
2017-05-05;2016+ : 50 boules / 12 etoiles;etoile_2;3;etoile
2017-05-09;2016+ : 50 boules / 12 etoiles;boule_5;8;boule
2017-05-09;2016+ : 50 boules / 12 etoiles;boule_4;12;boule
2017-05-09;2016+ : 50 boules / 12 etoiles;boule_3;16;boule
2017-05-09;2016+ : 50 boules / 12 etoiles;boule_2;22;boule
2017-05-09;2016+ : 50 boules / 12 etoiles;boule_1;26;boule
2017-05-09;2016+ : 50 boules / 12 etoiles;etoile_2;6;etoile
2017-05-09;2016+ : 50 boules / 12 etoiles;etoile_1;7;etoile
2017-05-12;2016+ : 50 boules / 12 etoiles;boule_1;2;boule
2017-05-12;2016+ : 50 boules / 12 etoiles;boule_5;20;boule
2017-05-12;2016+ : 50 boules / 12 etoiles;boule_2;28;boule
2017-05-12;2016+ : 50 boules / 12 etoiles;boule_3;29;boule
2017-05-12;2016+ : 50 boules / 12 etoiles;boule_4;44;boule
2017-05-12;2016+ : 50 boules / 12 etoiles;etoile_1;3;etoile
2017-05-12;2016+ : 50 boules / 12 etoiles;etoile_2;9;etoile
2017-05-16;2016+ : 50 boules / 12 etoiles;boule_2;8;boule
2017-05-16;2016+ : 50 boules / 12 etoiles;boule_4;11;boule
2017-05-16;2016+ : 50 boules / 12 etoiles;boule_5;15;boule
2017-05-16;2016+ : 50 boules / 12 etoiles;boule_1;20;boule
2017-05-16;2016+ : 50 boules / 12 etoiles;boule_3;30;boule
2017-05-16;2016+ : 50 boules / 12 etoiles;etoile_1;3;etoile
2017-05-16;2016+ : 50 boules / 12 etoiles;etoile_2;8;etoile
2017-05-19;2016+ : 50 boules / 12 etoiles;boule_3;9;boule
2017-05-19;2016+ : 50 boules / 12 etoiles;boule_5;11;boule
2017-05-19;2016+ : 50 boules / 12 etoiles;boule_2;12;boule
2017-05-19;2016+ : 50 boules / 12 etoiles;boule_4;19;boule
2017-05-19;2016+ : 50 boules / 12 etoiles;boule_1;30;boule
2017-05-19;2016+ : 50 boules / 12 etoiles;etoile_2;4;etoile
2017-05-19;2016+ : 50 boules / 12 etoiles;etoile_1;9;etoile
2017-05-23;2016+ : 50 boules / 12 etoiles;boule_2;8;boule
2017-05-23;2016+ : 50 boules / 12 etoiles;boule_1;15;boule
2017-05-23;2016+ : 50 boules / 12 etoiles;boule_4;25;boule
2017-05-23;2016+ : 50 boules / 12 etoiles;boule_5;27;boule
2017-05-23;2016+ : 50 boules / 12 etoiles;boule_3;42;boule
2017-05-23;2016+ : 50 boules / 12 etoiles;etoile_1;1;etoile
2017-05-23;2016+ : 50 boules / 12 etoiles;etoile_2;4;etoile
2017-05-26;2016+ : 50 boules / 12 etoiles;boule_2;5;boule
2017-05-26;2016+ : 50 boules / 12 etoiles;boule_4;7;boule
2017-05-26;2016+ : 50 boules / 12 etoiles;boule_5;26;boule
2017-05-26;2016+ : 50 boules / 12 etoiles;boule_1;36;boule
2017-05-26;2016+ : 50 boules / 12 etoiles;boule_3;39;boule
2017-05-26;2016+ : 50 boules / 12 etoiles;etoile_1;2;etoile
2017-05-26;2016+ : 50 boules / 12 etoiles;etoile_2;10;etoile
2017-05-30;2016+ : 50 boules / 12 etoiles;boule_5;7;boule
2017-05-30;2016+ : 50 boules / 12 etoiles;boule_4;12;boule
2017-05-30;2016+ : 50 boules / 12 etoiles;boule_1;27;boule
2017-05-30;2016+ : 50 boules / 12 etoiles;boule_3;38;boule
2017-05-30;2016+ : 50 boules / 12 etoiles;boule_2;48;boule
2017-05-30;2016+ : 50 boules / 12 etoiles;etoile_2;6;etoile
2017-05-30;2016+ : 50 boules / 12 etoiles;etoile_1;9;etoile
2017-06-02;2016+ : 50 boules / 12 etoiles;boule_1;8;boule
2017-06-02;2016+ : 50 boules / 12 etoiles;boule_5;10;boule
2017-06-02;2016+ : 50 boules / 12 etoiles;boule_4;24;boule
2017-06-02;2016+ : 50 boules / 12 etoiles;boule_3;33;boule
2017-06-02;2016+ : 50 boules / 12 etoiles;boule_2;42;boule
2017-06-02;2016+ : 50 boules / 12 etoiles;etoile_2;3;etoile
2017-06-02;2016+ : 50 boules / 12 etoiles;etoile_1;9;etoile
2017-06-06;2016+ : 50 boules / 12 etoiles;boule_3;20;boule
2017-06-06;2016+ : 50 boules / 12 etoiles;boule_4;22;boule
2017-06-06;2016+ : 50 boules / 12 etoiles;boule_1;25;boule
2017-06-06;2016+ : 50 boules / 12 etoiles;boule_5;37;boule
2017-06-06;2016+ : 50 boules / 12 etoiles;boule_2;40;boule
2017-06-06;2016+ : 50 boules / 12 etoiles;etoile_2;3;etoile
2017-06-06;2016+ : 50 boules / 12 etoiles;etoile_1;7;etoile
2017-06-09;2016+ : 50 boules / 12 etoiles;boule_1;9;boule
2017-06-09;2016+ : 50 boules / 12 etoiles;boule_4;20;boule
2017-06-09;2016+ : 50 boules / 12 etoiles;boule_3;27;boule
2017-06-09;2016+ : 50 boules / 12 etoiles;boule_2;39;boule
2017-06-09;2016+ : 50 boules / 12 etoiles;boule_5;43;boule
2017-06-09;2016+ : 50 boules / 12 etoiles;etoile_2;10;etoile
2017-06-09;2016+ : 50 boules / 12 etoiles;etoile_1;11;etoile
2017-06-13;2016+ : 50 boules / 12 etoiles;boule_2;3;boule
2017-06-13;2016+ : 50 boules / 12 etoiles;boule_1;12;boule
2017-06-13;2016+ : 50 boules / 12 etoiles;boule_3;22;boule
2017-06-13;2016+ : 50 boules / 12 etoiles;boule_4;27;boule
2017-06-13;2016+ : 50 boules / 12 etoiles;boule_5;49;boule
2017-06-13;2016+ : 50 boules / 12 etoiles;etoile_2;4;etoile
2017-06-13;2016+ : 50 boules / 12 etoiles;etoile_1;11;etoile
2017-06-16;2016+ : 50 boules / 12 etoiles;boule_3;15;boule
2017-06-16;2016+ : 50 boules / 12 etoiles;boule_4;17;boule
2017-06-16;2016+ : 50 boules / 12 etoiles;boule_1;38;boule
2017-06-16;2016+ : 50 boules / 12 etoiles;boule_5;41;boule
2017-06-16;2016+ : 50 boules / 12 etoiles;boule_2;42;boule
2017-06-16;2016+ : 50 boules / 12 etoiles;etoile_1;9;etoile
2017-06-16;2016+ : 50 boules / 12 etoiles;etoile_2;12;etoile
2017-06-20;2016+ : 50 boules / 12 etoiles;boule_3;11;boule
2017-06-20;2016+ : 50 boules / 12 etoiles;boule_4;18;boule
2017-06-20;2016+ : 50 boules / 12 etoiles;boule_5;26;boule
2017-06-20;2016+ : 50 boules / 12 etoiles;boule_2;43;boule
2017-06-20;2016+ : 50 boules / 12 etoiles;boule_1;44;boule
2017-06-20;2016+ : 50 boules / 12 etoiles;etoile_1;8;etoile
2017-06-20;2016+ : 50 boules / 12 etoiles;etoile_2;10;etoile
2017-06-23;2016+ : 50 boules / 12 etoiles;boule_4;3;boule
2017-06-23;2016+ : 50 boules / 12 etoiles;boule_1;4;boule
2017-06-23;2016+ : 50 boules / 12 etoiles;boule_3;21;boule
2017-06-23;2016+ : 50 boules / 12 etoiles;boule_2;31;boule
2017-06-23;2016+ : 50 boules / 12 etoiles;boule_5;38;boule
2017-06-23;2016+ : 50 boules / 12 etoiles;etoile_1;3;etoile
2017-06-23;2016+ : 50 boules / 12 etoiles;etoile_2;7;etoile
2017-06-27;2016+ : 50 boules / 12 etoiles;boule_4;9;boule
2017-06-27;2016+ : 50 boules / 12 etoiles;boule_2;17;boule
2017-06-27;2016+ : 50 boules / 12 etoiles;boule_3;21;boule
2017-06-27;2016+ : 50 boules / 12 etoiles;boule_5;28;boule
2017-06-27;2016+ : 50 boules / 12 etoiles;boule_1;45;boule
2017-06-27;2016+ : 50 boules / 12 etoiles;etoile_1;1;etoile
2017-06-27;2016+ : 50 boules / 12 etoiles;etoile_2;3;etoile
2017-06-30;2016+ : 50 boules / 12 etoiles;boule_4;17;boule
2017-06-30;2016+ : 50 boules / 12 etoiles;boule_1;35;boule
2017-06-30;2016+ : 50 boules / 12 etoiles;boule_3;39;boule
2017-06-30;2016+ : 50 boules / 12 etoiles;boule_5;47;boule
2017-06-30;2016+ : 50 boules / 12 etoiles;boule_2;50;boule
2017-06-30;2016+ : 50 boules / 12 etoiles;etoile_1;6;etoile
2017-06-30;2016+ : 50 boules / 12 etoiles;etoile_2;8;etoile
2017-07-04;2016+ : 50 boules / 12 etoiles;boule_3;10;boule
2017-07-04;2016+ : 50 boules / 12 etoiles;boule_1;22;boule
2017-07-04;2016+ : 50 boules / 12 etoiles;boule_2;25;boule
2017-07-04;2016+ : 50 boules / 12 etoiles;boule_4;37;boule
2017-07-04;2016+ : 50 boules / 12 etoiles;boule_5;49;boule
2017-07-04;2016+ : 50 boules / 12 etoiles;etoile_2;5;etoile
2017-07-04;2016+ : 50 boules / 12 etoiles;etoile_1;8;etoile
2017-07-07;2016+ : 50 boules / 12 etoiles;boule_5;11;boule
2017-07-07;2016+ : 50 boules / 12 etoiles;boule_3;20;boule
2017-07-07;2016+ : 50 boules / 12 etoiles;boule_4;35;boule
2017-07-07;2016+ : 50 boules / 12 etoiles;boule_2;37;boule
2017-07-07;2016+ : 50 boules / 12 etoiles;boule_1;45;boule
2017-07-07;2016+ : 50 boules / 12 etoiles;etoile_1;3;etoile
2017-07-07;2016+ : 50 boules / 12 etoiles;etoile_2;6;etoile
2017-07-11;2016+ : 50 boules / 12 etoiles;boule_5;14;boule
2017-07-11;2016+ : 50 boules / 12 etoiles;boule_4;22;boule
2017-07-11;2016+ : 50 boules / 12 etoiles;boule_2;26;boule
2017-07-11;2016+ : 50 boules / 12 etoiles;boule_3;42;boule
2017-07-11;2016+ : 50 boules / 12 etoiles;boule_1;50;boule
2017-07-11;2016+ : 50 boules / 12 etoiles;etoile_1;8;etoile
2017-07-11;2016+ : 50 boules / 12 etoiles;etoile_2;10;etoile
2017-07-14;2016+ : 50 boules / 12 etoiles;boule_5;11;boule
2017-07-14;2016+ : 50 boules / 12 etoiles;boule_2;14;boule
2017-07-14;2016+ : 50 boules / 12 etoiles;boule_3;20;boule
2017-07-14;2016+ : 50 boules / 12 etoiles;boule_1;21;boule
2017-07-14;2016+ : 50 boules / 12 etoiles;boule_4;47;boule
2017-07-14;2016+ : 50 boules / 12 etoiles;etoile_2;7;etoile
2017-07-14;2016+ : 50 boules / 12 etoiles;etoile_1;10;etoile
2017-07-18;2016+ : 50 boules / 12 etoiles;boule_3;1;boule
2017-07-18;2016+ : 50 boules / 12 etoiles;boule_5;25;boule
2017-07-18;2016+ : 50 boules / 12 etoiles;boule_2;27;boule
2017-07-18;2016+ : 50 boules / 12 etoiles;boule_1;41;boule
2017-07-18;2016+ : 50 boules / 12 etoiles;boule_4;45;boule
2017-07-18;2016+ : 50 boules / 12 etoiles;etoile_2;5;etoile
2017-07-18;2016+ : 50 boules / 12 etoiles;etoile_1;7;etoile
2017-07-21;2016+ : 50 boules / 12 etoiles;boule_2;1;boule
2017-07-21;2016+ : 50 boules / 12 etoiles;boule_1;8;boule
2017-07-21;2016+ : 50 boules / 12 etoiles;boule_5;9;boule
2017-07-21;2016+ : 50 boules / 12 etoiles;boule_3;26;boule
2017-07-21;2016+ : 50 boules / 12 etoiles;boule_4;49;boule
2017-07-21;2016+ : 50 boules / 12 etoiles;etoile_2;5;etoile
2017-07-21;2016+ : 50 boules / 12 etoiles;etoile_1;9;etoile
2017-07-25;2016+ : 50 boules / 12 etoiles;boule_5;12;boule
2017-07-25;2016+ : 50 boules / 12 etoiles;boule_1;14;boule
2017-07-25;2016+ : 50 boules / 12 etoiles;boule_3;43;boule
2017-07-25;2016+ : 50 boules / 12 etoiles;boule_2;44;boule
2017-07-25;2016+ : 50 boules / 12 etoiles;boule_4;48;boule
2017-07-25;2016+ : 50 boules / 12 etoiles;etoile_2;2;etoile
2017-07-25;2016+ : 50 boules / 12 etoiles;etoile_1;11;etoile
2017-07-28;2016+ : 50 boules / 12 etoiles;boule_4;5;boule
2017-07-28;2016+ : 50 boules / 12 etoiles;boule_2;9;boule
2017-07-28;2016+ : 50 boules / 12 etoiles;boule_5;29;boule
2017-07-28;2016+ : 50 boules / 12 etoiles;boule_3;31;boule
2017-07-28;2016+ : 50 boules / 12 etoiles;boule_1;41;boule
2017-07-28;2016+ : 50 boules / 12 etoiles;etoile_2;2;etoile
2017-07-28;2016+ : 50 boules / 12 etoiles;etoile_1;4;etoile
2017-08-01;2016+ : 50 boules / 12 etoiles;boule_5;14;boule
2017-08-01;2016+ : 50 boules / 12 etoiles;boule_3;21;boule
2017-08-01;2016+ : 50 boules / 12 etoiles;boule_2;24;boule
2017-08-01;2016+ : 50 boules / 12 etoiles;boule_1;29;boule
2017-08-01;2016+ : 50 boules / 12 etoiles;boule_4;30;boule
2017-08-01;2016+ : 50 boules / 12 etoiles;etoile_2;8;etoile
2017-08-01;2016+ : 50 boules / 12 etoiles;etoile_1;10;etoile
2017-08-04;2016+ : 50 boules / 12 etoiles;boule_1;29;boule
2017-08-04;2016+ : 50 boules / 12 etoiles;boule_2;30;boule
2017-08-04;2016+ : 50 boules / 12 etoiles;boule_5;36;boule
2017-08-04;2016+ : 50 boules / 12 etoiles;boule_4;40;boule
2017-08-04;2016+ : 50 boules / 12 etoiles;boule_3;41;boule
2017-08-04;2016+ : 50 boules / 12 etoiles;etoile_2;2;etoile
2017-08-04;2016+ : 50 boules / 12 etoiles;etoile_1;9;etoile
2017-08-08;2016+ : 50 boules / 12 etoiles;boule_2;15;boule
2017-08-08;2016+ : 50 boules / 12 etoiles;boule_4;25;boule
2017-08-08;2016+ : 50 boules / 12 etoiles;boule_1;26;boule
2017-08-08;2016+ : 50 boules / 12 etoiles;boule_3;40;boule
2017-08-08;2016+ : 50 boules / 12 etoiles;boule_5;41;boule
2017-08-08;2016+ : 50 boules / 12 etoiles;etoile_1;4;etoile
2017-08-08;2016+ : 50 boules / 12 etoiles;etoile_2;5;etoile
2017-08-11;2016+ : 50 boules / 12 etoiles;boule_5;18;boule
2017-08-11;2016+ : 50 boules / 12 etoiles;boule_3;28;boule
2017-08-11;2016+ : 50 boules / 12 etoiles;boule_1;39;boule
2017-08-11;2016+ : 50 boules / 12 etoiles;boule_4;46;boule
2017-08-11;2016+ : 50 boules / 12 etoiles;boule_2;48;boule
2017-08-11;2016+ : 50 boules / 12 etoiles;etoile_2;5;etoile
2017-08-11;2016+ : 50 boules / 12 etoiles;etoile_1;12;etoile
2017-08-15;2016+ : 50 boules / 12 etoiles;boule_4;10;boule
2017-08-15;2016+ : 50 boules / 12 etoiles;boule_1;14;boule
2017-08-15;2016+ : 50 boules / 12 etoiles;boule_2;30;boule
2017-08-15;2016+ : 50 boules / 12 etoiles;boule_5;35;boule
2017-08-15;2016+ : 50 boules / 12 etoiles;boule_3;46;boule
2017-08-15;2016+ : 50 boules / 12 etoiles;etoile_1;4;etoile
2017-08-15;2016+ : 50 boules / 12 etoiles;etoile_2;10;etoile
2017-08-18;2016+ : 50 boules / 12 etoiles;boule_5;2;boule
2017-08-18;2016+ : 50 boules / 12 etoiles;boule_3;24;boule
2017-08-18;2016+ : 50 boules / 12 etoiles;boule_1;39;boule
2017-08-18;2016+ : 50 boules / 12 etoiles;boule_2;42;boule
2017-08-18;2016+ : 50 boules / 12 etoiles;boule_4;45;boule
2017-08-18;2016+ : 50 boules / 12 etoiles;etoile_1;2;etoile
2017-08-18;2016+ : 50 boules / 12 etoiles;etoile_2;8;etoile
2017-08-22;2016+ : 50 boules / 12 etoiles;boule_4;3;boule
2017-08-22;2016+ : 50 boules / 12 etoiles;boule_1;10;boule
2017-08-22;2016+ : 50 boules / 12 etoiles;boule_2;12;boule
2017-08-22;2016+ : 50 boules / 12 etoiles;boule_3;17;boule
2017-08-22;2016+ : 50 boules / 12 etoiles;boule_5;27;boule
2017-08-22;2016+ : 50 boules / 12 etoiles;etoile_1;3;etoile
2017-08-22;2016+ : 50 boules / 12 etoiles;etoile_2;5;etoile
2017-08-25;2016+ : 50 boules / 12 etoiles;boule_3;1;boule
2017-08-25;2016+ : 50 boules / 12 etoiles;boule_5;5;boule
2017-08-25;2016+ : 50 boules / 12 etoiles;boule_2;7;boule
2017-08-25;2016+ : 50 boules / 12 etoiles;boule_1;15;boule
2017-08-25;2016+ : 50 boules / 12 etoiles;boule_4;47;boule
2017-08-25;2016+ : 50 boules / 12 etoiles;etoile_1;9;etoile
2017-08-25;2016+ : 50 boules / 12 etoiles;etoile_2;12;etoile
2017-08-29;2016+ : 50 boules / 12 etoiles;boule_1;4;boule
2017-08-29;2016+ : 50 boules / 12 etoiles;boule_2;12;boule
2017-08-29;2016+ : 50 boules / 12 etoiles;boule_4;15;boule
2017-08-29;2016+ : 50 boules / 12 etoiles;boule_3;32;boule
2017-08-29;2016+ : 50 boules / 12 etoiles;boule_5;38;boule
2017-08-29;2016+ : 50 boules / 12 etoiles;etoile_1;1;etoile
2017-08-29;2016+ : 50 boules / 12 etoiles;etoile_2;5;etoile
2017-09-01;2016+ : 50 boules / 12 etoiles;boule_3;3;boule
2017-09-01;2016+ : 50 boules / 12 etoiles;boule_2;7;boule
2017-09-01;2016+ : 50 boules / 12 etoiles;boule_1;8;boule
2017-09-01;2016+ : 50 boules / 12 etoiles;boule_4;14;boule
2017-09-01;2016+ : 50 boules / 12 etoiles;boule_5;49;boule
2017-09-01;2016+ : 50 boules / 12 etoiles;etoile_1;5;etoile
2017-09-01;2016+ : 50 boules / 12 etoiles;etoile_2;8;etoile
2017-09-05;2016+ : 50 boules / 12 etoiles;boule_4;6;boule
2017-09-05;2016+ : 50 boules / 12 etoiles;boule_5;9;boule
2017-09-05;2016+ : 50 boules / 12 etoiles;boule_2;18;boule
2017-09-05;2016+ : 50 boules / 12 etoiles;boule_1;28;boule
2017-09-05;2016+ : 50 boules / 12 etoiles;boule_3;29;boule
2017-09-05;2016+ : 50 boules / 12 etoiles;etoile_2;1;etoile
2017-09-05;2016+ : 50 boules / 12 etoiles;etoile_1;9;etoile
2017-09-08;2016+ : 50 boules / 12 etoiles;boule_5;9;boule
2017-09-08;2016+ : 50 boules / 12 etoiles;boule_3;24;boule
2017-09-08;2016+ : 50 boules / 12 etoiles;boule_1;42;boule
2017-09-08;2016+ : 50 boules / 12 etoiles;boule_2;47;boule
2017-09-08;2016+ : 50 boules / 12 etoiles;boule_4;49;boule
2017-09-08;2016+ : 50 boules / 12 etoiles;etoile_1;1;etoile
2017-09-08;2016+ : 50 boules / 12 etoiles;etoile_2;5;etoile
2017-09-12;2016+ : 50 boules / 12 etoiles;boule_4;10;boule
2017-09-12;2016+ : 50 boules / 12 etoiles;boule_2;17;boule
2017-09-12;2016+ : 50 boules / 12 etoiles;boule_5;27;boule
2017-09-12;2016+ : 50 boules / 12 etoiles;boule_3;29;boule
2017-09-12;2016+ : 50 boules / 12 etoiles;boule_1;35;boule
2017-09-12;2016+ : 50 boules / 12 etoiles;etoile_1;4;etoile
2017-09-12;2016+ : 50 boules / 12 etoiles;etoile_2;11;etoile
2017-09-15;2016+ : 50 boules / 12 etoiles;boule_3;13;boule
2017-09-15;2016+ : 50 boules / 12 etoiles;boule_4;18;boule
2017-09-15;2016+ : 50 boules / 12 etoiles;boule_5;37;boule
2017-09-15;2016+ : 50 boules / 12 etoiles;boule_1;44;boule
2017-09-15;2016+ : 50 boules / 12 etoiles;boule_2;49;boule
2017-09-15;2016+ : 50 boules / 12 etoiles;etoile_1;9;etoile
2017-09-15;2016+ : 50 boules / 12 etoiles;etoile_2;12;etoile
2017-09-19;2016+ : 50 boules / 12 etoiles;boule_3;1;boule
2017-09-19;2016+ : 50 boules / 12 etoiles;boule_4;8;boule
2017-09-19;2016+ : 50 boules / 12 etoiles;boule_2;21;boule
2017-09-19;2016+ : 50 boules / 12 etoiles;boule_5;30;boule
2017-09-19;2016+ : 50 boules / 12 etoiles;boule_1;45;boule
2017-09-19;2016+ : 50 boules / 12 etoiles;etoile_2;2;etoile
2017-09-19;2016+ : 50 boules / 12 etoiles;etoile_1;3;etoile
2017-09-22;2016+ : 50 boules / 12 etoiles;boule_1;6;boule
2017-09-22;2016+ : 50 boules / 12 etoiles;boule_5;11;boule
2017-09-22;2016+ : 50 boules / 12 etoiles;boule_2;31;boule
2017-09-22;2016+ : 50 boules / 12 etoiles;boule_3;39;boule
2017-09-22;2016+ : 50 boules / 12 etoiles;boule_4;42;boule
2017-09-22;2016+ : 50 boules / 12 etoiles;etoile_2;1;etoile
2017-09-22;2016+ : 50 boules / 12 etoiles;etoile_1;3;etoile
2017-09-26;2016+ : 50 boules / 12 etoiles;boule_3;1;boule
2017-09-26;2016+ : 50 boules / 12 etoiles;boule_2;29;boule
2017-09-26;2016+ : 50 boules / 12 etoiles;boule_1;40;boule
2017-09-26;2016+ : 50 boules / 12 etoiles;boule_5;41;boule
2017-09-26;2016+ : 50 boules / 12 etoiles;boule_4;48;boule
2017-09-26;2016+ : 50 boules / 12 etoiles;etoile_2;6;etoile
2017-09-26;2016+ : 50 boules / 12 etoiles;etoile_1;12;etoile
2017-09-29;2016+ : 50 boules / 12 etoiles;boule_3;7;boule
2017-09-29;2016+ : 50 boules / 12 etoiles;boule_1;18;boule
2017-09-29;2016+ : 50 boules / 12 etoiles;boule_5;19;boule
2017-09-29;2016+ : 50 boules / 12 etoiles;boule_2;32;boule
2017-09-29;2016+ : 50 boules / 12 etoiles;boule_4;48;boule
2017-09-29;2016+ : 50 boules / 12 etoiles;etoile_1;3;etoile
2017-09-29;2016+ : 50 boules / 12 etoiles;etoile_2;7;etoile
2017-10-03;2016+ : 50 boules / 12 etoiles;boule_2;6;boule
2017-10-03;2016+ : 50 boules / 12 etoiles;boule_4;24;boule
2017-10-03;2016+ : 50 boules / 12 etoiles;boule_1;32;boule
2017-10-03;2016+ : 50 boules / 12 etoiles;boule_5;48;boule
2017-10-03;2016+ : 50 boules / 12 etoiles;boule_3;50;boule
2017-10-03;2016+ : 50 boules / 12 etoiles;etoile_1;1;etoile
2017-10-03;2016+ : 50 boules / 12 etoiles;etoile_2;5;etoile
2017-10-06;2016+ : 50 boules / 12 etoiles;boule_2;1;boule
2017-10-06;2016+ : 50 boules / 12 etoiles;boule_3;9;boule
2017-10-06;2016+ : 50 boules / 12 etoiles;boule_1;15;boule
2017-10-06;2016+ : 50 boules / 12 etoiles;boule_5;19;boule
2017-10-06;2016+ : 50 boules / 12 etoiles;boule_4;25;boule
2017-10-06;2016+ : 50 boules / 12 etoiles;etoile_1;1;etoile
2017-10-06;2016+ : 50 boules / 12 etoiles;etoile_2;7;etoile
2017-10-10;2016+ : 50 boules / 12 etoiles;boule_2;4;boule
2017-10-10;2016+ : 50 boules / 12 etoiles;boule_4;21;boule
2017-10-10;2016+ : 50 boules / 12 etoiles;boule_5;34;boule
2017-10-10;2016+ : 50 boules / 12 etoiles;boule_1;36;boule
2017-10-10;2016+ : 50 boules / 12 etoiles;boule_3;37;boule
2017-10-10;2016+ : 50 boules / 12 etoiles;etoile_2;3;etoile
2017-10-10;2016+ : 50 boules / 12 etoiles;etoile_1;6;etoile
2017-10-13;2016+ : 50 boules / 12 etoiles;boule_1;23;boule
2017-10-13;2016+ : 50 boules / 12 etoiles;boule_4;29;boule
2017-10-13;2016+ : 50 boules / 12 etoiles;boule_2;37;boule
2017-10-13;2016+ : 50 boules / 12 etoiles;boule_5;45;boule
2017-10-13;2016+ : 50 boules / 12 etoiles;boule_3;50;boule
2017-10-13;2016+ : 50 boules / 12 etoiles;etoile_1;5;etoile
2017-10-13;2016+ : 50 boules / 12 etoiles;etoile_2;11;etoile
2017-10-17;2016+ : 50 boules / 12 etoiles;boule_4;13;boule
2017-10-17;2016+ : 50 boules / 12 etoiles;boule_3;17;boule
2017-10-17;2016+ : 50 boules / 12 etoiles;boule_1;19;boule
2017-10-17;2016+ : 50 boules / 12 etoiles;boule_2;26;boule
2017-10-17;2016+ : 50 boules / 12 etoiles;boule_5;36;boule
2017-10-17;2016+ : 50 boules / 12 etoiles;etoile_1;2;etoile
2017-10-17;2016+ : 50 boules / 12 etoiles;etoile_2;3;etoile
2017-10-20;2016+ : 50 boules / 12 etoiles;boule_1;4;boule
2017-10-20;2016+ : 50 boules / 12 etoiles;boule_5;17;boule
2017-10-20;2016+ : 50 boules / 12 etoiles;boule_3;23;boule
2017-10-20;2016+ : 50 boules / 12 etoiles;boule_2;27;boule
2017-10-20;2016+ : 50 boules / 12 etoiles;boule_4;30;boule
2017-10-20;2016+ : 50 boules / 12 etoiles;etoile_1;3;etoile
2017-10-20;2016+ : 50 boules / 12 etoiles;etoile_2;8;etoile
2017-10-24;2016+ : 50 boules / 12 etoiles;boule_2;9;boule
2017-10-24;2016+ : 50 boules / 12 etoiles;boule_5;11;boule
2017-10-24;2016+ : 50 boules / 12 etoiles;boule_4;13;boule
2017-10-24;2016+ : 50 boules / 12 etoiles;boule_1;27;boule
2017-10-24;2016+ : 50 boules / 12 etoiles;boule_3;33;boule
2017-10-24;2016+ : 50 boules / 12 etoiles;etoile_2;7;etoile
2017-10-24;2016+ : 50 boules / 12 etoiles;etoile_1;10;etoile
2017-10-27;2016+ : 50 boules / 12 etoiles;boule_5;3;boule
2017-10-27;2016+ : 50 boules / 12 etoiles;boule_3;16;boule
2017-10-27;2016+ : 50 boules / 12 etoiles;boule_2;23;boule
2017-10-27;2016+ : 50 boules / 12 etoiles;boule_4;32;boule
2017-10-27;2016+ : 50 boules / 12 etoiles;boule_1;39;boule
2017-10-27;2016+ : 50 boules / 12 etoiles;etoile_1;1;etoile
2017-10-27;2016+ : 50 boules / 12 etoiles;etoile_2;4;etoile
2017-10-31;2016+ : 50 boules / 12 etoiles;boule_5;1;boule
2017-10-31;2016+ : 50 boules / 12 etoiles;boule_2;12;boule
2017-10-31;2016+ : 50 boules / 12 etoiles;boule_4;36;boule
2017-10-31;2016+ : 50 boules / 12 etoiles;boule_3;43;boule
2017-10-31;2016+ : 50 boules / 12 etoiles;boule_1;46;boule
2017-10-31;2016+ : 50 boules / 12 etoiles;etoile_1;3;etoile
2017-10-31;2016+ : 50 boules / 12 etoiles;etoile_2;5;etoile
2017-11-03;2016+ : 50 boules / 12 etoiles;boule_2;5;boule
2017-11-03;2016+ : 50 boules / 12 etoiles;boule_5;12;boule
2017-11-03;2016+ : 50 boules / 12 etoiles;boule_4;17;boule
2017-11-03;2016+ : 50 boules / 12 etoiles;boule_3;33;boule
2017-11-03;2016+ : 50 boules / 12 etoiles;boule_1;41;boule
2017-11-03;2016+ : 50 boules / 12 etoiles;etoile_1;4;etoile
2017-11-03;2016+ : 50 boules / 12 etoiles;etoile_2;9;etoile
2017-11-07;2016+ : 50 boules / 12 etoiles;boule_5;7;boule
2017-11-07;2016+ : 50 boules / 12 etoiles;boule_2;19;boule
2017-11-07;2016+ : 50 boules / 12 etoiles;boule_4;20;boule
2017-11-07;2016+ : 50 boules / 12 etoiles;boule_1;37;boule
2017-11-07;2016+ : 50 boules / 12 etoiles;boule_3;41;boule
2017-11-07;2016+ : 50 boules / 12 etoiles;etoile_2;2;etoile
2017-11-07;2016+ : 50 boules / 12 etoiles;etoile_1;12;etoile
2017-11-10;2016+ : 50 boules / 12 etoiles;boule_5;13;boule
2017-11-10;2016+ : 50 boules / 12 etoiles;boule_4;22;boule
2017-11-10;2016+ : 50 boules / 12 etoiles;boule_3;29;boule
2017-11-10;2016+ : 50 boules / 12 etoiles;boule_2;36;boule
2017-11-10;2016+ : 50 boules / 12 etoiles;boule_1;37;boule
2017-11-10;2016+ : 50 boules / 12 etoiles;etoile_1;1;etoile
2017-11-10;2016+ : 50 boules / 12 etoiles;etoile_2;9;etoile
2017-11-14;2016+ : 50 boules / 12 etoiles;boule_5;14;boule
2017-11-14;2016+ : 50 boules / 12 etoiles;boule_1;16;boule
2017-11-14;2016+ : 50 boules / 12 etoiles;boule_3;39;boule
2017-11-14;2016+ : 50 boules / 12 etoiles;boule_2;40;boule
2017-11-14;2016+ : 50 boules / 12 etoiles;boule_4;41;boule
2017-11-14;2016+ : 50 boules / 12 etoiles;etoile_1;8;etoile
2017-11-14;2016+ : 50 boules / 12 etoiles;etoile_2;10;etoile
2017-11-17;2016+ : 50 boules / 12 etoiles;boule_5;20;boule
2017-11-17;2016+ : 50 boules / 12 etoiles;boule_3;26;boule
2017-11-17;2016+ : 50 boules / 12 etoiles;boule_1;35;boule
2017-11-17;2016+ : 50 boules / 12 etoiles;boule_2;36;boule
2017-11-17;2016+ : 50 boules / 12 etoiles;boule_4;42;boule
2017-11-17;2016+ : 50 boules / 12 etoiles;etoile_1;5;etoile
2017-11-17;2016+ : 50 boules / 12 etoiles;etoile_2;12;etoile
2017-11-21;2016+ : 50 boules / 12 etoiles;boule_4;2;boule
2017-11-21;2016+ : 50 boules / 12 etoiles;boule_3;10;boule
2017-11-21;2016+ : 50 boules / 12 etoiles;boule_5;14;boule
2017-11-21;2016+ : 50 boules / 12 etoiles;boule_2;28;boule
2017-11-21;2016+ : 50 boules / 12 etoiles;boule_1;31;boule
2017-11-21;2016+ : 50 boules / 12 etoiles;etoile_2;5;etoile
2017-11-21;2016+ : 50 boules / 12 etoiles;etoile_1;7;etoile
2017-11-24;2016+ : 50 boules / 12 etoiles;boule_4;19;boule
2017-11-24;2016+ : 50 boules / 12 etoiles;boule_2;24;boule
2017-11-24;2016+ : 50 boules / 12 etoiles;boule_1;28;boule
2017-11-24;2016+ : 50 boules / 12 etoiles;boule_5;30;boule
2017-11-24;2016+ : 50 boules / 12 etoiles;boule_3;50;boule
2017-11-24;2016+ : 50 boules / 12 etoiles;etoile_2;3;etoile
2017-11-24;2016+ : 50 boules / 12 etoiles;etoile_1;10;etoile
2017-11-28;2016+ : 50 boules / 12 etoiles;boule_2;1;boule
2017-11-28;2016+ : 50 boules / 12 etoiles;boule_4;6;boule
2017-11-28;2016+ : 50 boules / 12 etoiles;boule_3;12;boule
2017-11-28;2016+ : 50 boules / 12 etoiles;boule_5;18;boule
2017-11-28;2016+ : 50 boules / 12 etoiles;boule_1;42;boule
2017-11-28;2016+ : 50 boules / 12 etoiles;etoile_1;2;etoile
2017-11-28;2016+ : 50 boules / 12 etoiles;etoile_2;7;etoile
2017-12-01;2016+ : 50 boules / 12 etoiles;boule_1;5;boule
2017-12-01;2016+ : 50 boules / 12 etoiles;boule_5;24;boule
2017-12-01;2016+ : 50 boules / 12 etoiles;boule_3;29;boule
2017-12-01;2016+ : 50 boules / 12 etoiles;boule_4;35;boule
2017-12-01;2016+ : 50 boules / 12 etoiles;boule_2;46;boule
2017-12-01;2016+ : 50 boules / 12 etoiles;etoile_1;11;etoile
2017-12-01;2016+ : 50 boules / 12 etoiles;etoile_2;12;etoile
2017-12-05;2016+ : 50 boules / 12 etoiles;boule_2;11;boule
2017-12-05;2016+ : 50 boules / 12 etoiles;boule_5;36;boule
2017-12-05;2016+ : 50 boules / 12 etoiles;boule_4;43;boule
2017-12-05;2016+ : 50 boules / 12 etoiles;boule_3;44;boule
2017-12-05;2016+ : 50 boules / 12 etoiles;boule_1;48;boule
2017-12-05;2016+ : 50 boules / 12 etoiles;etoile_1;2;etoile
2017-12-05;2016+ : 50 boules / 12 etoiles;etoile_2;7;etoile
2017-12-08;2016+ : 50 boules / 12 etoiles;boule_5;4;boule
2017-12-08;2016+ : 50 boules / 12 etoiles;boule_3;22;boule
2017-12-08;2016+ : 50 boules / 12 etoiles;boule_4;30;boule
2017-12-08;2016+ : 50 boules / 12 etoiles;boule_2;32;boule
2017-12-08;2016+ : 50 boules / 12 etoiles;boule_1;34;boule
2017-12-08;2016+ : 50 boules / 12 etoiles;etoile_2;3;etoile
2017-12-08;2016+ : 50 boules / 12 etoiles;etoile_1;4;etoile
2017-12-12;2016+ : 50 boules / 12 etoiles;boule_2;20;boule
2017-12-12;2016+ : 50 boules / 12 etoiles;boule_3;37;boule
2017-12-12;2016+ : 50 boules / 12 etoiles;boule_1;39;boule
2017-12-12;2016+ : 50 boules / 12 etoiles;boule_5;44;boule
2017-12-12;2016+ : 50 boules / 12 etoiles;boule_4;50;boule
2017-12-12;2016+ : 50 boules / 12 etoiles;etoile_1;4;etoile
2017-12-12;2016+ : 50 boules / 12 etoiles;etoile_2;8;etoile
2017-12-15;2016+ : 50 boules / 12 etoiles;boule_1;25;boule
2017-12-15;2016+ : 50 boules / 12 etoiles;boule_3;30;boule
2017-12-15;2016+ : 50 boules / 12 etoiles;boule_5;31;boule
2017-12-15;2016+ : 50 boules / 12 etoiles;boule_2;42;boule
2017-12-15;2016+ : 50 boules / 12 etoiles;boule_4;50;boule
2017-12-15;2016+ : 50 boules / 12 etoiles;etoile_2;2;etoile
2017-12-15;2016+ : 50 boules / 12 etoiles;etoile_1;11;etoile
2017-12-19;2016+ : 50 boules / 12 etoiles;boule_4;8;boule
2017-12-19;2016+ : 50 boules / 12 etoiles;boule_1;15;boule
2017-12-19;2016+ : 50 boules / 12 etoiles;boule_5;30;boule
2017-12-19;2016+ : 50 boules / 12 etoiles;boule_2;38;boule
2017-12-19;2016+ : 50 boules / 12 etoiles;boule_3;46;boule
2017-12-19;2016+ : 50 boules / 12 etoiles;etoile_1;4;etoile
2017-12-19;2016+ : 50 boules / 12 etoiles;etoile_2;7;etoile
2017-12-22;2016+ : 50 boules / 12 etoiles;boule_1;5;boule
2017-12-22;2016+ : 50 boules / 12 etoiles;boule_3;24;boule
2017-12-22;2016+ : 50 boules / 12 etoiles;boule_2;30;boule
2017-12-22;2016+ : 50 boules / 12 etoiles;boule_4;31;boule
2017-12-22;2016+ : 50 boules / 12 etoiles;boule_5;43;boule
2017-12-22;2016+ : 50 boules / 12 etoiles;etoile_1;3;etoile
2017-12-22;2016+ : 50 boules / 12 etoiles;etoile_2;6;etoile
2017-12-26;2016+ : 50 boules / 12 etoiles;boule_2;4;boule
2017-12-26;2016+ : 50 boules / 12 etoiles;boule_3;17;boule
2017-12-26;2016+ : 50 boules / 12 etoiles;boule_1;30;boule
2017-12-26;2016+ : 50 boules / 12 etoiles;boule_5;43;boule
2017-12-26;2016+ : 50 boules / 12 etoiles;boule_4;44;boule
2017-12-26;2016+ : 50 boules / 12 etoiles;etoile_2;2;etoile
2017-12-26;2016+ : 50 boules / 12 etoiles;etoile_1;10;etoile
2017-12-29;2016+ : 50 boules / 12 etoiles;boule_1;4;boule
2017-12-29;2016+ : 50 boules / 12 etoiles;boule_3;8;boule
2017-12-29;2016+ : 50 boules / 12 etoiles;boule_4;22;boule
2017-12-29;2016+ : 50 boules / 12 etoiles;boule_5;23;boule
2017-12-29;2016+ : 50 boules / 12 etoiles;boule_2;48;boule
2017-12-29;2016+ : 50 boules / 12 etoiles;etoile_1;1;etoile
2017-12-29;2016+ : 50 boules / 12 etoiles;etoile_2;12;etoile
2018-01-02;2016+ : 50 boules / 12 etoiles;boule_2;10;boule
2018-01-02;2016+ : 50 boules / 12 etoiles;boule_1;20;boule
2018-01-02;2016+ : 50 boules / 12 etoiles;boule_3;21;boule
2018-01-02;2016+ : 50 boules / 12 etoiles;boule_5;28;boule
2018-01-02;2016+ : 50 boules / 12 etoiles;boule_4;48;boule
2018-01-02;2016+ : 50 boules / 12 etoiles;etoile_1;1;etoile
2018-01-02;2016+ : 50 boules / 12 etoiles;etoile_2;8;etoile
2018-01-05;2016+ : 50 boules / 12 etoiles;boule_5;2;boule
2018-01-05;2016+ : 50 boules / 12 etoiles;boule_4;5;boule
2018-01-05;2016+ : 50 boules / 12 etoiles;boule_3;20;boule
2018-01-05;2016+ : 50 boules / 12 etoiles;boule_2;38;boule
2018-01-05;2016+ : 50 boules / 12 etoiles;boule_1;41;boule
2018-01-05;2016+ : 50 boules / 12 etoiles;etoile_1;4;etoile
2018-01-05;2016+ : 50 boules / 12 etoiles;etoile_2;8;etoile
2018-01-09;2016+ : 50 boules / 12 etoiles;boule_1;6;boule
2018-01-09;2016+ : 50 boules / 12 etoiles;boule_4;12;boule
2018-01-09;2016+ : 50 boules / 12 etoiles;boule_5;15;boule
2018-01-09;2016+ : 50 boules / 12 etoiles;boule_3;38;boule
2018-01-09;2016+ : 50 boules / 12 etoiles;boule_2;49;boule
2018-01-09;2016+ : 50 boules / 12 etoiles;etoile_2;2;etoile
2018-01-09;2016+ : 50 boules / 12 etoiles;etoile_1;9;etoile
2018-01-12;2016+ : 50 boules / 12 etoiles;boule_4;13;boule
2018-01-12;2016+ : 50 boules / 12 etoiles;boule_3;21;boule
2018-01-12;2016+ : 50 boules / 12 etoiles;boule_5;23;boule
2018-01-12;2016+ : 50 boules / 12 etoiles;boule_2;30;boule
2018-01-12;2016+ : 50 boules / 12 etoiles;boule_1;45;boule
2018-01-12;2016+ : 50 boules / 12 etoiles;etoile_2;4;etoile
2018-01-12;2016+ : 50 boules / 12 etoiles;etoile_1;6;etoile
2018-01-16;2016+ : 50 boules / 12 etoiles;boule_4;20;boule
2018-01-16;2016+ : 50 boules / 12 etoiles;boule_5;23;boule
2018-01-16;2016+ : 50 boules / 12 etoiles;boule_3;31;boule
2018-01-16;2016+ : 50 boules / 12 etoiles;boule_2;34;boule
2018-01-16;2016+ : 50 boules / 12 etoiles;boule_1;46;boule
2018-01-16;2016+ : 50 boules / 12 etoiles;etoile_1;3;etoile
2018-01-16;2016+ : 50 boules / 12 etoiles;etoile_2;12;etoile
2018-01-19;2016+ : 50 boules / 12 etoiles;boule_2;3;boule
2018-01-19;2016+ : 50 boules / 12 etoiles;boule_5;8;boule
2018-01-19;2016+ : 50 boules / 12 etoiles;boule_3;17;boule
2018-01-19;2016+ : 50 boules / 12 etoiles;boule_1;44;boule
2018-01-19;2016+ : 50 boules / 12 etoiles;boule_4;50;boule
2018-01-19;2016+ : 50 boules / 12 etoiles;etoile_1;2;etoile
2018-01-19;2016+ : 50 boules / 12 etoiles;etoile_2;7;etoile
2018-01-23;2016+ : 50 boules / 12 etoiles;boule_1;5;boule
2018-01-23;2016+ : 50 boules / 12 etoiles;boule_3;8;boule
2018-01-23;2016+ : 50 boules / 12 etoiles;boule_4;9;boule
2018-01-23;2016+ : 50 boules / 12 etoiles;boule_2;23;boule
2018-01-23;2016+ : 50 boules / 12 etoiles;boule_5;24;boule
2018-01-23;2016+ : 50 boules / 12 etoiles;etoile_1;7;etoile
2018-01-23;2016+ : 50 boules / 12 etoiles;etoile_2;8;etoile
2018-01-26;2016+ : 50 boules / 12 etoiles;boule_5;6;boule
2018-01-26;2016+ : 50 boules / 12 etoiles;boule_2;15;boule
2018-01-26;2016+ : 50 boules / 12 etoiles;boule_3;24;boule
2018-01-26;2016+ : 50 boules / 12 etoiles;boule_1;28;boule
2018-01-26;2016+ : 50 boules / 12 etoiles;boule_4;48;boule
2018-01-26;2016+ : 50 boules / 12 etoiles;etoile_2;4;etoile
2018-01-26;2016+ : 50 boules / 12 etoiles;etoile_1;9;etoile
2018-01-30;2016+ : 50 boules / 12 etoiles;boule_1;11;boule
2018-01-30;2016+ : 50 boules / 12 etoiles;boule_2;15;boule
2018-01-30;2016+ : 50 boules / 12 etoiles;boule_5;21;boule
2018-01-30;2016+ : 50 boules / 12 etoiles;boule_4;27;boule
2018-01-30;2016+ : 50 boules / 12 etoiles;boule_3;35;boule
2018-01-30;2016+ : 50 boules / 12 etoiles;etoile_2;4;etoile
2018-01-30;2016+ : 50 boules / 12 etoiles;etoile_1;5;etoile
2018-02-02;2016+ : 50 boules / 12 etoiles;boule_4;14;boule
2018-02-02;2016+ : 50 boules / 12 etoiles;boule_3;34;boule
2018-02-02;2016+ : 50 boules / 12 etoiles;boule_1;36;boule
2018-02-02;2016+ : 50 boules / 12 etoiles;boule_2;39;boule
2018-02-02;2016+ : 50 boules / 12 etoiles;boule_5;48;boule
2018-02-02;2016+ : 50 boules / 12 etoiles;etoile_1;2;etoile
2018-02-02;2016+ : 50 boules / 12 etoiles;etoile_2;3;etoile
2018-02-06;2016+ : 50 boules / 12 etoiles;boule_1;8;boule
2018-02-06;2016+ : 50 boules / 12 etoiles;boule_3;17;boule
2018-02-06;2016+ : 50 boules / 12 etoiles;boule_2;28;boule
2018-02-06;2016+ : 50 boules / 12 etoiles;boule_5;34;boule
2018-02-06;2016+ : 50 boules / 12 etoiles;boule_4;38;boule
2018-02-06;2016+ : 50 boules / 12 etoiles;etoile_1;6;etoile
2018-02-06;2016+ : 50 boules / 12 etoiles;etoile_2;12;etoile
2018-02-09;2016+ : 50 boules / 12 etoiles;boule_2;22;boule
2018-02-09;2016+ : 50 boules / 12 etoiles;boule_3;31;boule
2018-02-09;2016+ : 50 boules / 12 etoiles;boule_5;36;boule
2018-02-09;2016+ : 50 boules / 12 etoiles;boule_1;38;boule
2018-02-09;2016+ : 50 boules / 12 etoiles;boule_4;44;boule
2018-02-09;2016+ : 50 boules / 12 etoiles;etoile_2;1;etoile
2018-02-09;2016+ : 50 boules / 12 etoiles;etoile_1;11;etoile
2018-02-13;2016+ : 50 boules / 12 etoiles;boule_3;10;boule
2018-02-13;2016+ : 50 boules / 12 etoiles;boule_1;13;boule
2018-02-13;2016+ : 50 boules / 12 etoiles;boule_5;17;boule
2018-02-13;2016+ : 50 boules / 12 etoiles;boule_4;21;boule
2018-02-13;2016+ : 50 boules / 12 etoiles;boule_2;44;boule
2018-02-13;2016+ : 50 boules / 12 etoiles;etoile_2;1;etoile
2018-02-13;2016+ : 50 boules / 12 etoiles;etoile_1;10;etoile
2018-02-16;2016+ : 50 boules / 12 etoiles;boule_5;10;boule
2018-02-16;2016+ : 50 boules / 12 etoiles;boule_4;12;boule
2018-02-16;2016+ : 50 boules / 12 etoiles;boule_1;23;boule
2018-02-16;2016+ : 50 boules / 12 etoiles;boule_2;32;boule
2018-02-16;2016+ : 50 boules / 12 etoiles;boule_3;50;boule
2018-02-16;2016+ : 50 boules / 12 etoiles;etoile_2;4;etoile
2018-02-16;2016+ : 50 boules / 12 etoiles;etoile_1;10;etoile
2018-02-20;2016+ : 50 boules / 12 etoiles;boule_1;6;boule
2018-02-20;2016+ : 50 boules / 12 etoiles;boule_3;14;boule
2018-02-20;2016+ : 50 boules / 12 etoiles;boule_4;19;boule
2018-02-20;2016+ : 50 boules / 12 etoiles;boule_2;25;boule
2018-02-20;2016+ : 50 boules / 12 etoiles;boule_5;29;boule
2018-02-20;2016+ : 50 boules / 12 etoiles;etoile_2;5;etoile
2018-02-20;2016+ : 50 boules / 12 etoiles;etoile_1;11;etoile
2018-02-23;2016+ : 50 boules / 12 etoiles;boule_5;10;boule
2018-02-23;2016+ : 50 boules / 12 etoiles;boule_2;17;boule
2018-02-23;2016+ : 50 boules / 12 etoiles;boule_1;18;boule
2018-02-23;2016+ : 50 boules / 12 etoiles;boule_3;28;boule
2018-02-23;2016+ : 50 boules / 12 etoiles;boule_4;47;boule
2018-02-23;2016+ : 50 boules / 12 etoiles;etoile_1;3;etoile
2018-02-23;2016+ : 50 boules / 12 etoiles;etoile_2;7;etoile
2018-02-27;2016+ : 50 boules / 12 etoiles;boule_3;3;boule
2018-02-27;2016+ : 50 boules / 12 etoiles;boule_2;31;boule
2018-02-27;2016+ : 50 boules / 12 etoiles;boule_4;41;boule
2018-02-27;2016+ : 50 boules / 12 etoiles;boule_1;48;boule
2018-02-27;2016+ : 50 boules / 12 etoiles;boule_5;50;boule
2018-02-27;2016+ : 50 boules / 12 etoiles;etoile_2;8;etoile
2018-02-27;2016+ : 50 boules / 12 etoiles;etoile_1;11;etoile
2018-03-02;2016+ : 50 boules / 12 etoiles;boule_1;2;boule
2018-03-02;2016+ : 50 boules / 12 etoiles;boule_2;7;boule
2018-03-02;2016+ : 50 boules / 12 etoiles;boule_3;34;boule
2018-03-02;2016+ : 50 boules / 12 etoiles;boule_5;45;boule
2018-03-02;2016+ : 50 boules / 12 etoiles;boule_4;48;boule
2018-03-02;2016+ : 50 boules / 12 etoiles;etoile_1;1;etoile
2018-03-02;2016+ : 50 boules / 12 etoiles;etoile_2;12;etoile
2018-03-06;2016+ : 50 boules / 12 etoiles;boule_5;15;boule
2018-03-06;2016+ : 50 boules / 12 etoiles;boule_3;20;boule
2018-03-06;2016+ : 50 boules / 12 etoiles;boule_1;26;boule
2018-03-06;2016+ : 50 boules / 12 etoiles;boule_4;31;boule
2018-03-06;2016+ : 50 boules / 12 etoiles;boule_2;44;boule
2018-03-06;2016+ : 50 boules / 12 etoiles;etoile_1;2;etoile
2018-03-06;2016+ : 50 boules / 12 etoiles;etoile_2;9;etoile
2018-03-09;2016+ : 50 boules / 12 etoiles;boule_2;9;boule
2018-03-09;2016+ : 50 boules / 12 etoiles;boule_3;14;boule
2018-03-09;2016+ : 50 boules / 12 etoiles;boule_4;21;boule
2018-03-09;2016+ : 50 boules / 12 etoiles;boule_5;32;boule
2018-03-09;2016+ : 50 boules / 12 etoiles;boule_1;44;boule
2018-03-09;2016+ : 50 boules / 12 etoiles;etoile_2;1;etoile
2018-03-09;2016+ : 50 boules / 12 etoiles;etoile_1;12;etoile
2018-03-13;2016+ : 50 boules / 12 etoiles;boule_2;9;boule
2018-03-13;2016+ : 50 boules / 12 etoiles;boule_1;11;boule
2018-03-13;2016+ : 50 boules / 12 etoiles;boule_3;13;boule
2018-03-13;2016+ : 50 boules / 12 etoiles;boule_4;33;boule
2018-03-13;2016+ : 50 boules / 12 etoiles;boule_5;49;boule
2018-03-13;2016+ : 50 boules / 12 etoiles;etoile_2;6;etoile
2018-03-13;2016+ : 50 boules / 12 etoiles;etoile_1;12;etoile
2018-03-16;2016+ : 50 boules / 12 etoiles;boule_2;4;boule
2018-03-16;2016+ : 50 boules / 12 etoiles;boule_5;17;boule
2018-03-16;2016+ : 50 boules / 12 etoiles;boule_4;24;boule
2018-03-16;2016+ : 50 boules / 12 etoiles;boule_3;27;boule
2018-03-16;2016+ : 50 boules / 12 etoiles;boule_1;31;boule
2018-03-16;2016+ : 50 boules / 12 etoiles;etoile_2;10;etoile
2018-03-16;2016+ : 50 boules / 12 etoiles;etoile_1;11;etoile
2018-03-20;2016+ : 50 boules / 12 etoiles;boule_4;26;boule
2018-03-20;2016+ : 50 boules / 12 etoiles;boule_3;29;boule
2018-03-20;2016+ : 50 boules / 12 etoiles;boule_5;37;boule
2018-03-20;2016+ : 50 boules / 12 etoiles;boule_2;39;boule
2018-03-20;2016+ : 50 boules / 12 etoiles;boule_1;44;boule
2018-03-20;2016+ : 50 boules / 12 etoiles;etoile_1;9;etoile
2018-03-20;2016+ : 50 boules / 12 etoiles;etoile_2;11;etoile
2018-03-23;2016+ : 50 boules / 12 etoiles;boule_2;5;boule
2018-03-23;2016+ : 50 boules / 12 etoiles;boule_4;7;boule
2018-03-23;2016+ : 50 boules / 12 etoiles;boule_5;11;boule
2018-03-23;2016+ : 50 boules / 12 etoiles;boule_1;46;boule
2018-03-23;2016+ : 50 boules / 12 etoiles;boule_3;50;boule
2018-03-23;2016+ : 50 boules / 12 etoiles;etoile_2;8;etoile
2018-03-23;2016+ : 50 boules / 12 etoiles;etoile_1;11;etoile
2018-03-27;2016+ : 50 boules / 12 etoiles;boule_5;17;boule
2018-03-27;2016+ : 50 boules / 12 etoiles;boule_3;20;boule
2018-03-27;2016+ : 50 boules / 12 etoiles;boule_4;23;boule
2018-03-27;2016+ : 50 boules / 12 etoiles;boule_2;40;boule
2018-03-27;2016+ : 50 boules / 12 etoiles;boule_1;46;boule
2018-03-27;2016+ : 50 boules / 12 etoiles;etoile_1;9;etoile
2018-03-27;2016+ : 50 boules / 12 etoiles;etoile_2;10;etoile
2018-03-30;2016+ : 50 boules / 12 etoiles;boule_5;12;boule
2018-03-30;2016+ : 50 boules / 12 etoiles;boule_4;17;boule
2018-03-30;2016+ : 50 boules / 12 etoiles;boule_3;28;boule
2018-03-30;2016+ : 50 boules / 12 etoiles;boule_1;35;boule
2018-03-30;2016+ : 50 boules / 12 etoiles;boule_2;47;boule
2018-03-30;2016+ : 50 boules / 12 etoiles;etoile_1;7;etoile
2018-03-30;2016+ : 50 boules / 12 etoiles;etoile_2;11;etoile
2018-04-03;2016+ : 50 boules / 12 etoiles;boule_2;3;boule
2018-04-03;2016+ : 50 boules / 12 etoiles;boule_5;8;boule
2018-04-03;2016+ : 50 boules / 12 etoiles;boule_4;16;boule
2018-04-03;2016+ : 50 boules / 12 etoiles;boule_3;40;boule
2018-04-03;2016+ : 50 boules / 12 etoiles;boule_1;43;boule
2018-04-03;2016+ : 50 boules / 12 etoiles;etoile_2;5;etoile
2018-04-03;2016+ : 50 boules / 12 etoiles;etoile_1;8;etoile
2018-04-06;2016+ : 50 boules / 12 etoiles;boule_5;1;boule
2018-04-06;2016+ : 50 boules / 12 etoiles;boule_3;29;boule
2018-04-06;2016+ : 50 boules / 12 etoiles;boule_4;33;boule
2018-04-06;2016+ : 50 boules / 12 etoiles;boule_1;45;boule
2018-04-06;2016+ : 50 boules / 12 etoiles;boule_2;47;boule
2018-04-06;2016+ : 50 boules / 12 etoiles;etoile_1;4;etoile
2018-04-06;2016+ : 50 boules / 12 etoiles;etoile_2;8;etoile
2018-04-10;2016+ : 50 boules / 12 etoiles;boule_2;14;boule
2018-04-10;2016+ : 50 boules / 12 etoiles;boule_5;27;boule
2018-04-10;2016+ : 50 boules / 12 etoiles;boule_3;39;boule
2018-04-10;2016+ : 50 boules / 12 etoiles;boule_4;46;boule
2018-04-10;2016+ : 50 boules / 12 etoiles;boule_1;48;boule
2018-04-10;2016+ : 50 boules / 12 etoiles;etoile_1;11;etoile
2018-04-10;2016+ : 50 boules / 12 etoiles;etoile_2;12;etoile
2018-04-13;2016+ : 50 boules / 12 etoiles;boule_5;5;boule
2018-04-13;2016+ : 50 boules / 12 etoiles;boule_4;25;boule
2018-04-13;2016+ : 50 boules / 12 etoiles;boule_3;34;boule
2018-04-13;2016+ : 50 boules / 12 etoiles;boule_1;48;boule
2018-04-13;2016+ : 50 boules / 12 etoiles;boule_2;50;boule
2018-04-13;2016+ : 50 boules / 12 etoiles;etoile_2;6;etoile
2018-04-13;2016+ : 50 boules / 12 etoiles;etoile_1;7;etoile
2018-04-17;2016+ : 50 boules / 12 etoiles;boule_2;15;boule
2018-04-17;2016+ : 50 boules / 12 etoiles;boule_4;27;boule
2018-04-17;2016+ : 50 boules / 12 etoiles;boule_3;33;boule
2018-04-17;2016+ : 50 boules / 12 etoiles;boule_1;39;boule
2018-04-17;2016+ : 50 boules / 12 etoiles;boule_5;50;boule
2018-04-17;2016+ : 50 boules / 12 etoiles;etoile_2;4;etoile
2018-04-17;2016+ : 50 boules / 12 etoiles;etoile_1;6;etoile
2018-04-20;2016+ : 50 boules / 12 etoiles;boule_3;3;boule
2018-04-20;2016+ : 50 boules / 12 etoiles;boule_5;16;boule
2018-04-20;2016+ : 50 boules / 12 etoiles;boule_4;25;boule
2018-04-20;2016+ : 50 boules / 12 etoiles;boule_2;39;boule
2018-04-20;2016+ : 50 boules / 12 etoiles;boule_1;44;boule
2018-04-20;2016+ : 50 boules / 12 etoiles;etoile_2;7;etoile
2018-04-20;2016+ : 50 boules / 12 etoiles;etoile_1;11;etoile
2018-04-24;2016+ : 50 boules / 12 etoiles;boule_5;20;boule
2018-04-24;2016+ : 50 boules / 12 etoiles;boule_4;23;boule
2018-04-24;2016+ : 50 boules / 12 etoiles;boule_1;28;boule
2018-04-24;2016+ : 50 boules / 12 etoiles;boule_3;30;boule
2018-04-24;2016+ : 50 boules / 12 etoiles;boule_2;44;boule
2018-04-24;2016+ : 50 boules / 12 etoiles;etoile_1;3;etoile
2018-04-24;2016+ : 50 boules / 12 etoiles;etoile_2;7;etoile
2018-04-27;2016+ : 50 boules / 12 etoiles;boule_3;12;boule
2018-04-27;2016+ : 50 boules / 12 etoiles;boule_1;24;boule
2018-04-27;2016+ : 50 boules / 12 etoiles;boule_2;40;boule
2018-04-27;2016+ : 50 boules / 12 etoiles;boule_4;41;boule
2018-04-27;2016+ : 50 boules / 12 etoiles;boule_5;46;boule
2018-04-27;2016+ : 50 boules / 12 etoiles;etoile_1;5;etoile
2018-04-27;2016+ : 50 boules / 12 etoiles;etoile_2;12;etoile
2018-05-01;2016+ : 50 boules / 12 etoiles;boule_5;6;boule
2018-05-01;2016+ : 50 boules / 12 etoiles;boule_3;15;boule
2018-05-01;2016+ : 50 boules / 12 etoiles;boule_4;17;boule
2018-05-01;2016+ : 50 boules / 12 etoiles;boule_2;42;boule
2018-05-01;2016+ : 50 boules / 12 etoiles;boule_1;48;boule
2018-05-01;2016+ : 50 boules / 12 etoiles;etoile_1;4;etoile
2018-05-01;2016+ : 50 boules / 12 etoiles;etoile_2;6;etoile
2018-05-04;2016+ : 50 boules / 12 etoiles;boule_2;6;boule
2018-05-04;2016+ : 50 boules / 12 etoiles;boule_3;12;boule
2018-05-04;2016+ : 50 boules / 12 etoiles;boule_1;23;boule
2018-05-04;2016+ : 50 boules / 12 etoiles;boule_5;39;boule
2018-05-04;2016+ : 50 boules / 12 etoiles;boule_4;45;boule
2018-05-04;2016+ : 50 boules / 12 etoiles;etoile_2;9;etoile
2018-05-04;2016+ : 50 boules / 12 etoiles;etoile_1;12;etoile
2018-05-08;2016+ : 50 boules / 12 etoiles;boule_1;17;boule
2018-05-08;2016+ : 50 boules / 12 etoiles;boule_3;25;boule
2018-05-08;2016+ : 50 boules / 12 etoiles;boule_2;35;boule
2018-05-08;2016+ : 50 boules / 12 etoiles;boule_4;39;boule
2018-05-08;2016+ : 50 boules / 12 etoiles;boule_5;44;boule
2018-05-08;2016+ : 50 boules / 12 etoiles;etoile_2;2;etoile
2018-05-08;2016+ : 50 boules / 12 etoiles;etoile_1;5;etoile
2018-05-11;2016+ : 50 boules / 12 etoiles;boule_3;3;boule
2018-05-11;2016+ : 50 boules / 12 etoiles;boule_1;22;boule
2018-05-11;2016+ : 50 boules / 12 etoiles;boule_2;34;boule
2018-05-11;2016+ : 50 boules / 12 etoiles;boule_5;49;boule
2018-05-11;2016+ : 50 boules / 12 etoiles;boule_4;50;boule
2018-05-11;2016+ : 50 boules / 12 etoiles;etoile_2;8;etoile
2018-05-11;2016+ : 50 boules / 12 etoiles;etoile_1;11;etoile
2018-05-15;2016+ : 50 boules / 12 etoiles;boule_3;4;boule
2018-05-15;2016+ : 50 boules / 12 etoiles;boule_2;16;boule
2018-05-15;2016+ : 50 boules / 12 etoiles;boule_1;20;boule
2018-05-15;2016+ : 50 boules / 12 etoiles;boule_4;31;boule
2018-05-15;2016+ : 50 boules / 12 etoiles;boule_5;39;boule
2018-05-15;2016+ : 50 boules / 12 etoiles;etoile_1;2;etoile
2018-05-15;2016+ : 50 boules / 12 etoiles;etoile_2;12;etoile
2018-05-18;2016+ : 50 boules / 12 etoiles;boule_3;5;boule
2018-05-18;2016+ : 50 boules / 12 etoiles;boule_1;8;boule
2018-05-18;2016+ : 50 boules / 12 etoiles;boule_4;10;boule
2018-05-18;2016+ : 50 boules / 12 etoiles;boule_5;13;boule
2018-05-18;2016+ : 50 boules / 12 etoiles;boule_2;31;boule
2018-05-18;2016+ : 50 boules / 12 etoiles;etoile_2;3;etoile
2018-05-18;2016+ : 50 boules / 12 etoiles;etoile_1;6;etoile
2018-05-22;2016+ : 50 boules / 12 etoiles;boule_3;1;boule
2018-05-22;2016+ : 50 boules / 12 etoiles;boule_2;11;boule
2018-05-22;2016+ : 50 boules / 12 etoiles;boule_4;37;boule
2018-05-22;2016+ : 50 boules / 12 etoiles;boule_5;41;boule
2018-05-22;2016+ : 50 boules / 12 etoiles;boule_1;48;boule
2018-05-22;2016+ : 50 boules / 12 etoiles;etoile_1;8;etoile
2018-05-22;2016+ : 50 boules / 12 etoiles;etoile_2;12;etoile
2018-05-25;2016+ : 50 boules / 12 etoiles;boule_1;13;boule
2018-05-25;2016+ : 50 boules / 12 etoiles;boule_3;15;boule
2018-05-25;2016+ : 50 boules / 12 etoiles;boule_2;16;boule
2018-05-25;2016+ : 50 boules / 12 etoiles;boule_5;28;boule
2018-05-25;2016+ : 50 boules / 12 etoiles;boule_4;41;boule
2018-05-25;2016+ : 50 boules / 12 etoiles;etoile_1;4;etoile
2018-05-25;2016+ : 50 boules / 12 etoiles;etoile_2;5;etoile
2018-05-29;2016+ : 50 boules / 12 etoiles;boule_3;6;boule
2018-05-29;2016+ : 50 boules / 12 etoiles;boule_5;11;boule
2018-05-29;2016+ : 50 boules / 12 etoiles;boule_1;20;boule
2018-05-29;2016+ : 50 boules / 12 etoiles;boule_4;38;boule
2018-05-29;2016+ : 50 boules / 12 etoiles;boule_2;43;boule
2018-05-29;2016+ : 50 boules / 12 etoiles;etoile_2;2;etoile
2018-05-29;2016+ : 50 boules / 12 etoiles;etoile_1;4;etoile
2018-06-01;2016+ : 50 boules / 12 etoiles;boule_2;17;boule
2018-06-01;2016+ : 50 boules / 12 etoiles;boule_5;18;boule
2018-06-01;2016+ : 50 boules / 12 etoiles;boule_4;24;boule
2018-06-01;2016+ : 50 boules / 12 etoiles;boule_1;29;boule
2018-06-01;2016+ : 50 boules / 12 etoiles;boule_3;40;boule
2018-06-01;2016+ : 50 boules / 12 etoiles;etoile_1;4;etoile
2018-06-01;2016+ : 50 boules / 12 etoiles;etoile_2;5;etoile
2018-06-05;2016+ : 50 boules / 12 etoiles;boule_3;9;boule
2018-06-05;2016+ : 50 boules / 12 etoiles;boule_5;15;boule
2018-06-05;2016+ : 50 boules / 12 etoiles;boule_4;22;boule
2018-06-05;2016+ : 50 boules / 12 etoiles;boule_1;39;boule
2018-06-05;2016+ : 50 boules / 12 etoiles;boule_2;46;boule
2018-06-05;2016+ : 50 boules / 12 etoiles;etoile_2;4;etoile
2018-06-05;2016+ : 50 boules / 12 etoiles;etoile_1;5;etoile
2018-06-08;2016+ : 50 boules / 12 etoiles;boule_3;8;boule
2018-06-08;2016+ : 50 boules / 12 etoiles;boule_5;19;boule
2018-06-08;2016+ : 50 boules / 12 etoiles;boule_4;32;boule
2018-06-08;2016+ : 50 boules / 12 etoiles;boule_1;43;boule
2018-06-08;2016+ : 50 boules / 12 etoiles;boule_2;46;boule
2018-06-08;2016+ : 50 boules / 12 etoiles;etoile_2;2;etoile
2018-06-08;2016+ : 50 boules / 12 etoiles;etoile_1;8;etoile
2018-06-12;2016+ : 50 boules / 12 etoiles;boule_5;7;boule
2018-06-12;2016+ : 50 boules / 12 etoiles;boule_4;21;boule
2018-06-12;2016+ : 50 boules / 12 etoiles;boule_3;23;boule
2018-06-12;2016+ : 50 boules / 12 etoiles;boule_1;36;boule
2018-06-12;2016+ : 50 boules / 12 etoiles;boule_2;38;boule
2018-06-12;2016+ : 50 boules / 12 etoiles;etoile_1;6;etoile
2018-06-12;2016+ : 50 boules / 12 etoiles;etoile_2;8;etoile
2018-06-15;2016+ : 50 boules / 12 etoiles;boule_2;23;boule
2018-06-15;2016+ : 50 boules / 12 etoiles;boule_1;26;boule
2018-06-15;2016+ : 50 boules / 12 etoiles;boule_4;33;boule
2018-06-15;2016+ : 50 boules / 12 etoiles;boule_5;38;boule
2018-06-15;2016+ : 50 boules / 12 etoiles;boule_3;49;boule
2018-06-15;2016+ : 50 boules / 12 etoiles;etoile_1;1;etoile
2018-06-15;2016+ : 50 boules / 12 etoiles;etoile_2;12;etoile
2018-06-19;2016+ : 50 boules / 12 etoiles;boule_2;7;boule
2018-06-19;2016+ : 50 boules / 12 etoiles;boule_3;19;boule
2018-06-19;2016+ : 50 boules / 12 etoiles;boule_1;26;boule
2018-06-19;2016+ : 50 boules / 12 etoiles;boule_5;42;boule
2018-06-19;2016+ : 50 boules / 12 etoiles;boule_4;50;boule
2018-06-19;2016+ : 50 boules / 12 etoiles;etoile_2;4;etoile
2018-06-19;2016+ : 50 boules / 12 etoiles;etoile_1;9;etoile
2018-06-22;2016+ : 50 boules / 12 etoiles;boule_4;14;boule
2018-06-22;2016+ : 50 boules / 12 etoiles;boule_5;25;boule
2018-06-22;2016+ : 50 boules / 12 etoiles;boule_2;39;boule
2018-06-22;2016+ : 50 boules / 12 etoiles;boule_3;41;boule
2018-06-22;2016+ : 50 boules / 12 etoiles;boule_1;44;boule
2018-06-22;2016+ : 50 boules / 12 etoiles;etoile_2;2;etoile
2018-06-22;2016+ : 50 boules / 12 etoiles;etoile_1;8;etoile
2018-06-26;2016+ : 50 boules / 12 etoiles;boule_4;15;boule
2018-06-26;2016+ : 50 boules / 12 etoiles;boule_3;16;boule
2018-06-26;2016+ : 50 boules / 12 etoiles;boule_1;20;boule
2018-06-26;2016+ : 50 boules / 12 etoiles;boule_2;34;boule
2018-06-26;2016+ : 50 boules / 12 etoiles;boule_5;50;boule
2018-06-26;2016+ : 50 boules / 12 etoiles;etoile_2;4;etoile
2018-06-26;2016+ : 50 boules / 12 etoiles;etoile_1;7;etoile
2018-06-29;2016+ : 50 boules / 12 etoiles;boule_1;15;boule
2018-06-29;2016+ : 50 boules / 12 etoiles;boule_2;21;boule
2018-06-29;2016+ : 50 boules / 12 etoiles;boule_4;23;boule
2018-06-29;2016+ : 50 boules / 12 etoiles;boule_3;40;boule
2018-06-29;2016+ : 50 boules / 12 etoiles;boule_5;48;boule
2018-06-29;2016+ : 50 boules / 12 etoiles;etoile_1;3;etoile
2018-06-29;2016+ : 50 boules / 12 etoiles;etoile_2;12;etoile
2018-07-03;2016+ : 50 boules / 12 etoiles;boule_5;1;boule
2018-07-03;2016+ : 50 boules / 12 etoiles;boule_3;12;boule
2018-07-03;2016+ : 50 boules / 12 etoiles;boule_1;15;boule
2018-07-03;2016+ : 50 boules / 12 etoiles;boule_2;29;boule
2018-07-03;2016+ : 50 boules / 12 etoiles;boule_4;48;boule
2018-07-03;2016+ : 50 boules / 12 etoiles;etoile_2;3;etoile
2018-07-03;2016+ : 50 boules / 12 etoiles;etoile_1;5;etoile
2018-07-06;2016+ : 50 boules / 12 etoiles;boule_2;8;boule
2018-07-06;2016+ : 50 boules / 12 etoiles;boule_1;30;boule
2018-07-06;2016+ : 50 boules / 12 etoiles;boule_4;33;boule
2018-07-06;2016+ : 50 boules / 12 etoiles;boule_5;38;boule
2018-07-06;2016+ : 50 boules / 12 etoiles;boule_3;48;boule
2018-07-06;2016+ : 50 boules / 12 etoiles;etoile_2;2;etoile
2018-07-06;2016+ : 50 boules / 12 etoiles;etoile_1;10;etoile
2018-07-10;2016+ : 50 boules / 12 etoiles;boule_1;3;boule
2018-07-10;2016+ : 50 boules / 12 etoiles;boule_4;8;boule
2018-07-10;2016+ : 50 boules / 12 etoiles;boule_3;26;boule
2018-07-10;2016+ : 50 boules / 12 etoiles;boule_2;33;boule
2018-07-10;2016+ : 50 boules / 12 etoiles;boule_5;45;boule
2018-07-10;2016+ : 50 boules / 12 etoiles;etoile_2;7;etoile
2018-07-10;2016+ : 50 boules / 12 etoiles;etoile_1;10;etoile
2018-07-13;2016+ : 50 boules / 12 etoiles;boule_4;1;boule
2018-07-13;2016+ : 50 boules / 12 etoiles;boule_3;4;boule
2018-07-13;2016+ : 50 boules / 12 etoiles;boule_2;14;boule
2018-07-13;2016+ : 50 boules / 12 etoiles;boule_5;21;boule
2018-07-13;2016+ : 50 boules / 12 etoiles;boule_1;49;boule
2018-07-13;2016+ : 50 boules / 12 etoiles;etoile_1;2;etoile
2018-07-13;2016+ : 50 boules / 12 etoiles;etoile_2;12;etoile
2018-07-17;2016+ : 50 boules / 12 etoiles;boule_1;4;boule
2018-07-17;2016+ : 50 boules / 12 etoiles;boule_3;6;boule
2018-07-17;2016+ : 50 boules / 12 etoiles;boule_4;27;boule
2018-07-17;2016+ : 50 boules / 12 etoiles;boule_5;48;boule
2018-07-17;2016+ : 50 boules / 12 etoiles;boule_2;50;boule
2018-07-17;2016+ : 50 boules / 12 etoiles;etoile_1;1;etoile
2018-07-17;2016+ : 50 boules / 12 etoiles;etoile_2;11;etoile
2018-07-20;2016+ : 50 boules / 12 etoiles;boule_2;2;boule
2018-07-20;2016+ : 50 boules / 12 etoiles;boule_1;15;boule
2018-07-20;2016+ : 50 boules / 12 etoiles;boule_4;40;boule
2018-07-20;2016+ : 50 boules / 12 etoiles;boule_3;43;boule
2018-07-20;2016+ : 50 boules / 12 etoiles;boule_5;46;boule
2018-07-20;2016+ : 50 boules / 12 etoiles;etoile_1;3;etoile
2018-07-20;2016+ : 50 boules / 12 etoiles;etoile_2;6;etoile
2018-07-24;2016+ : 50 boules / 12 etoiles;boule_3;2;boule
2018-07-24;2016+ : 50 boules / 12 etoiles;boule_4;4;boule
2018-07-24;2016+ : 50 boules / 12 etoiles;boule_2;23;boule
2018-07-24;2016+ : 50 boules / 12 etoiles;boule_5;39;boule
2018-07-24;2016+ : 50 boules / 12 etoiles;boule_1;40;boule
2018-07-24;2016+ : 50 boules / 12 etoiles;etoile_1;3;etoile
2018-07-24;2016+ : 50 boules / 12 etoiles;etoile_2;9;etoile
2018-07-27;2016+ : 50 boules / 12 etoiles;boule_3;11;boule
2018-07-27;2016+ : 50 boules / 12 etoiles;boule_1;17;boule
2018-07-27;2016+ : 50 boules / 12 etoiles;boule_4;22;boule
2018-07-27;2016+ : 50 boules / 12 etoiles;boule_2;23;boule
2018-07-27;2016+ : 50 boules / 12 etoiles;boule_5;41;boule
2018-07-27;2016+ : 50 boules / 12 etoiles;etoile_2;6;etoile
2018-07-27;2016+ : 50 boules / 12 etoiles;etoile_1;11;etoile
2018-07-31;2016+ : 50 boules / 12 etoiles;boule_3;20;boule
2018-07-31;2016+ : 50 boules / 12 etoiles;boule_1;25;boule
2018-07-31;2016+ : 50 boules / 12 etoiles;boule_2;34;boule
2018-07-31;2016+ : 50 boules / 12 etoiles;boule_4;42;boule
2018-07-31;2016+ : 50 boules / 12 etoiles;boule_5;45;boule
2018-07-31;2016+ : 50 boules / 12 etoiles;etoile_1;6;etoile
2018-07-31;2016+ : 50 boules / 12 etoiles;etoile_2;11;etoile
2018-08-03;2016+ : 50 boules / 12 etoiles;boule_5;7;boule
2018-08-03;2016+ : 50 boules / 12 etoiles;boule_1;26;boule
2018-08-03;2016+ : 50 boules / 12 etoiles;boule_3;36;boule
2018-08-03;2016+ : 50 boules / 12 etoiles;boule_2;38;boule
2018-08-03;2016+ : 50 boules / 12 etoiles;boule_4;43;boule
2018-08-03;2016+ : 50 boules / 12 etoiles;etoile_2;6;etoile
2018-08-03;2016+ : 50 boules / 12 etoiles;etoile_1;12;etoile
2018-08-07;2016+ : 50 boules / 12 etoiles;boule_5;16;boule
2018-08-07;2016+ : 50 boules / 12 etoiles;boule_3;28;boule
2018-08-07;2016+ : 50 boules / 12 etoiles;boule_2;29;boule
2018-08-07;2016+ : 50 boules / 12 etoiles;boule_1;30;boule
2018-08-07;2016+ : 50 boules / 12 etoiles;boule_4;36;boule
2018-08-07;2016+ : 50 boules / 12 etoiles;etoile_2;8;etoile
2018-08-07;2016+ : 50 boules / 12 etoiles;etoile_1;10;etoile
2018-08-10;2016+ : 50 boules / 12 etoiles;boule_4;18;boule
2018-08-10;2016+ : 50 boules / 12 etoiles;boule_3;20;boule
2018-08-10;2016+ : 50 boules / 12 etoiles;boule_5;36;boule
2018-08-10;2016+ : 50 boules / 12 etoiles;boule_1;43;boule
2018-08-10;2016+ : 50 boules / 12 etoiles;boule_2;44;boule
2018-08-10;2016+ : 50 boules / 12 etoiles;etoile_2;3;etoile
2018-08-10;2016+ : 50 boules / 12 etoiles;etoile_1;9;etoile
2018-08-14;2016+ : 50 boules / 12 etoiles;boule_2;1;boule
2018-08-14;2016+ : 50 boules / 12 etoiles;boule_3;15;boule
2018-08-14;2016+ : 50 boules / 12 etoiles;boule_5;18;boule
2018-08-14;2016+ : 50 boules / 12 etoiles;boule_4;25;boule
2018-08-14;2016+ : 50 boules / 12 etoiles;boule_1;31;boule
2018-08-14;2016+ : 50 boules / 12 etoiles;etoile_1;9;etoile
2018-08-14;2016+ : 50 boules / 12 etoiles;etoile_2;11;etoile
2018-08-17;2016+ : 50 boules / 12 etoiles;boule_3;2;boule
2018-08-17;2016+ : 50 boules / 12 etoiles;boule_5;15;boule
2018-08-17;2016+ : 50 boules / 12 etoiles;boule_1;18;boule
2018-08-17;2016+ : 50 boules / 12 etoiles;boule_2;24;boule
2018-08-17;2016+ : 50 boules / 12 etoiles;boule_4;43;boule
2018-08-17;2016+ : 50 boules / 12 etoiles;etoile_1;8;etoile
2018-08-17;2016+ : 50 boules / 12 etoiles;etoile_2;12;etoile
2018-08-21;2016+ : 50 boules / 12 etoiles;boule_2;16;boule
2018-08-21;2016+ : 50 boules / 12 etoiles;boule_4;23;boule
2018-08-21;2016+ : 50 boules / 12 etoiles;boule_5;42;boule
2018-08-21;2016+ : 50 boules / 12 etoiles;boule_1;43;boule
2018-08-21;2016+ : 50 boules / 12 etoiles;boule_3;49;boule
2018-08-21;2016+ : 50 boules / 12 etoiles;etoile_2;10;etoile
2018-08-21;2016+ : 50 boules / 12 etoiles;etoile_1;12;etoile
2018-08-24;2016+ : 50 boules / 12 etoiles;boule_5;3;boule
2018-08-24;2016+ : 50 boules / 12 etoiles;boule_4;14;boule
2018-08-24;2016+ : 50 boules / 12 etoiles;boule_1;31;boule
2018-08-24;2016+ : 50 boules / 12 etoiles;boule_2;36;boule
2018-08-24;2016+ : 50 boules / 12 etoiles;boule_3;50;boule
2018-08-24;2016+ : 50 boules / 12 etoiles;etoile_2;1;etoile
2018-08-24;2016+ : 50 boules / 12 etoiles;etoile_1;12;etoile
2018-08-28;2016+ : 50 boules / 12 etoiles;boule_3;4;boule
2018-08-28;2016+ : 50 boules / 12 etoiles;boule_4;16;boule
2018-08-28;2016+ : 50 boules / 12 etoiles;boule_5;32;boule
2018-08-28;2016+ : 50 boules / 12 etoiles;boule_1;42;boule
2018-08-28;2016+ : 50 boules / 12 etoiles;boule_2;46;boule
2018-08-28;2016+ : 50 boules / 12 etoiles;etoile_2;8;etoile
2018-08-28;2016+ : 50 boules / 12 etoiles;etoile_1;12;etoile
2018-08-31;2016+ : 50 boules / 12 etoiles;boule_1;4;boule
2018-08-31;2016+ : 50 boules / 12 etoiles;boule_3;30;boule
2018-08-31;2016+ : 50 boules / 12 etoiles;boule_5;31;boule
2018-08-31;2016+ : 50 boules / 12 etoiles;boule_4;38;boule
2018-08-31;2016+ : 50 boules / 12 etoiles;boule_2;42;boule
2018-08-31;2016+ : 50 boules / 12 etoiles;etoile_1;4;etoile
2018-08-31;2016+ : 50 boules / 12 etoiles;etoile_2;6;etoile
2018-09-04;2016+ : 50 boules / 12 etoiles;boule_2;5;boule
2018-09-04;2016+ : 50 boules / 12 etoiles;boule_5;14;boule
2018-09-04;2016+ : 50 boules / 12 etoiles;boule_3;28;boule
2018-09-04;2016+ : 50 boules / 12 etoiles;boule_4;30;boule
2018-09-04;2016+ : 50 boules / 12 etoiles;boule_1;47;boule
2018-09-04;2016+ : 50 boules / 12 etoiles;etoile_2;4;etoile
2018-09-04;2016+ : 50 boules / 12 etoiles;etoile_1;11;etoile
2018-09-07;2016+ : 50 boules / 12 etoiles;boule_4;4;boule
2018-09-07;2016+ : 50 boules / 12 etoiles;boule_5;23;boule
2018-09-07;2016+ : 50 boules / 12 etoiles;boule_3;27;boule
2018-09-07;2016+ : 50 boules / 12 etoiles;boule_2;31;boule
2018-09-07;2016+ : 50 boules / 12 etoiles;boule_1;50;boule
2018-09-07;2016+ : 50 boules / 12 etoiles;etoile_1;1;etoile
2018-09-07;2016+ : 50 boules / 12 etoiles;etoile_2;8;etoile
2018-09-11;2016+ : 50 boules / 12 etoiles;boule_3;9;boule
2018-09-11;2016+ : 50 boules / 12 etoiles;boule_2;18;boule
2018-09-11;2016+ : 50 boules / 12 etoiles;boule_1;32;boule
2018-09-11;2016+ : 50 boules / 12 etoiles;boule_4;38;boule
2018-09-11;2016+ : 50 boules / 12 etoiles;boule_5;46;boule
2018-09-11;2016+ : 50 boules / 12 etoiles;etoile_1;2;etoile
2018-09-11;2016+ : 50 boules / 12 etoiles;etoile_2;3;etoile
2018-09-14;2016+ : 50 boules / 12 etoiles;boule_4;1;boule
2018-09-14;2016+ : 50 boules / 12 etoiles;boule_5;3;boule
2018-09-14;2016+ : 50 boules / 12 etoiles;boule_3;33;boule
2018-09-14;2016+ : 50 boules / 12 etoiles;boule_2;40;boule
2018-09-14;2016+ : 50 boules / 12 etoiles;boule_1;45;boule
2018-09-14;2016+ : 50 boules / 12 etoiles;etoile_2;3;etoile
2018-09-14;2016+ : 50 boules / 12 etoiles;etoile_1;4;etoile
2018-09-18;2016+ : 50 boules / 12 etoiles;boule_5;3;boule
2018-09-18;2016+ : 50 boules / 12 etoiles;boule_4;8;boule
2018-09-18;2016+ : 50 boules / 12 etoiles;boule_1;10;boule
2018-09-18;2016+ : 50 boules / 12 etoiles;boule_2;32;boule
2018-09-18;2016+ : 50 boules / 12 etoiles;boule_3;45;boule
2018-09-18;2016+ : 50 boules / 12 etoiles;etoile_1;4;etoile
2018-09-18;2016+ : 50 boules / 12 etoiles;etoile_2;12;etoile
2018-09-21;2016+ : 50 boules / 12 etoiles;boule_1;5;boule
2018-09-21;2016+ : 50 boules / 12 etoiles;boule_2;7;boule
2018-09-21;2016+ : 50 boules / 12 etoiles;boule_5;21;boule
2018-09-21;2016+ : 50 boules / 12 etoiles;boule_4;25;boule
2018-09-21;2016+ : 50 boules / 12 etoiles;boule_3;37;boule
2018-09-21;2016+ : 50 boules / 12 etoiles;etoile_1;3;etoile
2018-09-21;2016+ : 50 boules / 12 etoiles;etoile_2;4;etoile
2018-09-25;2016+ : 50 boules / 12 etoiles;boule_2;6;boule
2018-09-25;2016+ : 50 boules / 12 etoiles;boule_5;15;boule
2018-09-25;2016+ : 50 boules / 12 etoiles;boule_3;20;boule
2018-09-25;2016+ : 50 boules / 12 etoiles;boule_4;30;boule
2018-09-25;2016+ : 50 boules / 12 etoiles;boule_1;38;boule
2018-09-25;2016+ : 50 boules / 12 etoiles;etoile_1;4;etoile
2018-09-25;2016+ : 50 boules / 12 etoiles;etoile_2;7;etoile
2018-09-28;2016+ : 50 boules / 12 etoiles;boule_4;2;boule
2018-09-28;2016+ : 50 boules / 12 etoiles;boule_1;4;boule
2018-09-28;2016+ : 50 boules / 12 etoiles;boule_2;8;boule
2018-09-28;2016+ : 50 boules / 12 etoiles;boule_5;27;boule
2018-09-28;2016+ : 50 boules / 12 etoiles;boule_3;50;boule
2018-09-28;2016+ : 50 boules / 12 etoiles;etoile_1;2;etoile
2018-09-28;2016+ : 50 boules / 12 etoiles;etoile_2;9;etoile
2018-10-02;2016+ : 50 boules / 12 etoiles;boule_4;7;boule
2018-10-02;2016+ : 50 boules / 12 etoiles;boule_5;17;boule
2018-10-02;2016+ : 50 boules / 12 etoiles;boule_2;29;boule
2018-10-02;2016+ : 50 boules / 12 etoiles;boule_3;37;boule
2018-10-02;2016+ : 50 boules / 12 etoiles;boule_1;45;boule
2018-10-02;2016+ : 50 boules / 12 etoiles;etoile_2;3;etoile
2018-10-02;2016+ : 50 boules / 12 etoiles;etoile_1;11;etoile
2018-10-05;2016+ : 50 boules / 12 etoiles;boule_2;8;boule
2018-10-05;2016+ : 50 boules / 12 etoiles;boule_1;16;boule
2018-10-05;2016+ : 50 boules / 12 etoiles;boule_5;24;boule
2018-10-05;2016+ : 50 boules / 12 etoiles;boule_3;26;boule
2018-10-05;2016+ : 50 boules / 12 etoiles;boule_4;35;boule
2018-10-05;2016+ : 50 boules / 12 etoiles;etoile_2;3;etoile
2018-10-05;2016+ : 50 boules / 12 etoiles;etoile_1;11;etoile
2018-10-09;2016+ : 50 boules / 12 etoiles;boule_1;3;boule
2018-10-09;2016+ : 50 boules / 12 etoiles;boule_4;12;boule
2018-10-09;2016+ : 50 boules / 12 etoiles;boule_5;36;boule
2018-10-09;2016+ : 50 boules / 12 etoiles;boule_3;44;boule
2018-10-09;2016+ : 50 boules / 12 etoiles;boule_2;45;boule
2018-10-09;2016+ : 50 boules / 12 etoiles;etoile_2;8;etoile
2018-10-09;2016+ : 50 boules / 12 etoiles;etoile_1;11;etoile
2018-10-12;2016+ : 50 boules / 12 etoiles;boule_2;4;boule
2018-10-12;2016+ : 50 boules / 12 etoiles;boule_5;9;boule
2018-10-12;2016+ : 50 boules / 12 etoiles;boule_3;12;boule
2018-10-12;2016+ : 50 boules / 12 etoiles;boule_1;31;boule
2018-10-12;2016+ : 50 boules / 12 etoiles;boule_4;43;boule
2018-10-12;2016+ : 50 boules / 12 etoiles;etoile_2;5;etoile
2018-10-12;2016+ : 50 boules / 12 etoiles;etoile_1;8;etoile
2018-10-16;2016+ : 50 boules / 12 etoiles;boule_1;15;boule
2018-10-16;2016+ : 50 boules / 12 etoiles;boule_2;28;boule
2018-10-16;2016+ : 50 boules / 12 etoiles;boule_4;37;boule
2018-10-16;2016+ : 50 boules / 12 etoiles;boule_5;40;boule
2018-10-16;2016+ : 50 boules / 12 etoiles;boule_3;42;boule
2018-10-16;2016+ : 50 boules / 12 etoiles;etoile_1;1;etoile
2018-10-16;2016+ : 50 boules / 12 etoiles;etoile_2;6;etoile
2018-10-19;2016+ : 50 boules / 12 etoiles;boule_1;1;boule
2018-10-19;2016+ : 50 boules / 12 etoiles;boule_2;3;boule
2018-10-19;2016+ : 50 boules / 12 etoiles;boule_4;29;boule
2018-10-19;2016+ : 50 boules / 12 etoiles;boule_3;47;boule
2018-10-19;2016+ : 50 boules / 12 etoiles;boule_5;48;boule
2018-10-19;2016+ : 50 boules / 12 etoiles;etoile_2;3;etoile
2018-10-19;2016+ : 50 boules / 12 etoiles;etoile_1;12;etoile
2018-10-23;2016+ : 50 boules / 12 etoiles;boule_3;1;boule
2018-10-23;2016+ : 50 boules / 12 etoiles;boule_2;2;boule
2018-10-23;2016+ : 50 boules / 12 etoiles;boule_4;5;boule
2018-10-23;2016+ : 50 boules / 12 etoiles;boule_5;21;boule
2018-10-23;2016+ : 50 boules / 12 etoiles;boule_1;32;boule
2018-10-23;2016+ : 50 boules / 12 etoiles;etoile_2;2;etoile
2018-10-23;2016+ : 50 boules / 12 etoiles;etoile_1;12;etoile
2018-10-26;2016+ : 50 boules / 12 etoiles;boule_1;5;boule
2018-10-26;2016+ : 50 boules / 12 etoiles;boule_3;18;boule
2018-10-26;2016+ : 50 boules / 12 etoiles;boule_4;21;boule
2018-10-26;2016+ : 50 boules / 12 etoiles;boule_2;31;boule
2018-10-26;2016+ : 50 boules / 12 etoiles;boule_5;35;boule
2018-10-26;2016+ : 50 boules / 12 etoiles;etoile_1;6;etoile
2018-10-26;2016+ : 50 boules / 12 etoiles;etoile_2;9;etoile
2018-10-30;2016+ : 50 boules / 12 etoiles;boule_4;17;boule
2018-10-30;2016+ : 50 boules / 12 etoiles;boule_3;23;boule
2018-10-30;2016+ : 50 boules / 12 etoiles;boule_2;27;boule
2018-10-30;2016+ : 50 boules / 12 etoiles;boule_5;43;boule
2018-10-30;2016+ : 50 boules / 12 etoiles;boule_1;44;boule
2018-10-30;2016+ : 50 boules / 12 etoiles;etoile_1;1;etoile
2018-10-30;2016+ : 50 boules / 12 etoiles;etoile_2;12;etoile
2018-11-02;2016+ : 50 boules / 12 etoiles;boule_3;5;boule
2018-11-02;2016+ : 50 boules / 12 etoiles;boule_1;15;boule
2018-11-02;2016+ : 50 boules / 12 etoiles;boule_4;17;boule
2018-11-02;2016+ : 50 boules / 12 etoiles;boule_2;37;boule
2018-11-02;2016+ : 50 boules / 12 etoiles;boule_5;44;boule
2018-11-02;2016+ : 50 boules / 12 etoiles;etoile_2;7;etoile
2018-11-02;2016+ : 50 boules / 12 etoiles;etoile_1;11;etoile
2018-11-06;2016+ : 50 boules / 12 etoiles;boule_1;14;boule
2018-11-06;2016+ : 50 boules / 12 etoiles;boule_3;24;boule
2018-11-06;2016+ : 50 boules / 12 etoiles;boule_2;36;boule
2018-11-06;2016+ : 50 boules / 12 etoiles;boule_5;40;boule
2018-11-06;2016+ : 50 boules / 12 etoiles;boule_4;43;boule
2018-11-06;2016+ : 50 boules / 12 etoiles;etoile_1;2;etoile
2018-11-06;2016+ : 50 boules / 12 etoiles;etoile_2;9;etoile
2018-11-09;2016+ : 50 boules / 12 etoiles;boule_5;14;boule
2018-11-09;2016+ : 50 boules / 12 etoiles;boule_2;17;boule
2018-11-09;2016+ : 50 boules / 12 etoiles;boule_4;32;boule
2018-11-09;2016+ : 50 boules / 12 etoiles;boule_3;37;boule
2018-11-09;2016+ : 50 boules / 12 etoiles;boule_1;49;boule
2018-11-09;2016+ : 50 boules / 12 etoiles;etoile_1;11;etoile
2018-11-09;2016+ : 50 boules / 12 etoiles;etoile_2;12;etoile
2018-11-13;2016+ : 50 boules / 12 etoiles;boule_4;2;boule
2018-11-13;2016+ : 50 boules / 12 etoiles;boule_2;7;boule
2018-11-13;2016+ : 50 boules / 12 etoiles;boule_1;10;boule
2018-11-13;2016+ : 50 boules / 12 etoiles;boule_3;13;boule
2018-11-13;2016+ : 50 boules / 12 etoiles;boule_5;42;boule
2018-11-13;2016+ : 50 boules / 12 etoiles;etoile_2;3;etoile
2018-11-13;2016+ : 50 boules / 12 etoiles;etoile_1;6;etoile
2018-11-16;2016+ : 50 boules / 12 etoiles;boule_1;9;boule
2018-11-16;2016+ : 50 boules / 12 etoiles;boule_2;10;boule
2018-11-16;2016+ : 50 boules / 12 etoiles;boule_5;13;boule
2018-11-16;2016+ : 50 boules / 12 etoiles;boule_3;28;boule
2018-11-16;2016+ : 50 boules / 12 etoiles;boule_4;41;boule
2018-11-16;2016+ : 50 boules / 12 etoiles;etoile_2;1;etoile
2018-11-16;2016+ : 50 boules / 12 etoiles;etoile_1;12;etoile
2018-11-20;2016+ : 50 boules / 12 etoiles;boule_1;6;boule
2018-11-20;2016+ : 50 boules / 12 etoiles;boule_3;19;boule
2018-11-20;2016+ : 50 boules / 12 etoiles;boule_5;39;boule
2018-11-20;2016+ : 50 boules / 12 etoiles;boule_4;45;boule
2018-11-20;2016+ : 50 boules / 12 etoiles;boule_2;48;boule
2018-11-20;2016+ : 50 boules / 12 etoiles;etoile_1;7;etoile
2018-11-20;2016+ : 50 boules / 12 etoiles;etoile_2;12;etoile
2018-11-23;2016+ : 50 boules / 12 etoiles;boule_3;5;boule
2018-11-23;2016+ : 50 boules / 12 etoiles;boule_5;8;boule
2018-11-23;2016+ : 50 boules / 12 etoiles;boule_1;25;boule
2018-11-23;2016+ : 50 boules / 12 etoiles;boule_4;26;boule
2018-11-23;2016+ : 50 boules / 12 etoiles;boule_2;30;boule
2018-11-23;2016+ : 50 boules / 12 etoiles;etoile_1;3;etoile
2018-11-23;2016+ : 50 boules / 12 etoiles;etoile_2;10;etoile
2018-11-27;2016+ : 50 boules / 12 etoiles;boule_3;4;boule
2018-11-27;2016+ : 50 boules / 12 etoiles;boule_2;16;boule
2018-11-27;2016+ : 50 boules / 12 etoiles;boule_1;17;boule
2018-11-27;2016+ : 50 boules / 12 etoiles;boule_5;18;boule
2018-11-27;2016+ : 50 boules / 12 etoiles;boule_4;32;boule
2018-11-27;2016+ : 50 boules / 12 etoiles;etoile_2;2;etoile
2018-11-27;2016+ : 50 boules / 12 etoiles;etoile_1;11;etoile
2018-11-30;2016+ : 50 boules / 12 etoiles;boule_1;3;boule
2018-11-30;2016+ : 50 boules / 12 etoiles;boule_2;10;boule
2018-11-30;2016+ : 50 boules / 12 etoiles;boule_5;12;boule
2018-11-30;2016+ : 50 boules / 12 etoiles;boule_4;23;boule
2018-11-30;2016+ : 50 boules / 12 etoiles;boule_3;26;boule
2018-11-30;2016+ : 50 boules / 12 etoiles;etoile_2;1;etoile
2018-11-30;2016+ : 50 boules / 12 etoiles;etoile_1;12;etoile
2018-12-04;2016+ : 50 boules / 12 etoiles;boule_2;19;boule
2018-12-04;2016+ : 50 boules / 12 etoiles;boule_4;20;boule
2018-12-04;2016+ : 50 boules / 12 etoiles;boule_1;21;boule
2018-12-04;2016+ : 50 boules / 12 etoiles;boule_5;42;boule
2018-12-04;2016+ : 50 boules / 12 etoiles;boule_3;45;boule
2018-12-04;2016+ : 50 boules / 12 etoiles;etoile_1;8;etoile
2018-12-04;2016+ : 50 boules / 12 etoiles;etoile_2;9;etoile
2018-12-07;2016+ : 50 boules / 12 etoiles;boule_2;11;boule
2018-12-07;2016+ : 50 boules / 12 etoiles;boule_1;17;boule
2018-12-07;2016+ : 50 boules / 12 etoiles;boule_5;26;boule
2018-12-07;2016+ : 50 boules / 12 etoiles;boule_3;37;boule
2018-12-07;2016+ : 50 boules / 12 etoiles;boule_4;48;boule
2018-12-07;2016+ : 50 boules / 12 etoiles;etoile_1;1;etoile
2018-12-07;2016+ : 50 boules / 12 etoiles;etoile_2;10;etoile
2018-12-11;2016+ : 50 boules / 12 etoiles;boule_1;4;boule
2018-12-11;2016+ : 50 boules / 12 etoiles;boule_3;7;boule
2018-12-11;2016+ : 50 boules / 12 etoiles;boule_2;13;boule
2018-12-11;2016+ : 50 boules / 12 etoiles;boule_5;23;boule
2018-12-11;2016+ : 50 boules / 12 etoiles;boule_4;42;boule
2018-12-11;2016+ : 50 boules / 12 etoiles;etoile_1;1;etoile
2018-12-11;2016+ : 50 boules / 12 etoiles;etoile_2;3;etoile
2018-12-14;2016+ : 50 boules / 12 etoiles;boule_2;12;boule
2018-12-14;2016+ : 50 boules / 12 etoiles;boule_1;29;boule
2018-12-14;2016+ : 50 boules / 12 etoiles;boule_3;38;boule
2018-12-14;2016+ : 50 boules / 12 etoiles;boule_5;42;boule
2018-12-14;2016+ : 50 boules / 12 etoiles;boule_4;44;boule
2018-12-14;2016+ : 50 boules / 12 etoiles;etoile_2;2;etoile
2018-12-14;2016+ : 50 boules / 12 etoiles;etoile_1;12;etoile
2018-12-18;2016+ : 50 boules / 12 etoiles;boule_1;1;boule
2018-12-18;2016+ : 50 boules / 12 etoiles;boule_5;9;boule
2018-12-18;2016+ : 50 boules / 12 etoiles;boule_2;18;boule
2018-12-18;2016+ : 50 boules / 12 etoiles;boule_3;39;boule
2018-12-18;2016+ : 50 boules / 12 etoiles;boule_4;48;boule
2018-12-18;2016+ : 50 boules / 12 etoiles;etoile_2;5;etoile
2018-12-18;2016+ : 50 boules / 12 etoiles;etoile_1;7;etoile
2018-12-21;2016+ : 50 boules / 12 etoiles;boule_2;2;boule
2018-12-21;2016+ : 50 boules / 12 etoiles;boule_1;12;boule
2018-12-21;2016+ : 50 boules / 12 etoiles;boule_5;15;boule
2018-12-21;2016+ : 50 boules / 12 etoiles;boule_3;34;boule
2018-12-21;2016+ : 50 boules / 12 etoiles;boule_4;50;boule
2018-12-21;2016+ : 50 boules / 12 etoiles;etoile_2;3;etoile
2018-12-21;2016+ : 50 boules / 12 etoiles;etoile_1;4;etoile
2018-12-25;2016+ : 50 boules / 12 etoiles;boule_2;4;boule
2018-12-25;2016+ : 50 boules / 12 etoiles;boule_5;5;boule
2018-12-25;2016+ : 50 boules / 12 etoiles;boule_1;8;boule
2018-12-25;2016+ : 50 boules / 12 etoiles;boule_4;31;boule
2018-12-25;2016+ : 50 boules / 12 etoiles;boule_3;43;boule
2018-12-25;2016+ : 50 boules / 12 etoiles;etoile_2;2;etoile
2018-12-25;2016+ : 50 boules / 12 etoiles;etoile_1;9;etoile
2018-12-28;2016+ : 50 boules / 12 etoiles;boule_5;13;boule
2018-12-28;2016+ : 50 boules / 12 etoiles;boule_2;16;boule
2018-12-28;2016+ : 50 boules / 12 etoiles;boule_1;34;boule
2018-12-28;2016+ : 50 boules / 12 etoiles;boule_3;35;boule
2018-12-28;2016+ : 50 boules / 12 etoiles;boule_4;45;boule
2018-12-28;2016+ : 50 boules / 12 etoiles;etoile_1;10;etoile
2018-12-28;2016+ : 50 boules / 12 etoiles;etoile_2;12;etoile
2019-01-01;2016+ : 50 boules / 12 etoiles;boule_5;1;boule
2019-01-01;2016+ : 50 boules / 12 etoiles;boule_3;8;boule
2019-01-01;2016+ : 50 boules / 12 etoiles;boule_1;11;boule
2019-01-01;2016+ : 50 boules / 12 etoiles;boule_2;25;boule
2019-01-01;2016+ : 50 boules / 12 etoiles;boule_4;28;boule
2019-01-01;2016+ : 50 boules / 12 etoiles;etoile_1;4;etoile
2019-01-01;2016+ : 50 boules / 12 etoiles;etoile_2;6;etoile
2019-01-04;2016+ : 50 boules / 12 etoiles;boule_2;7;boule
2019-01-04;2016+ : 50 boules / 12 etoiles;boule_3;11;boule
2019-01-04;2016+ : 50 boules / 12 etoiles;boule_1;19;boule
2019-01-04;2016+ : 50 boules / 12 etoiles;boule_5;27;boule
2019-01-04;2016+ : 50 boules / 12 etoiles;boule_4;37;boule
2019-01-04;2016+ : 50 boules / 12 etoiles;etoile_2;6;etoile
2019-01-04;2016+ : 50 boules / 12 etoiles;etoile_1;10;etoile
2019-01-08;2016+ : 50 boules / 12 etoiles;boule_4;3;boule
2019-01-08;2016+ : 50 boules / 12 etoiles;boule_1;19;boule
2019-01-08;2016+ : 50 boules / 12 etoiles;boule_5;22;boule
2019-01-08;2016+ : 50 boules / 12 etoiles;boule_3;31;boule
2019-01-08;2016+ : 50 boules / 12 etoiles;boule_2;32;boule
2019-01-08;2016+ : 50 boules / 12 etoiles;etoile_1;2;etoile
2019-01-08;2016+ : 50 boules / 12 etoiles;etoile_2;11;etoile
2019-01-11;2016+ : 50 boules / 12 etoiles;boule_5;1;boule
2019-01-11;2016+ : 50 boules / 12 etoiles;boule_1;19;boule
2019-01-11;2016+ : 50 boules / 12 etoiles;boule_3;31;boule
2019-01-11;2016+ : 50 boules / 12 etoiles;boule_4;39;boule
2019-01-11;2016+ : 50 boules / 12 etoiles;boule_2;48;boule
2019-01-11;2016+ : 50 boules / 12 etoiles;etoile_2;1;etoile
2019-01-11;2016+ : 50 boules / 12 etoiles;etoile_1;6;etoile
2019-01-15;2016+ : 50 boules / 12 etoiles;boule_2;22;boule
2019-01-15;2016+ : 50 boules / 12 etoiles;boule_4;25;boule
2019-01-15;2016+ : 50 boules / 12 etoiles;boule_5;29;boule
2019-01-15;2016+ : 50 boules / 12 etoiles;boule_1;33;boule
2019-01-15;2016+ : 50 boules / 12 etoiles;boule_3;35;boule
2019-01-15;2016+ : 50 boules / 12 etoiles;etoile_1;3;etoile
2019-01-15;2016+ : 50 boules / 12 etoiles;etoile_2;6;etoile
2019-01-18;2016+ : 50 boules / 12 etoiles;boule_1;5;boule
2019-01-18;2016+ : 50 boules / 12 etoiles;boule_4;6;boule
2019-01-18;2016+ : 50 boules / 12 etoiles;boule_2;16;boule
2019-01-18;2016+ : 50 boules / 12 etoiles;boule_5;30;boule
2019-01-18;2016+ : 50 boules / 12 etoiles;boule_3;46;boule
2019-01-18;2016+ : 50 boules / 12 etoiles;etoile_1;5;etoile
2019-01-18;2016+ : 50 boules / 12 etoiles;etoile_2;10;etoile
2019-01-22;2016+ : 50 boules / 12 etoiles;boule_4;9;boule
2019-01-22;2016+ : 50 boules / 12 etoiles;boule_5;23;boule
2019-01-22;2016+ : 50 boules / 12 etoiles;boule_1;29;boule
2019-01-22;2016+ : 50 boules / 12 etoiles;boule_3;41;boule
2019-01-22;2016+ : 50 boules / 12 etoiles;boule_2;49;boule
2019-01-22;2016+ : 50 boules / 12 etoiles;etoile_1;8;etoile
2019-01-22;2016+ : 50 boules / 12 etoiles;etoile_2;10;etoile
2019-01-25;2016+ : 50 boules / 12 etoiles;boule_5;1;boule
2019-01-25;2016+ : 50 boules / 12 etoiles;boule_4;6;boule
2019-01-25;2016+ : 50 boules / 12 etoiles;boule_3;13;boule
2019-01-25;2016+ : 50 boules / 12 etoiles;boule_1;15;boule
2019-01-25;2016+ : 50 boules / 12 etoiles;boule_2;16;boule
2019-01-25;2016+ : 50 boules / 12 etoiles;etoile_1;6;etoile
2019-01-25;2016+ : 50 boules / 12 etoiles;etoile_2;10;etoile
2019-01-29;2016+ : 50 boules / 12 etoiles;boule_2;14;boule
2019-01-29;2016+ : 50 boules / 12 etoiles;boule_3;24;boule
2019-01-29;2016+ : 50 boules / 12 etoiles;boule_5;26;boule
2019-01-29;2016+ : 50 boules / 12 etoiles;boule_4;32;boule
2019-01-29;2016+ : 50 boules / 12 etoiles;boule_1;39;boule
2019-01-29;2016+ : 50 boules / 12 etoiles;etoile_2;3;etoile
2019-01-29;2016+ : 50 boules / 12 etoiles;etoile_1;8;etoile
2019-02-01;2016+ : 50 boules / 12 etoiles;boule_1;3;boule
2019-02-01;2016+ : 50 boules / 12 etoiles;boule_5;21;boule
2019-02-01;2016+ : 50 boules / 12 etoiles;boule_3;26;boule
2019-02-01;2016+ : 50 boules / 12 etoiles;boule_2;41;boule
2019-02-01;2016+ : 50 boules / 12 etoiles;boule_4;46;boule
2019-02-01;2016+ : 50 boules / 12 etoiles;etoile_2;1;etoile
2019-02-01;2016+ : 50 boules / 12 etoiles;etoile_1;6;etoile
2019-02-05;2016+ : 50 boules / 12 etoiles;boule_3;14;boule
2019-02-05;2016+ : 50 boules / 12 etoiles;boule_4;25;boule
2019-02-05;2016+ : 50 boules / 12 etoiles;boule_1;31;boule
2019-02-05;2016+ : 50 boules / 12 etoiles;boule_5;37;boule
2019-02-05;2016+ : 50 boules / 12 etoiles;boule_2;43;boule
2019-02-05;2016+ : 50 boules / 12 etoiles;etoile_1;2;etoile
2019-02-05;2016+ : 50 boules / 12 etoiles;etoile_2;3;etoile
2019-02-08;2016+ : 50 boules / 12 etoiles;boule_5;11;boule
2019-02-08;2016+ : 50 boules / 12 etoiles;boule_2;12;boule
2019-02-08;2016+ : 50 boules / 12 etoiles;boule_3;13;boule
2019-02-08;2016+ : 50 boules / 12 etoiles;boule_4;39;boule
2019-02-08;2016+ : 50 boules / 12 etoiles;boule_1;46;boule
2019-02-08;2016+ : 50 boules / 12 etoiles;etoile_1;7;etoile
2019-02-08;2016+ : 50 boules / 12 etoiles;etoile_2;10;etoile
2019-02-12;2016+ : 50 boules / 12 etoiles;boule_5;6;boule
2019-02-12;2016+ : 50 boules / 12 etoiles;boule_1;34;boule
2019-02-12;2016+ : 50 boules / 12 etoiles;boule_2;36;boule
2019-02-12;2016+ : 50 boules / 12 etoiles;boule_4;41;boule
2019-02-12;2016+ : 50 boules / 12 etoiles;boule_3;50;boule
2019-02-12;2016+ : 50 boules / 12 etoiles;etoile_1;1;etoile
2019-02-12;2016+ : 50 boules / 12 etoiles;etoile_2;5;etoile
2019-02-15;2016+ : 50 boules / 12 etoiles;boule_5;15;boule
2019-02-15;2016+ : 50 boules / 12 etoiles;boule_3;27;boule
2019-02-15;2016+ : 50 boules / 12 etoiles;boule_4;34;boule
2019-02-15;2016+ : 50 boules / 12 etoiles;boule_2;38;boule
2019-02-15;2016+ : 50 boules / 12 etoiles;boule_1;49;boule
2019-02-15;2016+ : 50 boules / 12 etoiles;etoile_1;2;etoile
2019-02-15;2016+ : 50 boules / 12 etoiles;etoile_2;10;etoile
2019-02-19;2016+ : 50 boules / 12 etoiles;boule_4;1;boule
2019-02-19;2016+ : 50 boules / 12 etoiles;boule_2;8;boule
2019-02-19;2016+ : 50 boules / 12 etoiles;boule_3;18;boule
2019-02-19;2016+ : 50 boules / 12 etoiles;boule_1;19;boule
2019-02-19;2016+ : 50 boules / 12 etoiles;boule_5;39;boule
2019-02-19;2016+ : 50 boules / 12 etoiles;etoile_2;7;etoile
2019-02-19;2016+ : 50 boules / 12 etoiles;etoile_1;9;etoile
2019-02-22;2016+ : 50 boules / 12 etoiles;boule_4;3;boule
2019-02-22;2016+ : 50 boules / 12 etoiles;boule_5;27;boule
2019-02-22;2016+ : 50 boules / 12 etoiles;boule_3;29;boule
2019-02-22;2016+ : 50 boules / 12 etoiles;boule_2;33;boule
2019-02-22;2016+ : 50 boules / 12 etoiles;boule_1;50;boule
2019-02-22;2016+ : 50 boules / 12 etoiles;etoile_2;3;etoile
2019-02-22;2016+ : 50 boules / 12 etoiles;etoile_1;7;etoile
2019-02-26;2016+ : 50 boules / 12 etoiles;boule_4;3;boule
2019-02-26;2016+ : 50 boules / 12 etoiles;boule_3;15;boule
2019-02-26;2016+ : 50 boules / 12 etoiles;boule_1;29;boule
2019-02-26;2016+ : 50 boules / 12 etoiles;boule_5;35;boule
2019-02-26;2016+ : 50 boules / 12 etoiles;boule_2;47;boule
2019-02-26;2016+ : 50 boules / 12 etoiles;etoile_2;3;etoile
2019-02-26;2016+ : 50 boules / 12 etoiles;etoile_1;4;etoile
2019-03-01;2016+ : 50 boules / 12 etoiles;boule_5;6;boule
2019-03-01;2016+ : 50 boules / 12 etoiles;boule_1;9;boule
2019-03-01;2016+ : 50 boules / 12 etoiles;boule_2;19;boule
2019-03-01;2016+ : 50 boules / 12 etoiles;boule_3;26;boule
2019-03-01;2016+ : 50 boules / 12 etoiles;boule_4;31;boule
2019-03-01;2016+ : 50 boules / 12 etoiles;etoile_2;11;etoile
2019-03-01;2016+ : 50 boules / 12 etoiles;etoile_1;12;etoile
2019-03-05;2016+ : 50 boules / 12 etoiles;boule_5;6;boule
2019-03-05;2016+ : 50 boules / 12 etoiles;boule_2;10;boule
2019-03-05;2016+ : 50 boules / 12 etoiles;boule_1;16;boule
2019-03-05;2016+ : 50 boules / 12 etoiles;boule_4;39;boule
2019-03-05;2016+ : 50 boules / 12 etoiles;boule_3;46;boule
2019-03-05;2016+ : 50 boules / 12 etoiles;etoile_1;8;etoile
2019-03-05;2016+ : 50 boules / 12 etoiles;etoile_2;11;etoile
2019-03-08;2016+ : 50 boules / 12 etoiles;boule_2;17;boule
2019-03-08;2016+ : 50 boules / 12 etoiles;boule_5;18;boule
2019-03-08;2016+ : 50 boules / 12 etoiles;boule_4;19;boule
2019-03-08;2016+ : 50 boules / 12 etoiles;boule_3;24;boule
2019-03-08;2016+ : 50 boules / 12 etoiles;boule_1;40;boule
2019-03-08;2016+ : 50 boules / 12 etoiles;etoile_2;4;etoile
2019-03-08;2016+ : 50 boules / 12 etoiles;etoile_1;8;etoile
2019-03-12;2016+ : 50 boules / 12 etoiles;boule_1;5;boule
2019-03-12;2016+ : 50 boules / 12 etoiles;boule_3;7;boule
2019-03-12;2016+ : 50 boules / 12 etoiles;boule_2;13;boule
2019-03-12;2016+ : 50 boules / 12 etoiles;boule_4;19;boule
2019-03-12;2016+ : 50 boules / 12 etoiles;boule_5;31;boule
2019-03-12;2016+ : 50 boules / 12 etoiles;etoile_2;2;etoile
2019-03-12;2016+ : 50 boules / 12 etoiles;etoile_1;9;etoile
2019-03-15;2016+ : 50 boules / 12 etoiles;boule_5;3;boule
2019-03-15;2016+ : 50 boules / 12 etoiles;boule_4;15;boule
2019-03-15;2016+ : 50 boules / 12 etoiles;boule_2;24;boule
2019-03-15;2016+ : 50 boules / 12 etoiles;boule_3;42;boule
2019-03-15;2016+ : 50 boules / 12 etoiles;boule_1;46;boule
2019-03-15;2016+ : 50 boules / 12 etoiles;etoile_2;9;etoile
2019-03-15;2016+ : 50 boules / 12 etoiles;etoile_1;12;etoile
2019-03-19;2016+ : 50 boules / 12 etoiles;boule_3;1;boule
2019-03-19;2016+ : 50 boules / 12 etoiles;boule_2;6;boule
2019-03-19;2016+ : 50 boules / 12 etoiles;boule_1;9;boule
2019-03-19;2016+ : 50 boules / 12 etoiles;boule_5;34;boule
2019-03-19;2016+ : 50 boules / 12 etoiles;boule_4;47;boule
2019-03-19;2016+ : 50 boules / 12 etoiles;etoile_2;7;etoile
2019-03-19;2016+ : 50 boules / 12 etoiles;etoile_1;12;etoile
2019-03-22;2016+ : 50 boules / 12 etoiles;boule_4;4;boule
2019-03-22;2016+ : 50 boules / 12 etoiles;boule_1;17;boule
2019-03-22;2016+ : 50 boules / 12 etoiles;boule_3;26;boule
2019-03-22;2016+ : 50 boules / 12 etoiles;boule_5;30;boule
2019-03-22;2016+ : 50 boules / 12 etoiles;boule_2;43;boule
2019-03-22;2016+ : 50 boules / 12 etoiles;etoile_2;6;etoile
2019-03-22;2016+ : 50 boules / 12 etoiles;etoile_1;11;etoile
2019-03-26;2016+ : 50 boules / 12 etoiles;boule_5;12;boule
2019-03-26;2016+ : 50 boules / 12 etoiles;boule_3;19;boule
2019-03-26;2016+ : 50 boules / 12 etoiles;boule_4;23;boule
2019-03-26;2016+ : 50 boules / 12 etoiles;boule_2;43;boule
2019-03-26;2016+ : 50 boules / 12 etoiles;boule_1;47;boule
2019-03-26;2016+ : 50 boules / 12 etoiles;etoile_1;2;etoile
2019-03-26;2016+ : 50 boules / 12 etoiles;etoile_2;6;etoile
2019-03-29;2016+ : 50 boules / 12 etoiles;boule_1;13;boule
2019-03-29;2016+ : 50 boules / 12 etoiles;boule_2;23;boule
2019-03-29;2016+ : 50 boules / 12 etoiles;boule_3;26;boule
2019-03-29;2016+ : 50 boules / 12 etoiles;boule_5;32;boule
2019-03-29;2016+ : 50 boules / 12 etoiles;boule_4;47;boule
2019-03-29;2016+ : 50 boules / 12 etoiles;etoile_1;6;etoile
2019-03-29;2016+ : 50 boules / 12 etoiles;etoile_2;10;etoile
2019-04-02;2016+ : 50 boules / 12 etoiles;boule_4;2;boule
2019-04-02;2016+ : 50 boules / 12 etoiles;boule_1;9;boule
2019-04-02;2016+ : 50 boules / 12 etoiles;boule_3;16;boule
2019-04-02;2016+ : 50 boules / 12 etoiles;boule_2;26;boule
2019-04-02;2016+ : 50 boules / 12 etoiles;boule_5;36;boule
2019-04-02;2016+ : 50 boules / 12 etoiles;etoile_1;6;etoile
2019-04-02;2016+ : 50 boules / 12 etoiles;etoile_2;7;etoile
2019-04-05;2016+ : 50 boules / 12 etoiles;boule_4;1;boule
2019-04-05;2016+ : 50 boules / 12 etoiles;boule_1;7;boule
2019-04-05;2016+ : 50 boules / 12 etoiles;boule_3;10;boule
2019-04-05;2016+ : 50 boules / 12 etoiles;boule_5;29;boule
2019-04-05;2016+ : 50 boules / 12 etoiles;boule_2;45;boule
2019-04-05;2016+ : 50 boules / 12 etoiles;etoile_2;3;etoile
2019-04-05;2016+ : 50 boules / 12 etoiles;etoile_1;5;etoile
2019-04-09;2016+ : 50 boules / 12 etoiles;boule_3;18;boule
2019-04-09;2016+ : 50 boules / 12 etoiles;boule_5;21;boule
2019-04-09;2016+ : 50 boules / 12 etoiles;boule_4;29;boule
2019-04-09;2016+ : 50 boules / 12 etoiles;boule_1;38;boule
2019-04-09;2016+ : 50 boules / 12 etoiles;boule_2;41;boule
2019-04-09;2016+ : 50 boules / 12 etoiles;etoile_1;1;etoile
2019-04-09;2016+ : 50 boules / 12 etoiles;etoile_2;11;etoile
2019-04-12;2016+ : 50 boules / 12 etoiles;boule_3;1;boule
2019-04-12;2016+ : 50 boules / 12 etoiles;boule_2;28;boule
2019-04-12;2016+ : 50 boules / 12 etoiles;boule_4;35;boule
2019-04-12;2016+ : 50 boules / 12 etoiles;boule_5;36;boule
2019-04-12;2016+ : 50 boules / 12 etoiles;boule_1;46;boule
2019-04-12;2016+ : 50 boules / 12 etoiles;etoile_1;6;etoile
2019-04-12;2016+ : 50 boules / 12 etoiles;etoile_2;9;etoile
2019-04-16;2016+ : 50 boules / 12 etoiles;boule_1;1;boule
2019-04-16;2016+ : 50 boules / 12 etoiles;boule_4;8;boule
2019-04-16;2016+ : 50 boules / 12 etoiles;boule_3;15;boule
2019-04-16;2016+ : 50 boules / 12 etoiles;boule_5;44;boule
2019-04-16;2016+ : 50 boules / 12 etoiles;boule_2;49;boule
2019-04-16;2016+ : 50 boules / 12 etoiles;etoile_1;2;etoile
2019-04-16;2016+ : 50 boules / 12 etoiles;etoile_2;11;etoile
2019-04-19;2016+ : 50 boules / 12 etoiles;boule_4;7;boule
2019-04-19;2016+ : 50 boules / 12 etoiles;boule_3;8;boule
2019-04-19;2016+ : 50 boules / 12 etoiles;boule_1;32;boule
2019-04-19;2016+ : 50 boules / 12 etoiles;boule_5;41;boule
2019-04-19;2016+ : 50 boules / 12 etoiles;boule_2;49;boule
2019-04-19;2016+ : 50 boules / 12 etoiles;etoile_2;5;etoile
2019-04-19;2016+ : 50 boules / 12 etoiles;etoile_1;11;etoile
2019-04-23;2016+ : 50 boules / 12 etoiles;boule_3;18;boule
2019-04-23;2016+ : 50 boules / 12 etoiles;boule_1;23;boule
2019-04-23;2016+ : 50 boules / 12 etoiles;boule_4;27;boule
2019-04-23;2016+ : 50 boules / 12 etoiles;boule_5;42;boule
2019-04-23;2016+ : 50 boules / 12 etoiles;boule_2;44;boule
2019-04-23;2016+ : 50 boules / 12 etoiles;etoile_2;2;etoile
2019-04-23;2016+ : 50 boules / 12 etoiles;etoile_1;7;etoile
2019-04-26;2016+ : 50 boules / 12 etoiles;boule_5;14;boule
2019-04-26;2016+ : 50 boules / 12 etoiles;boule_1;33;boule
2019-04-26;2016+ : 50 boules / 12 etoiles;boule_2;35;boule
2019-04-26;2016+ : 50 boules / 12 etoiles;boule_4;47;boule
2019-04-26;2016+ : 50 boules / 12 etoiles;boule_3;50;boule
2019-04-26;2016+ : 50 boules / 12 etoiles;etoile_2;9;etoile
2019-04-26;2016+ : 50 boules / 12 etoiles;etoile_1;11;etoile
2019-04-30;2016+ : 50 boules / 12 etoiles;boule_5;5;boule
2019-04-30;2016+ : 50 boules / 12 etoiles;boule_3;12;boule
2019-04-30;2016+ : 50 boules / 12 etoiles;boule_1;20;boule
2019-04-30;2016+ : 50 boules / 12 etoiles;boule_2;26;boule
2019-04-30;2016+ : 50 boules / 12 etoiles;boule_4;48;boule
2019-04-30;2016+ : 50 boules / 12 etoiles;etoile_1;2;etoile
2019-04-30;2016+ : 50 boules / 12 etoiles;etoile_2;11;etoile
2019-05-03;2016+ : 50 boules / 12 etoiles;boule_1;2;boule
2019-05-03;2016+ : 50 boules / 12 etoiles;boule_5;9;boule
2019-05-03;2016+ : 50 boules / 12 etoiles;boule_2;20;boule
2019-05-03;2016+ : 50 boules / 12 etoiles;boule_3;27;boule
2019-05-03;2016+ : 50 boules / 12 etoiles;boule_4;43;boule
2019-05-03;2016+ : 50 boules / 12 etoiles;etoile_1;5;etoile
2019-05-03;2016+ : 50 boules / 12 etoiles;etoile_2;6;etoile
2019-05-07;2016+ : 50 boules / 12 etoiles;boule_4;7;boule
2019-05-07;2016+ : 50 boules / 12 etoiles;boule_2;20;boule
2019-05-07;2016+ : 50 boules / 12 etoiles;boule_5;26;boule
2019-05-07;2016+ : 50 boules / 12 etoiles;boule_1;32;boule
2019-05-07;2016+ : 50 boules / 12 etoiles;boule_3;47;boule
2019-05-07;2016+ : 50 boules / 12 etoiles;etoile_1;2;etoile
2019-05-07;2016+ : 50 boules / 12 etoiles;etoile_2;11;etoile
2019-05-10;2016+ : 50 boules / 12 etoiles;boule_1;1;boule
2019-05-10;2016+ : 50 boules / 12 etoiles;boule_4;4;boule
2019-05-10;2016+ : 50 boules / 12 etoiles;boule_3;27;boule
2019-05-10;2016+ : 50 boules / 12 etoiles;boule_2;45;boule
2019-05-10;2016+ : 50 boules / 12 etoiles;boule_5;48;boule
2019-05-10;2016+ : 50 boules / 12 etoiles;etoile_2;1;etoile
2019-05-10;2016+ : 50 boules / 12 etoiles;etoile_1;7;etoile
2019-05-14;2016+ : 50 boules / 12 etoiles;boule_4;10;boule
2019-05-14;2016+ : 50 boules / 12 etoiles;boule_1;14;boule
2019-05-14;2016+ : 50 boules / 12 etoiles;boule_5;17;boule
2019-05-14;2016+ : 50 boules / 12 etoiles;boule_2;25;boule
2019-05-14;2016+ : 50 boules / 12 etoiles;boule_3;50;boule
2019-05-14;2016+ : 50 boules / 12 etoiles;etoile_1;2;etoile
2019-05-14;2016+ : 50 boules / 12 etoiles;etoile_2;10;etoile
2019-05-17;2016+ : 50 boules / 12 etoiles;boule_2;16;boule
2019-05-17;2016+ : 50 boules / 12 etoiles;boule_3;28;boule
2019-05-17;2016+ : 50 boules / 12 etoiles;boule_1;42;boule
2019-05-17;2016+ : 50 boules / 12 etoiles;boule_4;43;boule
2019-05-17;2016+ : 50 boules / 12 etoiles;boule_5;45;boule
2019-05-17;2016+ : 50 boules / 12 etoiles;etoile_1;6;etoile
2019-05-17;2016+ : 50 boules / 12 etoiles;etoile_2;7;etoile
2019-05-21;2016+ : 50 boules / 12 etoiles;boule_2;32;boule
2019-05-21;2016+ : 50 boules / 12 etoiles;boule_4;33;boule
2019-05-21;2016+ : 50 boules / 12 etoiles;boule_3;34;boule
2019-05-21;2016+ : 50 boules / 12 etoiles;boule_5;39;boule
2019-05-21;2016+ : 50 boules / 12 etoiles;boule_1;47;boule
2019-05-21;2016+ : 50 boules / 12 etoiles;etoile_2;8;etoile
2019-05-21;2016+ : 50 boules / 12 etoiles;etoile_1;12;etoile
2019-05-24;2016+ : 50 boules / 12 etoiles;boule_1;5;boule
2019-05-24;2016+ : 50 boules / 12 etoiles;boule_5;16;boule
2019-05-24;2016+ : 50 boules / 12 etoiles;boule_4;23;boule
2019-05-24;2016+ : 50 boules / 12 etoiles;boule_2;30;boule
2019-05-24;2016+ : 50 boules / 12 etoiles;boule_3;49;boule
2019-05-24;2016+ : 50 boules / 12 etoiles;etoile_2;6;etoile
2019-05-24;2016+ : 50 boules / 12 etoiles;etoile_1;7;etoile
2019-05-28;2016+ : 50 boules / 12 etoiles;boule_2;7;boule
2019-05-28;2016+ : 50 boules / 12 etoiles;boule_4;19;boule
2019-05-28;2016+ : 50 boules / 12 etoiles;boule_5;20;boule
2019-05-28;2016+ : 50 boules / 12 etoiles;boule_1;28;boule
2019-05-28;2016+ : 50 boules / 12 etoiles;boule_3;29;boule
2019-05-28;2016+ : 50 boules / 12 etoiles;etoile_1;1;etoile
2019-05-28;2016+ : 50 boules / 12 etoiles;etoile_2;5;etoile
2019-05-31;2016+ : 50 boules / 12 etoiles;boule_1;1;boule
2019-05-31;2016+ : 50 boules / 12 etoiles;boule_3;23;boule
2019-05-31;2016+ : 50 boules / 12 etoiles;boule_5;24;boule
2019-05-31;2016+ : 50 boules / 12 etoiles;boule_2;26;boule
2019-05-31;2016+ : 50 boules / 12 etoiles;boule_4;35;boule
2019-05-31;2016+ : 50 boules / 12 etoiles;etoile_2;1;etoile
2019-05-31;2016+ : 50 boules / 12 etoiles;etoile_1;11;etoile
2019-06-04;2016+ : 50 boules / 12 etoiles;boule_3;9;boule
2019-06-04;2016+ : 50 boules / 12 etoiles;boule_1;31;boule
2019-06-04;2016+ : 50 boules / 12 etoiles;boule_2;32;boule
2019-06-04;2016+ : 50 boules / 12 etoiles;boule_4;39;boule
2019-06-04;2016+ : 50 boules / 12 etoiles;boule_5;41;boule
2019-06-04;2016+ : 50 boules / 12 etoiles;etoile_2;2;etoile
2019-06-04;2016+ : 50 boules / 12 etoiles;etoile_1;8;etoile
2019-06-07;2016+ : 50 boules / 12 etoiles;boule_4;1;boule
2019-06-07;2016+ : 50 boules / 12 etoiles;boule_3;4;boule
2019-06-07;2016+ : 50 boules / 12 etoiles;boule_2;16;boule
2019-06-07;2016+ : 50 boules / 12 etoiles;boule_5;20;boule
2019-06-07;2016+ : 50 boules / 12 etoiles;boule_1;34;boule
2019-06-07;2016+ : 50 boules / 12 etoiles;etoile_1;2;etoile
2019-06-07;2016+ : 50 boules / 12 etoiles;etoile_2;5;etoile
2019-06-11;2016+ : 50 boules / 12 etoiles;boule_4;25;boule
2019-06-11;2016+ : 50 boules / 12 etoiles;boule_1;27;boule
2019-06-11;2016+ : 50 boules / 12 etoiles;boule_5;39;boule
2019-06-11;2016+ : 50 boules / 12 etoiles;boule_3;42;boule
2019-06-11;2016+ : 50 boules / 12 etoiles;boule_2;46;boule
2019-06-11;2016+ : 50 boules / 12 etoiles;etoile_1;11;etoile
2019-06-11;2016+ : 50 boules / 12 etoiles;etoile_2;12;etoile
2019-06-14;2016+ : 50 boules / 12 etoiles;boule_2;1;boule
2019-06-14;2016+ : 50 boules / 12 etoiles;boule_4;13;boule
2019-06-14;2016+ : 50 boules / 12 etoiles;boule_1;30;boule
2019-06-14;2016+ : 50 boules / 12 etoiles;boule_5;31;boule
2019-06-14;2016+ : 50 boules / 12 etoiles;boule_3;39;boule
2019-06-14;2016+ : 50 boules / 12 etoiles;etoile_1;2;etoile
2019-06-14;2016+ : 50 boules / 12 etoiles;etoile_2;7;etoile
2019-06-18;2016+ : 50 boules / 12 etoiles;boule_3;12;boule
2019-06-18;2016+ : 50 boules / 12 etoiles;boule_5;24;boule
2019-06-18;2016+ : 50 boules / 12 etoiles;boule_4;37;boule
2019-06-18;2016+ : 50 boules / 12 etoiles;boule_2;40;boule
2019-06-18;2016+ : 50 boules / 12 etoiles;boule_1;44;boule
2019-06-18;2016+ : 50 boules / 12 etoiles;etoile_1;3;etoile
2019-06-18;2016+ : 50 boules / 12 etoiles;etoile_2;7;etoile
2019-06-21;2016+ : 50 boules / 12 etoiles;boule_5;5;boule
2019-06-21;2016+ : 50 boules / 12 etoiles;boule_2;8;boule
2019-06-21;2016+ : 50 boules / 12 etoiles;boule_1;9;boule
2019-06-21;2016+ : 50 boules / 12 etoiles;boule_4;25;boule
2019-06-21;2016+ : 50 boules / 12 etoiles;boule_3;39;boule
2019-06-21;2016+ : 50 boules / 12 etoiles;etoile_1;3;etoile
2019-06-21;2016+ : 50 boules / 12 etoiles;etoile_2;7;etoile
2019-06-25;2016+ : 50 boules / 12 etoiles;boule_3;6;boule
2019-06-25;2016+ : 50 boules / 12 etoiles;boule_4;26;boule
2019-06-25;2016+ : 50 boules / 12 etoiles;boule_1;27;boule
2019-06-25;2016+ : 50 boules / 12 etoiles;boule_2;34;boule
2019-06-25;2016+ : 50 boules / 12 etoiles;boule_5;46;boule
2019-06-25;2016+ : 50 boules / 12 etoiles;etoile_1;1;etoile
2019-06-25;2016+ : 50 boules / 12 etoiles;etoile_2;9;etoile
2019-06-28;2016+ : 50 boules / 12 etoiles;boule_1;1;boule
2019-06-28;2016+ : 50 boules / 12 etoiles;boule_3;3;boule
2019-06-28;2016+ : 50 boules / 12 etoiles;boule_5;16;boule
2019-06-28;2016+ : 50 boules / 12 etoiles;boule_2;33;boule
2019-06-28;2016+ : 50 boules / 12 etoiles;boule_4;49;boule
2019-06-28;2016+ : 50 boules / 12 etoiles;etoile_1;2;etoile
2019-06-28;2016+ : 50 boules / 12 etoiles;etoile_2;11;etoile
2019-07-02;2016+ : 50 boules / 12 etoiles;boule_3;11;boule
2019-07-02;2016+ : 50 boules / 12 etoiles;boule_1;19;boule
2019-07-02;2016+ : 50 boules / 12 etoiles;boule_4;29;boule
2019-07-02;2016+ : 50 boules / 12 etoiles;boule_2;44;boule
2019-07-02;2016+ : 50 boules / 12 etoiles;boule_5;45;boule
2019-07-02;2016+ : 50 boules / 12 etoiles;etoile_2;8;etoile
2019-07-02;2016+ : 50 boules / 12 etoiles;etoile_1;12;etoile
2019-07-05;2016+ : 50 boules / 12 etoiles;boule_2;2;boule
2019-07-05;2016+ : 50 boules / 12 etoiles;boule_5;9;boule
2019-07-05;2016+ : 50 boules / 12 etoiles;boule_1;20;boule
2019-07-05;2016+ : 50 boules / 12 etoiles;boule_4;34;boule
2019-07-05;2016+ : 50 boules / 12 etoiles;boule_3;42;boule
2019-07-05;2016+ : 50 boules / 12 etoiles;etoile_2;6;etoile
2019-07-05;2016+ : 50 boules / 12 etoiles;etoile_1;9;etoile
2019-07-09;2016+ : 50 boules / 12 etoiles;boule_2;7;boule
2019-07-09;2016+ : 50 boules / 12 etoiles;boule_5;29;boule
2019-07-09;2016+ : 50 boules / 12 etoiles;boule_1;32;boule
2019-07-09;2016+ : 50 boules / 12 etoiles;boule_4;36;boule
2019-07-09;2016+ : 50 boules / 12 etoiles;boule_3;41;boule
2019-07-09;2016+ : 50 boules / 12 etoiles;etoile_2;6;etoile
2019-07-09;2016+ : 50 boules / 12 etoiles;etoile_1;7;etoile
2019-07-12;2016+ : 50 boules / 12 etoiles;boule_1;2;boule
2019-07-12;2016+ : 50 boules / 12 etoiles;boule_2;31;boule
2019-07-12;2016+ : 50 boules / 12 etoiles;boule_3;39;boule
2019-07-12;2016+ : 50 boules / 12 etoiles;boule_4;45;boule
2019-07-12;2016+ : 50 boules / 12 etoiles;boule_5;47;boule
2019-07-12;2016+ : 50 boules / 12 etoiles;etoile_2;4;etoile
2019-07-12;2016+ : 50 boules / 12 etoiles;etoile_1;8;etoile
2019-07-16;2016+ : 50 boules / 12 etoiles;boule_5;3;boule
2019-07-16;2016+ : 50 boules / 12 etoiles;boule_1;5;boule
2019-07-16;2016+ : 50 boules / 12 etoiles;boule_2;13;boule
2019-07-16;2016+ : 50 boules / 12 etoiles;boule_3;18;boule
2019-07-16;2016+ : 50 boules / 12 etoiles;boule_4;39;boule
2019-07-16;2016+ : 50 boules / 12 etoiles;etoile_2;7;etoile
2019-07-16;2016+ : 50 boules / 12 etoiles;etoile_1;8;etoile
2019-07-19;2016+ : 50 boules / 12 etoiles;boule_3;13;boule
2019-07-19;2016+ : 50 boules / 12 etoiles;boule_4;14;boule
2019-07-19;2016+ : 50 boules / 12 etoiles;boule_2;17;boule
2019-07-19;2016+ : 50 boules / 12 etoiles;boule_1;26;boule
2019-07-19;2016+ : 50 boules / 12 etoiles;boule_5;28;boule
2019-07-19;2016+ : 50 boules / 12 etoiles;etoile_2;2;etoile
2019-07-19;2016+ : 50 boules / 12 etoiles;etoile_1;7;etoile
2019-07-23;2016+ : 50 boules / 12 etoiles;boule_4;1;boule
2019-07-23;2016+ : 50 boules / 12 etoiles;boule_5;14;boule
2019-07-23;2016+ : 50 boules / 12 etoiles;boule_2;19;boule
2019-07-23;2016+ : 50 boules / 12 etoiles;boule_3;23;boule
2019-07-23;2016+ : 50 boules / 12 etoiles;boule_1;38;boule
2019-07-23;2016+ : 50 boules / 12 etoiles;etoile_2;3;etoile
2019-07-23;2016+ : 50 boules / 12 etoiles;etoile_1;7;etoile
2019-07-26;2016+ : 50 boules / 12 etoiles;boule_2;2;boule
2019-07-26;2016+ : 50 boules / 12 etoiles;boule_4;5;boule
2019-07-26;2016+ : 50 boules / 12 etoiles;boule_1;27;boule
2019-07-26;2016+ : 50 boules / 12 etoiles;boule_5;37;boule
2019-07-26;2016+ : 50 boules / 12 etoiles;boule_3;42;boule
2019-07-26;2016+ : 50 boules / 12 etoiles;etoile_2;3;etoile
2019-07-26;2016+ : 50 boules / 12 etoiles;etoile_1;10;etoile
2019-07-30;2016+ : 50 boules / 12 etoiles;boule_1;15;boule
2019-07-30;2016+ : 50 boules / 12 etoiles;boule_5;20;boule
2019-07-30;2016+ : 50 boules / 12 etoiles;boule_3;23;boule
2019-07-30;2016+ : 50 boules / 12 etoiles;boule_2;27;boule
2019-07-30;2016+ : 50 boules / 12 etoiles;boule_4;40;boule
2019-07-30;2016+ : 50 boules / 12 etoiles;etoile_1;3;etoile
2019-07-30;2016+ : 50 boules / 12 etoiles;etoile_2;6;etoile
2019-08-02;2016+ : 50 boules / 12 etoiles;boule_3;13;boule
2019-08-02;2016+ : 50 boules / 12 etoiles;boule_4;22;boule
2019-08-02;2016+ : 50 boules / 12 etoiles;boule_1;33;boule
2019-08-02;2016+ : 50 boules / 12 etoiles;boule_2;44;boule
2019-08-02;2016+ : 50 boules / 12 etoiles;boule_5;50;boule
2019-08-02;2016+ : 50 boules / 12 etoiles;etoile_2;2;etoile
2019-08-02;2016+ : 50 boules / 12 etoiles;etoile_1;5;etoile
2019-08-06;2016+ : 50 boules / 12 etoiles;boule_2;12;boule
2019-08-06;2016+ : 50 boules / 12 etoiles;boule_5;13;boule
2019-08-06;2016+ : 50 boules / 12 etoiles;boule_3;29;boule
2019-08-06;2016+ : 50 boules / 12 etoiles;boule_4;36;boule
2019-08-06;2016+ : 50 boules / 12 etoiles;boule_1;38;boule
2019-08-06;2016+ : 50 boules / 12 etoiles;etoile_1;4;etoile
2019-08-06;2016+ : 50 boules / 12 etoiles;etoile_2;12;etoile
2019-08-09;2016+ : 50 boules / 12 etoiles;boule_4;2;boule
2019-08-09;2016+ : 50 boules / 12 etoiles;boule_3;14;boule
2019-08-09;2016+ : 50 boules / 12 etoiles;boule_1;35;boule
2019-08-09;2016+ : 50 boules / 12 etoiles;boule_2;41;boule
2019-08-09;2016+ : 50 boules / 12 etoiles;boule_5;42;boule
2019-08-09;2016+ : 50 boules / 12 etoiles;etoile_2;10;etoile
2019-08-09;2016+ : 50 boules / 12 etoiles;etoile_1;11;etoile
2019-08-13;2016+ : 50 boules / 12 etoiles;boule_2;13;boule
2019-08-13;2016+ : 50 boules / 12 etoiles;boule_4;29;boule
2019-08-13;2016+ : 50 boules / 12 etoiles;boule_1;31;boule
2019-08-13;2016+ : 50 boules / 12 etoiles;boule_3;33;boule
2019-08-13;2016+ : 50 boules / 12 etoiles;boule_5;40;boule
2019-08-13;2016+ : 50 boules / 12 etoiles;etoile_1;2;etoile
2019-08-13;2016+ : 50 boules / 12 etoiles;etoile_2;3;etoile
2019-08-16;2016+ : 50 boules / 12 etoiles;boule_1;9;boule
2019-08-16;2016+ : 50 boules / 12 etoiles;boule_3;10;boule
2019-08-16;2016+ : 50 boules / 12 etoiles;boule_4;27;boule
2019-08-16;2016+ : 50 boules / 12 etoiles;boule_5;37;boule
2019-08-16;2016+ : 50 boules / 12 etoiles;boule_2;42;boule
2019-08-16;2016+ : 50 boules / 12 etoiles;etoile_1;1;etoile
2019-08-16;2016+ : 50 boules / 12 etoiles;etoile_2;5;etoile
2019-08-20;2016+ : 50 boules / 12 etoiles;boule_4;20;boule
2019-08-20;2016+ : 50 boules / 12 etoiles;boule_3;22;boule
2019-08-20;2016+ : 50 boules / 12 etoiles;boule_1;23;boule
2019-08-20;2016+ : 50 boules / 12 etoiles;boule_2;24;boule
2019-08-20;2016+ : 50 boules / 12 etoiles;boule_5;37;boule
2019-08-20;2016+ : 50 boules / 12 etoiles;etoile_1;1;etoile
2019-08-20;2016+ : 50 boules / 12 etoiles;etoile_2;4;etoile
2019-08-23;2016+ : 50 boules / 12 etoiles;boule_1;4;boule
2019-08-23;2016+ : 50 boules / 12 etoiles;boule_2;17;boule
2019-08-23;2016+ : 50 boules / 12 etoiles;boule_5;35;boule
2019-08-23;2016+ : 50 boules / 12 etoiles;boule_3;42;boule
2019-08-23;2016+ : 50 boules / 12 etoiles;boule_4;45;boule
2019-08-23;2016+ : 50 boules / 12 etoiles;etoile_2;2;etoile
2019-08-23;2016+ : 50 boules / 12 etoiles;etoile_1;8;etoile
2019-08-27;2016+ : 50 boules / 12 etoiles;boule_2;8;boule
2019-08-27;2016+ : 50 boules / 12 etoiles;boule_1;26;boule
2019-08-27;2016+ : 50 boules / 12 etoiles;boule_3;35;boule
2019-08-27;2016+ : 50 boules / 12 etoiles;boule_5;43;boule
2019-08-27;2016+ : 50 boules / 12 etoiles;boule_4;47;boule
2019-08-27;2016+ : 50 boules / 12 etoiles;etoile_2;1;etoile
2019-08-27;2016+ : 50 boules / 12 etoiles;etoile_1;9;etoile
2019-08-30;2016+ : 50 boules / 12 etoiles;boule_5;25;boule
2019-08-30;2016+ : 50 boules / 12 etoiles;boule_3;27;boule
2019-08-30;2016+ : 50 boules / 12 etoiles;boule_1;45;boule
2019-08-30;2016+ : 50 boules / 12 etoiles;boule_4;46;boule
2019-08-30;2016+ : 50 boules / 12 etoiles;boule_2;49;boule
2019-08-30;2016+ : 50 boules / 12 etoiles;etoile_2;4;etoile
2019-08-30;2016+ : 50 boules / 12 etoiles;etoile_1;6;etoile
2019-09-03;2016+ : 50 boules / 12 etoiles;boule_4;7;boule
2019-09-03;2016+ : 50 boules / 12 etoiles;boule_2;11;boule
2019-09-03;2016+ : 50 boules / 12 etoiles;boule_3;38;boule
2019-09-03;2016+ : 50 boules / 12 etoiles;boule_5;39;boule
2019-09-03;2016+ : 50 boules / 12 etoiles;boule_1;44;boule
2019-09-03;2016+ : 50 boules / 12 etoiles;etoile_2;7;etoile
2019-09-03;2016+ : 50 boules / 12 etoiles;etoile_1;10;etoile
2019-09-06;2016+ : 50 boules / 12 etoiles;boule_4;10;boule
2019-09-06;2016+ : 50 boules / 12 etoiles;boule_1;13;boule
2019-09-06;2016+ : 50 boules / 12 etoiles;boule_2;22;boule
2019-09-06;2016+ : 50 boules / 12 etoiles;boule_3;40;boule
2019-09-06;2016+ : 50 boules / 12 etoiles;boule_5;48;boule
2019-09-06;2016+ : 50 boules / 12 etoiles;etoile_2;2;etoile
2019-09-06;2016+ : 50 boules / 12 etoiles;etoile_1;5;etoile
2019-09-10;2016+ : 50 boules / 12 etoiles;boule_1;3;boule
2019-09-10;2016+ : 50 boules / 12 etoiles;boule_5;22;boule
2019-09-10;2016+ : 50 boules / 12 etoiles;boule_4;25;boule
2019-09-10;2016+ : 50 boules / 12 etoiles;boule_2;30;boule
2019-09-10;2016+ : 50 boules / 12 etoiles;boule_3;49;boule
2019-09-10;2016+ : 50 boules / 12 etoiles;etoile_1;3;etoile
2019-09-10;2016+ : 50 boules / 12 etoiles;etoile_2;6;etoile
2019-09-13;2016+ : 50 boules / 12 etoiles;boule_2;1;boule
2019-09-13;2016+ : 50 boules / 12 etoiles;boule_1;12;boule
2019-09-13;2016+ : 50 boules / 12 etoiles;boule_5;27;boule
2019-09-13;2016+ : 50 boules / 12 etoiles;boule_3;42;boule
2019-09-13;2016+ : 50 boules / 12 etoiles;boule_4;47;boule
2019-09-13;2016+ : 50 boules / 12 etoiles;etoile_1;6;etoile
2019-09-13;2016+ : 50 boules / 12 etoiles;etoile_2;7;etoile
2019-09-17;2016+ : 50 boules / 12 etoiles;boule_1;22;boule
2019-09-17;2016+ : 50 boules / 12 etoiles;boule_5;37;boule
2019-09-17;2016+ : 50 boules / 12 etoiles;boule_3;43;boule
2019-09-17;2016+ : 50 boules / 12 etoiles;boule_4;44;boule
2019-09-17;2016+ : 50 boules / 12 etoiles;boule_2;45;boule
2019-09-17;2016+ : 50 boules / 12 etoiles;etoile_1;1;etoile
2019-09-17;2016+ : 50 boules / 12 etoiles;etoile_2;12;etoile
2019-09-20;2016+ : 50 boules / 12 etoiles;boule_5;8;boule
2019-09-20;2016+ : 50 boules / 12 etoiles;boule_3;21;boule
2019-09-20;2016+ : 50 boules / 12 etoiles;boule_1;25;boule
2019-09-20;2016+ : 50 boules / 12 etoiles;boule_4;38;boule
2019-09-20;2016+ : 50 boules / 12 etoiles;boule_2;50;boule
2019-09-20;2016+ : 50 boules / 12 etoiles;etoile_1;4;etoile
2019-09-20;2016+ : 50 boules / 12 etoiles;etoile_2;8;etoile
2019-09-24;2016+ : 50 boules / 12 etoiles;boule_1;2;boule
2019-09-24;2016+ : 50 boules / 12 etoiles;boule_3;33;boule
2019-09-24;2016+ : 50 boules / 12 etoiles;boule_5;42;boule
2019-09-24;2016+ : 50 boules / 12 etoiles;boule_4;47;boule
2019-09-24;2016+ : 50 boules / 12 etoiles;boule_2;48;boule
2019-09-24;2016+ : 50 boules / 12 etoiles;etoile_1;1;etoile
2019-09-24;2016+ : 50 boules / 12 etoiles;etoile_2;2;etoile
2019-09-27;2016+ : 50 boules / 12 etoiles;boule_5;24;boule
2019-09-27;2016+ : 50 boules / 12 etoiles;boule_4;37;boule
2019-09-27;2016+ : 50 boules / 12 etoiles;boule_3;41;boule
2019-09-27;2016+ : 50 boules / 12 etoiles;boule_2;43;boule
2019-09-27;2016+ : 50 boules / 12 etoiles;boule_1;46;boule
2019-09-27;2016+ : 50 boules / 12 etoiles;etoile_2;2;etoile
2019-09-27;2016+ : 50 boules / 12 etoiles;etoile_1;8;etoile
2019-10-01;2016+ : 50 boules / 12 etoiles;boule_4;2;boule
2019-10-01;2016+ : 50 boules / 12 etoiles;boule_3;11;boule
2019-10-01;2016+ : 50 boules / 12 etoiles;boule_2;18;boule
2019-10-01;2016+ : 50 boules / 12 etoiles;boule_1;40;boule
2019-10-01;2016+ : 50 boules / 12 etoiles;boule_5;46;boule
2019-10-01;2016+ : 50 boules / 12 etoiles;etoile_2;1;etoile
2019-10-01;2016+ : 50 boules / 12 etoiles;etoile_1;4;etoile
2019-10-04;2016+ : 50 boules / 12 etoiles;boule_5;6;boule
2019-10-04;2016+ : 50 boules / 12 etoiles;boule_4;9;boule
2019-10-04;2016+ : 50 boules / 12 etoiles;boule_3;35;boule
2019-10-04;2016+ : 50 boules / 12 etoiles;boule_2;41;boule
2019-10-04;2016+ : 50 boules / 12 etoiles;boule_1;44;boule
2019-10-04;2016+ : 50 boules / 12 etoiles;etoile_2;6;etoile
2019-10-04;2016+ : 50 boules / 12 etoiles;etoile_1;9;etoile
2019-10-08;2016+ : 50 boules / 12 etoiles;boule_5;7;boule
2019-10-08;2016+ : 50 boules / 12 etoiles;boule_4;10;boule
2019-10-08;2016+ : 50 boules / 12 etoiles;boule_2;15;boule
2019-10-08;2016+ : 50 boules / 12 etoiles;boule_1;44;boule
2019-10-08;2016+ : 50 boules / 12 etoiles;boule_3;49;boule
2019-10-08;2016+ : 50 boules / 12 etoiles;etoile_1;3;etoile
2019-10-08;2016+ : 50 boules / 12 etoiles;etoile_2;12;etoile
2019-10-11;2016+ : 50 boules / 12 etoiles;boule_4;2;boule
2019-10-11;2016+ : 50 boules / 12 etoiles;boule_5;14;boule
2019-10-11;2016+ : 50 boules / 12 etoiles;boule_3;19;boule
2019-10-11;2016+ : 50 boules / 12 etoiles;boule_1;42;boule
2019-10-11;2016+ : 50 boules / 12 etoiles;boule_2;45;boule
2019-10-11;2016+ : 50 boules / 12 etoiles;etoile_1;5;etoile
2019-10-11;2016+ : 50 boules / 12 etoiles;etoile_2;6;etoile
2019-10-15;2016+ : 50 boules / 12 etoiles;boule_1;3;boule
2019-10-15;2016+ : 50 boules / 12 etoiles;boule_5;28;boule
2019-10-15;2016+ : 50 boules / 12 etoiles;boule_3;31;boule
2019-10-15;2016+ : 50 boules / 12 etoiles;boule_4;32;boule
2019-10-15;2016+ : 50 boules / 12 etoiles;boule_2;34;boule
2019-10-15;2016+ : 50 boules / 12 etoiles;etoile_1;4;etoile
2019-10-15;2016+ : 50 boules / 12 etoiles;etoile_2;5;etoile
2019-10-18;2016+ : 50 boules / 12 etoiles;boule_5;8;boule
2019-10-18;2016+ : 50 boules / 12 etoiles;boule_1;18;boule
2019-10-18;2016+ : 50 boules / 12 etoiles;boule_2;22;boule
2019-10-18;2016+ : 50 boules / 12 etoiles;boule_4;41;boule
2019-10-18;2016+ : 50 boules / 12 etoiles;boule_3;42;boule
2019-10-18;2016+ : 50 boules / 12 etoiles;etoile_1;11;etoile
2019-10-18;2016+ : 50 boules / 12 etoiles;etoile_2;12;etoile
2019-10-22;2016+ : 50 boules / 12 etoiles;boule_1;2;boule
2019-10-22;2016+ : 50 boules / 12 etoiles;boule_2;5;boule
2019-10-22;2016+ : 50 boules / 12 etoiles;boule_5;32;boule
2019-10-22;2016+ : 50 boules / 12 etoiles;boule_3;33;boule
2019-10-22;2016+ : 50 boules / 12 etoiles;boule_4;47;boule
2019-10-22;2016+ : 50 boules / 12 etoiles;etoile_1;7;etoile
2019-10-22;2016+ : 50 boules / 12 etoiles;etoile_2;8;etoile
2019-10-25;2016+ : 50 boules / 12 etoiles;boule_3;34;boule
2019-10-25;2016+ : 50 boules / 12 etoiles;boule_1;37;boule
2019-10-25;2016+ : 50 boules / 12 etoiles;boule_4;39;boule
2019-10-25;2016+ : 50 boules / 12 etoiles;boule_5;40;boule
2019-10-25;2016+ : 50 boules / 12 etoiles;boule_2;50;boule
2019-10-25;2016+ : 50 boules / 12 etoiles;etoile_1;4;etoile
2019-10-25;2016+ : 50 boules / 12 etoiles;etoile_2;10;etoile
2019-10-29;2016+ : 50 boules / 12 etoiles;boule_4;16;boule
2019-10-29;2016+ : 50 boules / 12 etoiles;boule_5;18;boule
2019-10-29;2016+ : 50 boules / 12 etoiles;boule_3;28;boule
2019-10-29;2016+ : 50 boules / 12 etoiles;boule_2;42;boule
2019-10-29;2016+ : 50 boules / 12 etoiles;boule_1;49;boule
2019-10-29;2016+ : 50 boules / 12 etoiles;etoile_2;5;etoile
2019-10-29;2016+ : 50 boules / 12 etoiles;etoile_1;10;etoile
2019-11-01;2016+ : 50 boules / 12 etoiles;boule_2;2;boule
2019-11-01;2016+ : 50 boules / 12 etoiles;boule_4;20;boule
2019-11-01;2016+ : 50 boules / 12 etoiles;boule_1;39;boule
2019-11-01;2016+ : 50 boules / 12 etoiles;boule_3;44;boule
2019-11-01;2016+ : 50 boules / 12 etoiles;boule_5;48;boule
2019-11-01;2016+ : 50 boules / 12 etoiles;etoile_1;5;etoile
2019-11-01;2016+ : 50 boules / 12 etoiles;etoile_2;7;etoile
2019-11-05;2016+ : 50 boules / 12 etoiles;boule_4;9;boule
2019-11-05;2016+ : 50 boules / 12 etoiles;boule_2;14;boule
2019-11-05;2016+ : 50 boules / 12 etoiles;boule_1;25;boule
2019-11-05;2016+ : 50 boules / 12 etoiles;boule_3;33;boule
2019-11-05;2016+ : 50 boules / 12 etoiles;boule_5;48;boule
2019-11-05;2016+ : 50 boules / 12 etoiles;etoile_2;2;etoile
2019-11-05;2016+ : 50 boules / 12 etoiles;etoile_1;12;etoile
2019-11-08;2016+ : 50 boules / 12 etoiles;boule_2;8;boule
2019-11-08;2016+ : 50 boules / 12 etoiles;boule_5;17;boule
2019-11-08;2016+ : 50 boules / 12 etoiles;boule_1;20;boule
2019-11-08;2016+ : 50 boules / 12 etoiles;boule_4;23;boule
2019-11-08;2016+ : 50 boules / 12 etoiles;boule_3;45;boule
2019-11-08;2016+ : 50 boules / 12 etoiles;etoile_1;2;etoile
2019-11-08;2016+ : 50 boules / 12 etoiles;etoile_2;8;etoile
2019-11-12;2016+ : 50 boules / 12 etoiles;boule_1;1;boule
2019-11-12;2016+ : 50 boules / 12 etoiles;boule_3;21;boule
2019-11-12;2016+ : 50 boules / 12 etoiles;boule_5;23;boule
2019-11-12;2016+ : 50 boules / 12 etoiles;boule_2;25;boule
2019-11-12;2016+ : 50 boules / 12 etoiles;boule_4;39;boule
2019-11-12;2016+ : 50 boules / 12 etoiles;etoile_1;2;etoile
2019-11-12;2016+ : 50 boules / 12 etoiles;etoile_2;4;etoile
2019-11-15;2016+ : 50 boules / 12 etoiles;boule_4;3;boule
2019-11-15;2016+ : 50 boules / 12 etoiles;boule_2;13;boule
2019-11-15;2016+ : 50 boules / 12 etoiles;boule_1;20;boule
2019-11-15;2016+ : 50 boules / 12 etoiles;boule_5;32;boule
2019-11-15;2016+ : 50 boules / 12 etoiles;boule_3;34;boule
2019-11-15;2016+ : 50 boules / 12 etoiles;etoile_1;4;etoile
2019-11-15;2016+ : 50 boules / 12 etoiles;etoile_2;11;etoile
2019-11-19;2016+ : 50 boules / 12 etoiles;boule_5;8;boule
2019-11-19;2016+ : 50 boules / 12 etoiles;boule_1;10;boule
2019-11-19;2016+ : 50 boules / 12 etoiles;boule_2;15;boule
2019-11-19;2016+ : 50 boules / 12 etoiles;boule_4;30;boule
2019-11-19;2016+ : 50 boules / 12 etoiles;boule_3;42;boule
2019-11-19;2016+ : 50 boules / 12 etoiles;etoile_1;4;etoile
2019-11-19;2016+ : 50 boules / 12 etoiles;etoile_2;6;etoile
2019-11-22;2016+ : 50 boules / 12 etoiles;boule_1;3;boule
2019-11-22;2016+ : 50 boules / 12 etoiles;boule_5;21;boule
2019-11-22;2016+ : 50 boules / 12 etoiles;boule_3;32;boule
2019-11-22;2016+ : 50 boules / 12 etoiles;boule_4;34;boule
2019-11-22;2016+ : 50 boules / 12 etoiles;boule_2;48;boule
2019-11-22;2016+ : 50 boules / 12 etoiles;etoile_1;3;etoile
2019-11-22;2016+ : 50 boules / 12 etoiles;etoile_2;11;etoile
2019-11-26;2016+ : 50 boules / 12 etoiles;boule_4;2;boule
2019-11-26;2016+ : 50 boules / 12 etoiles;boule_2;3;boule
2019-11-26;2016+ : 50 boules / 12 etoiles;boule_3;15;boule
2019-11-26;2016+ : 50 boules / 12 etoiles;boule_5;19;boule
2019-11-26;2016+ : 50 boules / 12 etoiles;boule_1;34;boule
2019-11-26;2016+ : 50 boules / 12 etoiles;etoile_1;5;etoile
2019-11-26;2016+ : 50 boules / 12 etoiles;etoile_2;8;etoile
2019-11-29;2016+ : 50 boules / 12 etoiles;boule_4;3;boule
2019-11-29;2016+ : 50 boules / 12 etoiles;boule_5;7;boule
2019-11-29;2016+ : 50 boules / 12 etoiles;boule_3;12;boule
2019-11-29;2016+ : 50 boules / 12 etoiles;boule_2;42;boule
2019-11-29;2016+ : 50 boules / 12 etoiles;boule_1;50;boule
2019-11-29;2016+ : 50 boules / 12 etoiles;etoile_1;6;etoile
2019-11-29;2016+ : 50 boules / 12 etoiles;etoile_2;8;etoile
2019-12-03;2016+ : 50 boules / 12 etoiles;boule_4;18;boule
2019-12-03;2016+ : 50 boules / 12 etoiles;boule_2;31;boule
2019-12-03;2016+ : 50 boules / 12 etoiles;boule_1;32;boule
2019-12-03;2016+ : 50 boules / 12 etoiles;boule_3;38;boule
2019-12-03;2016+ : 50 boules / 12 etoiles;boule_5;48;boule
2019-12-03;2016+ : 50 boules / 12 etoiles;etoile_2;4;etoile
2019-12-03;2016+ : 50 boules / 12 etoiles;etoile_1;12;etoile
2019-12-06;2016+ : 50 boules / 12 etoiles;boule_2;1;boule
2019-12-06;2016+ : 50 boules / 12 etoiles;boule_4;3;boule
2019-12-06;2016+ : 50 boules / 12 etoiles;boule_5;27;boule
2019-12-06;2016+ : 50 boules / 12 etoiles;boule_3;39;boule
2019-12-06;2016+ : 50 boules / 12 etoiles;boule_1;46;boule
2019-12-06;2016+ : 50 boules / 12 etoiles;etoile_1;1;etoile
2019-12-06;2016+ : 50 boules / 12 etoiles;etoile_2;10;etoile
2019-12-10;2016+ : 50 boules / 12 etoiles;boule_4;2;boule
2019-12-10;2016+ : 50 boules / 12 etoiles;boule_5;10;boule
2019-12-10;2016+ : 50 boules / 12 etoiles;boule_1;19;boule
2019-12-10;2016+ : 50 boules / 12 etoiles;boule_3;21;boule
2019-12-10;2016+ : 50 boules / 12 etoiles;boule_2;47;boule
2019-12-10;2016+ : 50 boules / 12 etoiles;etoile_2;2;etoile
2019-12-10;2016+ : 50 boules / 12 etoiles;etoile_1;8;etoile
2019-12-13;2016+ : 50 boules / 12 etoiles;boule_2;9;boule
2019-12-13;2016+ : 50 boules / 12 etoiles;boule_1;16;boule
2019-12-13;2016+ : 50 boules / 12 etoiles;boule_4;18;boule
2019-12-13;2016+ : 50 boules / 12 etoiles;boule_3;23;boule
2019-12-13;2016+ : 50 boules / 12 etoiles;boule_5;32;boule
2019-12-13;2016+ : 50 boules / 12 etoiles;etoile_1;2;etoile
2019-12-13;2016+ : 50 boules / 12 etoiles;etoile_2;10;etoile
2019-12-17;2016+ : 50 boules / 12 etoiles;boule_2;1;boule
2019-12-17;2016+ : 50 boules / 12 etoiles;boule_1;7;boule
2019-12-17;2016+ : 50 boules / 12 etoiles;boule_3;12;boule
2019-12-17;2016+ : 50 boules / 12 etoiles;boule_4;25;boule
2019-12-17;2016+ : 50 boules / 12 etoiles;boule_5;49;boule
2019-12-17;2016+ : 50 boules / 12 etoiles;etoile_2;6;etoile
2019-12-17;2016+ : 50 boules / 12 etoiles;etoile_1;9;etoile
2019-12-20;2016+ : 50 boules / 12 etoiles;boule_1;8;boule
2019-12-20;2016+ : 50 boules / 12 etoiles;boule_2;24;boule
2019-12-20;2016+ : 50 boules / 12 etoiles;boule_5;30;boule
2019-12-20;2016+ : 50 boules / 12 etoiles;boule_3;32;boule
2019-12-20;2016+ : 50 boules / 12 etoiles;boule_4;34;boule
2019-12-20;2016+ : 50 boules / 12 etoiles;etoile_1;3;etoile
2019-12-20;2016+ : 50 boules / 12 etoiles;etoile_2;4;etoile
2019-12-24;2016+ : 50 boules / 12 etoiles;boule_5;3;boule
2019-12-24;2016+ : 50 boules / 12 etoiles;boule_3;11;boule
2019-12-24;2016+ : 50 boules / 12 etoiles;boule_4;13;boule
2019-12-24;2016+ : 50 boules / 12 etoiles;boule_2;14;boule
2019-12-24;2016+ : 50 boules / 12 etoiles;boule_1;47;boule
2019-12-24;2016+ : 50 boules / 12 etoiles;etoile_1;3;etoile
2019-12-24;2016+ : 50 boules / 12 etoiles;etoile_2;6;etoile
2019-12-27;2016+ : 50 boules / 12 etoiles;boule_5;1;boule
2019-12-27;2016+ : 50 boules / 12 etoiles;boule_4;7;boule
2019-12-27;2016+ : 50 boules / 12 etoiles;boule_1;22;boule
2019-12-27;2016+ : 50 boules / 12 etoiles;boule_2;26;boule
2019-12-27;2016+ : 50 boules / 12 etoiles;boule_3;35;boule
2019-12-27;2016+ : 50 boules / 12 etoiles;etoile_1;5;etoile
2019-12-27;2016+ : 50 boules / 12 etoiles;etoile_2;10;etoile
2019-12-31;2016+ : 50 boules / 12 etoiles;boule_5;26;boule
2019-12-31;2016+ : 50 boules / 12 etoiles;boule_2;31;boule
2019-12-31;2016+ : 50 boules / 12 etoiles;boule_4;33;boule
2019-12-31;2016+ : 50 boules / 12 etoiles;boule_1;41;boule
2019-12-31;2016+ : 50 boules / 12 etoiles;boule_3;48;boule
2019-12-31;2016+ : 50 boules / 12 etoiles;etoile_2;2;etoile
2019-12-31;2016+ : 50 boules / 12 etoiles;etoile_1;4;etoile
2020-01-03;2016+ : 50 boules / 12 etoiles;boule_2;5;boule
2020-01-03;2016+ : 50 boules / 12 etoiles;boule_1;15;boule
2020-01-03;2016+ : 50 boules / 12 etoiles;boule_3;20;boule
2020-01-03;2016+ : 50 boules / 12 etoiles;boule_5;36;boule
2020-01-03;2016+ : 50 boules / 12 etoiles;boule_4;47;boule
2020-01-03;2016+ : 50 boules / 12 etoiles;etoile_2;8;etoile
2020-01-03;2016+ : 50 boules / 12 etoiles;etoile_1;12;etoile
2020-01-07;2016+ : 50 boules / 12 etoiles;boule_4;5;boule
2020-01-07;2016+ : 50 boules / 12 etoiles;boule_1;8;boule
2020-01-07;2016+ : 50 boules / 12 etoiles;boule_3;12;boule
2020-01-07;2016+ : 50 boules / 12 etoiles;boule_2;37;boule
2020-01-07;2016+ : 50 boules / 12 etoiles;boule_5;43;boule
2020-01-07;2016+ : 50 boules / 12 etoiles;etoile_2;6;etoile
2020-01-07;2016+ : 50 boules / 12 etoiles;etoile_1;11;etoile
2020-01-10;2016+ : 50 boules / 12 etoiles;boule_4;6;boule
2020-01-10;2016+ : 50 boules / 12 etoiles;boule_3;17;boule
2020-01-10;2016+ : 50 boules / 12 etoiles;boule_1;32;boule
2020-01-10;2016+ : 50 boules / 12 etoiles;boule_2;44;boule
2020-01-10;2016+ : 50 boules / 12 etoiles;boule_5;46;boule
2020-01-10;2016+ : 50 boules / 12 etoiles;etoile_1;2;etoile
2020-01-10;2016+ : 50 boules / 12 etoiles;etoile_2;6;etoile
2020-01-14;2016+ : 50 boules / 12 etoiles;boule_3;21;boule
2020-01-14;2016+ : 50 boules / 12 etoiles;boule_1;25;boule
2020-01-14;2016+ : 50 boules / 12 etoiles;boule_5;29;boule
2020-01-14;2016+ : 50 boules / 12 etoiles;boule_2;39;boule
2020-01-14;2016+ : 50 boules / 12 etoiles;boule_4;44;boule
2020-01-14;2016+ : 50 boules / 12 etoiles;etoile_2;8;etoile
2020-01-14;2016+ : 50 boules / 12 etoiles;etoile_1;9;etoile
2020-01-17;2016+ : 50 boules / 12 etoiles;boule_2;8;boule
2020-01-17;2016+ : 50 boules / 12 etoiles;boule_5;19;boule
2020-01-17;2016+ : 50 boules / 12 etoiles;boule_1;20;boule
2020-01-17;2016+ : 50 boules / 12 etoiles;boule_3;29;boule
2020-01-17;2016+ : 50 boules / 12 etoiles;boule_4;44;boule
2020-01-17;2016+ : 50 boules / 12 etoiles;etoile_2;3;etoile
2020-01-17;2016+ : 50 boules / 12 etoiles;etoile_1;8;etoile
2020-01-21;2016+ : 50 boules / 12 etoiles;boule_2;10;boule
2020-01-21;2016+ : 50 boules / 12 etoiles;boule_4;11;boule
2020-01-21;2016+ : 50 boules / 12 etoiles;boule_3;24;boule
2020-01-21;2016+ : 50 boules / 12 etoiles;boule_1;36;boule
2020-01-21;2016+ : 50 boules / 12 etoiles;boule_5;46;boule
2020-01-21;2016+ : 50 boules / 12 etoiles;etoile_1;3;etoile
2020-01-21;2016+ : 50 boules / 12 etoiles;etoile_2;5;etoile
2020-01-24;2016+ : 50 boules / 12 etoiles;boule_4;3;boule
2020-01-24;2016+ : 50 boules / 12 etoiles;boule_3;4;boule
2020-01-24;2016+ : 50 boules / 12 etoiles;boule_2;6;boule
2020-01-24;2016+ : 50 boules / 12 etoiles;boule_1;9;boule
2020-01-24;2016+ : 50 boules / 12 etoiles;boule_5;24;boule
2020-01-24;2016+ : 50 boules / 12 etoiles;etoile_2;5;etoile
2020-01-24;2016+ : 50 boules / 12 etoiles;etoile_1;8;etoile
2020-01-28;2016+ : 50 boules / 12 etoiles;boule_3;1;boule
2020-01-28;2016+ : 50 boules / 12 etoiles;boule_4;19;boule
2020-01-28;2016+ : 50 boules / 12 etoiles;boule_2;27;boule
2020-01-28;2016+ : 50 boules / 12 etoiles;boule_1;31;boule
2020-01-28;2016+ : 50 boules / 12 etoiles;boule_5;38;boule
2020-01-28;2016+ : 50 boules / 12 etoiles;etoile_2;4;etoile
2020-01-28;2016+ : 50 boules / 12 etoiles;etoile_1;5;etoile
2020-01-31;2016+ : 50 boules / 12 etoiles;boule_3;13;boule
2020-01-31;2016+ : 50 boules / 12 etoiles;boule_5;18;boule
2020-01-31;2016+ : 50 boules / 12 etoiles;boule_1;20;boule
2020-01-31;2016+ : 50 boules / 12 etoiles;boule_2;23;boule
2020-01-31;2016+ : 50 boules / 12 etoiles;boule_4;30;boule
2020-01-31;2016+ : 50 boules / 12 etoiles;etoile_1;2;etoile
2020-01-31;2016+ : 50 boules / 12 etoiles;etoile_2;4;etoile
2020-02-04;2016+ : 50 boules / 12 etoiles;boule_2;21;boule
2020-02-04;2016+ : 50 boules / 12 etoiles;boule_4;23;boule
2020-02-04;2016+ : 50 boules / 12 etoiles;boule_3;33;boule
2020-02-04;2016+ : 50 boules / 12 etoiles;boule_1;35;boule
2020-02-04;2016+ : 50 boules / 12 etoiles;boule_5;47;boule
2020-02-04;2016+ : 50 boules / 12 etoiles;etoile_1;6;etoile
2020-02-04;2016+ : 50 boules / 12 etoiles;etoile_2;7;etoile
2020-02-07;2016+ : 50 boules / 12 etoiles;boule_3;9;boule
2020-02-07;2016+ : 50 boules / 12 etoiles;boule_2;15;boule
2020-02-07;2016+ : 50 boules / 12 etoiles;boule_1;17;boule
2020-02-07;2016+ : 50 boules / 12 etoiles;boule_4;25;boule
2020-02-07;2016+ : 50 boules / 12 etoiles;boule_5;40;boule
2020-02-07;2016+ : 50 boules / 12 etoiles;etoile_2;3;etoile
2020-02-07;2016+ : 50 boules / 12 etoiles;etoile_1;9;etoile
2020-02-11;2016+ : 50 boules / 12 etoiles;boule_3;24;boule
2020-02-11;2016+ : 50 boules / 12 etoiles;boule_2;26;boule
2020-02-11;2016+ : 50 boules / 12 etoiles;boule_4;32;boule
2020-02-11;2016+ : 50 boules / 12 etoiles;boule_1;43;boule
2020-02-11;2016+ : 50 boules / 12 etoiles;boule_5;46;boule
2020-02-11;2016+ : 50 boules / 12 etoiles;etoile_1;6;etoile
2020-02-11;2016+ : 50 boules / 12 etoiles;etoile_2;10;etoile
2020-02-14;2016+ : 50 boules / 12 etoiles;boule_1;5;boule
2020-02-14;2016+ : 50 boules / 12 etoiles;boule_3;20;boule
2020-02-14;2016+ : 50 boules / 12 etoiles;boule_2;35;boule
2020-02-14;2016+ : 50 boules / 12 etoiles;boule_4;41;boule
2020-02-14;2016+ : 50 boules / 12 etoiles;boule_5;49;boule
2020-02-14;2016+ : 50 boules / 12 etoiles;etoile_2;6;etoile
2020-02-14;2016+ : 50 boules / 12 etoiles;etoile_1;10;etoile
2020-02-18;2016+ : 50 boules / 12 etoiles;boule_3;11;boule
2020-02-18;2016+ : 50 boules / 12 etoiles;boule_2;32;boule
2020-02-18;2016+ : 50 boules / 12 etoiles;boule_1;34;boule
2020-02-18;2016+ : 50 boules / 12 etoiles;boule_4;38;boule
2020-02-18;2016+ : 50 boules / 12 etoiles;boule_5;47;boule
2020-02-18;2016+ : 50 boules / 12 etoiles;etoile_2;2;etoile
2020-02-18;2016+ : 50 boules / 12 etoiles;etoile_1;10;etoile
2020-02-21;2016+ : 50 boules / 12 etoiles;boule_5;7;boule
2020-02-21;2016+ : 50 boules / 12 etoiles;boule_2;23;boule
2020-02-21;2016+ : 50 boules / 12 etoiles;boule_3;30;boule
2020-02-21;2016+ : 50 boules / 12 etoiles;boule_1;32;boule
2020-02-21;2016+ : 50 boules / 12 etoiles;boule_4;45;boule
2020-02-21;2016+ : 50 boules / 12 etoiles;etoile_1;5;etoile
2020-02-21;2016+ : 50 boules / 12 etoiles;etoile_2;9;etoile
2020-02-25;2016+ : 50 boules / 12 etoiles;boule_5;1;boule
2020-02-25;2016+ : 50 boules / 12 etoiles;boule_1;4;boule
2020-02-25;2016+ : 50 boules / 12 etoiles;boule_3;18;boule
2020-02-25;2016+ : 50 boules / 12 etoiles;boule_4;27;boule
2020-02-25;2016+ : 50 boules / 12 etoiles;boule_2;42;boule
2020-02-25;2016+ : 50 boules / 12 etoiles;etoile_2;4;etoile
2020-02-25;2016+ : 50 boules / 12 etoiles;etoile_1;6;etoile
2020-02-28;2016+ : 50 boules / 12 etoiles;boule_1;8;boule
2020-02-28;2016+ : 50 boules / 12 etoiles;boule_2;11;boule
2020-02-28;2016+ : 50 boules / 12 etoiles;boule_4;20;boule
2020-02-28;2016+ : 50 boules / 12 etoiles;boule_5;22;boule
2020-02-28;2016+ : 50 boules / 12 etoiles;boule_3;23;boule
2020-02-28;2016+ : 50 boules / 12 etoiles;etoile_2;3;etoile
2020-02-28;2016+ : 50 boules / 12 etoiles;etoile_1;4;etoile
2020-03-03;2016+ : 50 boules / 12 etoiles;boule_3;4;boule
2020-03-03;2016+ : 50 boules / 12 etoiles;boule_4;14;boule
2020-03-03;2016+ : 50 boules / 12 etoiles;boule_1;27;boule
2020-03-03;2016+ : 50 boules / 12 etoiles;boule_2;44;boule
2020-03-03;2016+ : 50 boules / 12 etoiles;boule_5;45;boule
2020-03-03;2016+ : 50 boules / 12 etoiles;etoile_2;1;etoile
2020-03-03;2016+ : 50 boules / 12 etoiles;etoile_1;10;etoile
2020-03-06;2016+ : 50 boules / 12 etoiles;boule_1;15;boule
2020-03-06;2016+ : 50 boules / 12 etoiles;boule_3;38;boule
2020-03-06;2016+ : 50 boules / 12 etoiles;boule_2;43;boule
2020-03-06;2016+ : 50 boules / 12 etoiles;boule_4;45;boule
2020-03-06;2016+ : 50 boules / 12 etoiles;boule_5;46;boule
2020-03-06;2016+ : 50 boules / 12 etoiles;etoile_2;1;etoile
2020-03-06;2016+ : 50 boules / 12 etoiles;etoile_1;11;etoile
2020-03-10;2016+ : 50 boules / 12 etoiles;boule_4;11;boule
2020-03-10;2016+ : 50 boules / 12 etoiles;boule_1;23;boule
2020-03-10;2016+ : 50 boules / 12 etoiles;boule_3;30;boule
2020-03-10;2016+ : 50 boules / 12 etoiles;boule_5;37;boule
2020-03-10;2016+ : 50 boules / 12 etoiles;boule_2;43;boule
2020-03-10;2016+ : 50 boules / 12 etoiles;etoile_1;5;etoile
2020-03-10;2016+ : 50 boules / 12 etoiles;etoile_2;12;etoile
2020-03-13;2016+ : 50 boules / 12 etoiles;boule_2;3;boule
2020-03-13;2016+ : 50 boules / 12 etoiles;boule_3;11;boule
2020-03-13;2016+ : 50 boules / 12 etoiles;boule_1;21;boule
2020-03-13;2016+ : 50 boules / 12 etoiles;boule_5;27;boule
2020-03-13;2016+ : 50 boules / 12 etoiles;boule_4;36;boule
2020-03-13;2016+ : 50 boules / 12 etoiles;etoile_2;9;etoile
2020-03-13;2016+ : 50 boules / 12 etoiles;etoile_1;10;etoile
2020-03-17;2016+ : 50 boules / 12 etoiles;boule_1;5;boule
2020-03-17;2016+ : 50 boules / 12 etoiles;boule_2;7;boule
2020-03-17;2016+ : 50 boules / 12 etoiles;boule_4;8;boule
2020-03-17;2016+ : 50 boules / 12 etoiles;boule_3;16;boule
2020-03-17;2016+ : 50 boules / 12 etoiles;boule_5;20;boule
2020-03-17;2016+ : 50 boules / 12 etoiles;etoile_2;2;etoile
2020-03-17;2016+ : 50 boules / 12 etoiles;etoile_1;12;etoile
2020-03-20;2016+ : 50 boules / 12 etoiles;boule_5;3;boule
2020-03-20;2016+ : 50 boules / 12 etoiles;boule_2;9;boule
2020-03-20;2016+ : 50 boules / 12 etoiles;boule_3;20;boule
2020-03-20;2016+ : 50 boules / 12 etoiles;boule_4;34;boule
2020-03-20;2016+ : 50 boules / 12 etoiles;boule_1;40;boule
2020-03-20;2016+ : 50 boules / 12 etoiles;etoile_1;6;etoile
2020-03-20;2016+ : 50 boules / 12 etoiles;etoile_2;12;etoile
2020-03-24;2016+ : 50 boules / 12 etoiles;boule_3;7;boule
2020-03-24;2016+ : 50 boules / 12 etoiles;boule_2;12;boule
2020-03-24;2016+ : 50 boules / 12 etoiles;boule_4;26;boule
2020-03-24;2016+ : 50 boules / 12 etoiles;boule_5;30;boule
2020-03-24;2016+ : 50 boules / 12 etoiles;boule_1;33;boule
2020-03-24;2016+ : 50 boules / 12 etoiles;etoile_2;10;etoile
2020-03-24;2016+ : 50 boules / 12 etoiles;etoile_1;11;etoile
2020-03-27;2016+ : 50 boules / 12 etoiles;boule_5;11;boule
2020-03-27;2016+ : 50 boules / 12 etoiles;boule_1;14;boule
2020-03-27;2016+ : 50 boules / 12 etoiles;boule_3;27;boule
2020-03-27;2016+ : 50 boules / 12 etoiles;boule_2;41;boule
2020-03-27;2016+ : 50 boules / 12 etoiles;boule_4;46;boule
2020-03-27;2016+ : 50 boules / 12 etoiles;etoile_2;2;etoile
2020-03-27;2016+ : 50 boules / 12 etoiles;etoile_1;3;etoile
2020-03-31;2016+ : 50 boules / 12 etoiles;boule_2;12;boule
2020-03-31;2016+ : 50 boules / 12 etoiles;boule_3;17;boule
2020-03-31;2016+ : 50 boules / 12 etoiles;boule_4;24;boule
2020-03-31;2016+ : 50 boules / 12 etoiles;boule_1;30;boule
2020-03-31;2016+ : 50 boules / 12 etoiles;boule_5;36;boule
2020-03-31;2016+ : 50 boules / 12 etoiles;etoile_2;1;etoile
2020-03-31;2016+ : 50 boules / 12 etoiles;etoile_1;9;etoile
2020-04-03;2016+ : 50 boules / 12 etoiles;boule_2;16;boule
2020-04-03;2016+ : 50 boules / 12 etoiles;boule_4;19;boule
2020-04-03;2016+ : 50 boules / 12 etoiles;boule_3;34;boule
2020-04-03;2016+ : 50 boules / 12 etoiles;boule_5;46;boule
2020-04-03;2016+ : 50 boules / 12 etoiles;boule_1;50;boule
2020-04-03;2016+ : 50 boules / 12 etoiles;etoile_1;2;etoile
2020-04-03;2016+ : 50 boules / 12 etoiles;etoile_2;6;etoile
2020-04-07;2016+ : 50 boules / 12 etoiles;boule_3;4;boule
2020-04-07;2016+ : 50 boules / 12 etoiles;boule_5;5;boule
2020-04-07;2016+ : 50 boules / 12 etoiles;boule_2;14;boule
2020-04-07;2016+ : 50 boules / 12 etoiles;boule_1;33;boule
2020-04-07;2016+ : 50 boules / 12 etoiles;boule_4;48;boule
2020-04-07;2016+ : 50 boules / 12 etoiles;etoile_1;7;etoile
2020-04-07;2016+ : 50 boules / 12 etoiles;etoile_2;12;etoile
2020-04-10;2016+ : 50 boules / 12 etoiles;boule_3;3;boule
2020-04-10;2016+ : 50 boules / 12 etoiles;boule_5;10;boule
2020-04-10;2016+ : 50 boules / 12 etoiles;boule_2;17;boule
2020-04-10;2016+ : 50 boules / 12 etoiles;boule_1;33;boule
2020-04-10;2016+ : 50 boules / 12 etoiles;boule_4;39;boule
2020-04-10;2016+ : 50 boules / 12 etoiles;etoile_1;1;etoile
2020-04-10;2016+ : 50 boules / 12 etoiles;etoile_2;4;etoile
2020-04-14;2016+ : 50 boules / 12 etoiles;boule_4;6;boule
2020-04-14;2016+ : 50 boules / 12 etoiles;boule_3;29;boule
2020-04-14;2016+ : 50 boules / 12 etoiles;boule_2;34;boule
2020-04-14;2016+ : 50 boules / 12 etoiles;boule_5;35;boule
2020-04-14;2016+ : 50 boules / 12 etoiles;boule_1;40;boule
2020-04-14;2016+ : 50 boules / 12 etoiles;etoile_2;4;etoile
2020-04-14;2016+ : 50 boules / 12 etoiles;etoile_1;11;etoile
2020-04-17;2016+ : 50 boules / 12 etoiles;boule_5;16;boule
2020-04-17;2016+ : 50 boules / 12 etoiles;boule_4;28;boule
2020-04-17;2016+ : 50 boules / 12 etoiles;boule_2;32;boule
2020-04-17;2016+ : 50 boules / 12 etoiles;boule_1;37;boule
2020-04-17;2016+ : 50 boules / 12 etoiles;boule_3;45;boule
2020-04-17;2016+ : 50 boules / 12 etoiles;etoile_1;1;etoile
2020-04-17;2016+ : 50 boules / 12 etoiles;etoile_2;11;etoile
2020-04-21;2016+ : 50 boules / 12 etoiles;boule_2;10;boule
2020-04-21;2016+ : 50 boules / 12 etoiles;boule_1;11;boule
2020-04-21;2016+ : 50 boules / 12 etoiles;boule_4;14;boule
2020-04-21;2016+ : 50 boules / 12 etoiles;boule_3;23;boule
2020-04-21;2016+ : 50 boules / 12 etoiles;boule_5;28;boule
2020-04-21;2016+ : 50 boules / 12 etoiles;etoile_1;6;etoile
2020-04-21;2016+ : 50 boules / 12 etoiles;etoile_2;8;etoile
2020-04-24;2016+ : 50 boules / 12 etoiles;boule_3;1;boule
2020-04-24;2016+ : 50 boules / 12 etoiles;boule_2;5;boule
2020-04-24;2016+ : 50 boules / 12 etoiles;boule_5;19;boule
2020-04-24;2016+ : 50 boules / 12 etoiles;boule_4;21;boule
2020-04-24;2016+ : 50 boules / 12 etoiles;boule_1;28;boule
2020-04-24;2016+ : 50 boules / 12 etoiles;etoile_2;4;etoile
2020-04-24;2016+ : 50 boules / 12 etoiles;etoile_1;7;etoile
2020-04-28;2016+ : 50 boules / 12 etoiles;boule_4;15;boule
2020-04-28;2016+ : 50 boules / 12 etoiles;boule_5;23;boule
2020-04-28;2016+ : 50 boules / 12 etoiles;boule_3;26;boule
2020-04-28;2016+ : 50 boules / 12 etoiles;boule_2;28;boule
2020-04-28;2016+ : 50 boules / 12 etoiles;boule_1;32;boule
2020-04-28;2016+ : 50 boules / 12 etoiles;etoile_1;1;etoile
2020-04-28;2016+ : 50 boules / 12 etoiles;etoile_2;5;etoile
2020-05-01;2016+ : 50 boules / 12 etoiles;boule_3;19;boule
2020-05-01;2016+ : 50 boules / 12 etoiles;boule_2;20;boule
2020-05-01;2016+ : 50 boules / 12 etoiles;boule_5;38;boule
2020-05-01;2016+ : 50 boules / 12 etoiles;boule_4;45;boule
2020-05-01;2016+ : 50 boules / 12 etoiles;boule_1;47;boule
2020-05-01;2016+ : 50 boules / 12 etoiles;etoile_1;2;etoile
2020-05-01;2016+ : 50 boules / 12 etoiles;etoile_2;6;etoile
2020-05-05;2016+ : 50 boules / 12 etoiles;boule_1;2;boule
2020-05-05;2016+ : 50 boules / 12 etoiles;boule_4;10;boule
2020-05-05;2016+ : 50 boules / 12 etoiles;boule_3;22;boule
2020-05-05;2016+ : 50 boules / 12 etoiles;boule_2;27;boule
2020-05-05;2016+ : 50 boules / 12 etoiles;boule_5;41;boule
2020-05-05;2016+ : 50 boules / 12 etoiles;etoile_2;2;etoile
2020-05-05;2016+ : 50 boules / 12 etoiles;etoile_1;3;etoile
2020-05-08;2016+ : 50 boules / 12 etoiles;boule_3;8;boule
2020-05-08;2016+ : 50 boules / 12 etoiles;boule_4;25;boule
2020-05-08;2016+ : 50 boules / 12 etoiles;boule_5;32;boule
2020-05-08;2016+ : 50 boules / 12 etoiles;boule_1;33;boule
2020-05-08;2016+ : 50 boules / 12 etoiles;boule_2;38;boule
2020-05-08;2016+ : 50 boules / 12 etoiles;etoile_2;7;etoile
2020-05-08;2016+ : 50 boules / 12 etoiles;etoile_1;9;etoile
2020-05-12;2016+ : 50 boules / 12 etoiles;boule_2;9;boule
2020-05-12;2016+ : 50 boules / 12 etoiles;boule_1;16;boule
2020-05-12;2016+ : 50 boules / 12 etoiles;boule_3;29;boule
2020-05-12;2016+ : 50 boules / 12 etoiles;boule_5;37;boule
2020-05-12;2016+ : 50 boules / 12 etoiles;boule_4;39;boule
2020-05-12;2016+ : 50 boules / 12 etoiles;etoile_1;4;etoile
2020-05-12;2016+ : 50 boules / 12 etoiles;etoile_2;11;etoile
2020-05-15;2016+ : 50 boules / 12 etoiles;boule_5;11;boule
2020-05-15;2016+ : 50 boules / 12 etoiles;boule_2;23;boule
2020-05-15;2016+ : 50 boules / 12 etoiles;boule_3;32;boule
2020-05-15;2016+ : 50 boules / 12 etoiles;boule_1;34;boule
2020-05-15;2016+ : 50 boules / 12 etoiles;boule_4;39;boule
2020-05-15;2016+ : 50 boules / 12 etoiles;etoile_1;1;etoile
2020-05-15;2016+ : 50 boules / 12 etoiles;etoile_2;6;etoile
2020-05-19;2016+ : 50 boules / 12 etoiles;boule_5;5;boule
2020-05-19;2016+ : 50 boules / 12 etoiles;boule_4;25;boule
2020-05-19;2016+ : 50 boules / 12 etoiles;boule_2;32;boule
2020-05-19;2016+ : 50 boules / 12 etoiles;boule_3;37;boule
2020-05-19;2016+ : 50 boules / 12 etoiles;boule_1;43;boule
2020-05-19;2016+ : 50 boules / 12 etoiles;etoile_1;6;etoile
2020-05-19;2016+ : 50 boules / 12 etoiles;etoile_2;7;etoile
2020-05-22;2016+ : 50 boules / 12 etoiles;boule_4;3;boule
2020-05-22;2016+ : 50 boules / 12 etoiles;boule_1;18;boule
2020-05-22;2016+ : 50 boules / 12 etoiles;boule_2;22;boule
2020-05-22;2016+ : 50 boules / 12 etoiles;boule_5;27;boule
2020-05-22;2016+ : 50 boules / 12 etoiles;boule_3;32;boule
2020-05-22;2016+ : 50 boules / 12 etoiles;etoile_1;2;etoile
2020-05-22;2016+ : 50 boules / 12 etoiles;etoile_2;7;etoile
2020-05-26;2016+ : 50 boules / 12 etoiles;boule_2;4;boule
2020-05-26;2016+ : 50 boules / 12 etoiles;boule_1;9;boule
2020-05-26;2016+ : 50 boules / 12 etoiles;boule_4;14;boule
2020-05-26;2016+ : 50 boules / 12 etoiles;boule_5;21;boule
2020-05-26;2016+ : 50 boules / 12 etoiles;boule_3;27;boule
2020-05-26;2016+ : 50 boules / 12 etoiles;etoile_1;4;etoile
2020-05-26;2016+ : 50 boules / 12 etoiles;etoile_2;6;etoile
2020-05-29;2016+ : 50 boules / 12 etoiles;boule_1;4;boule
2020-05-29;2016+ : 50 boules / 12 etoiles;boule_3;8;boule
2020-05-29;2016+ : 50 boules / 12 etoiles;boule_2;11;boule
2020-05-29;2016+ : 50 boules / 12 etoiles;boule_5;19;boule
2020-05-29;2016+ : 50 boules / 12 etoiles;boule_4;46;boule
2020-05-29;2016+ : 50 boules / 12 etoiles;etoile_1;4;etoile
2020-05-29;2016+ : 50 boules / 12 etoiles;etoile_2;8;etoile
2020-06-02;2016+ : 50 boules / 12 etoiles;boule_5;10;boule
2020-06-02;2016+ : 50 boules / 12 etoiles;boule_3;12;boule
2020-06-02;2016+ : 50 boules / 12 etoiles;boule_2;22;boule
2020-06-02;2016+ : 50 boules / 12 etoiles;boule_4;26;boule
2020-06-02;2016+ : 50 boules / 12 etoiles;boule_1;49;boule
2020-06-02;2016+ : 50 boules / 12 etoiles;etoile_2;7;etoile
2020-06-02;2016+ : 50 boules / 12 etoiles;etoile_1;11;etoile
2020-06-05;2016+ : 50 boules / 12 etoiles;boule_5;5;boule
2020-06-05;2016+ : 50 boules / 12 etoiles;boule_2;11;boule
2020-06-05;2016+ : 50 boules / 12 etoiles;boule_4;17;boule
2020-06-05;2016+ : 50 boules / 12 etoiles;boule_1;24;boule
2020-06-05;2016+ : 50 boules / 12 etoiles;boule_3;37;boule
2020-06-05;2016+ : 50 boules / 12 etoiles;etoile_2;3;etoile
2020-06-05;2016+ : 50 boules / 12 etoiles;etoile_1;6;etoile
2020-06-09;2016+ : 50 boules / 12 etoiles;boule_4;5;boule
2020-06-09;2016+ : 50 boules / 12 etoiles;boule_5;15;boule
2020-06-09;2016+ : 50 boules / 12 etoiles;boule_3;27;boule
2020-06-09;2016+ : 50 boules / 12 etoiles;boule_2;36;boule
2020-06-09;2016+ : 50 boules / 12 etoiles;boule_1;46;boule
2020-06-09;2016+ : 50 boules / 12 etoiles;etoile_2;2;etoile
2020-06-09;2016+ : 50 boules / 12 etoiles;etoile_1;8;etoile
2020-06-12;2016+ : 50 boules / 12 etoiles;boule_4;2;boule
2020-06-12;2016+ : 50 boules / 12 etoiles;boule_1;24;boule
2020-06-12;2016+ : 50 boules / 12 etoiles;boule_2;39;boule
2020-06-12;2016+ : 50 boules / 12 etoiles;boule_5;45;boule
2020-06-12;2016+ : 50 boules / 12 etoiles;boule_3;46;boule
2020-06-12;2016+ : 50 boules / 12 etoiles;etoile_1;4;etoile
2020-06-12;2016+ : 50 boules / 12 etoiles;etoile_2;8;etoile
2020-06-16;2016+ : 50 boules / 12 etoiles;boule_4;4;boule
2020-06-16;2016+ : 50 boules / 12 etoiles;boule_2;9;boule
2020-06-16;2016+ : 50 boules / 12 etoiles;boule_3;11;boule
2020-06-16;2016+ : 50 boules / 12 etoiles;boule_5;17;boule
2020-06-16;2016+ : 50 boules / 12 etoiles;boule_1;39;boule
2020-06-16;2016+ : 50 boules / 12 etoiles;etoile_1;2;etoile
2020-06-16;2016+ : 50 boules / 12 etoiles;etoile_2;10;etoile
2020-06-19;2016+ : 50 boules / 12 etoiles;boule_2;5;boule
2020-06-19;2016+ : 50 boules / 12 etoiles;boule_1;14;boule
2020-06-19;2016+ : 50 boules / 12 etoiles;boule_5;19;boule
2020-06-19;2016+ : 50 boules / 12 etoiles;boule_3;24;boule
2020-06-19;2016+ : 50 boules / 12 etoiles;boule_4;43;boule
2020-06-19;2016+ : 50 boules / 12 etoiles;etoile_1;3;etoile
2020-06-19;2016+ : 50 boules / 12 etoiles;etoile_2;11;etoile
2020-06-23;2016+ : 50 boules / 12 etoiles;boule_5;2;boule
2020-06-23;2016+ : 50 boules / 12 etoiles;boule_4;12;boule
2020-06-23;2016+ : 50 boules / 12 etoiles;boule_1;19;boule
2020-06-23;2016+ : 50 boules / 12 etoiles;boule_2;46;boule
2020-06-23;2016+ : 50 boules / 12 etoiles;boule_3;49;boule
2020-06-23;2016+ : 50 boules / 12 etoiles;etoile_2;1;etoile
2020-06-23;2016+ : 50 boules / 12 etoiles;etoile_1;8;etoile
2020-06-26;2016+ : 50 boules / 12 etoiles;boule_4;1;boule
2020-06-26;2016+ : 50 boules / 12 etoiles;boule_5;10;boule
2020-06-26;2016+ : 50 boules / 12 etoiles;boule_1;12;boule
2020-06-26;2016+ : 50 boules / 12 etoiles;boule_3;21;boule
2020-06-26;2016+ : 50 boules / 12 etoiles;boule_2;26;boule
2020-06-26;2016+ : 50 boules / 12 etoiles;etoile_1;5;etoile
2020-06-26;2016+ : 50 boules / 12 etoiles;etoile_2;11;etoile
2020-06-30;2016+ : 50 boules / 12 etoiles;boule_3;1;boule
2020-06-30;2016+ : 50 boules / 12 etoiles;boule_5;6;boule
2020-06-30;2016+ : 50 boules / 12 etoiles;boule_1;11;boule
2020-06-30;2016+ : 50 boules / 12 etoiles;boule_4;28;boule
2020-06-30;2016+ : 50 boules / 12 etoiles;boule_2;42;boule
2020-06-30;2016+ : 50 boules / 12 etoiles;etoile_1;2;etoile
2020-06-30;2016+ : 50 boules / 12 etoiles;etoile_2;10;etoile
2020-07-03;2016+ : 50 boules / 12 etoiles;boule_2;4;boule
2020-07-03;2016+ : 50 boules / 12 etoiles;boule_3;16;boule
2020-07-03;2016+ : 50 boules / 12 etoiles;boule_1;27;boule
2020-07-03;2016+ : 50 boules / 12 etoiles;boule_5;37;boule
2020-07-03;2016+ : 50 boules / 12 etoiles;boule_4;39;boule
2020-07-03;2016+ : 50 boules / 12 etoiles;etoile_1;3;etoile
2020-07-03;2016+ : 50 boules / 12 etoiles;etoile_2;6;etoile
2020-07-07;2016+ : 50 boules / 12 etoiles;boule_4;12;boule
2020-07-07;2016+ : 50 boules / 12 etoiles;boule_5;16;boule
2020-07-07;2016+ : 50 boules / 12 etoiles;boule_3;23;boule
2020-07-07;2016+ : 50 boules / 12 etoiles;boule_2;33;boule
2020-07-07;2016+ : 50 boules / 12 etoiles;boule_1;41;boule
2020-07-07;2016+ : 50 boules / 12 etoiles;etoile_1;8;etoile
2020-07-07;2016+ : 50 boules / 12 etoiles;etoile_2;10;etoile
2020-07-10;2016+ : 50 boules / 12 etoiles;boule_3;15;boule
2020-07-10;2016+ : 50 boules / 12 etoiles;boule_4;17;boule
2020-07-10;2016+ : 50 boules / 12 etoiles;boule_5;23;boule
2020-07-10;2016+ : 50 boules / 12 etoiles;boule_1;30;boule
2020-07-10;2016+ : 50 boules / 12 etoiles;boule_2;38;boule
2020-07-10;2016+ : 50 boules / 12 etoiles;etoile_1;2;etoile
2020-07-10;2016+ : 50 boules / 12 etoiles;etoile_2;7;etoile
2020-07-14;2016+ : 50 boules / 12 etoiles;boule_4;11;boule
2020-07-14;2016+ : 50 boules / 12 etoiles;boule_2;22;boule
2020-07-14;2016+ : 50 boules / 12 etoiles;boule_1;30;boule
2020-07-14;2016+ : 50 boules / 12 etoiles;boule_3;37;boule
2020-07-14;2016+ : 50 boules / 12 etoiles;boule_5;47;boule
2020-07-14;2016+ : 50 boules / 12 etoiles;etoile_1;9;etoile
2020-07-14;2016+ : 50 boules / 12 etoiles;etoile_2;10;etoile
2020-07-17;2016+ : 50 boules / 12 etoiles;boule_1;7;boule
2020-07-17;2016+ : 50 boules / 12 etoiles;boule_4;15;boule
2020-07-17;2016+ : 50 boules / 12 etoiles;boule_2;27;boule
2020-07-17;2016+ : 50 boules / 12 etoiles;boule_3;41;boule
2020-07-17;2016+ : 50 boules / 12 etoiles;boule_5;43;boule
2020-07-17;2016+ : 50 boules / 12 etoiles;etoile_1;7;etoile
2020-07-17;2016+ : 50 boules / 12 etoiles;etoile_2;9;etoile
2020-07-21;2016+ : 50 boules / 12 etoiles;boule_4;14;boule
2020-07-21;2016+ : 50 boules / 12 etoiles;boule_2;15;boule
2020-07-21;2016+ : 50 boules / 12 etoiles;boule_5;24;boule
2020-07-21;2016+ : 50 boules / 12 etoiles;boule_1;29;boule
2020-07-21;2016+ : 50 boules / 12 etoiles;boule_3;42;boule
2020-07-21;2016+ : 50 boules / 12 etoiles;etoile_1;2;etoile
2020-07-21;2016+ : 50 boules / 12 etoiles;etoile_2;4;etoile
2020-07-24;2016+ : 50 boules / 12 etoiles;boule_1;8;boule
2020-07-24;2016+ : 50 boules / 12 etoiles;boule_5;9;boule
2020-07-24;2016+ : 50 boules / 12 etoiles;boule_4;27;boule
2020-07-24;2016+ : 50 boules / 12 etoiles;boule_2;28;boule
2020-07-24;2016+ : 50 boules / 12 etoiles;boule_3;50;boule
2020-07-24;2016+ : 50 boules / 12 etoiles;etoile_2;4;etoile
2020-07-24;2016+ : 50 boules / 12 etoiles;etoile_1;12;etoile
2020-07-28;2016+ : 50 boules / 12 etoiles;boule_4;9;boule
2020-07-28;2016+ : 50 boules / 12 etoiles;boule_3;13;boule
2020-07-28;2016+ : 50 boules / 12 etoiles;boule_5;15;boule
2020-07-28;2016+ : 50 boules / 12 etoiles;boule_2;17;boule
2020-07-28;2016+ : 50 boules / 12 etoiles;boule_1;34;boule
2020-07-28;2016+ : 50 boules / 12 etoiles;etoile_2;2;etoile
2020-07-28;2016+ : 50 boules / 12 etoiles;etoile_1;7;etoile
2020-07-31;2016+ : 50 boules / 12 etoiles;boule_4;21;boule
2020-07-31;2016+ : 50 boules / 12 etoiles;boule_3;24;boule
2020-07-31;2016+ : 50 boules / 12 etoiles;boule_1;30;boule
2020-07-31;2016+ : 50 boules / 12 etoiles;boule_2;46;boule
2020-07-31;2016+ : 50 boules / 12 etoiles;boule_5;49;boule
2020-07-31;2016+ : 50 boules / 12 etoiles;etoile_1;2;etoile
2020-07-31;2016+ : 50 boules / 12 etoiles;etoile_2;5;etoile
2020-08-04;2016+ : 50 boules / 12 etoiles;boule_4;1;boule
2020-08-04;2016+ : 50 boules / 12 etoiles;boule_2;2;boule
2020-08-04;2016+ : 50 boules / 12 etoiles;boule_3;5;boule
2020-08-04;2016+ : 50 boules / 12 etoiles;boule_5;15;boule
2020-08-04;2016+ : 50 boules / 12 etoiles;boule_1;42;boule
2020-08-04;2016+ : 50 boules / 12 etoiles;etoile_2;5;etoile
2020-08-04;2016+ : 50 boules / 12 etoiles;etoile_1;8;etoile
2020-08-07;2016+ : 50 boules / 12 etoiles;boule_3;5;boule
2020-08-07;2016+ : 50 boules / 12 etoiles;boule_2;20;boule
2020-08-07;2016+ : 50 boules / 12 etoiles;boule_5;21;boule
2020-08-07;2016+ : 50 boules / 12 etoiles;boule_1;36;boule
2020-08-07;2016+ : 50 boules / 12 etoiles;boule_4;41;boule
2020-08-07;2016+ : 50 boules / 12 etoiles;etoile_2;6;etoile
2020-08-07;2016+ : 50 boules / 12 etoiles;etoile_1;11;etoile
2020-08-11;2016+ : 50 boules / 12 etoiles;boule_4;8;boule
2020-08-11;2016+ : 50 boules / 12 etoiles;boule_2;13;boule
2020-08-11;2016+ : 50 boules / 12 etoiles;boule_1;14;boule
2020-08-11;2016+ : 50 boules / 12 etoiles;boule_5;42;boule
2020-08-11;2016+ : 50 boules / 12 etoiles;boule_3;50;boule
2020-08-11;2016+ : 50 boules / 12 etoiles;etoile_1;3;etoile
2020-08-11;2016+ : 50 boules / 12 etoiles;etoile_2;9;etoile
2020-08-14;2016+ : 50 boules / 12 etoiles;boule_4;9;boule
2020-08-14;2016+ : 50 boules / 12 etoiles;boule_2;10;boule
2020-08-14;2016+ : 50 boules / 12 etoiles;boule_5;19;boule
2020-08-14;2016+ : 50 boules / 12 etoiles;boule_3;42;boule
2020-08-14;2016+ : 50 boules / 12 etoiles;boule_1;49;boule
2020-08-14;2016+ : 50 boules / 12 etoiles;etoile_1;4;etoile
2020-08-14;2016+ : 50 boules / 12 etoiles;etoile_2;12;etoile
2020-08-18;2016+ : 50 boules / 12 etoiles;boule_5;6;boule
2020-08-18;2016+ : 50 boules / 12 etoiles;boule_1;12;boule
2020-08-18;2016+ : 50 boules / 12 etoiles;boule_4;17;boule
2020-08-18;2016+ : 50 boules / 12 etoiles;boule_2;34;boule
2020-08-18;2016+ : 50 boules / 12 etoiles;boule_3;42;boule
2020-08-18;2016+ : 50 boules / 12 etoiles;etoile_2;5;etoile
2020-08-18;2016+ : 50 boules / 12 etoiles;etoile_1;12;etoile
2020-08-21;2016+ : 50 boules / 12 etoiles;boule_1;10;boule
2020-08-21;2016+ : 50 boules / 12 etoiles;boule_4;15;boule
2020-08-21;2016+ : 50 boules / 12 etoiles;boule_2;35;boule
2020-08-21;2016+ : 50 boules / 12 etoiles;boule_5;44;boule
2020-08-21;2016+ : 50 boules / 12 etoiles;boule_3;50;boule
2020-08-21;2016+ : 50 boules / 12 etoiles;etoile_2;3;etoile
2020-08-21;2016+ : 50 boules / 12 etoiles;etoile_1;5;etoile
2020-08-25;2016+ : 50 boules / 12 etoiles;boule_5;7;boule
2020-08-25;2016+ : 50 boules / 12 etoiles;boule_1;18;boule
2020-08-25;2016+ : 50 boules / 12 etoiles;boule_4;30;boule
2020-08-25;2016+ : 50 boules / 12 etoiles;boule_2;37;boule
2020-08-25;2016+ : 50 boules / 12 etoiles;boule_3;39;boule
2020-08-25;2016+ : 50 boules / 12 etoiles;etoile_2;8;etoile
2020-08-25;2016+ : 50 boules / 12 etoiles;etoile_1;10;etoile
2020-08-28;2016+ : 50 boules / 12 etoiles;boule_4;7;boule
2020-08-28;2016+ : 50 boules / 12 etoiles;boule_5;12;boule
2020-08-28;2016+ : 50 boules / 12 etoiles;boule_2;16;boule
2020-08-28;2016+ : 50 boules / 12 etoiles;boule_3;17;boule
2020-08-28;2016+ : 50 boules / 12 etoiles;boule_1;31;boule
2020-08-28;2016+ : 50 boules / 12 etoiles;etoile_2;7;etoile
2020-08-28;2016+ : 50 boules / 12 etoiles;etoile_1;9;etoile
2020-09-01;2016+ : 50 boules / 12 etoiles;boule_3;4;boule
2020-09-01;2016+ : 50 boules / 12 etoiles;boule_2;8;boule
2020-09-01;2016+ : 50 boules / 12 etoiles;boule_5;10;boule
2020-09-01;2016+ : 50 boules / 12 etoiles;boule_4;33;boule
2020-09-01;2016+ : 50 boules / 12 etoiles;boule_1;46;boule
2020-09-01;2016+ : 50 boules / 12 etoiles;etoile_1;8;etoile
2020-09-01;2016+ : 50 boules / 12 etoiles;etoile_2;11;etoile
2020-09-04;2016+ : 50 boules / 12 etoiles;boule_1;6;boule
2020-09-04;2016+ : 50 boules / 12 etoiles;boule_5;22;boule
2020-09-04;2016+ : 50 boules / 12 etoiles;boule_2;29;boule
2020-09-04;2016+ : 50 boules / 12 etoiles;boule_4;40;boule
2020-09-04;2016+ : 50 boules / 12 etoiles;boule_3;43;boule
2020-09-04;2016+ : 50 boules / 12 etoiles;etoile_2;4;etoile
2020-09-04;2016+ : 50 boules / 12 etoiles;etoile_1;7;etoile
2020-09-08;2016+ : 50 boules / 12 etoiles;boule_3;2;boule
2020-09-08;2016+ : 50 boules / 12 etoiles;boule_1;9;boule
2020-09-08;2016+ : 50 boules / 12 etoiles;boule_5;31;boule
2020-09-08;2016+ : 50 boules / 12 etoiles;boule_2;35;boule
2020-09-08;2016+ : 50 boules / 12 etoiles;boule_4;41;boule
2020-09-08;2016+ : 50 boules / 12 etoiles;etoile_2;9;etoile
2020-09-08;2016+ : 50 boules / 12 etoiles;etoile_1;12;etoile
2020-09-11;2016+ : 50 boules / 12 etoiles;boule_1;34;boule
2020-09-11;2016+ : 50 boules / 12 etoiles;boule_2;38;boule
2020-09-11;2016+ : 50 boules / 12 etoiles;boule_5;42;boule
2020-09-11;2016+ : 50 boules / 12 etoiles;boule_4;43;boule
2020-09-11;2016+ : 50 boules / 12 etoiles;boule_3;45;boule
2020-09-11;2016+ : 50 boules / 12 etoiles;etoile_2;9;etoile
2020-09-11;2016+ : 50 boules / 12 etoiles;etoile_1;12;etoile
2020-09-15;2016+ : 50 boules / 12 etoiles;boule_4;16;boule
2020-09-15;2016+ : 50 boules / 12 etoiles;boule_5;20;boule
2020-09-15;2016+ : 50 boules / 12 etoiles;boule_2;25;boule
2020-09-15;2016+ : 50 boules / 12 etoiles;boule_3;30;boule
2020-09-15;2016+ : 50 boules / 12 etoiles;boule_1;38;boule
2020-09-15;2016+ : 50 boules / 12 etoiles;etoile_2;6;etoile
2020-09-15;2016+ : 50 boules / 12 etoiles;etoile_1;8;etoile
2020-09-18;2016+ : 50 boules / 12 etoiles;boule_4;2;boule
2020-09-18;2016+ : 50 boules / 12 etoiles;boule_5;10;boule
2020-09-18;2016+ : 50 boules / 12 etoiles;boule_3;19;boule
2020-09-18;2016+ : 50 boules / 12 etoiles;boule_1;25;boule
2020-09-18;2016+ : 50 boules / 12 etoiles;boule_2;45;boule
2020-09-18;2016+ : 50 boules / 12 etoiles;etoile_1;1;etoile
2020-09-18;2016+ : 50 boules / 12 etoiles;etoile_2;7;etoile
2020-09-22;2016+ : 50 boules / 12 etoiles;boule_5;16;boule
2020-09-22;2016+ : 50 boules / 12 etoiles;boule_3;25;boule
2020-09-22;2016+ : 50 boules / 12 etoiles;boule_1;28;boule
2020-09-22;2016+ : 50 boules / 12 etoiles;boule_2;39;boule
2020-09-22;2016+ : 50 boules / 12 etoiles;boule_4;40;boule
2020-09-22;2016+ : 50 boules / 12 etoiles;etoile_1;1;etoile
2020-09-22;2016+ : 50 boules / 12 etoiles;etoile_2;6;etoile
2020-09-25;2016+ : 50 boules / 12 etoiles;boule_3;19;boule
2020-09-25;2016+ : 50 boules / 12 etoiles;boule_4;23;boule
2020-09-25;2016+ : 50 boules / 12 etoiles;boule_1;34;boule
2020-09-25;2016+ : 50 boules / 12 etoiles;boule_5;37;boule
2020-09-25;2016+ : 50 boules / 12 etoiles;boule_2;45;boule
2020-09-25;2016+ : 50 boules / 12 etoiles;etoile_1;1;etoile
2020-09-25;2016+ : 50 boules / 12 etoiles;etoile_2;7;etoile
2020-09-29;2016+ : 50 boules / 12 etoiles;boule_3;4;boule
2020-09-29;2016+ : 50 boules / 12 etoiles;boule_2;14;boule
2020-09-29;2016+ : 50 boules / 12 etoiles;boule_1;16;boule
2020-09-29;2016+ : 50 boules / 12 etoiles;boule_5;41;boule
2020-09-29;2016+ : 50 boules / 12 etoiles;boule_4;44;boule
2020-09-29;2016+ : 50 boules / 12 etoiles;etoile_1;11;etoile
2020-09-29;2016+ : 50 boules / 12 etoiles;etoile_2;12;etoile
2020-10-02;2016+ : 50 boules / 12 etoiles;boule_4;6;boule
2020-10-02;2016+ : 50 boules / 12 etoiles;boule_3;12;boule
2020-10-02;2016+ : 50 boules / 12 etoiles;boule_1;15;boule
2020-10-02;2016+ : 50 boules / 12 etoiles;boule_5;40;boule
2020-10-02;2016+ : 50 boules / 12 etoiles;boule_2;45;boule
2020-10-02;2016+ : 50 boules / 12 etoiles;etoile_2;3;etoile
2020-10-02;2016+ : 50 boules / 12 etoiles;etoile_1;9;etoile
2020-10-06;2016+ : 50 boules / 12 etoiles;boule_3;4;boule
2020-10-06;2016+ : 50 boules / 12 etoiles;boule_4;21;boule
2020-10-06;2016+ : 50 boules / 12 etoiles;boule_2;36;boule
2020-10-06;2016+ : 50 boules / 12 etoiles;boule_1;41;boule
2020-10-06;2016+ : 50 boules / 12 etoiles;boule_5;47;boule
2020-10-06;2016+ : 50 boules / 12 etoiles;etoile_2;9;etoile
2020-10-06;2016+ : 50 boules / 12 etoiles;etoile_1;11;etoile
2020-10-09;2016+ : 50 boules / 12 etoiles;boule_2;11;boule
2020-10-09;2016+ : 50 boules / 12 etoiles;boule_1;15;boule
2020-10-09;2016+ : 50 boules / 12 etoiles;boule_3;35;boule
2020-10-09;2016+ : 50 boules / 12 etoiles;boule_5;41;boule
2020-10-09;2016+ : 50 boules / 12 etoiles;boule_4;50;boule
2020-10-09;2016+ : 50 boules / 12 etoiles;etoile_2;5;etoile
2020-10-09;2016+ : 50 boules / 12 etoiles;etoile_1;8;etoile
2020-10-13;2016+ : 50 boules / 12 etoiles;boule_1;5;boule
2020-10-13;2016+ : 50 boules / 12 etoiles;boule_5;14;boule
2020-10-13;2016+ : 50 boules / 12 etoiles;boule_4;38;boule
2020-10-13;2016+ : 50 boules / 12 etoiles;boule_2;41;boule
2020-10-13;2016+ : 50 boules / 12 etoiles;boule_3;46;boule
2020-10-13;2016+ : 50 boules / 12 etoiles;etoile_2;1;etoile
2020-10-13;2016+ : 50 boules / 12 etoiles;etoile_1;10;etoile
2020-10-16;2016+ : 50 boules / 12 etoiles;boule_1;15;boule
2020-10-16;2016+ : 50 boules / 12 etoiles;boule_4;33;boule
2020-10-16;2016+ : 50 boules / 12 etoiles;boule_3;38;boule
2020-10-16;2016+ : 50 boules / 12 etoiles;boule_2;40;boule
2020-10-16;2016+ : 50 boules / 12 etoiles;boule_5;50;boule
2020-10-16;2016+ : 50 boules / 12 etoiles;etoile_2;3;etoile
2020-10-16;2016+ : 50 boules / 12 etoiles;etoile_1;6;etoile
2020-10-20;2016+ : 50 boules / 12 etoiles;boule_2;5;boule
2020-10-20;2016+ : 50 boules / 12 etoiles;boule_5;6;boule
2020-10-20;2016+ : 50 boules / 12 etoiles;boule_1;15;boule
2020-10-20;2016+ : 50 boules / 12 etoiles;boule_4;37;boule
2020-10-20;2016+ : 50 boules / 12 etoiles;boule_3;42;boule
2020-10-20;2016+ : 50 boules / 12 etoiles;etoile_2;3;etoile
2020-10-20;2016+ : 50 boules / 12 etoiles;etoile_1;4;etoile
2020-10-23;2016+ : 50 boules / 12 etoiles;boule_3;10;boule
2020-10-23;2016+ : 50 boules / 12 etoiles;boule_5;15;boule
2020-10-23;2016+ : 50 boules / 12 etoiles;boule_1;19;boule
2020-10-23;2016+ : 50 boules / 12 etoiles;boule_4;21;boule
2020-10-23;2016+ : 50 boules / 12 etoiles;boule_2;23;boule
2020-10-23;2016+ : 50 boules / 12 etoiles;etoile_1;3;etoile
2020-10-23;2016+ : 50 boules / 12 etoiles;etoile_2;12;etoile
2020-10-27;2016+ : 50 boules / 12 etoiles;boule_1;13;boule
2020-10-27;2016+ : 50 boules / 12 etoiles;boule_2;15;boule
2020-10-27;2016+ : 50 boules / 12 etoiles;boule_3;28;boule
2020-10-27;2016+ : 50 boules / 12 etoiles;boule_5;32;boule
2020-10-27;2016+ : 50 boules / 12 etoiles;boule_4;44;boule
2020-10-27;2016+ : 50 boules / 12 etoiles;etoile_2;3;etoile
2020-10-27;2016+ : 50 boules / 12 etoiles;etoile_1;12;etoile
2020-10-30;2016+ : 50 boules / 12 etoiles;boule_4;12;boule
2020-10-30;2016+ : 50 boules / 12 etoiles;boule_2;16;boule
2020-10-30;2016+ : 50 boules / 12 etoiles;boule_3;20;boule
2020-10-30;2016+ : 50 boules / 12 etoiles;boule_1;21;boule
2020-10-30;2016+ : 50 boules / 12 etoiles;boule_5;28;boule
2020-10-30;2016+ : 50 boules / 12 etoiles;etoile_2;3;etoile
2020-10-30;2016+ : 50 boules / 12 etoiles;etoile_1;9;etoile
2020-11-03;2016+ : 50 boules / 12 etoiles;boule_1;5;boule
2020-11-03;2016+ : 50 boules / 12 etoiles;boule_2;7;boule
2020-11-03;2016+ : 50 boules / 12 etoiles;boule_3;18;boule
2020-11-03;2016+ : 50 boules / 12 etoiles;boule_4;20;boule
2020-11-03;2016+ : 50 boules / 12 etoiles;boule_5;30;boule
2020-11-03;2016+ : 50 boules / 12 etoiles;etoile_2;6;etoile
2020-11-03;2016+ : 50 boules / 12 etoiles;etoile_1;7;etoile
2020-11-06;2016+ : 50 boules / 12 etoiles;boule_3;7;boule
2020-11-06;2016+ : 50 boules / 12 etoiles;boule_1;12;boule
2020-11-06;2016+ : 50 boules / 12 etoiles;boule_2;37;boule
2020-11-06;2016+ : 50 boules / 12 etoiles;boule_5;40;boule
2020-11-06;2016+ : 50 boules / 12 etoiles;boule_4;50;boule
2020-11-06;2016+ : 50 boules / 12 etoiles;etoile_1;1;etoile
2020-11-06;2016+ : 50 boules / 12 etoiles;etoile_2;2;etoile
2020-11-10;2016+ : 50 boules / 12 etoiles;boule_2;3;boule
2020-11-10;2016+ : 50 boules / 12 etoiles;boule_1;19;boule
2020-11-10;2016+ : 50 boules / 12 etoiles;boule_5;29;boule
2020-11-10;2016+ : 50 boules / 12 etoiles;boule_4;32;boule
2020-11-10;2016+ : 50 boules / 12 etoiles;boule_3;38;boule
2020-11-10;2016+ : 50 boules / 12 etoiles;etoile_2;5;etoile
2020-11-10;2016+ : 50 boules / 12 etoiles;etoile_1;12;etoile
2020-11-13;2016+ : 50 boules / 12 etoiles;boule_3;1;boule
2020-11-13;2016+ : 50 boules / 12 etoiles;boule_5;5;boule
2020-11-13;2016+ : 50 boules / 12 etoiles;boule_2;17;boule
2020-11-13;2016+ : 50 boules / 12 etoiles;boule_4;28;boule
2020-11-13;2016+ : 50 boules / 12 etoiles;boule_1;31;boule
2020-11-13;2016+ : 50 boules / 12 etoiles;etoile_1;1;etoile
2020-11-13;2016+ : 50 boules / 12 etoiles;etoile_2;10;etoile
2020-11-17;2016+ : 50 boules / 12 etoiles;boule_5;16;boule
2020-11-17;2016+ : 50 boules / 12 etoiles;boule_4;19;boule
2020-11-17;2016+ : 50 boules / 12 etoiles;boule_2;25;boule
2020-11-17;2016+ : 50 boules / 12 etoiles;boule_1;30;boule
2020-11-17;2016+ : 50 boules / 12 etoiles;boule_3;44;boule
2020-11-17;2016+ : 50 boules / 12 etoiles;etoile_2;2;etoile
2020-11-17;2016+ : 50 boules / 12 etoiles;etoile_1;6;etoile
2020-11-20;2016+ : 50 boules / 12 etoiles;boule_1;28;boule
2020-11-20;2016+ : 50 boules / 12 etoiles;boule_5;29;boule
2020-11-20;2016+ : 50 boules / 12 etoiles;boule_4;39;boule
2020-11-20;2016+ : 50 boules / 12 etoiles;boule_3;48;boule
2020-11-20;2016+ : 50 boules / 12 etoiles;boule_2;50;boule
2020-11-20;2016+ : 50 boules / 12 etoiles;etoile_1;5;etoile
2020-11-20;2016+ : 50 boules / 12 etoiles;etoile_2;7;etoile
2020-11-24;2016+ : 50 boules / 12 etoiles;boule_5;25;boule
2020-11-24;2016+ : 50 boules / 12 etoiles;boule_2;33;boule
2020-11-24;2016+ : 50 boules / 12 etoiles;boule_3;38;boule
2020-11-24;2016+ : 50 boules / 12 etoiles;boule_4;42;boule
2020-11-24;2016+ : 50 boules / 12 etoiles;boule_1;50;boule
2020-11-24;2016+ : 50 boules / 12 etoiles;etoile_2;8;etoile
2020-11-24;2016+ : 50 boules / 12 etoiles;etoile_1;12;etoile
2020-11-27;2016+ : 50 boules / 12 etoiles;boule_5;2;boule
2020-11-27;2016+ : 50 boules / 12 etoiles;boule_4;5;boule
2020-11-27;2016+ : 50 boules / 12 etoiles;boule_1;8;boule
2020-11-27;2016+ : 50 boules / 12 etoiles;boule_2;14;boule
2020-11-27;2016+ : 50 boules / 12 etoiles;boule_3;16;boule
2020-11-27;2016+ : 50 boules / 12 etoiles;etoile_2;8;etoile
2020-11-27;2016+ : 50 boules / 12 etoiles;etoile_1;9;etoile
2020-12-01;2016+ : 50 boules / 12 etoiles;boule_4;14;boule
2020-12-01;2016+ : 50 boules / 12 etoiles;boule_3;20;boule
2020-12-01;2016+ : 50 boules / 12 etoiles;boule_1;29;boule
2020-12-01;2016+ : 50 boules / 12 etoiles;boule_5;47;boule
2020-12-01;2016+ : 50 boules / 12 etoiles;boule_2;49;boule
2020-12-01;2016+ : 50 boules / 12 etoiles;etoile_2;4;etoile
2020-12-01;2016+ : 50 boules / 12 etoiles;etoile_1;12;etoile
2020-12-04;2016+ : 50 boules / 12 etoiles;boule_1;14;boule
2020-12-04;2016+ : 50 boules / 12 etoiles;boule_3;20;boule
2020-12-04;2016+ : 50 boules / 12 etoiles;boule_4;27;boule
2020-12-04;2016+ : 50 boules / 12 etoiles;boule_5;34;boule
2020-12-04;2016+ : 50 boules / 12 etoiles;boule_2;38;boule
2020-12-04;2016+ : 50 boules / 12 etoiles;etoile_1;1;etoile
2020-12-04;2016+ : 50 boules / 12 etoiles;etoile_2;11;etoile
2020-12-08;2016+ : 50 boules / 12 etoiles;boule_1;1;boule
2020-12-08;2016+ : 50 boules / 12 etoiles;boule_4;4;boule
2020-12-08;2016+ : 50 boules / 12 etoiles;boule_3;21;boule
2020-12-08;2016+ : 50 boules / 12 etoiles;boule_5;24;boule
2020-12-08;2016+ : 50 boules / 12 etoiles;boule_2;46;boule
2020-12-08;2016+ : 50 boules / 12 etoiles;etoile_1;2;etoile
2020-12-08;2016+ : 50 boules / 12 etoiles;etoile_2;12;etoile
2020-12-11;2016+ : 50 boules / 12 etoiles;boule_5;6;boule
2020-12-11;2016+ : 50 boules / 12 etoiles;boule_4;9;boule
2020-12-11;2016+ : 50 boules / 12 etoiles;boule_2;13;boule
2020-12-11;2016+ : 50 boules / 12 etoiles;boule_3;24;boule
2020-12-11;2016+ : 50 boules / 12 etoiles;boule_1;41;boule
2020-12-11;2016+ : 50 boules / 12 etoiles;etoile_1;3;etoile
2020-12-11;2016+ : 50 boules / 12 etoiles;etoile_2;12;etoile
2020-12-15;2016+ : 50 boules / 12 etoiles;boule_2;9;boule
2020-12-15;2016+ : 50 boules / 12 etoiles;boule_4;13;boule
2020-12-15;2016+ : 50 boules / 12 etoiles;boule_1;21;boule
2020-12-15;2016+ : 50 boules / 12 etoiles;boule_5;29;boule
2020-12-15;2016+ : 50 boules / 12 etoiles;boule_3;35;boule
2020-12-15;2016+ : 50 boules / 12 etoiles;etoile_2;1;etoile
2020-12-15;2016+ : 50 boules / 12 etoiles;etoile_1;2;etoile
2020-12-18;2016+ : 50 boules / 12 etoiles;boule_1;2;boule
2020-12-18;2016+ : 50 boules / 12 etoiles;boule_4;3;boule
2020-12-18;2016+ : 50 boules / 12 etoiles;boule_5;13;boule
2020-12-18;2016+ : 50 boules / 12 etoiles;boule_3;17;boule
2020-12-18;2016+ : 50 boules / 12 etoiles;boule_2;21;boule
2020-12-18;2016+ : 50 boules / 12 etoiles;etoile_1;7;etoile
2020-12-18;2016+ : 50 boules / 12 etoiles;etoile_2;8;etoile
2020-12-22;2016+ : 50 boules / 12 etoiles;boule_4;2;boule
2020-12-22;2016+ : 50 boules / 12 etoiles;boule_2;10;boule
2020-12-22;2016+ : 50 boules / 12 etoiles;boule_5;16;boule
2020-12-22;2016+ : 50 boules / 12 etoiles;boule_1;42;boule
2020-12-22;2016+ : 50 boules / 12 etoiles;boule_3;50;boule
2020-12-22;2016+ : 50 boules / 12 etoiles;etoile_2;4;etoile
2020-12-22;2016+ : 50 boules / 12 etoiles;etoile_1;11;etoile
2020-12-25;2016+ : 50 boules / 12 etoiles;boule_1;16;boule
2020-12-25;2016+ : 50 boules / 12 etoiles;boule_2;21;boule
2020-12-25;2016+ : 50 boules / 12 etoiles;boule_3;27;boule
2020-12-25;2016+ : 50 boules / 12 etoiles;boule_4;30;boule
2020-12-25;2016+ : 50 boules / 12 etoiles;boule_5;32;boule
2020-12-25;2016+ : 50 boules / 12 etoiles;etoile_1;3;etoile
2020-12-25;2016+ : 50 boules / 12 etoiles;etoile_2;5;etoile
2020-12-29;2016+ : 50 boules / 12 etoiles;boule_1;7;boule
2020-12-29;2016+ : 50 boules / 12 etoiles;boule_5;32;boule
2020-12-29;2016+ : 50 boules / 12 etoiles;boule_3;39;boule
2020-12-29;2016+ : 50 boules / 12 etoiles;boule_2;40;boule
2020-12-29;2016+ : 50 boules / 12 etoiles;boule_4;45;boule
2020-12-29;2016+ : 50 boules / 12 etoiles;etoile_2;3;etoile
2020-12-29;2016+ : 50 boules / 12 etoiles;etoile_1;8;etoile
2021-01-01;2016+ : 50 boules / 12 etoiles;boule_2;16;boule
2021-01-01;2016+ : 50 boules / 12 etoiles;boule_5;28;boule
2021-01-01;2016+ : 50 boules / 12 etoiles;boule_1;32;boule
2021-01-01;2016+ : 50 boules / 12 etoiles;boule_4;44;boule
2021-01-01;2016+ : 50 boules / 12 etoiles;boule_3;48;boule
2021-01-01;2016+ : 50 boules / 12 etoiles;etoile_1;1;etoile
2021-01-01;2016+ : 50 boules / 12 etoiles;etoile_2;9;etoile
2021-01-05;2016+ : 50 boules / 12 etoiles;boule_3;12;boule
2021-01-05;2016+ : 50 boules / 12 etoiles;boule_4;34;boule
2021-01-05;2016+ : 50 boules / 12 etoiles;boule_1;37;boule
2021-01-05;2016+ : 50 boules / 12 etoiles;boule_5;38;boule
2021-01-05;2016+ : 50 boules / 12 etoiles;boule_2;42;boule
2021-01-05;2016+ : 50 boules / 12 etoiles;etoile_2;1;etoile
2021-01-05;2016+ : 50 boules / 12 etoiles;etoile_1;3;etoile
2021-01-08;2016+ : 50 boules / 12 etoiles;boule_5;18;boule
2021-01-08;2016+ : 50 boules / 12 etoiles;boule_2;23;boule
2021-01-08;2016+ : 50 boules / 12 etoiles;boule_3;37;boule
2021-01-08;2016+ : 50 boules / 12 etoiles;boule_4;41;boule
2021-01-08;2016+ : 50 boules / 12 etoiles;boule_1;42;boule
2021-01-08;2016+ : 50 boules / 12 etoiles;etoile_1;4;etoile
2021-01-08;2016+ : 50 boules / 12 etoiles;etoile_2;6;etoile
2021-01-12;2016+ : 50 boules / 12 etoiles;boule_3;2;boule
2021-01-12;2016+ : 50 boules / 12 etoiles;boule_1;10;boule
2021-01-12;2016+ : 50 boules / 12 etoiles;boule_5;18;boule
2021-01-12;2016+ : 50 boules / 12 etoiles;boule_2;34;boule
2021-01-12;2016+ : 50 boules / 12 etoiles;boule_4;35;boule
2021-01-12;2016+ : 50 boules / 12 etoiles;etoile_1;6;etoile
2021-01-12;2016+ : 50 boules / 12 etoiles;etoile_2;9;etoile
2021-01-15;2016+ : 50 boules / 12 etoiles;boule_3;4;boule
2021-01-15;2016+ : 50 boules / 12 etoiles;boule_2;10;boule
2021-01-15;2016+ : 50 boules / 12 etoiles;boule_1;27;boule
2021-01-15;2016+ : 50 boules / 12 etoiles;boule_5;38;boule
2021-01-15;2016+ : 50 boules / 12 etoiles;boule_4;40;boule
2021-01-15;2016+ : 50 boules / 12 etoiles;etoile_2;3;etoile
2021-01-15;2016+ : 50 boules / 12 etoiles;etoile_1;11;etoile
2021-01-19;2016+ : 50 boules / 12 etoiles;boule_1;25;boule
2021-01-19;2016+ : 50 boules / 12 etoiles;boule_4;27;boule
2021-01-19;2016+ : 50 boules / 12 etoiles;boule_3;31;boule
2021-01-19;2016+ : 50 boules / 12 etoiles;boule_2;35;boule
2021-01-19;2016+ : 50 boules / 12 etoiles;boule_5;43;boule
2021-01-19;2016+ : 50 boules / 12 etoiles;etoile_1;5;etoile
2021-01-19;2016+ : 50 boules / 12 etoiles;etoile_2;6;etoile
2021-01-22;2016+ : 50 boules / 12 etoiles;boule_4;8;boule
2021-01-22;2016+ : 50 boules / 12 etoiles;boule_1;16;boule
2021-01-22;2016+ : 50 boules / 12 etoiles;boule_3;42;boule
2021-01-22;2016+ : 50 boules / 12 etoiles;boule_5;44;boule
2021-01-22;2016+ : 50 boules / 12 etoiles;boule_2;47;boule
2021-01-22;2016+ : 50 boules / 12 etoiles;etoile_2;6;etoile
2021-01-22;2016+ : 50 boules / 12 etoiles;etoile_1;7;etoile
2021-01-26;2016+ : 50 boules / 12 etoiles;boule_5;5;boule
2021-01-26;2016+ : 50 boules / 12 etoiles;boule_1;7;boule
2021-01-26;2016+ : 50 boules / 12 etoiles;boule_3;25;boule
2021-01-26;2016+ : 50 boules / 12 etoiles;boule_2;37;boule
2021-01-26;2016+ : 50 boules / 12 etoiles;boule_4;40;boule
2021-01-26;2016+ : 50 boules / 12 etoiles;etoile_1;2;etoile
2021-01-26;2016+ : 50 boules / 12 etoiles;etoile_2;8;etoile
2021-01-29;2016+ : 50 boules / 12 etoiles;boule_5;1;boule
2021-01-29;2016+ : 50 boules / 12 etoiles;boule_3;5;boule
2021-01-29;2016+ : 50 boules / 12 etoiles;boule_1;27;boule
2021-01-29;2016+ : 50 boules / 12 etoiles;boule_2;36;boule
2021-01-29;2016+ : 50 boules / 12 etoiles;boule_4;42;boule
2021-01-29;2016+ : 50 boules / 12 etoiles;etoile_2;1;etoile
2021-01-29;2016+ : 50 boules / 12 etoiles;etoile_1;6;etoile
2021-02-02;2016+ : 50 boules / 12 etoiles;boule_2;18;boule
2021-02-02;2016+ : 50 boules / 12 etoiles;boule_4;20;boule
2021-02-02;2016+ : 50 boules / 12 etoiles;boule_5;35;boule
2021-02-02;2016+ : 50 boules / 12 etoiles;boule_1;38;boule
2021-02-02;2016+ : 50 boules / 12 etoiles;boule_3;48;boule
2021-02-02;2016+ : 50 boules / 12 etoiles;etoile_1;9;etoile
2021-02-02;2016+ : 50 boules / 12 etoiles;etoile_2;12;etoile
2021-02-05;2016+ : 50 boules / 12 etoiles;boule_2;12;boule
2021-02-05;2016+ : 50 boules / 12 etoiles;boule_4;19;boule
2021-02-05;2016+ : 50 boules / 12 etoiles;boule_3;37;boule
2021-02-05;2016+ : 50 boules / 12 etoiles;boule_5;44;boule
2021-02-05;2016+ : 50 boules / 12 etoiles;boule_1;45;boule
2021-02-05;2016+ : 50 boules / 12 etoiles;etoile_2;2;etoile
2021-02-05;2016+ : 50 boules / 12 etoiles;etoile_1;6;etoile
2021-02-09;2016+ : 50 boules / 12 etoiles;boule_2;5;boule
2021-02-09;2016+ : 50 boules / 12 etoiles;boule_4;10;boule
2021-02-09;2016+ : 50 boules / 12 etoiles;boule_1;24;boule
2021-02-09;2016+ : 50 boules / 12 etoiles;boule_3;31;boule
2021-02-09;2016+ : 50 boules / 12 etoiles;boule_5;37;boule
2021-02-09;2016+ : 50 boules / 12 etoiles;etoile_1;9;etoile
2021-02-09;2016+ : 50 boules / 12 etoiles;etoile_2;10;etoile
2021-02-12;2016+ : 50 boules / 12 etoiles;boule_2;7;boule
2021-02-12;2016+ : 50 boules / 12 etoiles;boule_5;23;boule
2021-02-12;2016+ : 50 boules / 12 etoiles;boule_4;30;boule
2021-02-12;2016+ : 50 boules / 12 etoiles;boule_1;32;boule
2021-02-12;2016+ : 50 boules / 12 etoiles;boule_3;36;boule
2021-02-12;2016+ : 50 boules / 12 etoiles;etoile_2;8;etoile
2021-02-12;2016+ : 50 boules / 12 etoiles;etoile_1;12;etoile
2021-02-16;2016+ : 50 boules / 12 etoiles;boule_5;5;boule
2021-02-16;2016+ : 50 boules / 12 etoiles;boule_4;9;boule
2021-02-16;2016+ : 50 boules / 12 etoiles;boule_2;25;boule
2021-02-16;2016+ : 50 boules / 12 etoiles;boule_3;29;boule
2021-02-16;2016+ : 50 boules / 12 etoiles;boule_1;30;boule
2021-02-16;2016+ : 50 boules / 12 etoiles;etoile_1;6;etoile
2021-02-16;2016+ : 50 boules / 12 etoiles;etoile_2;7;etoile
2021-02-19;2016+ : 50 boules / 12 etoiles;boule_3;4;boule
2021-02-19;2016+ : 50 boules / 12 etoiles;boule_5;12;boule
2021-02-19;2016+ : 50 boules / 12 etoiles;boule_1;25;boule
2021-02-19;2016+ : 50 boules / 12 etoiles;boule_4;46;boule
2021-02-19;2016+ : 50 boules / 12 etoiles;boule_2;48;boule
2021-02-19;2016+ : 50 boules / 12 etoiles;etoile_2;7;etoile
2021-02-19;2016+ : 50 boules / 12 etoiles;etoile_1;12;etoile
2021-02-23;2016+ : 50 boules / 12 etoiles;boule_2;9;boule
2021-02-23;2016+ : 50 boules / 12 etoiles;boule_4;18;boule
2021-02-23;2016+ : 50 boules / 12 etoiles;boule_1;30;boule
2021-02-23;2016+ : 50 boules / 12 etoiles;boule_3;39;boule
2021-02-23;2016+ : 50 boules / 12 etoiles;boule_5;45;boule
2021-02-23;2016+ : 50 boules / 12 etoiles;etoile_2;1;etoile
2021-02-23;2016+ : 50 boules / 12 etoiles;etoile_1;3;etoile
2021-02-26;2016+ : 50 boules / 12 etoiles;boule_1;6;boule
2021-02-26;2016+ : 50 boules / 12 etoiles;boule_2;12;boule
2021-02-26;2016+ : 50 boules / 12 etoiles;boule_3;22;boule
2021-02-26;2016+ : 50 boules / 12 etoiles;boule_4;29;boule
2021-02-26;2016+ : 50 boules / 12 etoiles;boule_5;33;boule
2021-02-26;2016+ : 50 boules / 12 etoiles;etoile_2;6;etoile
2021-02-26;2016+ : 50 boules / 12 etoiles;etoile_1;11;etoile
2021-03-02;2016+ : 50 boules / 12 etoiles;boule_5;2;boule
2021-03-02;2016+ : 50 boules / 12 etoiles;boule_3;19;boule
2021-03-02;2016+ : 50 boules / 12 etoiles;boule_1;24;boule
2021-03-02;2016+ : 50 boules / 12 etoiles;boule_4;26;boule
2021-03-02;2016+ : 50 boules / 12 etoiles;boule_2;49;boule
2021-03-02;2016+ : 50 boules / 12 etoiles;etoile_1;6;etoile
2021-03-02;2016+ : 50 boules / 12 etoiles;etoile_2;7;etoile
2021-03-05;2016+ : 50 boules / 12 etoiles;boule_1;4;boule
2021-03-05;2016+ : 50 boules / 12 etoiles;boule_3;5;boule
2021-03-05;2016+ : 50 boules / 12 etoiles;boule_4;39;boule
2021-03-05;2016+ : 50 boules / 12 etoiles;boule_2;46;boule
2021-03-05;2016+ : 50 boules / 12 etoiles;boule_5;48;boule
2021-03-05;2016+ : 50 boules / 12 etoiles;etoile_1;7;etoile
2021-03-05;2016+ : 50 boules / 12 etoiles;etoile_2;10;etoile
2021-03-09;2016+ : 50 boules / 12 etoiles;boule_5;1;boule
2021-03-09;2016+ : 50 boules / 12 etoiles;boule_1;16;boule
2021-03-09;2016+ : 50 boules / 12 etoiles;boule_2;21;boule
2021-03-09;2016+ : 50 boules / 12 etoiles;boule_4;32;boule
2021-03-09;2016+ : 50 boules / 12 etoiles;boule_3;33;boule
2021-03-09;2016+ : 50 boules / 12 etoiles;etoile_1;11;etoile
2021-03-09;2016+ : 50 boules / 12 etoiles;etoile_2;12;etoile
2021-03-12;2016+ : 50 boules / 12 etoiles;boule_2;4;boule
2021-03-12;2016+ : 50 boules / 12 etoiles;boule_3;6;boule
2021-03-12;2016+ : 50 boules / 12 etoiles;boule_5;9;boule
2021-03-12;2016+ : 50 boules / 12 etoiles;boule_1;11;boule
2021-03-12;2016+ : 50 boules / 12 etoiles;boule_4;44;boule
2021-03-12;2016+ : 50 boules / 12 etoiles;etoile_1;10;etoile
2021-03-12;2016+ : 50 boules / 12 etoiles;etoile_2;11;etoile
2021-03-16;2016+ : 50 boules / 12 etoiles;boule_3;23;boule
2021-03-16;2016+ : 50 boules / 12 etoiles;boule_2;25;boule
2021-03-16;2016+ : 50 boules / 12 etoiles;boule_1;32;boule
2021-03-16;2016+ : 50 boules / 12 etoiles;boule_5;35;boule
2021-03-16;2016+ : 50 boules / 12 etoiles;boule_4;47;boule
2021-03-16;2016+ : 50 boules / 12 etoiles;etoile_1;2;etoile
2021-03-16;2016+ : 50 boules / 12 etoiles;etoile_2;6;etoile
2021-03-19;2016+ : 50 boules / 12 etoiles;boule_5;3;boule
2021-03-19;2016+ : 50 boules / 12 etoiles;boule_4;9;boule
2021-03-19;2016+ : 50 boules / 12 etoiles;boule_1;35;boule
2021-03-19;2016+ : 50 boules / 12 etoiles;boule_3;43;boule
2021-03-19;2016+ : 50 boules / 12 etoiles;boule_2;44;boule
2021-03-19;2016+ : 50 boules / 12 etoiles;etoile_2;1;etoile
2021-03-19;2016+ : 50 boules / 12 etoiles;etoile_1;10;etoile
2021-03-23;2016+ : 50 boules / 12 etoiles;boule_1;2;boule
2021-03-23;2016+ : 50 boules / 12 etoiles;boule_2;26;boule
2021-03-23;2016+ : 50 boules / 12 etoiles;boule_3;29;boule
2021-03-23;2016+ : 50 boules / 12 etoiles;boule_4;36;boule
2021-03-23;2016+ : 50 boules / 12 etoiles;boule_5;49;boule
2021-03-23;2016+ : 50 boules / 12 etoiles;etoile_1;3;etoile
2021-03-23;2016+ : 50 boules / 12 etoiles;etoile_2;9;etoile
2021-03-26;2016+ : 50 boules / 12 etoiles;boule_4;10;boule
2021-03-26;2016+ : 50 boules / 12 etoiles;boule_2;12;boule
2021-03-26;2016+ : 50 boules / 12 etoiles;boule_5;37;boule
2021-03-26;2016+ : 50 boules / 12 etoiles;boule_1;49;boule
2021-03-26;2016+ : 50 boules / 12 etoiles;boule_3;50;boule
2021-03-26;2016+ : 50 boules / 12 etoiles;etoile_2;3;etoile
2021-03-26;2016+ : 50 boules / 12 etoiles;etoile_1;8;etoile
2021-03-30;2016+ : 50 boules / 12 etoiles;boule_2;24;boule
2021-03-30;2016+ : 50 boules / 12 etoiles;boule_5;27;boule
2021-03-30;2016+ : 50 boules / 12 etoiles;boule_4;28;boule
2021-03-30;2016+ : 50 boules / 12 etoiles;boule_3;29;boule
2021-03-30;2016+ : 50 boules / 12 etoiles;boule_1;42;boule
2021-03-30;2016+ : 50 boules / 12 etoiles;etoile_2;4;etoile
2021-03-30;2016+ : 50 boules / 12 etoiles;etoile_1;8;etoile
2021-04-02;2016+ : 50 boules / 12 etoiles;boule_3;4;boule
2021-04-02;2016+ : 50 boules / 12 etoiles;boule_1;21;boule
2021-04-02;2016+ : 50 boules / 12 etoiles;boule_5;34;boule
2021-04-02;2016+ : 50 boules / 12 etoiles;boule_4;40;boule
2021-04-02;2016+ : 50 boules / 12 etoiles;boule_2;47;boule
2021-04-02;2016+ : 50 boules / 12 etoiles;etoile_1;2;etoile
2021-04-02;2016+ : 50 boules / 12 etoiles;etoile_2;5;etoile
2021-04-06;2016+ : 50 boules / 12 etoiles;boule_5;2;boule
2021-04-06;2016+ : 50 boules / 12 etoiles;boule_2;21;boule
2021-04-06;2016+ : 50 boules / 12 etoiles;boule_3;37;boule
2021-04-06;2016+ : 50 boules / 12 etoiles;boule_4;38;boule
2021-04-06;2016+ : 50 boules / 12 etoiles;boule_1;50;boule
2021-04-06;2016+ : 50 boules / 12 etoiles;etoile_2;7;etoile
2021-04-06;2016+ : 50 boules / 12 etoiles;etoile_1;8;etoile
2021-04-09;2016+ : 50 boules / 12 etoiles;boule_5;2;boule
2021-04-09;2016+ : 50 boules / 12 etoiles;boule_2;8;boule
2021-04-09;2016+ : 50 boules / 12 etoiles;boule_4;32;boule
2021-04-09;2016+ : 50 boules / 12 etoiles;boule_3;35;boule
2021-04-09;2016+ : 50 boules / 12 etoiles;boule_1;44;boule
2021-04-09;2016+ : 50 boules / 12 etoiles;etoile_1;8;etoile
2021-04-09;2016+ : 50 boules / 12 etoiles;etoile_2;11;etoile
2021-04-13;2016+ : 50 boules / 12 etoiles;boule_2;16;boule
2021-04-13;2016+ : 50 boules / 12 etoiles;boule_5;20;boule
2021-04-13;2016+ : 50 boules / 12 etoiles;boule_3;31;boule
2021-04-13;2016+ : 50 boules / 12 etoiles;boule_1;47;boule
2021-04-13;2016+ : 50 boules / 12 etoiles;boule_4;50;boule
2021-04-13;2016+ : 50 boules / 12 etoiles;etoile_2;2;etoile
2021-04-13;2016+ : 50 boules / 12 etoiles;etoile_1;8;etoile
2021-04-16;2016+ : 50 boules / 12 etoiles;boule_5;6;boule
2021-04-16;2016+ : 50 boules / 12 etoiles;boule_2;11;boule
2021-04-16;2016+ : 50 boules / 12 etoiles;boule_1;29;boule
2021-04-16;2016+ : 50 boules / 12 etoiles;boule_3;40;boule
2021-04-16;2016+ : 50 boules / 12 etoiles;boule_4;48;boule
2021-04-16;2016+ : 50 boules / 12 etoiles;etoile_2;5;etoile
2021-04-16;2016+ : 50 boules / 12 etoiles;etoile_1;9;etoile
2021-04-20;2016+ : 50 boules / 12 etoiles;boule_4;5;boule
2021-04-20;2016+ : 50 boules / 12 etoiles;boule_3;17;boule
2021-04-20;2016+ : 50 boules / 12 etoiles;boule_1;28;boule
2021-04-20;2016+ : 50 boules / 12 etoiles;boule_5;41;boule
2021-04-20;2016+ : 50 boules / 12 etoiles;boule_2;46;boule
2021-04-20;2016+ : 50 boules / 12 etoiles;etoile_2;10;etoile
2021-04-20;2016+ : 50 boules / 12 etoiles;etoile_1;11;etoile
2021-04-23;2016+ : 50 boules / 12 etoiles;boule_4;3;boule
2021-04-23;2016+ : 50 boules / 12 etoiles;boule_5;14;boule
2021-04-23;2016+ : 50 boules / 12 etoiles;boule_3;15;boule
2021-04-23;2016+ : 50 boules / 12 etoiles;boule_2;19;boule
2021-04-23;2016+ : 50 boules / 12 etoiles;boule_1;29;boule
2021-04-23;2016+ : 50 boules / 12 etoiles;etoile_1;2;etoile
2021-04-23;2016+ : 50 boules / 12 etoiles;etoile_2;8;etoile
2021-04-27;2016+ : 50 boules / 12 etoiles;boule_1;13;boule
2021-04-27;2016+ : 50 boules / 12 etoiles;boule_3;14;boule
2021-04-27;2016+ : 50 boules / 12 etoiles;boule_4;24;boule
2021-04-27;2016+ : 50 boules / 12 etoiles;boule_5;35;boule
2021-04-27;2016+ : 50 boules / 12 etoiles;boule_2;49;boule
2021-04-27;2016+ : 50 boules / 12 etoiles;etoile_1;1;etoile
2021-04-27;2016+ : 50 boules / 12 etoiles;etoile_2;10;etoile
2021-04-30;2016+ : 50 boules / 12 etoiles;boule_1;1;boule
2021-04-30;2016+ : 50 boules / 12 etoiles;boule_5;16;boule
2021-04-30;2016+ : 50 boules / 12 etoiles;boule_3;24;boule
2021-04-30;2016+ : 50 boules / 12 etoiles;boule_2;28;boule
2021-04-30;2016+ : 50 boules / 12 etoiles;boule_4;46;boule
2021-04-30;2016+ : 50 boules / 12 etoiles;etoile_2;2;etoile
2021-04-30;2016+ : 50 boules / 12 etoiles;etoile_1;11;etoile
2021-05-04;2016+ : 50 boules / 12 etoiles;boule_5;3;boule
2021-05-04;2016+ : 50 boules / 12 etoiles;boule_3;10;boule
2021-05-04;2016+ : 50 boules / 12 etoiles;boule_2;13;boule
2021-05-04;2016+ : 50 boules / 12 etoiles;boule_4;28;boule
2021-05-04;2016+ : 50 boules / 12 etoiles;boule_1;46;boule
2021-05-04;2016+ : 50 boules / 12 etoiles;etoile_2;4;etoile
2021-05-04;2016+ : 50 boules / 12 etoiles;etoile_1;11;etoile
2021-05-07;2016+ : 50 boules / 12 etoiles;boule_5;14;boule
2021-05-07;2016+ : 50 boules / 12 etoiles;boule_4;22;boule
2021-05-07;2016+ : 50 boules / 12 etoiles;boule_1;33;boule
2021-05-07;2016+ : 50 boules / 12 etoiles;boule_2;38;boule
2021-05-07;2016+ : 50 boules / 12 etoiles;boule_3;47;boule
2021-05-07;2016+ : 50 boules / 12 etoiles;etoile_2;8;etoile
2021-05-07;2016+ : 50 boules / 12 etoiles;etoile_1;9;etoile
2021-05-11;2016+ : 50 boules / 12 etoiles;boule_1;14;boule
2021-05-11;2016+ : 50 boules / 12 etoiles;boule_5;25;boule
2021-05-11;2016+ : 50 boules / 12 etoiles;boule_4;34;boule
2021-05-11;2016+ : 50 boules / 12 etoiles;boule_3;43;boule
2021-05-11;2016+ : 50 boules / 12 etoiles;boule_2;46;boule
2021-05-11;2016+ : 50 boules / 12 etoiles;etoile_2;5;etoile
2021-05-11;2016+ : 50 boules / 12 etoiles;etoile_1;6;etoile
2021-05-14;2016+ : 50 boules / 12 etoiles;boule_1;6;boule
2021-05-14;2016+ : 50 boules / 12 etoiles;boule_4;16;boule
2021-05-14;2016+ : 50 boules / 12 etoiles;boule_5;18;boule
2021-05-14;2016+ : 50 boules / 12 etoiles;boule_3;29;boule
2021-05-14;2016+ : 50 boules / 12 etoiles;boule_2;38;boule
2021-05-14;2016+ : 50 boules / 12 etoiles;etoile_1;6;etoile
2021-05-14;2016+ : 50 boules / 12 etoiles;etoile_2;11;etoile
2021-05-18;2016+ : 50 boules / 12 etoiles;boule_5;5;boule
2021-05-18;2016+ : 50 boules / 12 etoiles;boule_1;13;boule
2021-05-18;2016+ : 50 boules / 12 etoiles;boule_4;38;boule
2021-05-18;2016+ : 50 boules / 12 etoiles;boule_2;39;boule
2021-05-18;2016+ : 50 boules / 12 etoiles;boule_3;40;boule
2021-05-18;2016+ : 50 boules / 12 etoiles;etoile_1;4;etoile
2021-05-18;2016+ : 50 boules / 12 etoiles;etoile_2;12;etoile
2021-05-21;2016+ : 50 boules / 12 etoiles;boule_4;2;boule
2021-05-21;2016+ : 50 boules / 12 etoiles;boule_1;9;boule
2021-05-21;2016+ : 50 boules / 12 etoiles;boule_2;13;boule
2021-05-21;2016+ : 50 boules / 12 etoiles;boule_5;15;boule
2021-05-21;2016+ : 50 boules / 12 etoiles;boule_3;35;boule
2021-05-21;2016+ : 50 boules / 12 etoiles;etoile_2;3;etoile
2021-05-21;2016+ : 50 boules / 12 etoiles;etoile_1;10;etoile
2021-05-25;2016+ : 50 boules / 12 etoiles;boule_4;1;boule
2021-05-25;2016+ : 50 boules / 12 etoiles;boule_2;21;boule
2021-05-25;2016+ : 50 boules / 12 etoiles;boule_3;26;boule
2021-05-25;2016+ : 50 boules / 12 etoiles;boule_5;30;boule
2021-05-25;2016+ : 50 boules / 12 etoiles;boule_1;38;boule
2021-05-25;2016+ : 50 boules / 12 etoiles;etoile_2;2;etoile
2021-05-25;2016+ : 50 boules / 12 etoiles;etoile_1;8;etoile
2021-05-28;2016+ : 50 boules / 12 etoiles;boule_4;11;boule
2021-05-28;2016+ : 50 boules / 12 etoiles;boule_3;13;boule
2021-05-28;2016+ : 50 boules / 12 etoiles;boule_1;16;boule
2021-05-28;2016+ : 50 boules / 12 etoiles;boule_5;34;boule
2021-05-28;2016+ : 50 boules / 12 etoiles;boule_2;40;boule
2021-05-28;2016+ : 50 boules / 12 etoiles;etoile_1;1;etoile
2021-05-28;2016+ : 50 boules / 12 etoiles;etoile_2;12;etoile
2021-06-01;2016+ : 50 boules / 12 etoiles;boule_4;3;boule
2021-06-01;2016+ : 50 boules / 12 etoiles;boule_2;10;boule
2021-06-01;2016+ : 50 boules / 12 etoiles;boule_5;26;boule
2021-06-01;2016+ : 50 boules / 12 etoiles;boule_1;35;boule
2021-06-01;2016+ : 50 boules / 12 etoiles;boule_3;44;boule
2021-06-01;2016+ : 50 boules / 12 etoiles;etoile_2;6;etoile
2021-06-01;2016+ : 50 boules / 12 etoiles;etoile_1;7;etoile
2021-06-04;2016+ : 50 boules / 12 etoiles;boule_5;7;boule
2021-06-04;2016+ : 50 boules / 12 etoiles;boule_2;20;boule
2021-06-04;2016+ : 50 boules / 12 etoiles;boule_3;36;boule
2021-06-04;2016+ : 50 boules / 12 etoiles;boule_1;40;boule
2021-06-04;2016+ : 50 boules / 12 etoiles;boule_4;46;boule
2021-06-04;2016+ : 50 boules / 12 etoiles;etoile_1;2;etoile
2021-06-04;2016+ : 50 boules / 12 etoiles;etoile_2;4;etoile
2021-06-08;2016+ : 50 boules / 12 etoiles;boule_3;2;boule
2021-06-08;2016+ : 50 boules / 12 etoiles;boule_5;11;boule
2021-06-08;2016+ : 50 boules / 12 etoiles;boule_2;26;boule
2021-06-08;2016+ : 50 boules / 12 etoiles;boule_4;36;boule
2021-06-08;2016+ : 50 boules / 12 etoiles;boule_1;47;boule
2021-06-08;2016+ : 50 boules / 12 etoiles;etoile_2;7;etoile
2021-06-08;2016+ : 50 boules / 12 etoiles;etoile_1;9;etoile
2021-06-11;2016+ : 50 boules / 12 etoiles;boule_3;9;boule
2021-06-11;2016+ : 50 boules / 12 etoiles;boule_1;17;boule
2021-06-11;2016+ : 50 boules / 12 etoiles;boule_4;21;boule
2021-06-11;2016+ : 50 boules / 12 etoiles;boule_2;33;boule
2021-06-11;2016+ : 50 boules / 12 etoiles;boule_5;39;boule
2021-06-11;2016+ : 50 boules / 12 etoiles;etoile_1;7;etoile
2021-06-11;2016+ : 50 boules / 12 etoiles;etoile_2;11;etoile
2021-06-15;2016+ : 50 boules / 12 etoiles;boule_3;11;boule
2021-06-15;2016+ : 50 boules / 12 etoiles;boule_5;21;boule
2021-06-15;2016+ : 50 boules / 12 etoiles;boule_4;26;boule
2021-06-15;2016+ : 50 boules / 12 etoiles;boule_1;30;boule
2021-06-15;2016+ : 50 boules / 12 etoiles;boule_2;31;boule
2021-06-15;2016+ : 50 boules / 12 etoiles;etoile_1;2;etoile
2021-06-15;2016+ : 50 boules / 12 etoiles;etoile_2;3;etoile
2021-06-18;2016+ : 50 boules / 12 etoiles;boule_4;11;boule
2021-06-18;2016+ : 50 boules / 12 etoiles;boule_2;20;boule
2021-06-18;2016+ : 50 boules / 12 etoiles;boule_1;27;boule
2021-06-18;2016+ : 50 boules / 12 etoiles;boule_5;30;boule
2021-06-18;2016+ : 50 boules / 12 etoiles;boule_3;41;boule
2021-06-18;2016+ : 50 boules / 12 etoiles;etoile_1;3;etoile
2021-06-18;2016+ : 50 boules / 12 etoiles;etoile_2;5;etoile
2021-06-22;2016+ : 50 boules / 12 etoiles;boule_4;6;boule
2021-06-22;2016+ : 50 boules / 12 etoiles;boule_2;24;boule
2021-06-22;2016+ : 50 boules / 12 etoiles;boule_3;26;boule
2021-06-22;2016+ : 50 boules / 12 etoiles;boule_1;27;boule
2021-06-22;2016+ : 50 boules / 12 etoiles;boule_5;41;boule
2021-06-22;2016+ : 50 boules / 12 etoiles;etoile_2;3;etoile
2021-06-22;2016+ : 50 boules / 12 etoiles;etoile_1;8;etoile
2021-06-25;2016+ : 50 boules / 12 etoiles;boule_4;1;boule
2021-06-25;2016+ : 50 boules / 12 etoiles;boule_2;29;boule
2021-06-25;2016+ : 50 boules / 12 etoiles;boule_5;30;boule
2021-06-25;2016+ : 50 boules / 12 etoiles;boule_1;33;boule
2021-06-25;2016+ : 50 boules / 12 etoiles;boule_3;36;boule
2021-06-25;2016+ : 50 boules / 12 etoiles;etoile_2;3;etoile
2021-06-25;2016+ : 50 boules / 12 etoiles;etoile_1;12;etoile
2021-06-29;2016+ : 50 boules / 12 etoiles;boule_1;6;boule
2021-06-29;2016+ : 50 boules / 12 etoiles;boule_2;12;boule
2021-06-29;2016+ : 50 boules / 12 etoiles;boule_4;20;boule
2021-06-29;2016+ : 50 boules / 12 etoiles;boule_3;24;boule
2021-06-29;2016+ : 50 boules / 12 etoiles;boule_5;48;boule
2021-06-29;2016+ : 50 boules / 12 etoiles;etoile_2;5;etoile
2021-06-29;2016+ : 50 boules / 12 etoiles;etoile_1;6;etoile
2021-07-02;2016+ : 50 boules / 12 etoiles;boule_4;9;boule
2021-07-02;2016+ : 50 boules / 12 etoiles;boule_5;14;boule
2021-07-02;2016+ : 50 boules / 12 etoiles;boule_2;29;boule
2021-07-02;2016+ : 50 boules / 12 etoiles;boule_3;38;boule
2021-07-02;2016+ : 50 boules / 12 etoiles;boule_1;49;boule
2021-07-02;2016+ : 50 boules / 12 etoiles;etoile_1;7;etoile
2021-07-02;2016+ : 50 boules / 12 etoiles;etoile_2;10;etoile
2021-07-06;2016+ : 50 boules / 12 etoiles;boule_1;2;boule
2021-07-06;2016+ : 50 boules / 12 etoiles;boule_3;5;boule
2021-07-06;2016+ : 50 boules / 12 etoiles;boule_5;21;boule
2021-07-06;2016+ : 50 boules / 12 etoiles;boule_4;27;boule
2021-07-06;2016+ : 50 boules / 12 etoiles;boule_2;42;boule
2021-07-06;2016+ : 50 boules / 12 etoiles;etoile_1;9;etoile
2021-07-06;2016+ : 50 boules / 12 etoiles;etoile_2;11;etoile
2021-07-09;2016+ : 50 boules / 12 etoiles;boule_3;6;boule
2021-07-09;2016+ : 50 boules / 12 etoiles;boule_2;19;boule
2021-07-09;2016+ : 50 boules / 12 etoiles;boule_4;36;boule
2021-07-09;2016+ : 50 boules / 12 etoiles;boule_1;37;boule
2021-07-09;2016+ : 50 boules / 12 etoiles;boule_5;49;boule
2021-07-09;2016+ : 50 boules / 12 etoiles;etoile_2;4;etoile
2021-07-09;2016+ : 50 boules / 12 etoiles;etoile_1;11;etoile
2021-07-13;2016+ : 50 boules / 12 etoiles;boule_5;5;boule
2021-07-13;2016+ : 50 boules / 12 etoiles;boule_3;6;boule
2021-07-13;2016+ : 50 boules / 12 etoiles;boule_4;8;boule
2021-07-13;2016+ : 50 boules / 12 etoiles;boule_2;11;boule
2021-07-13;2016+ : 50 boules / 12 etoiles;boule_1;22;boule
2021-07-13;2016+ : 50 boules / 12 etoiles;etoile_1;3;etoile
2021-07-13;2016+ : 50 boules / 12 etoiles;etoile_2;4;etoile
2021-07-16;2016+ : 50 boules / 12 etoiles;boule_2;5;boule
2021-07-16;2016+ : 50 boules / 12 etoiles;boule_3;16;boule
2021-07-16;2016+ : 50 boules / 12 etoiles;boule_4;42;boule
2021-07-16;2016+ : 50 boules / 12 etoiles;boule_1;47;boule
2021-07-16;2016+ : 50 boules / 12 etoiles;boule_5;49;boule
2021-07-16;2016+ : 50 boules / 12 etoiles;etoile_1;3;etoile
2021-07-16;2016+ : 50 boules / 12 etoiles;etoile_2;11;etoile
2021-07-20;2016+ : 50 boules / 12 etoiles;boule_3;3;boule
2021-07-20;2016+ : 50 boules / 12 etoiles;boule_5;12;boule
2021-07-20;2016+ : 50 boules / 12 etoiles;boule_1;19;boule
2021-07-20;2016+ : 50 boules / 12 etoiles;boule_4;41;boule
2021-07-20;2016+ : 50 boules / 12 etoiles;boule_2;48;boule
2021-07-20;2016+ : 50 boules / 12 etoiles;etoile_1;6;etoile
2021-07-20;2016+ : 50 boules / 12 etoiles;etoile_2;9;etoile
2021-07-23;2016+ : 50 boules / 12 etoiles;boule_4;23;boule
2021-07-23;2016+ : 50 boules / 12 etoiles;boule_5;24;boule
2021-07-23;2016+ : 50 boules / 12 etoiles;boule_3;26;boule
2021-07-23;2016+ : 50 boules / 12 etoiles;boule_1;34;boule
2021-07-23;2016+ : 50 boules / 12 etoiles;boule_2;50;boule
2021-07-23;2016+ : 50 boules / 12 etoiles;etoile_2;2;etoile
2021-07-23;2016+ : 50 boules / 12 etoiles;etoile_1;4;etoile
2021-07-27;2016+ : 50 boules / 12 etoiles;boule_4;5;boule
2021-07-27;2016+ : 50 boules / 12 etoiles;boule_5;9;boule
2021-07-27;2016+ : 50 boules / 12 etoiles;boule_1;19;boule
2021-07-27;2016+ : 50 boules / 12 etoiles;boule_2;21;boule
2021-07-27;2016+ : 50 boules / 12 etoiles;boule_3;25;boule
2021-07-27;2016+ : 50 boules / 12 etoiles;etoile_2;10;etoile
2021-07-27;2016+ : 50 boules / 12 etoiles;etoile_1;12;etoile
2021-07-30;2016+ : 50 boules / 12 etoiles;boule_2;10;boule
2021-07-30;2016+ : 50 boules / 12 etoiles;boule_1;23;boule
2021-07-30;2016+ : 50 boules / 12 etoiles;boule_4;33;boule
2021-07-30;2016+ : 50 boules / 12 etoiles;boule_3;35;boule
2021-07-30;2016+ : 50 boules / 12 etoiles;boule_5;37;boule
2021-07-30;2016+ : 50 boules / 12 etoiles;etoile_1;5;etoile
2021-07-30;2016+ : 50 boules / 12 etoiles;etoile_2;10;etoile
2021-08-03;2016+ : 50 boules / 12 etoiles;boule_5;17;boule
2021-08-03;2016+ : 50 boules / 12 etoiles;boule_4;21;boule
2021-08-03;2016+ : 50 boules / 12 etoiles;boule_2;23;boule
2021-08-03;2016+ : 50 boules / 12 etoiles;boule_3;45;boule
2021-08-03;2016+ : 50 boules / 12 etoiles;boule_1;46;boule
2021-08-03;2016+ : 50 boules / 12 etoiles;etoile_1;7;etoile
2021-08-03;2016+ : 50 boules / 12 etoiles;etoile_2;11;etoile
2021-08-06;2016+ : 50 boules / 12 etoiles;boule_3;7;boule
2021-08-06;2016+ : 50 boules / 12 etoiles;boule_5;14;boule
2021-08-06;2016+ : 50 boules / 12 etoiles;boule_2;21;boule
2021-08-06;2016+ : 50 boules / 12 etoiles;boule_4;26;boule
2021-08-06;2016+ : 50 boules / 12 etoiles;boule_1;32;boule
2021-08-06;2016+ : 50 boules / 12 etoiles;etoile_2;4;etoile
2021-08-06;2016+ : 50 boules / 12 etoiles;etoile_1;12;etoile
2021-08-10;2016+ : 50 boules / 12 etoiles;boule_2;9;boule
2021-08-10;2016+ : 50 boules / 12 etoiles;boule_5;37;boule
2021-08-10;2016+ : 50 boules / 12 etoiles;boule_1;47;boule
2021-08-10;2016+ : 50 boules / 12 etoiles;boule_3;48;boule
2021-08-10;2016+ : 50 boules / 12 etoiles;boule_4;49;boule
2021-08-10;2016+ : 50 boules / 12 etoiles;etoile_1;2;etoile
2021-08-10;2016+ : 50 boules / 12 etoiles;etoile_2;7;etoile
2021-08-13;2016+ : 50 boules / 12 etoiles;boule_5;6;boule
2021-08-13;2016+ : 50 boules / 12 etoiles;boule_4;12;boule
2021-08-13;2016+ : 50 boules / 12 etoiles;boule_2;44;boule
2021-08-13;2016+ : 50 boules / 12 etoiles;boule_3;47;boule
2021-08-13;2016+ : 50 boules / 12 etoiles;boule_1;49;boule
2021-08-13;2016+ : 50 boules / 12 etoiles;etoile_1;8;etoile
2021-08-13;2016+ : 50 boules / 12 etoiles;etoile_2;12;etoile
2021-08-17;2016+ : 50 boules / 12 etoiles;boule_2;12;boule
2021-08-17;2016+ : 50 boules / 12 etoiles;boule_5;31;boule
2021-08-17;2016+ : 50 boules / 12 etoiles;boule_3;41;boule
2021-08-17;2016+ : 50 boules / 12 etoiles;boule_4;42;boule
2021-08-17;2016+ : 50 boules / 12 etoiles;boule_1;47;boule
2021-08-17;2016+ : 50 boules / 12 etoiles;etoile_2;4;etoile
2021-08-17;2016+ : 50 boules / 12 etoiles;etoile_1;6;etoile
2021-08-20;2016+ : 50 boules / 12 etoiles;boule_1;3;boule
2021-08-20;2016+ : 50 boules / 12 etoiles;boule_3;9;boule
2021-08-20;2016+ : 50 boules / 12 etoiles;boule_2;19;boule
2021-08-20;2016+ : 50 boules / 12 etoiles;boule_4;20;boule
2021-08-20;2016+ : 50 boules / 12 etoiles;boule_5;23;boule
2021-08-20;2016+ : 50 boules / 12 etoiles;etoile_2;9;etoile
2021-08-20;2016+ : 50 boules / 12 etoiles;etoile_1;11;etoile
2021-08-24;2016+ : 50 boules / 12 etoiles;boule_4;19;boule
2021-08-24;2016+ : 50 boules / 12 etoiles;boule_1;21;boule
2021-08-24;2016+ : 50 boules / 12 etoiles;boule_2;36;boule
2021-08-24;2016+ : 50 boules / 12 etoiles;boule_3;44;boule
2021-08-24;2016+ : 50 boules / 12 etoiles;boule_5;50;boule
2021-08-24;2016+ : 50 boules / 12 etoiles;etoile_1;3;etoile
2021-08-24;2016+ : 50 boules / 12 etoiles;etoile_2;10;etoile
2021-08-27;2016+ : 50 boules / 12 etoiles;boule_5;2;boule
2021-08-27;2016+ : 50 boules / 12 etoiles;boule_3;3;boule
2021-08-27;2016+ : 50 boules / 12 etoiles;boule_1;31;boule
2021-08-27;2016+ : 50 boules / 12 etoiles;boule_2;46;boule
2021-08-27;2016+ : 50 boules / 12 etoiles;boule_4;50;boule
2021-08-27;2016+ : 50 boules / 12 etoiles;etoile_2;8;etoile
2021-08-27;2016+ : 50 boules / 12 etoiles;etoile_1;12;etoile
2021-08-31;2016+ : 50 boules / 12 etoiles;boule_2;5;boule
2021-08-31;2016+ : 50 boules / 12 etoiles;boule_4;13;boule
2021-08-31;2016+ : 50 boules / 12 etoiles;boule_1;17;boule
2021-08-31;2016+ : 50 boules / 12 etoiles;boule_3;32;boule
2021-08-31;2016+ : 50 boules / 12 etoiles;boule_5;43;boule
2021-08-31;2016+ : 50 boules / 12 etoiles;etoile_1;2;etoile
2021-08-31;2016+ : 50 boules / 12 etoiles;etoile_2;10;etoile
2021-09-03;2016+ : 50 boules / 12 etoiles;boule_1;5;boule
2021-09-03;2016+ : 50 boules / 12 etoiles;boule_5;7;boule
2021-09-03;2016+ : 50 boules / 12 etoiles;boule_2;13;boule
2021-09-03;2016+ : 50 boules / 12 etoiles;boule_3;29;boule
2021-09-03;2016+ : 50 boules / 12 etoiles;boule_4;35;boule
2021-09-03;2016+ : 50 boules / 12 etoiles;etoile_1;3;etoile
2021-09-03;2016+ : 50 boules / 12 etoiles;etoile_2;7;etoile
2021-09-07;2016+ : 50 boules / 12 etoiles;boule_2;7;boule
2021-09-07;2016+ : 50 boules / 12 etoiles;boule_3;19;boule
2021-09-07;2016+ : 50 boules / 12 etoiles;boule_4;35;boule
2021-09-07;2016+ : 50 boules / 12 etoiles;boule_1;42;boule
2021-09-07;2016+ : 50 boules / 12 etoiles;boule_5;43;boule
2021-09-07;2016+ : 50 boules / 12 etoiles;etoile_1;7;etoile
2021-09-07;2016+ : 50 boules / 12 etoiles;etoile_2;9;etoile
2021-09-10;2016+ : 50 boules / 12 etoiles;boule_5;1;boule
2021-09-10;2016+ : 50 boules / 12 etoiles;boule_1;6;boule
2021-09-10;2016+ : 50 boules / 12 etoiles;boule_2;7;boule
2021-09-10;2016+ : 50 boules / 12 etoiles;boule_4;18;boule
2021-09-10;2016+ : 50 boules / 12 etoiles;boule_3;28;boule
2021-09-10;2016+ : 50 boules / 12 etoiles;etoile_1;2;etoile
2021-09-10;2016+ : 50 boules / 12 etoiles;etoile_2;8;etoile
2021-09-14;2016+ : 50 boules / 12 etoiles;boule_1;12;boule
2021-09-14;2016+ : 50 boules / 12 etoiles;boule_4;18;boule
2021-09-14;2016+ : 50 boules / 12 etoiles;boule_5;35;boule
2021-09-14;2016+ : 50 boules / 12 etoiles;boule_2;38;boule
2021-09-14;2016+ : 50 boules / 12 etoiles;boule_3;45;boule
2021-09-14;2016+ : 50 boules / 12 etoiles;etoile_1;2;etoile
2021-09-14;2016+ : 50 boules / 12 etoiles;etoile_2;8;etoile
2021-09-17;2016+ : 50 boules / 12 etoiles;boule_3;5;boule
2021-09-17;2016+ : 50 boules / 12 etoiles;boule_2;7;boule
2021-09-17;2016+ : 50 boules / 12 etoiles;boule_4;8;boule
2021-09-17;2016+ : 50 boules / 12 etoiles;boule_1;10;boule
2021-09-17;2016+ : 50 boules / 12 etoiles;boule_5;34;boule
2021-09-17;2016+ : 50 boules / 12 etoiles;etoile_2;1;etoile
2021-09-17;2016+ : 50 boules / 12 etoiles;etoile_1;9;etoile
2021-09-21;2016+ : 50 boules / 12 etoiles;boule_1;20;boule
2021-09-21;2016+ : 50 boules / 12 etoiles;boule_2;25;boule
2021-09-21;2016+ : 50 boules / 12 etoiles;boule_3;26;boule
2021-09-21;2016+ : 50 boules / 12 etoiles;boule_4;30;boule
2021-09-21;2016+ : 50 boules / 12 etoiles;boule_5;38;boule
2021-09-21;2016+ : 50 boules / 12 etoiles;etoile_2;2;etoile
2021-09-21;2016+ : 50 boules / 12 etoiles;etoile_1;8;etoile
2021-09-24;2016+ : 50 boules / 12 etoiles;boule_4;2;boule
2021-09-24;2016+ : 50 boules / 12 etoiles;boule_2;12;boule
2021-09-24;2016+ : 50 boules / 12 etoiles;boule_3;20;boule
2021-09-24;2016+ : 50 boules / 12 etoiles;boule_1;27;boule
2021-09-24;2016+ : 50 boules / 12 etoiles;boule_5;41;boule
2021-09-24;2016+ : 50 boules / 12 etoiles;etoile_1;10;etoile
2021-09-24;2016+ : 50 boules / 12 etoiles;etoile_2;12;etoile
2021-09-28;2016+ : 50 boules / 12 etoiles;boule_3;6;boule
2021-09-28;2016+ : 50 boules / 12 etoiles;boule_2;7;boule
2021-09-28;2016+ : 50 boules / 12 etoiles;boule_1;12;boule
2021-09-28;2016+ : 50 boules / 12 etoiles;boule_4;33;boule
2021-09-28;2016+ : 50 boules / 12 etoiles;boule_5;39;boule
2021-09-28;2016+ : 50 boules / 12 etoiles;etoile_2;1;etoile
2021-09-28;2016+ : 50 boules / 12 etoiles;etoile_1;7;etoile
2021-10-01;2016+ : 50 boules / 12 etoiles;boule_1;1;boule
2021-10-01;2016+ : 50 boules / 12 etoiles;boule_3;15;boule
2021-10-01;2016+ : 50 boules / 12 etoiles;boule_2;19;boule
2021-10-01;2016+ : 50 boules / 12 etoiles;boule_5;26;boule
2021-10-01;2016+ : 50 boules / 12 etoiles;boule_4;48;boule
2021-10-01;2016+ : 50 boules / 12 etoiles;etoile_1;6;etoile
2021-10-01;2016+ : 50 boules / 12 etoiles;etoile_2;12;etoile
2021-10-05;2016+ : 50 boules / 12 etoiles;boule_5;11;boule
2021-10-05;2016+ : 50 boules / 12 etoiles;boule_4;13;boule
2021-10-05;2016+ : 50 boules / 12 etoiles;boule_2;14;boule
2021-10-05;2016+ : 50 boules / 12 etoiles;boule_3;36;boule
2021-10-05;2016+ : 50 boules / 12 etoiles;boule_1;45;boule
2021-10-05;2016+ : 50 boules / 12 etoiles;etoile_1;7;etoile
2021-10-05;2016+ : 50 boules / 12 etoiles;etoile_2;9;etoile
2021-10-08;2016+ : 50 boules / 12 etoiles;boule_5;1;boule
2021-10-08;2016+ : 50 boules / 12 etoiles;boule_1;10;boule
2021-10-08;2016+ : 50 boules / 12 etoiles;boule_3;23;boule
2021-10-08;2016+ : 50 boules / 12 etoiles;boule_2;42;boule
2021-10-08;2016+ : 50 boules / 12 etoiles;boule_4;46;boule
2021-10-08;2016+ : 50 boules / 12 etoiles;etoile_1;3;etoile
2021-10-08;2016+ : 50 boules / 12 etoiles;etoile_2;5;etoile
2021-10-12;2016+ : 50 boules / 12 etoiles;boule_4;6;boule
2021-10-12;2016+ : 50 boules / 12 etoiles;boule_1;13;boule
2021-10-12;2016+ : 50 boules / 12 etoiles;boule_3;22;boule
2021-10-12;2016+ : 50 boules / 12 etoiles;boule_2;45;boule
2021-10-12;2016+ : 50 boules / 12 etoiles;boule_5;49;boule
2021-10-12;2016+ : 50 boules / 12 etoiles;etoile_1;10;etoile
2021-10-12;2016+ : 50 boules / 12 etoiles;etoile_2;11;etoile
2021-10-15;2016+ : 50 boules / 12 etoiles;boule_2;21;boule
2021-10-15;2016+ : 50 boules / 12 etoiles;boule_3;26;boule
2021-10-15;2016+ : 50 boules / 12 etoiles;boule_5;31;boule
2021-10-15;2016+ : 50 boules / 12 etoiles;boule_4;34;boule
2021-10-15;2016+ : 50 boules / 12 etoiles;boule_1;49;boule
2021-10-15;2016+ : 50 boules / 12 etoiles;etoile_2;2;etoile
2021-10-15;2016+ : 50 boules / 12 etoiles;etoile_1;5;etoile
2021-10-19;2016+ : 50 boules / 12 etoiles;boule_2;4;boule
2021-10-19;2016+ : 50 boules / 12 etoiles;boule_5;20;boule
2021-10-19;2016+ : 50 boules / 12 etoiles;boule_3;36;boule
2021-10-19;2016+ : 50 boules / 12 etoiles;boule_1;40;boule
2021-10-19;2016+ : 50 boules / 12 etoiles;boule_4;41;boule
2021-10-19;2016+ : 50 boules / 12 etoiles;etoile_1;1;etoile
2021-10-19;2016+ : 50 boules / 12 etoiles;etoile_2;6;etoile
2021-10-22;2016+ : 50 boules / 12 etoiles;boule_2;12;boule
2021-10-22;2016+ : 50 boules / 12 etoiles;boule_3;17;boule
2021-10-22;2016+ : 50 boules / 12 etoiles;boule_5;22;boule
2021-10-22;2016+ : 50 boules / 12 etoiles;boule_1;33;boule
2021-10-22;2016+ : 50 boules / 12 etoiles;boule_4;39;boule
2021-10-22;2016+ : 50 boules / 12 etoiles;etoile_1;2;etoile
2021-10-22;2016+ : 50 boules / 12 etoiles;etoile_2;12;etoile
2021-10-26;2016+ : 50 boules / 12 etoiles;boule_1;12;boule
2021-10-26;2016+ : 50 boules / 12 etoiles;boule_4;15;boule
2021-10-26;2016+ : 50 boules / 12 etoiles;boule_5;20;boule
2021-10-26;2016+ : 50 boules / 12 etoiles;boule_3;42;boule
2021-10-26;2016+ : 50 boules / 12 etoiles;boule_2;44;boule
2021-10-26;2016+ : 50 boules / 12 etoiles;etoile_2;1;etoile
2021-10-26;2016+ : 50 boules / 12 etoiles;etoile_1;2;etoile
2021-10-29;2016+ : 50 boules / 12 etoiles;boule_2;10;boule
2021-10-29;2016+ : 50 boules / 12 etoiles;boule_4;15;boule
2021-10-29;2016+ : 50 boules / 12 etoiles;boule_1;28;boule
2021-10-29;2016+ : 50 boules / 12 etoiles;boule_3;32;boule
2021-10-29;2016+ : 50 boules / 12 etoiles;boule_5;49;boule
2021-10-29;2016+ : 50 boules / 12 etoiles;etoile_2;3;etoile
2021-10-29;2016+ : 50 boules / 12 etoiles;etoile_1;9;etoile
2021-11-02;2016+ : 50 boules / 12 etoiles;boule_3;2;boule
2021-11-02;2016+ : 50 boules / 12 etoiles;boule_4;3;boule
2021-11-02;2016+ : 50 boules / 12 etoiles;boule_5;17;boule
2021-11-02;2016+ : 50 boules / 12 etoiles;boule_1;29;boule
2021-11-02;2016+ : 50 boules / 12 etoiles;boule_2;43;boule
2021-11-02;2016+ : 50 boules / 12 etoiles;etoile_2;1;etoile
2021-11-02;2016+ : 50 boules / 12 etoiles;etoile_1;4;etoile
2021-11-05;2016+ : 50 boules / 12 etoiles;boule_3;2;boule
2021-11-05;2016+ : 50 boules / 12 etoiles;boule_4;12;boule
2021-11-05;2016+ : 50 boules / 12 etoiles;boule_2;25;boule
2021-11-05;2016+ : 50 boules / 12 etoiles;boule_5;30;boule
2021-11-05;2016+ : 50 boules / 12 etoiles;boule_1;41;boule
2021-11-05;2016+ : 50 boules / 12 etoiles;etoile_2;8;etoile
2021-11-05;2016+ : 50 boules / 12 etoiles;etoile_1;11;etoile
2021-11-09;2016+ : 50 boules / 12 etoiles;boule_5;17;boule
2021-11-09;2016+ : 50 boules / 12 etoiles;boule_2;25;boule
2021-11-09;2016+ : 50 boules / 12 etoiles;boule_4;26;boule
2021-11-09;2016+ : 50 boules / 12 etoiles;boule_1;33;boule
2021-11-09;2016+ : 50 boules / 12 etoiles;boule_3;36;boule
2021-11-09;2016+ : 50 boules / 12 etoiles;etoile_2;1;etoile
2021-11-09;2016+ : 50 boules / 12 etoiles;etoile_1;8;etoile
2021-11-12;2016+ : 50 boules / 12 etoiles;boule_5;2;boule
2021-11-12;2016+ : 50 boules / 12 etoiles;boule_3;9;boule
2021-11-12;2016+ : 50 boules / 12 etoiles;boule_2;15;boule
2021-11-12;2016+ : 50 boules / 12 etoiles;boule_4;47;boule
2021-11-12;2016+ : 50 boules / 12 etoiles;boule_1;50;boule
2021-11-12;2016+ : 50 boules / 12 etoiles;etoile_2;6;etoile
2021-11-12;2016+ : 50 boules / 12 etoiles;etoile_1;9;etoile
2021-11-16;2016+ : 50 boules / 12 etoiles;boule_1;9;boule
2021-11-16;2016+ : 50 boules / 12 etoiles;boule_4;19;boule
2021-11-16;2016+ : 50 boules / 12 etoiles;boule_5;21;boule
2021-11-16;2016+ : 50 boules / 12 etoiles;boule_2;32;boule
2021-11-16;2016+ : 50 boules / 12 etoiles;boule_3;36;boule
2021-11-16;2016+ : 50 boules / 12 etoiles;etoile_2;3;etoile
2021-11-16;2016+ : 50 boules / 12 etoiles;etoile_1;4;etoile
2021-11-19;2016+ : 50 boules / 12 etoiles;boule_4;22;boule
2021-11-19;2016+ : 50 boules / 12 etoiles;boule_2;26;boule
2021-11-19;2016+ : 50 boules / 12 etoiles;boule_5;38;boule
2021-11-19;2016+ : 50 boules / 12 etoiles;boule_3;47;boule
2021-11-19;2016+ : 50 boules / 12 etoiles;boule_1;50;boule
2021-11-19;2016+ : 50 boules / 12 etoiles;etoile_2;2;etoile
2021-11-19;2016+ : 50 boules / 12 etoiles;etoile_1;6;etoile
2021-11-23;2016+ : 50 boules / 12 etoiles;boule_2;17;boule
2021-11-23;2016+ : 50 boules / 12 etoiles;boule_1;21;boule
2021-11-23;2016+ : 50 boules / 12 etoiles;boule_4;36;boule
2021-11-23;2016+ : 50 boules / 12 etoiles;boule_3;42;boule
2021-11-23;2016+ : 50 boules / 12 etoiles;boule_5;46;boule
2021-11-23;2016+ : 50 boules / 12 etoiles;etoile_2;7;etoile
2021-11-23;2016+ : 50 boules / 12 etoiles;etoile_1;10;etoile
2021-11-26;2016+ : 50 boules / 12 etoiles;boule_5;1;boule
2021-11-26;2016+ : 50 boules / 12 etoiles;boule_2;20;boule
2021-11-26;2016+ : 50 boules / 12 etoiles;boule_3;41;boule
2021-11-26;2016+ : 50 boules / 12 etoiles;boule_4;42;boule
2021-11-26;2016+ : 50 boules / 12 etoiles;boule_1;50;boule
2021-11-26;2016+ : 50 boules / 12 etoiles;etoile_1;3;etoile
2021-11-26;2016+ : 50 boules / 12 etoiles;etoile_2;7;etoile
2021-11-30;2016+ : 50 boules / 12 etoiles;boule_2;19;boule
2021-11-30;2016+ : 50 boules / 12 etoiles;boule_5;20;boule
2021-11-30;2016+ : 50 boules / 12 etoiles;boule_4;26;boule
2021-11-30;2016+ : 50 boules / 12 etoiles;boule_3;33;boule
2021-11-30;2016+ : 50 boules / 12 etoiles;boule_1;43;boule
2021-11-30;2016+ : 50 boules / 12 etoiles;etoile_2;1;etoile
2021-11-30;2016+ : 50 boules / 12 etoiles;etoile_1;4;etoile
2021-12-03;2016+ : 50 boules / 12 etoiles;boule_2;21;boule
2021-12-03;2016+ : 50 boules / 12 etoiles;boule_4;22;boule
2021-12-03;2016+ : 50 boules / 12 etoiles;boule_5;29;boule
2021-12-03;2016+ : 50 boules / 12 etoiles;boule_3;32;boule
2021-12-03;2016+ : 50 boules / 12 etoiles;boule_1;46;boule
2021-12-03;2016+ : 50 boules / 12 etoiles;etoile_1;9;etoile
2021-12-03;2016+ : 50 boules / 12 etoiles;etoile_2;10;etoile
2021-12-07;2016+ : 50 boules / 12 etoiles;boule_1;22;boule
2021-12-07;2016+ : 50 boules / 12 etoiles;boule_2;31;boule
2021-12-07;2016+ : 50 boules / 12 etoiles;boule_5;38;boule
2021-12-07;2016+ : 50 boules / 12 etoiles;boule_3;46;boule
2021-12-07;2016+ : 50 boules / 12 etoiles;boule_4;47;boule
2021-12-07;2016+ : 50 boules / 12 etoiles;etoile_1;7;etoile
2021-12-07;2016+ : 50 boules / 12 etoiles;etoile_2;11;etoile
2021-12-10;2016+ : 50 boules / 12 etoiles;boule_1;11;boule
2021-12-10;2016+ : 50 boules / 12 etoiles;boule_2;21;boule
2021-12-10;2016+ : 50 boules / 12 etoiles;boule_5;33;boule
2021-12-10;2016+ : 50 boules / 12 etoiles;boule_4;38;boule
2021-12-10;2016+ : 50 boules / 12 etoiles;boule_3;42;boule
2021-12-10;2016+ : 50 boules / 12 etoiles;etoile_2;2;etoile
2021-12-10;2016+ : 50 boules / 12 etoiles;etoile_1;8;etoile
2021-12-14;2016+ : 50 boules / 12 etoiles;boule_2;19;boule
2021-12-14;2016+ : 50 boules / 12 etoiles;boule_4;21;boule
2021-12-14;2016+ : 50 boules / 12 etoiles;boule_1;37;boule
2021-12-14;2016+ : 50 boules / 12 etoiles;boule_3;47;boule
2021-12-14;2016+ : 50 boules / 12 etoiles;boule_5;48;boule
2021-12-14;2016+ : 50 boules / 12 etoiles;etoile_1;3;etoile
2021-12-14;2016+ : 50 boules / 12 etoiles;etoile_2;6;etoile
2021-12-17;2016+ : 50 boules / 12 etoiles;boule_2;1;boule
2021-12-17;2016+ : 50 boules / 12 etoiles;boule_4;2;boule
2021-12-17;2016+ : 50 boules / 12 etoiles;boule_5;15;boule
2021-12-17;2016+ : 50 boules / 12 etoiles;boule_1;30;boule
2021-12-17;2016+ : 50 boules / 12 etoiles;boule_3;35;boule
2021-12-17;2016+ : 50 boules / 12 etoiles;etoile_1;2;etoile
2021-12-17;2016+ : 50 boules / 12 etoiles;etoile_2;7;etoile
2021-12-21;2016+ : 50 boules / 12 etoiles;boule_4;12;boule
2021-12-21;2016+ : 50 boules / 12 etoiles;boule_3;17;boule
2021-12-21;2016+ : 50 boules / 12 etoiles;boule_5;21;boule
2021-12-21;2016+ : 50 boules / 12 etoiles;boule_1;34;boule
2021-12-21;2016+ : 50 boules / 12 etoiles;boule_2;38;boule
2021-12-21;2016+ : 50 boules / 12 etoiles;etoile_1;2;etoile
2021-12-21;2016+ : 50 boules / 12 etoiles;etoile_2;3;etoile
2021-12-24;2016+ : 50 boules / 12 etoiles;boule_2;2;boule
2021-12-24;2016+ : 50 boules / 12 etoiles;boule_4;26;boule
2021-12-24;2016+ : 50 boules / 12 etoiles;boule_5;28;boule
2021-12-24;2016+ : 50 boules / 12 etoiles;boule_3;34;boule
2021-12-24;2016+ : 50 boules / 12 etoiles;boule_1;41;boule
2021-12-24;2016+ : 50 boules / 12 etoiles;etoile_2;5;etoile
2021-12-24;2016+ : 50 boules / 12 etoiles;etoile_1;10;etoile
2021-12-28;2016+ : 50 boules / 12 etoiles;boule_1;4;boule
2021-12-28;2016+ : 50 boules / 12 etoiles;boule_5;6;boule
2021-12-28;2016+ : 50 boules / 12 etoiles;boule_3;15;boule
2021-12-28;2016+ : 50 boules / 12 etoiles;boule_4;17;boule
2021-12-28;2016+ : 50 boules / 12 etoiles;boule_2;29;boule
2021-12-28;2016+ : 50 boules / 12 etoiles;etoile_1;9;etoile
2021-12-28;2016+ : 50 boules / 12 etoiles;etoile_2;12;etoile
2021-12-31;2016+ : 50 boules / 12 etoiles;boule_2;7;boule
2021-12-31;2016+ : 50 boules / 12 etoiles;boule_4;22;boule
2021-12-31;2016+ : 50 boules / 12 etoiles;boule_1;25;boule
2021-12-31;2016+ : 50 boules / 12 etoiles;boule_3;43;boule
2021-12-31;2016+ : 50 boules / 12 etoiles;boule_5;49;boule
2021-12-31;2016+ : 50 boules / 12 etoiles;etoile_2;6;etoile
2021-12-31;2016+ : 50 boules / 12 etoiles;etoile_1;7;etoile
2022-01-04;2016+ : 50 boules / 12 etoiles;boule_3;18;boule
2022-01-04;2016+ : 50 boules / 12 etoiles;boule_1;28;boule
2022-01-04;2016+ : 50 boules / 12 etoiles;boule_4;35;boule
2022-01-04;2016+ : 50 boules / 12 etoiles;boule_5;36;boule
2022-01-04;2016+ : 50 boules / 12 etoiles;boule_2;41;boule
2022-01-04;2016+ : 50 boules / 12 etoiles;etoile_1;6;etoile
2022-01-04;2016+ : 50 boules / 12 etoiles;etoile_2;11;etoile
2022-01-07;2016+ : 50 boules / 12 etoiles;boule_2;2;boule
2022-01-07;2016+ : 50 boules / 12 etoiles;boule_1;14;boule
2022-01-07;2016+ : 50 boules / 12 etoiles;boule_4;37;boule
2022-01-07;2016+ : 50 boules / 12 etoiles;boule_5;44;boule
2022-01-07;2016+ : 50 boules / 12 etoiles;boule_3;50;boule
2022-01-07;2016+ : 50 boules / 12 etoiles;etoile_1;7;etoile
2022-01-07;2016+ : 50 boules / 12 etoiles;etoile_2;11;etoile
2022-01-11;2016+ : 50 boules / 12 etoiles;boule_5;4;boule
2022-01-11;2016+ : 50 boules / 12 etoiles;boule_2;23;boule
2022-01-11;2016+ : 50 boules / 12 etoiles;boule_4;32;boule
2022-01-11;2016+ : 50 boules / 12 etoiles;boule_1;33;boule
2022-01-11;2016+ : 50 boules / 12 etoiles;boule_3;44;boule
2022-01-11;2016+ : 50 boules / 12 etoiles;etoile_2;9;etoile
2022-01-11;2016+ : 50 boules / 12 etoiles;etoile_1;12;etoile
2022-01-14;2016+ : 50 boules / 12 etoiles;boule_2;6;boule
2022-01-14;2016+ : 50 boules / 12 etoiles;boule_4;17;boule
2022-01-14;2016+ : 50 boules / 12 etoiles;boule_1;25;boule
2022-01-14;2016+ : 50 boules / 12 etoiles;boule_5;31;boule
2022-01-14;2016+ : 50 boules / 12 etoiles;boule_3;46;boule
2022-01-14;2016+ : 50 boules / 12 etoiles;etoile_2;9;etoile
2022-01-14;2016+ : 50 boules / 12 etoiles;etoile_1;12;etoile
2022-01-18;2016+ : 50 boules / 12 etoiles;boule_4;3;boule
2022-01-18;2016+ : 50 boules / 12 etoiles;boule_1;12;boule
2022-01-18;2016+ : 50 boules / 12 etoiles;boule_5;19;boule
2022-01-18;2016+ : 50 boules / 12 etoiles;boule_3;24;boule
2022-01-18;2016+ : 50 boules / 12 etoiles;boule_2;30;boule
2022-01-18;2016+ : 50 boules / 12 etoiles;etoile_2;2;etoile
2022-01-18;2016+ : 50 boules / 12 etoiles;etoile_1;5;etoile
2022-01-21;2016+ : 50 boules / 12 etoiles;boule_1;5;boule
2022-01-21;2016+ : 50 boules / 12 etoiles;boule_4;14;boule
2022-01-21;2016+ : 50 boules / 12 etoiles;boule_2;35;boule
2022-01-21;2016+ : 50 boules / 12 etoiles;boule_5;36;boule
2022-01-21;2016+ : 50 boules / 12 etoiles;boule_3;39;boule
2022-01-21;2016+ : 50 boules / 12 etoiles;etoile_2;7;etoile
2022-01-21;2016+ : 50 boules / 12 etoiles;etoile_1;12;etoile
2022-01-25;2016+ : 50 boules / 12 etoiles;boule_2;6;boule
2022-01-25;2016+ : 50 boules / 12 etoiles;boule_1;16;boule
2022-01-25;2016+ : 50 boules / 12 etoiles;boule_4;18;boule
2022-01-25;2016+ : 50 boules / 12 etoiles;boule_5;39;boule
2022-01-25;2016+ : 50 boules / 12 etoiles;boule_3;47;boule
2022-01-25;2016+ : 50 boules / 12 etoiles;etoile_1;2;etoile
2022-01-25;2016+ : 50 boules / 12 etoiles;etoile_2;4;etoile
2022-01-28;2016+ : 50 boules / 12 etoiles;boule_2;10;boule
2022-01-28;2016+ : 50 boules / 12 etoiles;boule_3;25;boule
2022-01-28;2016+ : 50 boules / 12 etoiles;boule_4;29;boule
2022-01-28;2016+ : 50 boules / 12 etoiles;boule_1;34;boule
2022-01-28;2016+ : 50 boules / 12 etoiles;boule_5;45;boule
2022-01-28;2016+ : 50 boules / 12 etoiles;etoile_2;9;etoile
2022-01-28;2016+ : 50 boules / 12 etoiles;etoile_1;10;etoile
2022-02-01;2016+ : 50 boules / 12 etoiles;boule_3;1;boule
2022-02-01;2016+ : 50 boules / 12 etoiles;boule_4;19;boule
2022-02-01;2016+ : 50 boules / 12 etoiles;boule_2;36;boule
2022-02-01;2016+ : 50 boules / 12 etoiles;boule_5;38;boule
2022-02-01;2016+ : 50 boules / 12 etoiles;boule_1;49;boule
2022-02-01;2016+ : 50 boules / 12 etoiles;etoile_2;6;etoile
2022-02-01;2016+ : 50 boules / 12 etoiles;etoile_1;9;etoile
2022-02-04;2016+ : 50 boules / 12 etoiles;boule_3;3;boule
2022-02-04;2016+ : 50 boules / 12 etoiles;boule_4;25;boule
2022-02-04;2016+ : 50 boules / 12 etoiles;boule_2;38;boule
2022-02-04;2016+ : 50 boules / 12 etoiles;boule_5;43;boule
2022-02-04;2016+ : 50 boules / 12 etoiles;boule_1;49;boule
2022-02-04;2016+ : 50 boules / 12 etoiles;etoile_2;3;etoile
2022-02-04;2016+ : 50 boules / 12 etoiles;etoile_1;7;etoile
2022-02-08;2016+ : 50 boules / 12 etoiles;boule_4;6;boule
2022-02-08;2016+ : 50 boules / 12 etoiles;boule_3;20;boule
2022-02-08;2016+ : 50 boules / 12 etoiles;boule_2;34;boule
2022-02-08;2016+ : 50 boules / 12 etoiles;boule_5;37;boule
2022-02-08;2016+ : 50 boules / 12 etoiles;boule_1;43;boule
2022-02-08;2016+ : 50 boules / 12 etoiles;etoile_1;7;etoile
2022-02-08;2016+ : 50 boules / 12 etoiles;etoile_2;10;etoile
2022-02-11;2016+ : 50 boules / 12 etoiles;boule_2;13;boule
2022-02-11;2016+ : 50 boules / 12 etoiles;boule_4;18;boule
2022-02-11;2016+ : 50 boules / 12 etoiles;boule_5;38;boule
2022-02-11;2016+ : 50 boules / 12 etoiles;boule_3;42;boule
2022-02-11;2016+ : 50 boules / 12 etoiles;boule_1;45;boule
2022-02-11;2016+ : 50 boules / 12 etoiles;etoile_1;7;etoile
2022-02-11;2016+ : 50 boules / 12 etoiles;etoile_2;11;etoile
2022-02-15;2016+ : 50 boules / 12 etoiles;boule_4;9;boule
2022-02-15;2016+ : 50 boules / 12 etoiles;boule_2;20;boule
2022-02-15;2016+ : 50 boules / 12 etoiles;boule_3;31;boule
2022-02-15;2016+ : 50 boules / 12 etoiles;boule_1;33;boule
2022-02-15;2016+ : 50 boules / 12 etoiles;boule_5;44;boule
2022-02-15;2016+ : 50 boules / 12 etoiles;etoile_2;2;etoile
2022-02-15;2016+ : 50 boules / 12 etoiles;etoile_1;12;etoile
2022-02-18;2016+ : 50 boules / 12 etoiles;boule_1;25;boule
2022-02-18;2016+ : 50 boules / 12 etoiles;boule_5;38;boule
2022-02-18;2016+ : 50 boules / 12 etoiles;boule_2;41;boule
2022-02-18;2016+ : 50 boules / 12 etoiles;boule_4;43;boule
2022-02-18;2016+ : 50 boules / 12 etoiles;boule_3;50;boule
2022-02-18;2016+ : 50 boules / 12 etoiles;etoile_1;6;etoile
2022-02-18;2016+ : 50 boules / 12 etoiles;etoile_2;10;etoile
2022-02-22;2016+ : 50 boules / 12 etoiles;boule_4;5;boule
2022-02-22;2016+ : 50 boules / 12 etoiles;boule_5;9;boule
2022-02-22;2016+ : 50 boules / 12 etoiles;boule_3;14;boule
2022-02-22;2016+ : 50 boules / 12 etoiles;boule_1;26;boule
2022-02-22;2016+ : 50 boules / 12 etoiles;boule_2;32;boule
2022-02-22;2016+ : 50 boules / 12 etoiles;etoile_2;3;etoile
2022-02-22;2016+ : 50 boules / 12 etoiles;etoile_1;7;etoile
2022-02-25;2016+ : 50 boules / 12 etoiles;boule_2;10;boule
2022-02-25;2016+ : 50 boules / 12 etoiles;boule_5;13;boule
2022-02-25;2016+ : 50 boules / 12 etoiles;boule_1;24;boule
2022-02-25;2016+ : 50 boules / 12 etoiles;boule_3;30;boule
2022-02-25;2016+ : 50 boules / 12 etoiles;boule_4;42;boule
2022-02-25;2016+ : 50 boules / 12 etoiles;etoile_1;1;etoile
2022-02-25;2016+ : 50 boules / 12 etoiles;etoile_2;5;etoile
2022-03-01;2016+ : 50 boules / 12 etoiles;boule_5;8;boule
2022-03-01;2016+ : 50 boules / 12 etoiles;boule_2;24;boule
2022-03-01;2016+ : 50 boules / 12 etoiles;boule_1;26;boule
2022-03-01;2016+ : 50 boules / 12 etoiles;boule_4;39;boule
2022-03-01;2016+ : 50 boules / 12 etoiles;boule_3;42;boule
2022-03-01;2016+ : 50 boules / 12 etoiles;etoile_2;3;etoile
2022-03-01;2016+ : 50 boules / 12 etoiles;etoile_1;5;etoile
2022-03-04;2016+ : 50 boules / 12 etoiles;boule_4;6;boule
2022-03-04;2016+ : 50 boules / 12 etoiles;boule_2;20;boule
2022-03-04;2016+ : 50 boules / 12 etoiles;boule_1;40;boule
2022-03-04;2016+ : 50 boules / 12 etoiles;boule_5;42;boule
2022-03-04;2016+ : 50 boules / 12 etoiles;boule_3;43;boule
2022-03-04;2016+ : 50 boules / 12 etoiles;etoile_1;10;etoile
2022-03-04;2016+ : 50 boules / 12 etoiles;etoile_2;12;etoile
2022-03-08;2016+ : 50 boules / 12 etoiles;boule_2;12;boule
2022-03-08;2016+ : 50 boules / 12 etoiles;boule_1;18;boule
2022-03-08;2016+ : 50 boules / 12 etoiles;boule_5;21;boule
2022-03-08;2016+ : 50 boules / 12 etoiles;boule_4;25;boule
2022-03-08;2016+ : 50 boules / 12 etoiles;boule_3;31;boule
2022-03-08;2016+ : 50 boules / 12 etoiles;etoile_2;2;etoile
2022-03-08;2016+ : 50 boules / 12 etoiles;etoile_1;9;etoile
2022-03-11;2016+ : 50 boules / 12 etoiles;boule_3;12;boule
2022-03-11;2016+ : 50 boules / 12 etoiles;boule_4;19;boule
2022-03-11;2016+ : 50 boules / 12 etoiles;boule_2;22;boule
2022-03-11;2016+ : 50 boules / 12 etoiles;boule_1;23;boule
2022-03-11;2016+ : 50 boules / 12 etoiles;boule_5;48;boule
2022-03-11;2016+ : 50 boules / 12 etoiles;etoile_2;2;etoile
2022-03-11;2016+ : 50 boules / 12 etoiles;etoile_1;6;etoile
2022-03-15;2016+ : 50 boules / 12 etoiles;boule_5;1;boule
2022-03-15;2016+ : 50 boules / 12 etoiles;boule_1;2;boule
2022-03-15;2016+ : 50 boules / 12 etoiles;boule_4;12;boule
2022-03-15;2016+ : 50 boules / 12 etoiles;boule_3;19;boule
2022-03-15;2016+ : 50 boules / 12 etoiles;boule_2;26;boule
2022-03-15;2016+ : 50 boules / 12 etoiles;etoile_2;2;etoile
2022-03-15;2016+ : 50 boules / 12 etoiles;etoile_1;8;etoile
2022-03-18;2016+ : 50 boules / 12 etoiles;boule_2;1;boule
2022-03-18;2016+ : 50 boules / 12 etoiles;boule_3;9;boule
2022-03-18;2016+ : 50 boules / 12 etoiles;boule_4;14;boule
2022-03-18;2016+ : 50 boules / 12 etoiles;boule_5;17;boule
2022-03-18;2016+ : 50 boules / 12 etoiles;boule_1;43;boule
2022-03-18;2016+ : 50 boules / 12 etoiles;etoile_2;6;etoile
2022-03-18;2016+ : 50 boules / 12 etoiles;etoile_1;12;etoile
2022-03-22;2016+ : 50 boules / 12 etoiles;boule_1;7;boule
2022-03-22;2016+ : 50 boules / 12 etoiles;boule_3;17;boule
2022-03-22;2016+ : 50 boules / 12 etoiles;boule_5;21;boule
2022-03-22;2016+ : 50 boules / 12 etoiles;boule_2;29;boule
2022-03-22;2016+ : 50 boules / 12 etoiles;boule_4;40;boule
2022-03-22;2016+ : 50 boules / 12 etoiles;etoile_1;8;etoile
2022-03-22;2016+ : 50 boules / 12 etoiles;etoile_2;11;etoile
2022-03-25;2016+ : 50 boules / 12 etoiles;boule_4;6;boule
2022-03-25;2016+ : 50 boules / 12 etoiles;boule_1;10;boule
2022-03-25;2016+ : 50 boules / 12 etoiles;boule_3;24;boule
2022-03-25;2016+ : 50 boules / 12 etoiles;boule_5;27;boule
2022-03-25;2016+ : 50 boules / 12 etoiles;boule_2;29;boule
2022-03-25;2016+ : 50 boules / 12 etoiles;etoile_2;5;etoile
2022-03-25;2016+ : 50 boules / 12 etoiles;etoile_1;12;etoile
2022-03-29;2016+ : 50 boules / 12 etoiles;boule_4;8;boule
2022-03-29;2016+ : 50 boules / 12 etoiles;boule_3;11;boule
2022-03-29;2016+ : 50 boules / 12 etoiles;boule_2;33;boule
2022-03-29;2016+ : 50 boules / 12 etoiles;boule_5;42;boule
2022-03-29;2016+ : 50 boules / 12 etoiles;boule_1;43;boule
2022-03-29;2016+ : 50 boules / 12 etoiles;etoile_2;6;etoile
2022-03-29;2016+ : 50 boules / 12 etoiles;etoile_1;11;etoile
2022-04-01;2016+ : 50 boules / 12 etoiles;boule_4;2;boule
2022-04-01;2016+ : 50 boules / 12 etoiles;boule_5;7;boule
2022-04-01;2016+ : 50 boules / 12 etoiles;boule_1;21;boule
2022-04-01;2016+ : 50 boules / 12 etoiles;boule_3;31;boule
2022-04-01;2016+ : 50 boules / 12 etoiles;boule_2;45;boule
2022-04-01;2016+ : 50 boules / 12 etoiles;etoile_2;4;etoile
2022-04-01;2016+ : 50 boules / 12 etoiles;etoile_1;10;etoile
2022-04-05;2016+ : 50 boules / 12 etoiles;boule_2;1;boule
2022-04-05;2016+ : 50 boules / 12 etoiles;boule_4;11;boule
2022-04-05;2016+ : 50 boules / 12 etoiles;boule_1;13;boule
2022-04-05;2016+ : 50 boules / 12 etoiles;boule_3;24;boule
2022-04-05;2016+ : 50 boules / 12 etoiles;boule_5;49;boule
2022-04-05;2016+ : 50 boules / 12 etoiles;etoile_1;5;etoile
2022-04-05;2016+ : 50 boules / 12 etoiles;etoile_2;6;etoile
2022-04-08;2016+ : 50 boules / 12 etoiles;boule_3;1;boule
2022-04-08;2016+ : 50 boules / 12 etoiles;boule_5;15;boule
2022-04-08;2016+ : 50 boules / 12 etoiles;boule_1;16;boule
2022-04-08;2016+ : 50 boules / 12 etoiles;boule_2;38;boule
2022-04-08;2016+ : 50 boules / 12 etoiles;boule_4;45;boule
2022-04-08;2016+ : 50 boules / 12 etoiles;etoile_1;4;etoile
2022-04-08;2016+ : 50 boules / 12 etoiles;etoile_2;11;etoile
2022-04-12;2016+ : 50 boules / 12 etoiles;boule_5;21;boule
2022-04-12;2016+ : 50 boules / 12 etoiles;boule_1;30;boule
2022-04-12;2016+ : 50 boules / 12 etoiles;boule_4;31;boule
2022-04-12;2016+ : 50 boules / 12 etoiles;boule_3;35;boule
2022-04-12;2016+ : 50 boules / 12 etoiles;boule_2;47;boule
2022-04-12;2016+ : 50 boules / 12 etoiles;etoile_2;2;etoile
2022-04-12;2016+ : 50 boules / 12 etoiles;etoile_1;10;etoile
2022-04-15;2016+ : 50 boules / 12 etoiles;boule_3;6;boule
2022-04-15;2016+ : 50 boules / 12 etoiles;boule_4;24;boule
2022-04-15;2016+ : 50 boules / 12 etoiles;boule_5;30;boule
2022-04-15;2016+ : 50 boules / 12 etoiles;boule_1;32;boule
2022-04-15;2016+ : 50 boules / 12 etoiles;boule_2;48;boule
2022-04-15;2016+ : 50 boules / 12 etoiles;etoile_2;5;etoile
2022-04-15;2016+ : 50 boules / 12 etoiles;etoile_1;6;etoile
2022-04-19;2016+ : 50 boules / 12 etoiles;boule_3;2;boule
2022-04-19;2016+ : 50 boules / 12 etoiles;boule_5;12;boule
2022-04-19;2016+ : 50 boules / 12 etoiles;boule_4;17;boule
2022-04-19;2016+ : 50 boules / 12 etoiles;boule_1;28;boule
2022-04-19;2016+ : 50 boules / 12 etoiles;boule_2;46;boule
2022-04-19;2016+ : 50 boules / 12 etoiles;etoile_2;6;etoile
2022-04-19;2016+ : 50 boules / 12 etoiles;etoile_1;10;etoile
2022-04-22;2016+ : 50 boules / 12 etoiles;boule_2;6;boule
2022-04-22;2016+ : 50 boules / 12 etoiles;boule_1;11;boule
2022-04-22;2016+ : 50 boules / 12 etoiles;boule_5;21;boule
2022-04-22;2016+ : 50 boules / 12 etoiles;boule_3;35;boule
2022-04-22;2016+ : 50 boules / 12 etoiles;boule_4;36;boule
2022-04-22;2016+ : 50 boules / 12 etoiles;etoile_2;1;etoile
2022-04-22;2016+ : 50 boules / 12 etoiles;etoile_1;9;etoile
2022-04-26;2016+ : 50 boules / 12 etoiles;boule_2;4;boule
2022-04-26;2016+ : 50 boules / 12 etoiles;boule_1;25;boule
2022-04-26;2016+ : 50 boules / 12 etoiles;boule_3;28;boule
2022-04-26;2016+ : 50 boules / 12 etoiles;boule_4;34;boule
2022-04-26;2016+ : 50 boules / 12 etoiles;boule_5;45;boule
2022-04-26;2016+ : 50 boules / 12 etoiles;etoile_2;8;etoile
2022-04-26;2016+ : 50 boules / 12 etoiles;etoile_1;11;etoile
2022-04-29;2016+ : 50 boules / 12 etoiles;boule_3;10;boule
2022-04-29;2016+ : 50 boules / 12 etoiles;boule_5;11;boule
2022-04-29;2016+ : 50 boules / 12 etoiles;boule_4;20;boule
2022-04-29;2016+ : 50 boules / 12 etoiles;boule_2;36;boule
2022-04-29;2016+ : 50 boules / 12 etoiles;boule_1;37;boule
2022-04-29;2016+ : 50 boules / 12 etoiles;etoile_2;3;etoile
2022-04-29;2016+ : 50 boules / 12 etoiles;etoile_1;7;etoile
2022-05-03;2016+ : 50 boules / 12 etoiles;boule_4;8;boule
2022-05-03;2016+ : 50 boules / 12 etoiles;boule_5;20;boule
2022-05-03;2016+ : 50 boules / 12 etoiles;boule_1;26;boule
2022-05-03;2016+ : 50 boules / 12 etoiles;boule_3;47;boule
2022-05-03;2016+ : 50 boules / 12 etoiles;boule_2;48;boule
2022-05-03;2016+ : 50 boules / 12 etoiles;etoile_2;3;etoile
2022-05-03;2016+ : 50 boules / 12 etoiles;etoile_1;8;etoile
2022-05-06;2016+ : 50 boules / 12 etoiles;boule_1;3;boule
2022-05-06;2016+ : 50 boules / 12 etoiles;boule_3;8;boule
2022-05-06;2016+ : 50 boules / 12 etoiles;boule_4;18;boule
2022-05-06;2016+ : 50 boules / 12 etoiles;boule_2;24;boule
2022-05-06;2016+ : 50 boules / 12 etoiles;boule_5;40;boule
2022-05-06;2016+ : 50 boules / 12 etoiles;etoile_2;3;etoile
2022-05-06;2016+ : 50 boules / 12 etoiles;etoile_1;11;etoile
2022-05-10;2016+ : 50 boules / 12 etoiles;boule_2;3;boule
2022-05-10;2016+ : 50 boules / 12 etoiles;boule_4;25;boule
2022-05-10;2016+ : 50 boules / 12 etoiles;boule_5;27;boule
2022-05-10;2016+ : 50 boules / 12 etoiles;boule_1;28;boule
2022-05-10;2016+ : 50 boules / 12 etoiles;boule_3;29;boule
2022-05-10;2016+ : 50 boules / 12 etoiles;etoile_1;4;etoile
2022-05-10;2016+ : 50 boules / 12 etoiles;etoile_2;9;etoile
2022-05-13;2016+ : 50 boules / 12 etoiles;boule_5;3;boule
2022-05-13;2016+ : 50 boules / 12 etoiles;boule_1;11;boule
2022-05-13;2016+ : 50 boules / 12 etoiles;boule_3;17;boule
2022-05-13;2016+ : 50 boules / 12 etoiles;boule_2;45;boule
2022-05-13;2016+ : 50 boules / 12 etoiles;boule_4;48;boule
2022-05-13;2016+ : 50 boules / 12 etoiles;etoile_2;4;etoile
2022-05-13;2016+ : 50 boules / 12 etoiles;etoile_1;8;etoile
2022-05-17;2016+ : 50 boules / 12 etoiles;boule_4;5;boule
2022-05-17;2016+ : 50 boules / 12 etoiles;boule_2;28;boule
2022-05-17;2016+ : 50 boules / 12 etoiles;boule_3;30;boule
2022-05-17;2016+ : 50 boules / 12 etoiles;boule_5;48;boule
2022-05-17;2016+ : 50 boules / 12 etoiles;boule_1;49;boule
2022-05-17;2016+ : 50 boules / 12 etoiles;etoile_1;5;etoile
2022-05-17;2016+ : 50 boules / 12 etoiles;etoile_2;11;etoile
2022-05-20;2016+ : 50 boules / 12 etoiles;boule_3;8;boule
2022-05-20;2016+ : 50 boules / 12 etoiles;boule_4;22;boule
2022-05-20;2016+ : 50 boules / 12 etoiles;boule_2;23;boule
2022-05-20;2016+ : 50 boules / 12 etoiles;boule_1;32;boule
2022-05-20;2016+ : 50 boules / 12 etoiles;boule_5;50;boule
2022-05-20;2016+ : 50 boules / 12 etoiles;etoile_1;3;etoile
2022-05-20;2016+ : 50 boules / 12 etoiles;etoile_2;9;etoile
2022-05-24;2016+ : 50 boules / 12 etoiles;boule_3;10;boule
2022-05-24;2016+ : 50 boules / 12 etoiles;boule_2;13;boule
2022-05-24;2016+ : 50 boules / 12 etoiles;boule_1;27;boule
2022-05-24;2016+ : 50 boules / 12 etoiles;boule_4;36;boule
2022-05-24;2016+ : 50 boules / 12 etoiles;boule_5;37;boule
2022-05-24;2016+ : 50 boules / 12 etoiles;etoile_2;2;etoile
2022-05-24;2016+ : 50 boules / 12 etoiles;etoile_1;10;etoile
2022-05-27;2016+ : 50 boules / 12 etoiles;boule_1;15;boule
2022-05-27;2016+ : 50 boules / 12 etoiles;boule_5;23;boule
2022-05-27;2016+ : 50 boules / 12 etoiles;boule_3;28;boule
2022-05-27;2016+ : 50 boules / 12 etoiles;boule_2;34;boule
2022-05-27;2016+ : 50 boules / 12 etoiles;boule_4;48;boule
2022-05-27;2016+ : 50 boules / 12 etoiles;etoile_1;3;etoile
2022-05-27;2016+ : 50 boules / 12 etoiles;etoile_2;5;etoile
2022-05-31;2016+ : 50 boules / 12 etoiles;boule_5;3;boule
2022-05-31;2016+ : 50 boules / 12 etoiles;boule_3;10;boule
2022-05-31;2016+ : 50 boules / 12 etoiles;boule_2;13;boule
2022-05-31;2016+ : 50 boules / 12 etoiles;boule_1;42;boule
2022-05-31;2016+ : 50 boules / 12 etoiles;boule_4;49;boule
2022-05-31;2016+ : 50 boules / 12 etoiles;etoile_1;3;etoile
2022-05-31;2016+ : 50 boules / 12 etoiles;etoile_2;9;etoile
2022-06-03;2016+ : 50 boules / 12 etoiles;boule_2;12;boule
2022-06-03;2016+ : 50 boules / 12 etoiles;boule_4;28;boule
2022-06-03;2016+ : 50 boules / 12 etoiles;boule_1;29;boule
2022-06-03;2016+ : 50 boules / 12 etoiles;boule_5;34;boule
2022-06-03;2016+ : 50 boules / 12 etoiles;boule_3;48;boule
2022-06-03;2016+ : 50 boules / 12 etoiles;etoile_1;9;etoile
2022-06-03;2016+ : 50 boules / 12 etoiles;etoile_2;11;etoile
2022-06-07;2016+ : 50 boules / 12 etoiles;boule_2;6;boule
2022-06-07;2016+ : 50 boules / 12 etoiles;boule_5;16;boule
2022-06-07;2016+ : 50 boules / 12 etoiles;boule_1;17;boule
2022-06-07;2016+ : 50 boules / 12 etoiles;boule_4;25;boule
2022-06-07;2016+ : 50 boules / 12 etoiles;boule_3;31;boule
2022-06-07;2016+ : 50 boules / 12 etoiles;etoile_1;2;etoile
2022-06-07;2016+ : 50 boules / 12 etoiles;etoile_2;6;etoile
2022-06-10;2016+ : 50 boules / 12 etoiles;boule_4;17;boule
2022-06-10;2016+ : 50 boules / 12 etoiles;boule_2;26;boule
2022-06-10;2016+ : 50 boules / 12 etoiles;boule_5;36;boule
2022-06-10;2016+ : 50 boules / 12 etoiles;boule_1;37;boule
2022-06-10;2016+ : 50 boules / 12 etoiles;boule_3;40;boule
2022-06-10;2016+ : 50 boules / 12 etoiles;etoile_1;9;etoile
2022-06-10;2016+ : 50 boules / 12 etoiles;etoile_2;12;etoile
2022-06-14;2016+ : 50 boules / 12 etoiles;boule_3;2;boule
2022-06-14;2016+ : 50 boules / 12 etoiles;boule_1;7;boule
2022-06-14;2016+ : 50 boules / 12 etoiles;boule_4;27;boule
2022-06-14;2016+ : 50 boules / 12 etoiles;boule_5;34;boule
2022-06-14;2016+ : 50 boules / 12 etoiles;boule_2;40;boule
2022-06-14;2016+ : 50 boules / 12 etoiles;etoile_1;3;etoile
2022-06-14;2016+ : 50 boules / 12 etoiles;etoile_2;11;etoile
2022-06-17;2016+ : 50 boules / 12 etoiles;boule_4;19;boule
2022-06-17;2016+ : 50 boules / 12 etoiles;boule_1;21;boule
2022-06-17;2016+ : 50 boules / 12 etoiles;boule_2;22;boule
2022-06-17;2016+ : 50 boules / 12 etoiles;boule_5;31;boule
2022-06-17;2016+ : 50 boules / 12 etoiles;boule_3;38;boule
2022-06-17;2016+ : 50 boules / 12 etoiles;etoile_1;7;etoile
2022-06-17;2016+ : 50 boules / 12 etoiles;etoile_2;11;etoile
2022-06-21;2016+ : 50 boules / 12 etoiles;boule_4;6;boule
2022-06-21;2016+ : 50 boules / 12 etoiles;boule_1;23;boule
2022-06-21;2016+ : 50 boules / 12 etoiles;boule_2;36;boule
2022-06-21;2016+ : 50 boules / 12 etoiles;boule_3;39;boule
2022-06-21;2016+ : 50 boules / 12 etoiles;boule_5;47;boule
2022-06-21;2016+ : 50 boules / 12 etoiles;etoile_2;8;etoile
2022-06-21;2016+ : 50 boules / 12 etoiles;etoile_1;10;etoile
2022-06-24;2016+ : 50 boules / 12 etoiles;boule_4;10;boule
2022-06-24;2016+ : 50 boules / 12 etoiles;boule_3;17;boule
2022-06-24;2016+ : 50 boules / 12 etoiles;boule_5;28;boule
2022-06-24;2016+ : 50 boules / 12 etoiles;boule_2;44;boule
2022-06-24;2016+ : 50 boules / 12 etoiles;boule_1;50;boule
2022-06-24;2016+ : 50 boules / 12 etoiles;etoile_2;8;etoile
2022-06-24;2016+ : 50 boules / 12 etoiles;etoile_1;12;etoile
2022-06-28;2016+ : 50 boules / 12 etoiles;boule_2;10;boule
2022-06-28;2016+ : 50 boules / 12 etoiles;boule_1;35;boule
2022-06-28;2016+ : 50 boules / 12 etoiles;boule_4;42;boule
2022-06-28;2016+ : 50 boules / 12 etoiles;boule_3;47;boule
2022-06-28;2016+ : 50 boules / 12 etoiles;boule_5;48;boule
2022-06-28;2016+ : 50 boules / 12 etoiles;etoile_2;2;etoile
2022-06-28;2016+ : 50 boules / 12 etoiles;etoile_1;11;etoile
2022-07-01;2016+ : 50 boules / 12 etoiles;boule_2;6;boule
2022-07-01;2016+ : 50 boules / 12 etoiles;boule_5;18;boule
2022-07-01;2016+ : 50 boules / 12 etoiles;boule_4;24;boule
2022-07-01;2016+ : 50 boules / 12 etoiles;boule_3;34;boule
2022-07-01;2016+ : 50 boules / 12 etoiles;boule_1;46;boule
2022-07-01;2016+ : 50 boules / 12 etoiles;etoile_2;3;etoile
2022-07-01;2016+ : 50 boules / 12 etoiles;etoile_1;12;etoile
2022-07-05;2016+ : 50 boules / 12 etoiles;boule_1;7;boule
2022-07-05;2016+ : 50 boules / 12 etoiles;boule_5;10;boule
2022-07-05;2016+ : 50 boules / 12 etoiles;boule_2;25;boule
2022-07-05;2016+ : 50 boules / 12 etoiles;boule_4;45;boule
2022-07-05;2016+ : 50 boules / 12 etoiles;boule_3;48;boule
2022-07-05;2016+ : 50 boules / 12 etoiles;etoile_1;3;etoile
2022-07-05;2016+ : 50 boules / 12 etoiles;etoile_2;6;etoile
2022-07-08;2016+ : 50 boules / 12 etoiles;boule_1;28;boule
2022-07-08;2016+ : 50 boules / 12 etoiles;boule_5;31;boule
2022-07-08;2016+ : 50 boules / 12 etoiles;boule_4;35;boule
2022-07-08;2016+ : 50 boules / 12 etoiles;boule_3;43;boule
2022-07-08;2016+ : 50 boules / 12 etoiles;boule_2;46;boule
2022-07-08;2016+ : 50 boules / 12 etoiles;etoile_2;4;etoile
2022-07-08;2016+ : 50 boules / 12 etoiles;etoile_1;7;etoile
2022-07-12;2016+ : 50 boules / 12 etoiles;boule_5;14;boule
2022-07-12;2016+ : 50 boules / 12 etoiles;boule_2;18;boule
2022-07-12;2016+ : 50 boules / 12 etoiles;boule_4;24;boule
2022-07-12;2016+ : 50 boules / 12 etoiles;boule_3;25;boule
2022-07-12;2016+ : 50 boules / 12 etoiles;boule_1;50;boule
2022-07-12;2016+ : 50 boules / 12 etoiles;etoile_2;6;etoile
2022-07-12;2016+ : 50 boules / 12 etoiles;etoile_1;11;etoile
2022-07-15;2016+ : 50 boules / 12 etoiles;boule_4;9;boule
2022-07-15;2016+ : 50 boules / 12 etoiles;boule_2;17;boule
2022-07-15;2016+ : 50 boules / 12 etoiles;boule_3;29;boule
2022-07-15;2016+ : 50 boules / 12 etoiles;boule_1;38;boule
2022-07-15;2016+ : 50 boules / 12 etoiles;boule_5;39;boule
2022-07-15;2016+ : 50 boules / 12 etoiles;etoile_2;7;etoile
2022-07-15;2016+ : 50 boules / 12 etoiles;etoile_1;10;etoile
2022-07-19;2016+ : 50 boules / 12 etoiles;boule_2;6;boule
2022-07-19;2016+ : 50 boules / 12 etoiles;boule_5;23;boule
2022-07-19;2016+ : 50 boules / 12 etoiles;boule_3;27;boule
2022-07-19;2016+ : 50 boules / 12 etoiles;boule_4;40;boule
2022-07-19;2016+ : 50 boules / 12 etoiles;boule_1;41;boule
2022-07-19;2016+ : 50 boules / 12 etoiles;etoile_1;2;etoile
2022-07-19;2016+ : 50 boules / 12 etoiles;etoile_2;12;etoile
2022-07-22;2016+ : 50 boules / 12 etoiles;boule_5;16;boule
2022-07-22;2016+ : 50 boules / 12 etoiles;boule_4;18;boule
2022-07-22;2016+ : 50 boules / 12 etoiles;boule_2;29;boule
2022-07-22;2016+ : 50 boules / 12 etoiles;boule_1;32;boule
2022-07-22;2016+ : 50 boules / 12 etoiles;boule_3;50;boule
2022-07-22;2016+ : 50 boules / 12 etoiles;etoile_2;4;etoile
2022-07-22;2016+ : 50 boules / 12 etoiles;etoile_1;11;etoile
2022-07-26;2016+ : 50 boules / 12 etoiles;boule_1;3;boule
2022-07-26;2016+ : 50 boules / 12 etoiles;boule_2;5;boule
2022-07-26;2016+ : 50 boules / 12 etoiles;boule_3;17;boule
2022-07-26;2016+ : 50 boules / 12 etoiles;boule_5;25;boule
2022-07-26;2016+ : 50 boules / 12 etoiles;boule_4;27;boule
2022-07-26;2016+ : 50 boules / 12 etoiles;etoile_2;1;etoile
2022-07-26;2016+ : 50 boules / 12 etoiles;etoile_1;9;etoile
2022-07-29;2016+ : 50 boules / 12 etoiles;boule_5;3;boule
2022-07-29;2016+ : 50 boules / 12 etoiles;boule_4;23;boule
2022-07-29;2016+ : 50 boules / 12 etoiles;boule_1;38;boule
2022-07-29;2016+ : 50 boules / 12 etoiles;boule_3;43;boule
2022-07-29;2016+ : 50 boules / 12 etoiles;boule_2;48;boule
2022-07-29;2016+ : 50 boules / 12 etoiles;etoile_2;3;etoile
2022-07-29;2016+ : 50 boules / 12 etoiles;etoile_1;8;etoile
2022-08-02;2016+ : 50 boules / 12 etoiles;boule_5;7;boule
2022-08-02;2016+ : 50 boules / 12 etoiles;boule_3;18;boule
2022-08-02;2016+ : 50 boules / 12 etoiles;boule_1;28;boule
2022-08-02;2016+ : 50 boules / 12 etoiles;boule_4;40;boule
2022-08-02;2016+ : 50 boules / 12 etoiles;boule_2;48;boule
2022-08-02;2016+ : 50 boules / 12 etoiles;etoile_2;8;etoile
2022-08-02;2016+ : 50 boules / 12 etoiles;etoile_1;11;etoile
2022-08-05;2016+ : 50 boules / 12 etoiles;boule_2;3;boule
2022-08-05;2016+ : 50 boules / 12 etoiles;boule_1;29;boule
2022-08-05;2016+ : 50 boules / 12 etoiles;boule_4;33;boule
2022-08-05;2016+ : 50 boules / 12 etoiles;boule_5;35;boule
2022-08-05;2016+ : 50 boules / 12 etoiles;boule_3;44;boule
2022-08-05;2016+ : 50 boules / 12 etoiles;etoile_2;8;etoile
2022-08-05;2016+ : 50 boules / 12 etoiles;etoile_1;10;etoile
2022-08-09;2016+ : 50 boules / 12 etoiles;boule_2;18;boule
2022-08-09;2016+ : 50 boules / 12 etoiles;boule_4;19;boule
2022-08-09;2016+ : 50 boules / 12 etoiles;boule_3;21;boule
2022-08-09;2016+ : 50 boules / 12 etoiles;boule_5;27;boule
2022-08-09;2016+ : 50 boules / 12 etoiles;boule_1;47;boule
2022-08-09;2016+ : 50 boules / 12 etoiles;etoile_2;5;etoile
2022-08-09;2016+ : 50 boules / 12 etoiles;etoile_1;11;etoile
2022-08-12;2016+ : 50 boules / 12 etoiles;boule_1;14;boule
2022-08-12;2016+ : 50 boules / 12 etoiles;boule_4;17;boule
2022-08-12;2016+ : 50 boules / 12 etoiles;boule_5;34;boule
2022-08-12;2016+ : 50 boules / 12 etoiles;boule_3;35;boule
2022-08-12;2016+ : 50 boules / 12 etoiles;boule_2;42;boule
2022-08-12;2016+ : 50 boules / 12 etoiles;etoile_2;6;etoile
2022-08-12;2016+ : 50 boules / 12 etoiles;etoile_1;10;etoile
2022-08-16;2016+ : 50 boules / 12 etoiles;boule_1;10;boule
2022-08-16;2016+ : 50 boules / 12 etoiles;boule_3;14;boule
2022-08-16;2016+ : 50 boules / 12 etoiles;boule_2;25;boule
2022-08-16;2016+ : 50 boules / 12 etoiles;boule_5;32;boule
2022-08-16;2016+ : 50 boules / 12 etoiles;boule_4;39;boule
2022-08-16;2016+ : 50 boules / 12 etoiles;etoile_1;7;etoile
2022-08-16;2016+ : 50 boules / 12 etoiles;etoile_2;8;etoile
2022-08-19;2016+ : 50 boules / 12 etoiles;boule_2;2;boule
2022-08-19;2016+ : 50 boules / 12 etoiles;boule_1;9;boule
2022-08-19;2016+ : 50 boules / 12 etoiles;boule_5;13;boule
2022-08-19;2016+ : 50 boules / 12 etoiles;boule_3;19;boule
2022-08-19;2016+ : 50 boules / 12 etoiles;boule_4;38;boule
2022-08-19;2016+ : 50 boules / 12 etoiles;etoile_1;2;etoile
2022-08-19;2016+ : 50 boules / 12 etoiles;etoile_2;6;etoile
2022-08-23;2016+ : 50 boules / 12 etoiles;boule_4;19;boule
2022-08-23;2016+ : 50 boules / 12 etoiles;boule_3;26;boule
2022-08-23;2016+ : 50 boules / 12 etoiles;boule_5;31;boule
2022-08-23;2016+ : 50 boules / 12 etoiles;boule_2;39;boule
2022-08-23;2016+ : 50 boules / 12 etoiles;boule_1;48;boule
2022-08-23;2016+ : 50 boules / 12 etoiles;etoile_1;2;etoile
2022-08-23;2016+ : 50 boules / 12 etoiles;etoile_2;3;etoile
2022-08-26;2016+ : 50 boules / 12 etoiles;boule_1;22;boule
2022-08-26;2016+ : 50 boules / 12 etoiles;boule_2;23;boule
2022-08-26;2016+ : 50 boules / 12 etoiles;boule_4;25;boule
2022-08-26;2016+ : 50 boules / 12 etoiles;boule_5;38;boule
2022-08-26;2016+ : 50 boules / 12 etoiles;boule_3;44;boule
2022-08-26;2016+ : 50 boules / 12 etoiles;etoile_2;11;etoile
2022-08-26;2016+ : 50 boules / 12 etoiles;etoile_1;12;etoile
2022-08-30;2016+ : 50 boules / 12 etoiles;boule_3;4;boule
2022-08-30;2016+ : 50 boules / 12 etoiles;boule_1;6;boule
2022-08-30;2016+ : 50 boules / 12 etoiles;boule_2;10;boule
2022-08-30;2016+ : 50 boules / 12 etoiles;boule_4;15;boule
2022-08-30;2016+ : 50 boules / 12 etoiles;boule_5;19;boule
2022-08-30;2016+ : 50 boules / 12 etoiles;etoile_1;1;etoile
2022-08-30;2016+ : 50 boules / 12 etoiles;etoile_2;4;etoile
2022-09-02;2016+ : 50 boules / 12 etoiles;boule_1;7;boule
2022-09-02;2016+ : 50 boules / 12 etoiles;boule_3;12;boule
2022-09-02;2016+ : 50 boules / 12 etoiles;boule_5;13;boule
2022-09-02;2016+ : 50 boules / 12 etoiles;boule_4;20;boule
2022-09-02;2016+ : 50 boules / 12 etoiles;boule_2;45;boule
2022-09-02;2016+ : 50 boules / 12 etoiles;etoile_1;3;etoile
2022-09-02;2016+ : 50 boules / 12 etoiles;etoile_2;12;etoile
2022-09-06;2016+ : 50 boules / 12 etoiles;boule_3;7;boule
2022-09-06;2016+ : 50 boules / 12 etoiles;boule_1;10;boule
2022-09-06;2016+ : 50 boules / 12 etoiles;boule_5;22;boule
2022-09-06;2016+ : 50 boules / 12 etoiles;boule_4;29;boule
2022-09-06;2016+ : 50 boules / 12 etoiles;boule_2;44;boule
2022-09-06;2016+ : 50 boules / 12 etoiles;etoile_1;4;etoile
2022-09-06;2016+ : 50 boules / 12 etoiles;etoile_2;5;etoile
2022-09-09;2016+ : 50 boules / 12 etoiles;boule_2;17;boule
2022-09-09;2016+ : 50 boules / 12 etoiles;boule_3;23;boule
2022-09-09;2016+ : 50 boules / 12 etoiles;boule_4;24;boule
2022-09-09;2016+ : 50 boules / 12 etoiles;boule_1;26;boule
2022-09-09;2016+ : 50 boules / 12 etoiles;boule_5;27;boule
2022-09-09;2016+ : 50 boules / 12 etoiles;etoile_1;4;etoile
2022-09-09;2016+ : 50 boules / 12 etoiles;etoile_2;9;etoile
2022-09-13;2016+ : 50 boules / 12 etoiles;boule_2;9;boule
2022-09-13;2016+ : 50 boules / 12 etoiles;boule_3;12;boule
2022-09-13;2016+ : 50 boules / 12 etoiles;boule_4;15;boule
2022-09-13;2016+ : 50 boules / 12 etoiles;boule_1;40;boule
2022-09-13;2016+ : 50 boules / 12 etoiles;boule_5;47;boule
2022-09-13;2016+ : 50 boules / 12 etoiles;etoile_1;1;etoile
2022-09-13;2016+ : 50 boules / 12 etoiles;etoile_2;11;etoile
2022-09-16;2016+ : 50 boules / 12 etoiles;boule_2;10;boule
2022-09-16;2016+ : 50 boules / 12 etoiles;boule_5;27;boule
2022-09-16;2016+ : 50 boules / 12 etoiles;boule_4;36;boule
2022-09-16;2016+ : 50 boules / 12 etoiles;boule_3;45;boule
2022-09-16;2016+ : 50 boules / 12 etoiles;boule_1;49;boule
2022-09-16;2016+ : 50 boules / 12 etoiles;etoile_1;3;etoile
2022-09-16;2016+ : 50 boules / 12 etoiles;etoile_2;4;etoile
2022-09-20;2016+ : 50 boules / 12 etoiles;boule_2;11;boule
2022-09-20;2016+ : 50 boules / 12 etoiles;boule_1;21;boule
2022-09-20;2016+ : 50 boules / 12 etoiles;boule_5;23;boule
2022-09-20;2016+ : 50 boules / 12 etoiles;boule_3;32;boule
2022-09-20;2016+ : 50 boules / 12 etoiles;boule_4;48;boule
2022-09-20;2016+ : 50 boules / 12 etoiles;etoile_2;3;etoile
2022-09-20;2016+ : 50 boules / 12 etoiles;etoile_1;12;etoile
2022-09-23;2016+ : 50 boules / 12 etoiles;boule_5;14;boule
2022-09-23;2016+ : 50 boules / 12 etoiles;boule_4;15;boule
2022-09-23;2016+ : 50 boules / 12 etoiles;boule_1;22;boule
2022-09-23;2016+ : 50 boules / 12 etoiles;boule_2;35;boule
2022-09-23;2016+ : 50 boules / 12 etoiles;boule_3;48;boule
2022-09-23;2016+ : 50 boules / 12 etoiles;etoile_2;3;etoile
2022-09-23;2016+ : 50 boules / 12 etoiles;etoile_1;8;etoile
2022-09-27;2016+ : 50 boules / 12 etoiles;boule_2;4;boule
2022-09-27;2016+ : 50 boules / 12 etoiles;boule_4;20;boule
2022-09-27;2016+ : 50 boules / 12 etoiles;boule_5;21;boule
2022-09-27;2016+ : 50 boules / 12 etoiles;boule_1;34;boule
2022-09-27;2016+ : 50 boules / 12 etoiles;boule_3;44;boule
2022-09-27;2016+ : 50 boules / 12 etoiles;etoile_2;1;etoile
2022-09-27;2016+ : 50 boules / 12 etoiles;etoile_1;3;etoile
2022-09-30;2016+ : 50 boules / 12 etoiles;boule_4;1;boule
2022-09-30;2016+ : 50 boules / 12 etoiles;boule_1;2;boule
2022-09-30;2016+ : 50 boules / 12 etoiles;boule_3;11;boule
2022-09-30;2016+ : 50 boules / 12 etoiles;boule_2;16;boule
2022-09-30;2016+ : 50 boules / 12 etoiles;boule_5;26;boule
2022-09-30;2016+ : 50 boules / 12 etoiles;etoile_1;3;etoile
2022-09-30;2016+ : 50 boules / 12 etoiles;etoile_2;12;etoile
2022-10-04;2016+ : 50 boules / 12 etoiles;boule_1;3;boule
2022-10-04;2016+ : 50 boules / 12 etoiles;boule_3;18;boule
2022-10-04;2016+ : 50 boules / 12 etoiles;boule_2;28;boule
2022-10-04;2016+ : 50 boules / 12 etoiles;boule_5;42;boule
2022-10-04;2016+ : 50 boules / 12 etoiles;boule_4;43;boule
2022-10-04;2016+ : 50 boules / 12 etoiles;etoile_2;3;etoile
2022-10-04;2016+ : 50 boules / 12 etoiles;etoile_1;12;etoile
2022-10-07;2016+ : 50 boules / 12 etoiles;boule_4;26;boule
2022-10-07;2016+ : 50 boules / 12 etoiles;boule_2;27;boule
2022-10-07;2016+ : 50 boules / 12 etoiles;boule_5;42;boule
2022-10-07;2016+ : 50 boules / 12 etoiles;boule_3;45;boule
2022-10-07;2016+ : 50 boules / 12 etoiles;boule_1;50;boule
2022-10-07;2016+ : 50 boules / 12 etoiles;etoile_2;1;etoile
2022-10-07;2016+ : 50 boules / 12 etoiles;etoile_1;12;etoile
2022-10-11;2016+ : 50 boules / 12 etoiles;boule_3;8;boule
2022-10-11;2016+ : 50 boules / 12 etoiles;boule_5;23;boule
2022-10-11;2016+ : 50 boules / 12 etoiles;boule_4;32;boule
2022-10-11;2016+ : 50 boules / 12 etoiles;boule_2;35;boule
2022-10-11;2016+ : 50 boules / 12 etoiles;boule_1;40;boule
2022-10-11;2016+ : 50 boules / 12 etoiles;etoile_2;1;etoile
2022-10-11;2016+ : 50 boules / 12 etoiles;etoile_1;8;etoile
2022-10-14;2016+ : 50 boules / 12 etoiles;boule_4;24;boule
2022-10-14;2016+ : 50 boules / 12 etoiles;boule_1;28;boule
2022-10-14;2016+ : 50 boules / 12 etoiles;boule_3;29;boule
2022-10-14;2016+ : 50 boules / 12 etoiles;boule_5;34;boule
2022-10-14;2016+ : 50 boules / 12 etoiles;boule_2;48;boule
2022-10-14;2016+ : 50 boules / 12 etoiles;etoile_2;3;etoile
2022-10-14;2016+ : 50 boules / 12 etoiles;etoile_1;7;etoile
2022-10-18;2016+ : 50 boules / 12 etoiles;boule_2;3;boule
2022-10-18;2016+ : 50 boules / 12 etoiles;boule_3;5;boule
2022-10-18;2016+ : 50 boules / 12 etoiles;boule_5;13;boule
2022-10-18;2016+ : 50 boules / 12 etoiles;boule_1;42;boule
2022-10-18;2016+ : 50 boules / 12 etoiles;boule_4;48;boule
2022-10-18;2016+ : 50 boules / 12 etoiles;etoile_2;1;etoile
2022-10-18;2016+ : 50 boules / 12 etoiles;etoile_1;6;etoile
2022-10-21;2016+ : 50 boules / 12 etoiles;boule_4;25;boule
2022-10-21;2016+ : 50 boules / 12 etoiles;boule_1;26;boule
2022-10-21;2016+ : 50 boules / 12 etoiles;boule_2;28;boule
2022-10-21;2016+ : 50 boules / 12 etoiles;boule_3;38;boule
2022-10-21;2016+ : 50 boules / 12 etoiles;boule_5;40;boule
2022-10-21;2016+ : 50 boules / 12 etoiles;etoile_1;1;etoile
2022-10-21;2016+ : 50 boules / 12 etoiles;etoile_2;6;etoile
2022-10-25;2016+ : 50 boules / 12 etoiles;boule_2;7;boule
2022-10-25;2016+ : 50 boules / 12 etoiles;boule_1;24;boule
2022-10-25;2016+ : 50 boules / 12 etoiles;boule_4;34;boule
2022-10-25;2016+ : 50 boules / 12 etoiles;boule_5;39;boule
2022-10-25;2016+ : 50 boules / 12 etoiles;boule_3;46;boule
2022-10-25;2016+ : 50 boules / 12 etoiles;etoile_2;1;etoile
2022-10-25;2016+ : 50 boules / 12 etoiles;etoile_1;6;etoile
2022-10-28;2016+ : 50 boules / 12 etoiles;boule_5;14;boule
2022-10-28;2016+ : 50 boules / 12 etoiles;boule_4;16;boule
2022-10-28;2016+ : 50 boules / 12 etoiles;boule_3;21;boule
2022-10-28;2016+ : 50 boules / 12 etoiles;boule_1;28;boule
2022-10-28;2016+ : 50 boules / 12 etoiles;boule_2;35;boule
2022-10-28;2016+ : 50 boules / 12 etoiles;etoile_2;1;etoile
2022-10-28;2016+ : 50 boules / 12 etoiles;etoile_1;11;etoile
2022-11-01;2016+ : 50 boules / 12 etoiles;boule_3;19;boule
2022-11-01;2016+ : 50 boules / 12 etoiles;boule_4;37;boule
2022-11-01;2016+ : 50 boules / 12 etoiles;boule_1;42;boule
2022-11-01;2016+ : 50 boules / 12 etoiles;boule_5;47;boule
2022-11-01;2016+ : 50 boules / 12 etoiles;boule_2;48;boule
2022-11-01;2016+ : 50 boules / 12 etoiles;etoile_2;1;etoile
2022-11-01;2016+ : 50 boules / 12 etoiles;etoile_1;6;etoile
2022-11-04;2016+ : 50 boules / 12 etoiles;boule_2;2;boule
2022-11-04;2016+ : 50 boules / 12 etoiles;boule_1;11;boule
2022-11-04;2016+ : 50 boules / 12 etoiles;boule_3;37;boule
2022-11-04;2016+ : 50 boules / 12 etoiles;boule_5;45;boule
2022-11-04;2016+ : 50 boules / 12 etoiles;boule_4;47;boule
2022-11-04;2016+ : 50 boules / 12 etoiles;etoile_1;2;etoile
2022-11-04;2016+ : 50 boules / 12 etoiles;etoile_2;3;etoile
2022-11-08;2016+ : 50 boules / 12 etoiles;boule_5;3;boule
2022-11-08;2016+ : 50 boules / 12 etoiles;boule_4;5;boule
2022-11-08;2016+ : 50 boules / 12 etoiles;boule_2;32;boule
2022-11-08;2016+ : 50 boules / 12 etoiles;boule_3;33;boule
2022-11-08;2016+ : 50 boules / 12 etoiles;boule_1;50;boule
2022-11-08;2016+ : 50 boules / 12 etoiles;etoile_1;1;etoile
2022-11-08;2016+ : 50 boules / 12 etoiles;etoile_2;8;etoile
2022-11-11;2016+ : 50 boules / 12 etoiles;boule_2;2;boule
2022-11-11;2016+ : 50 boules / 12 etoiles;boule_3;19;boule
2022-11-11;2016+ : 50 boules / 12 etoiles;boule_5;24;boule
2022-11-11;2016+ : 50 boules / 12 etoiles;boule_1;25;boule
2022-11-11;2016+ : 50 boules / 12 etoiles;boule_4;44;boule
2022-11-11;2016+ : 50 boules / 12 etoiles;etoile_1;2;etoile
2022-11-11;2016+ : 50 boules / 12 etoiles;etoile_2;10;etoile
2022-11-15;2016+ : 50 boules / 12 etoiles;boule_3;13;boule
2022-11-15;2016+ : 50 boules / 12 etoiles;boule_2;21;boule
2022-11-15;2016+ : 50 boules / 12 etoiles;boule_4;24;boule
2022-11-15;2016+ : 50 boules / 12 etoiles;boule_1;31;boule
2022-11-15;2016+ : 50 boules / 12 etoiles;boule_5;33;boule
2022-11-15;2016+ : 50 boules / 12 etoiles;etoile_1;1;etoile
2022-11-15;2016+ : 50 boules / 12 etoiles;etoile_2;12;etoile
2022-11-18;2016+ : 50 boules / 12 etoiles;boule_2;13;boule
2022-11-18;2016+ : 50 boules / 12 etoiles;boule_5;16;boule
2022-11-18;2016+ : 50 boules / 12 etoiles;boule_4;19;boule
2022-11-18;2016+ : 50 boules / 12 etoiles;boule_3;35;boule
2022-11-18;2016+ : 50 boules / 12 etoiles;boule_1;41;boule
2022-11-18;2016+ : 50 boules / 12 etoiles;etoile_2;1;etoile
2022-11-18;2016+ : 50 boules / 12 etoiles;etoile_1;11;etoile
2022-11-22;2016+ : 50 boules / 12 etoiles;boule_4;21;boule
2022-11-22;2016+ : 50 boules / 12 etoiles;boule_5;22;boule
2022-11-22;2016+ : 50 boules / 12 etoiles;boule_1;24;boule
2022-11-22;2016+ : 50 boules / 12 etoiles;boule_2;29;boule
2022-11-22;2016+ : 50 boules / 12 etoiles;boule_3;42;boule
2022-11-22;2016+ : 50 boules / 12 etoiles;etoile_1;3;etoile
2022-11-22;2016+ : 50 boules / 12 etoiles;etoile_2;11;etoile
2022-11-25;2016+ : 50 boules / 12 etoiles;boule_2;19;boule
2022-11-25;2016+ : 50 boules / 12 etoiles;boule_1;21;boule
2022-11-25;2016+ : 50 boules / 12 etoiles;boule_4;35;boule
2022-11-25;2016+ : 50 boules / 12 etoiles;boule_5;37;boule
2022-11-25;2016+ : 50 boules / 12 etoiles;boule_3;39;boule
2022-11-25;2016+ : 50 boules / 12 etoiles;etoile_1;2;etoile
2022-11-25;2016+ : 50 boules / 12 etoiles;etoile_2;6;etoile
2022-11-29;2016+ : 50 boules / 12 etoiles;boule_4;15;boule
2022-11-29;2016+ : 50 boules / 12 etoiles;boule_1;20;boule
2022-11-29;2016+ : 50 boules / 12 etoiles;boule_5;24;boule
2022-11-29;2016+ : 50 boules / 12 etoiles;boule_3;35;boule
2022-11-29;2016+ : 50 boules / 12 etoiles;boule_2;38;boule
2022-11-29;2016+ : 50 boules / 12 etoiles;etoile_2;8;etoile
2022-11-29;2016+ : 50 boules / 12 etoiles;etoile_1;12;etoile
2022-12-02;2016+ : 50 boules / 12 etoiles;boule_2;12;boule
2022-12-02;2016+ : 50 boules / 12 etoiles;boule_4;21;boule
2022-12-02;2016+ : 50 boules / 12 etoiles;boule_3;35;boule
2022-12-02;2016+ : 50 boules / 12 etoiles;boule_1;39;boule
2022-12-02;2016+ : 50 boules / 12 etoiles;boule_5;45;boule
2022-12-02;2016+ : 50 boules / 12 etoiles;etoile_2;6;etoile
2022-12-02;2016+ : 50 boules / 12 etoiles;etoile_1;11;etoile
2022-12-06;2016+ : 50 boules / 12 etoiles;boule_5;12;boule
2022-12-06;2016+ : 50 boules / 12 etoiles;boule_1;20;boule
2022-12-06;2016+ : 50 boules / 12 etoiles;boule_2;25;boule
2022-12-06;2016+ : 50 boules / 12 etoiles;boule_4;26;boule
2022-12-06;2016+ : 50 boules / 12 etoiles;boule_3;27;boule
2022-12-06;2016+ : 50 boules / 12 etoiles;etoile_1;8;etoile
2022-12-06;2016+ : 50 boules / 12 etoiles;etoile_2;12;etoile
2022-12-09;2016+ : 50 boules / 12 etoiles;boule_1;8;boule
2022-12-09;2016+ : 50 boules / 12 etoiles;boule_4;27;boule
2022-12-09;2016+ : 50 boules / 12 etoiles;boule_3;31;boule
2022-12-09;2016+ : 50 boules / 12 etoiles;boule_2;46;boule
2022-12-09;2016+ : 50 boules / 12 etoiles;boule_5;50;boule
2022-12-09;2016+ : 50 boules / 12 etoiles;etoile_2;1;etoile
2022-12-09;2016+ : 50 boules / 12 etoiles;etoile_1;3;etoile
2022-12-13;2016+ : 50 boules / 12 etoiles;boule_2;3;boule
2022-12-13;2016+ : 50 boules / 12 etoiles;boule_5;9;boule
2022-12-13;2016+ : 50 boules / 12 etoiles;boule_3;12;boule
2022-12-13;2016+ : 50 boules / 12 etoiles;boule_4;26;boule
2022-12-13;2016+ : 50 boules / 12 etoiles;boule_1;30;boule
2022-12-13;2016+ : 50 boules / 12 etoiles;etoile_1;10;etoile
2022-12-13;2016+ : 50 boules / 12 etoiles;etoile_2;11;etoile
2022-12-16;2016+ : 50 boules / 12 etoiles;boule_1;2;boule
2022-12-16;2016+ : 50 boules / 12 etoiles;boule_2;15;boule
2022-12-16;2016+ : 50 boules / 12 etoiles;boule_5;19;boule
2022-12-16;2016+ : 50 boules / 12 etoiles;boule_4;35;boule
2022-12-16;2016+ : 50 boules / 12 etoiles;boule_3;44;boule
2022-12-16;2016+ : 50 boules / 12 etoiles;etoile_2;2;etoile
2022-12-16;2016+ : 50 boules / 12 etoiles;etoile_1;7;etoile
2022-12-20;2016+ : 50 boules / 12 etoiles;boule_1;1;boule
2022-12-20;2016+ : 50 boules / 12 etoiles;boule_3;11;boule
2022-12-20;2016+ : 50 boules / 12 etoiles;boule_4;17;boule
2022-12-20;2016+ : 50 boules / 12 etoiles;boule_2;20;boule
2022-12-20;2016+ : 50 boules / 12 etoiles;boule_5;27;boule
2022-12-20;2016+ : 50 boules / 12 etoiles;etoile_1;4;etoile
2022-12-20;2016+ : 50 boules / 12 etoiles;etoile_2;5;etoile
2022-12-23;2016+ : 50 boules / 12 etoiles;boule_1;16;boule
2022-12-23;2016+ : 50 boules / 12 etoiles;boule_2;17;boule
2022-12-23;2016+ : 50 boules / 12 etoiles;boule_4;23;boule
2022-12-23;2016+ : 50 boules / 12 etoiles;boule_3;26;boule
2022-12-23;2016+ : 50 boules / 12 etoiles;boule_5;35;boule
2022-12-23;2016+ : 50 boules / 12 etoiles;etoile_1;5;etoile
2022-12-23;2016+ : 50 boules / 12 etoiles;etoile_2;11;etoile
2022-12-27;2016+ : 50 boules / 12 etoiles;boule_3;19;boule
2022-12-27;2016+ : 50 boules / 12 etoiles;boule_2;31;boule
2022-12-27;2016+ : 50 boules / 12 etoiles;boule_1;33;boule
2022-12-27;2016+ : 50 boules / 12 etoiles;boule_4;34;boule
2022-12-27;2016+ : 50 boules / 12 etoiles;boule_5;43;boule
2022-12-27;2016+ : 50 boules / 12 etoiles;etoile_2;3;etoile
2022-12-27;2016+ : 50 boules / 12 etoiles;etoile_1;5;etoile
2022-12-30;2016+ : 50 boules / 12 etoiles;boule_3;17;boule
2022-12-30;2016+ : 50 boules / 12 etoiles;boule_4;34;boule
2022-12-30;2016+ : 50 boules / 12 etoiles;boule_2;42;boule
2022-12-30;2016+ : 50 boules / 12 etoiles;boule_5;47;boule
2022-12-30;2016+ : 50 boules / 12 etoiles;boule_1;48;boule
2022-12-30;2016+ : 50 boules / 12 etoiles;etoile_1;1;etoile
2022-12-30;2016+ : 50 boules / 12 etoiles;etoile_2;9;etoile
2023-01-03;2016+ : 50 boules / 12 etoiles;boule_1;20;boule
2023-01-03;2016+ : 50 boules / 12 etoiles;boule_3;21;boule
2023-01-03;2016+ : 50 boules / 12 etoiles;boule_2;29;boule
2023-01-03;2016+ : 50 boules / 12 etoiles;boule_5;45;boule
2023-01-03;2016+ : 50 boules / 12 etoiles;boule_4;46;boule
2023-01-03;2016+ : 50 boules / 12 etoiles;etoile_2;3;etoile
2023-01-03;2016+ : 50 boules / 12 etoiles;etoile_1;10;etoile
2023-01-06;2016+ : 50 boules / 12 etoiles;boule_2;16;boule
2023-01-06;2016+ : 50 boules / 12 etoiles;boule_5;31;boule
2023-01-06;2016+ : 50 boules / 12 etoiles;boule_3;35;boule
2023-01-06;2016+ : 50 boules / 12 etoiles;boule_1;44;boule
2023-01-06;2016+ : 50 boules / 12 etoiles;boule_4;45;boule
2023-01-06;2016+ : 50 boules / 12 etoiles;etoile_2;4;etoile
2023-01-06;2016+ : 50 boules / 12 etoiles;etoile_1;12;etoile
2023-01-10;2016+ : 50 boules / 12 etoiles;boule_2;11;boule
2023-01-10;2016+ : 50 boules / 12 etoiles;boule_4;13;boule
2023-01-10;2016+ : 50 boules / 12 etoiles;boule_3;34;boule
2023-01-10;2016+ : 50 boules / 12 etoiles;boule_5;40;boule
2023-01-10;2016+ : 50 boules / 12 etoiles;boule_1;42;boule
2023-01-10;2016+ : 50 boules / 12 etoiles;etoile_2;3;etoile
2023-01-10;2016+ : 50 boules / 12 etoiles;etoile_1;10;etoile
2023-01-13;2016+ : 50 boules / 12 etoiles;boule_2;4;boule
2023-01-13;2016+ : 50 boules / 12 etoiles;boule_1;13;boule
2023-01-13;2016+ : 50 boules / 12 etoiles;boule_4;25;boule
2023-01-13;2016+ : 50 boules / 12 etoiles;boule_3;33;boule
2023-01-13;2016+ : 50 boules / 12 etoiles;boule_5;37;boule
2023-01-13;2016+ : 50 boules / 12 etoiles;etoile_2;5;etoile
2023-01-13;2016+ : 50 boules / 12 etoiles;etoile_1;10;etoile
2023-01-17;2016+ : 50 boules / 12 etoiles;boule_1;18;boule
2023-01-17;2016+ : 50 boules / 12 etoiles;boule_5;21;boule
2023-01-17;2016+ : 50 boules / 12 etoiles;boule_3;30;boule
2023-01-17;2016+ : 50 boules / 12 etoiles;boule_2;46;boule
2023-01-17;2016+ : 50 boules / 12 etoiles;boule_4;50;boule
2023-01-17;2016+ : 50 boules / 12 etoiles;etoile_1;2;etoile
2023-01-17;2016+ : 50 boules / 12 etoiles;etoile_2;6;etoile
2023-01-20;2016+ : 50 boules / 12 etoiles;boule_5;3;boule
2023-01-20;2016+ : 50 boules / 12 etoiles;boule_2;6;boule
2023-01-20;2016+ : 50 boules / 12 etoiles;boule_3;13;boule
2023-01-20;2016+ : 50 boules / 12 etoiles;boule_1;40;boule
2023-01-20;2016+ : 50 boules / 12 etoiles;boule_4;42;boule
2023-01-20;2016+ : 50 boules / 12 etoiles;etoile_1;7;etoile
2023-01-20;2016+ : 50 boules / 12 etoiles;etoile_2;11;etoile
2023-01-24;2016+ : 50 boules / 12 etoiles;boule_1;11;boule
2023-01-24;2016+ : 50 boules / 12 etoiles;boule_2;27;boule
2023-01-24;2016+ : 50 boules / 12 etoiles;boule_4;41;boule
2023-01-24;2016+ : 50 boules / 12 etoiles;boule_5;43;boule
2023-01-24;2016+ : 50 boules / 12 etoiles;boule_3;47;boule
2023-01-24;2016+ : 50 boules / 12 etoiles;etoile_1;7;etoile
2023-01-24;2016+ : 50 boules / 12 etoiles;etoile_2;11;etoile
2023-01-27;2016+ : 50 boules / 12 etoiles;boule_4;8;boule
2023-01-27;2016+ : 50 boules / 12 etoiles;boule_5;9;boule
2023-01-27;2016+ : 50 boules / 12 etoiles;boule_1;15;boule
2023-01-27;2016+ : 50 boules / 12 etoiles;boule_2;19;boule
2023-01-27;2016+ : 50 boules / 12 etoiles;boule_3;31;boule
2023-01-27;2016+ : 50 boules / 12 etoiles;etoile_2;10;etoile
2023-01-27;2016+ : 50 boules / 12 etoiles;etoile_1;12;etoile
2023-01-31;2016+ : 50 boules / 12 etoiles;boule_1;7;boule
2023-01-31;2016+ : 50 boules / 12 etoiles;boule_2;12;boule
2023-01-31;2016+ : 50 boules / 12 etoiles;boule_5;19;boule
2023-01-31;2016+ : 50 boules / 12 etoiles;boule_3;33;boule
2023-01-31;2016+ : 50 boules / 12 etoiles;boule_4;43;boule
2023-01-31;2016+ : 50 boules / 12 etoiles;etoile_1;3;etoile
2023-01-31;2016+ : 50 boules / 12 etoiles;etoile_2;7;etoile
2023-02-03;2016+ : 50 boules / 12 etoiles;boule_4;2;boule
2023-02-03;2016+ : 50 boules / 12 etoiles;boule_1;14;boule
2023-02-03;2016+ : 50 boules / 12 etoiles;boule_5;17;boule
2023-02-03;2016+ : 50 boules / 12 etoiles;boule_2;32;boule
2023-02-03;2016+ : 50 boules / 12 etoiles;boule_3;45;boule
2023-02-03;2016+ : 50 boules / 12 etoiles;etoile_2;3;etoile
2023-02-03;2016+ : 50 boules / 12 etoiles;etoile_1;10;etoile
2023-02-07;2016+ : 50 boules / 12 etoiles;boule_5;2;boule
2023-02-07;2016+ : 50 boules / 12 etoiles;boule_1;8;boule
2023-02-07;2016+ : 50 boules / 12 etoiles;boule_3;34;boule
2023-02-07;2016+ : 50 boules / 12 etoiles;boule_4;44;boule
2023-02-07;2016+ : 50 boules / 12 etoiles;boule_2;47;boule
2023-02-07;2016+ : 50 boules / 12 etoiles;etoile_2;3;etoile
2023-02-07;2016+ : 50 boules / 12 etoiles;etoile_1;9;etoile
2023-02-10;2016+ : 50 boules / 12 etoiles;boule_1;3;boule
2023-02-10;2016+ : 50 boules / 12 etoiles;boule_2;13;boule
2023-02-10;2016+ : 50 boules / 12 etoiles;boule_4;25;boule
2023-02-10;2016+ : 50 boules / 12 etoiles;boule_3;36;boule
2023-02-10;2016+ : 50 boules / 12 etoiles;boule_5;47;boule
2023-02-10;2016+ : 50 boules / 12 etoiles;etoile_1;3;etoile
2023-02-10;2016+ : 50 boules / 12 etoiles;etoile_2;8;etoile
2023-02-14;2016+ : 50 boules / 12 etoiles;boule_2;24;boule
2023-02-14;2016+ : 50 boules / 12 etoiles;boule_4;26;boule
2023-02-14;2016+ : 50 boules / 12 etoiles;boule_5;38;boule
2023-02-14;2016+ : 50 boules / 12 etoiles;boule_1;43;boule
2023-02-14;2016+ : 50 boules / 12 etoiles;boule_3;46;boule
2023-02-14;2016+ : 50 boules / 12 etoiles;etoile_1;2;etoile
2023-02-14;2016+ : 50 boules / 12 etoiles;etoile_2;3;etoile
2023-02-17;2016+ : 50 boules / 12 etoiles;boule_5;8;boule
2023-02-17;2016+ : 50 boules / 12 etoiles;boule_4;23;boule
2023-02-17;2016+ : 50 boules / 12 etoiles;boule_2;27;boule
2023-02-17;2016+ : 50 boules / 12 etoiles;boule_1;42;boule
2023-02-17;2016+ : 50 boules / 12 etoiles;boule_3;45;boule
2023-02-17;2016+ : 50 boules / 12 etoiles;etoile_1;1;etoile
2023-02-17;2016+ : 50 boules / 12 etoiles;etoile_2;9;etoile
2023-02-21;2016+ : 50 boules / 12 etoiles;boule_5;21;boule
2023-02-21;2016+ : 50 boules / 12 etoiles;boule_3;22;boule
2023-02-21;2016+ : 50 boules / 12 etoiles;boule_4;34;boule
2023-02-21;2016+ : 50 boules / 12 etoiles;boule_2;41;boule
2023-02-21;2016+ : 50 boules / 12 etoiles;boule_1;49;boule
2023-02-21;2016+ : 50 boules / 12 etoiles;etoile_1;2;etoile
2023-02-21;2016+ : 50 boules / 12 etoiles;etoile_2;7;etoile
2023-02-24;2016+ : 50 boules / 12 etoiles;boule_3;7;boule
2023-02-24;2016+ : 50 boules / 12 etoiles;boule_4;23;boule
2023-02-24;2016+ : 50 boules / 12 etoiles;boule_2;34;boule
2023-02-24;2016+ : 50 boules / 12 etoiles;boule_1;42;boule
2023-02-24;2016+ : 50 boules / 12 etoiles;boule_5;48;boule
2023-02-24;2016+ : 50 boules / 12 etoiles;etoile_1;1;etoile
2023-02-24;2016+ : 50 boules / 12 etoiles;etoile_2;3;etoile
2023-02-28;2016+ : 50 boules / 12 etoiles;boule_3;12;boule
2023-02-28;2016+ : 50 boules / 12 etoiles;boule_1;29;boule
2023-02-28;2016+ : 50 boules / 12 etoiles;boule_2;33;boule
2023-02-28;2016+ : 50 boules / 12 etoiles;boule_4;37;boule
2023-02-28;2016+ : 50 boules / 12 etoiles;boule_5;47;boule
2023-02-28;2016+ : 50 boules / 12 etoiles;etoile_2;5;etoile
2023-02-28;2016+ : 50 boules / 12 etoiles;etoile_1;10;etoile
2023-03-03;2016+ : 50 boules / 12 etoiles;boule_2;3;boule
2023-03-03;2016+ : 50 boules / 12 etoiles;boule_5;6;boule
2023-03-03;2016+ : 50 boules / 12 etoiles;boule_3;8;boule
2023-03-03;2016+ : 50 boules / 12 etoiles;boule_1;24;boule
2023-03-03;2016+ : 50 boules / 12 etoiles;boule_4;50;boule
2023-03-03;2016+ : 50 boules / 12 etoiles;etoile_1;10;etoile
2023-03-03;2016+ : 50 boules / 12 etoiles;etoile_2;11;etoile
2023-03-07;2016+ : 50 boules / 12 etoiles;boule_5;11;boule
2023-03-07;2016+ : 50 boules / 12 etoiles;boule_4;13;boule
2023-03-07;2016+ : 50 boules / 12 etoiles;boule_2;24;boule
2023-03-07;2016+ : 50 boules / 12 etoiles;boule_3;35;boule
2023-03-07;2016+ : 50 boules / 12 etoiles;boule_1;50;boule
2023-03-07;2016+ : 50 boules / 12 etoiles;etoile_1;6;etoile
2023-03-07;2016+ : 50 boules / 12 etoiles;etoile_2;11;etoile
2023-03-10;2016+ : 50 boules / 12 etoiles;boule_1;9;boule
2023-03-10;2016+ : 50 boules / 12 etoiles;boule_2;16;boule
2023-03-10;2016+ : 50 boules / 12 etoiles;boule_4;37;boule
2023-03-10;2016+ : 50 boules / 12 etoiles;boule_5;38;boule
2023-03-10;2016+ : 50 boules / 12 etoiles;boule_3;48;boule
2023-03-10;2016+ : 50 boules / 12 etoiles;etoile_2;2;etoile
2023-03-10;2016+ : 50 boules / 12 etoiles;etoile_1;7;etoile
2023-03-14;2016+ : 50 boules / 12 etoiles;boule_5;16;boule
2023-03-14;2016+ : 50 boules / 12 etoiles;boule_1;26;boule
2023-03-14;2016+ : 50 boules / 12 etoiles;boule_3;28;boule
2023-03-14;2016+ : 50 boules / 12 etoiles;boule_4;31;boule
2023-03-14;2016+ : 50 boules / 12 etoiles;boule_2;46;boule
2023-03-14;2016+ : 50 boules / 12 etoiles;etoile_2;11;etoile
2023-03-14;2016+ : 50 boules / 12 etoiles;etoile_1;12;etoile
2023-03-17;2016+ : 50 boules / 12 etoiles;boule_2;5;boule
2023-03-17;2016+ : 50 boules / 12 etoiles;boule_4;15;boule
2023-03-17;2016+ : 50 boules / 12 etoiles;boule_3;26;boule
2023-03-17;2016+ : 50 boules / 12 etoiles;boule_1;37;boule
2023-03-17;2016+ : 50 boules / 12 etoiles;boule_5;49;boule
2023-03-17;2016+ : 50 boules / 12 etoiles;etoile_1;8;etoile
2023-03-17;2016+ : 50 boules / 12 etoiles;etoile_2;11;etoile
2023-03-21;2016+ : 50 boules / 12 etoiles;boule_2;1;boule
2023-03-21;2016+ : 50 boules / 12 etoiles;boule_3;9;boule
2023-03-21;2016+ : 50 boules / 12 etoiles;boule_5;20;boule
2023-03-21;2016+ : 50 boules / 12 etoiles;boule_1;29;boule
2023-03-21;2016+ : 50 boules / 12 etoiles;boule_4;32;boule
2023-03-21;2016+ : 50 boules / 12 etoiles;etoile_2;2;etoile
2023-03-21;2016+ : 50 boules / 12 etoiles;etoile_1;3;etoile
2023-03-24;2016+ : 50 boules / 12 etoiles;boule_3;5;boule
2023-03-24;2016+ : 50 boules / 12 etoiles;boule_5;12;boule
2023-03-24;2016+ : 50 boules / 12 etoiles;boule_2;25;boule
2023-03-24;2016+ : 50 boules / 12 etoiles;boule_1;36;boule
2023-03-24;2016+ : 50 boules / 12 etoiles;boule_4;46;boule
2023-03-24;2016+ : 50 boules / 12 etoiles;etoile_2;6;etoile
2023-03-24;2016+ : 50 boules / 12 etoiles;etoile_1;10;etoile
2023-03-28;2016+ : 50 boules / 12 etoiles;boule_2;16;boule
2023-03-28;2016+ : 50 boules / 12 etoiles;boule_1;21;boule
2023-03-28;2016+ : 50 boules / 12 etoiles;boule_3;34;boule
2023-03-28;2016+ : 50 boules / 12 etoiles;boule_4;36;boule
2023-03-28;2016+ : 50 boules / 12 etoiles;boule_5;44;boule
2023-03-28;2016+ : 50 boules / 12 etoiles;etoile_1;9;etoile
2023-03-28;2016+ : 50 boules / 12 etoiles;etoile_2;10;etoile
2023-03-31;2016+ : 50 boules / 12 etoiles;boule_4;16;boule
2023-03-31;2016+ : 50 boules / 12 etoiles;boule_5;18;boule
2023-03-31;2016+ : 50 boules / 12 etoiles;boule_1;28;boule
2023-03-31;2016+ : 50 boules / 12 etoiles;boule_2;34;boule
2023-03-31;2016+ : 50 boules / 12 etoiles;boule_3;47;boule
2023-03-31;2016+ : 50 boules / 12 etoiles;etoile_2;5;etoile
2023-03-31;2016+ : 50 boules / 12 etoiles;etoile_1;10;etoile
2023-04-04;2016+ : 50 boules / 12 etoiles;boule_5;10;boule
2023-04-04;2016+ : 50 boules / 12 etoiles;boule_3;16;boule
2023-04-04;2016+ : 50 boules / 12 etoiles;boule_4;31;boule
2023-04-04;2016+ : 50 boules / 12 etoiles;boule_2;33;boule
2023-04-04;2016+ : 50 boules / 12 etoiles;boule_1;50;boule
2023-04-04;2016+ : 50 boules / 12 etoiles;etoile_1;3;etoile
2023-04-04;2016+ : 50 boules / 12 etoiles;etoile_2;8;etoile
2023-04-07;2016+ : 50 boules / 12 etoiles;boule_4;5;boule
2023-04-07;2016+ : 50 boules / 12 etoiles;boule_1;26;boule
2023-04-07;2016+ : 50 boules / 12 etoiles;boule_2;28;boule
2023-04-07;2016+ : 50 boules / 12 etoiles;boule_5;36;boule
2023-04-07;2016+ : 50 boules / 12 etoiles;boule_3;46;boule
2023-04-07;2016+ : 50 boules / 12 etoiles;etoile_2;6;etoile
2023-04-07;2016+ : 50 boules / 12 etoiles;etoile_1;12;etoile
2023-04-11;2016+ : 50 boules / 12 etoiles;boule_5;10;boule
2023-04-11;2016+ : 50 boules / 12 etoiles;boule_3;14;boule
2023-04-11;2016+ : 50 boules / 12 etoiles;boule_2;16;boule
2023-04-11;2016+ : 50 boules / 12 etoiles;boule_1;19;boule
2023-04-11;2016+ : 50 boules / 12 etoiles;boule_4;29;boule
2023-04-11;2016+ : 50 boules / 12 etoiles;etoile_1;2;etoile
2023-04-11;2016+ : 50 boules / 12 etoiles;etoile_2;10;etoile
2023-04-14;2016+ : 50 boules / 12 etoiles;boule_2;4;boule
2023-04-14;2016+ : 50 boules / 12 etoiles;boule_5;11;boule
2023-04-14;2016+ : 50 boules / 12 etoiles;boule_3;37;boule
2023-04-14;2016+ : 50 boules / 12 etoiles;boule_1;44;boule
2023-04-14;2016+ : 50 boules / 12 etoiles;boule_4;49;boule
2023-04-14;2016+ : 50 boules / 12 etoiles;etoile_2;6;etoile
2023-04-14;2016+ : 50 boules / 12 etoiles;etoile_1;7;etoile
2023-04-18;2016+ : 50 boules / 12 etoiles;boule_3;17;boule
2023-04-18;2016+ : 50 boules / 12 etoiles;boule_2;21;boule
2023-04-18;2016+ : 50 boules / 12 etoiles;boule_5;23;boule
2023-04-18;2016+ : 50 boules / 12 etoiles;boule_4;35;boule
2023-04-18;2016+ : 50 boules / 12 etoiles;boule_1;37;boule
2023-04-18;2016+ : 50 boules / 12 etoiles;etoile_2;10;etoile
2023-04-18;2016+ : 50 boules / 12 etoiles;etoile_1;11;etoile
2023-04-21;2016+ : 50 boules / 12 etoiles;boule_3;7;boule
2023-04-21;2016+ : 50 boules / 12 etoiles;boule_2;8;boule
2023-04-21;2016+ : 50 boules / 12 etoiles;boule_1;18;boule
2023-04-21;2016+ : 50 boules / 12 etoiles;boule_5;33;boule
2023-04-21;2016+ : 50 boules / 12 etoiles;boule_4;42;boule
2023-04-21;2016+ : 50 boules / 12 etoiles;etoile_2;2;etoile
2023-04-21;2016+ : 50 boules / 12 etoiles;etoile_1;8;etoile
2023-04-25;2016+ : 50 boules / 12 etoiles;boule_4;10;boule
2023-04-25;2016+ : 50 boules / 12 etoiles;boule_1;29;boule
2023-04-25;2016+ : 50 boules / 12 etoiles;boule_5;30;boule
2023-04-25;2016+ : 50 boules / 12 etoiles;boule_3;40;boule
2023-04-25;2016+ : 50 boules / 12 etoiles;boule_2;45;boule
2023-04-25;2016+ : 50 boules / 12 etoiles;etoile_2;1;etoile
2023-04-25;2016+ : 50 boules / 12 etoiles;etoile_1;12;etoile
2023-04-28;2016+ : 50 boules / 12 etoiles;boule_3;11;boule
2023-04-28;2016+ : 50 boules / 12 etoiles;boule_4;13;boule
2023-04-28;2016+ : 50 boules / 12 etoiles;boule_5;16;boule
2023-04-28;2016+ : 50 boules / 12 etoiles;boule_2;23;boule
2023-04-28;2016+ : 50 boules / 12 etoiles;boule_1;34;boule
2023-04-28;2016+ : 50 boules / 12 etoiles;etoile_1;1;etoile
2023-04-28;2016+ : 50 boules / 12 etoiles;etoile_2;10;etoile
2023-05-02;2016+ : 50 boules / 12 etoiles;boule_4;7;boule
2023-05-02;2016+ : 50 boules / 12 etoiles;boule_3;32;boule
2023-05-02;2016+ : 50 boules / 12 etoiles;boule_2;44;boule
2023-05-02;2016+ : 50 boules / 12 etoiles;boule_5;47;boule
2023-05-02;2016+ : 50 boules / 12 etoiles;boule_1;48;boule
2023-05-02;2016+ : 50 boules / 12 etoiles;etoile_2;7;etoile
2023-05-02;2016+ : 50 boules / 12 etoiles;etoile_1;8;etoile
2023-05-05;2016+ : 50 boules / 12 etoiles;boule_5;3;boule
2023-05-05;2016+ : 50 boules / 12 etoiles;boule_2;8;boule
2023-05-05;2016+ : 50 boules / 12 etoiles;boule_4;18;boule
2023-05-05;2016+ : 50 boules / 12 etoiles;boule_1;34;boule
2023-05-05;2016+ : 50 boules / 12 etoiles;boule_3;49;boule
2023-05-05;2016+ : 50 boules / 12 etoiles;etoile_1;3;etoile
2023-05-05;2016+ : 50 boules / 12 etoiles;etoile_2;7;etoile
2023-05-09;2016+ : 50 boules / 12 etoiles;boule_3;13;boule
2023-05-09;2016+ : 50 boules / 12 etoiles;boule_4;17;boule
2023-05-09;2016+ : 50 boules / 12 etoiles;boule_1;21;boule
2023-05-09;2016+ : 50 boules / 12 etoiles;boule_2;28;boule
2023-05-09;2016+ : 50 boules / 12 etoiles;boule_5;46;boule
2023-05-09;2016+ : 50 boules / 12 etoiles;etoile_2;7;etoile
2023-05-09;2016+ : 50 boules / 12 etoiles;etoile_1;9;etoile
2023-05-12;2016+ : 50 boules / 12 etoiles;boule_1;9;boule
2023-05-12;2016+ : 50 boules / 12 etoiles;boule_5;10;boule
2023-05-12;2016+ : 50 boules / 12 etoiles;boule_3;13;boule
2023-05-12;2016+ : 50 boules / 12 etoiles;boule_4;39;boule
2023-05-12;2016+ : 50 boules / 12 etoiles;boule_2;44;boule
2023-05-12;2016+ : 50 boules / 12 etoiles;etoile_2;4;etoile
2023-05-12;2016+ : 50 boules / 12 etoiles;etoile_1;6;etoile
2023-05-16;2016+ : 50 boules / 12 etoiles;boule_4;4;boule
2023-05-16;2016+ : 50 boules / 12 etoiles;boule_2;6;boule
2023-05-16;2016+ : 50 boules / 12 etoiles;boule_3;9;boule
2023-05-16;2016+ : 50 boules / 12 etoiles;boule_1;14;boule
2023-05-16;2016+ : 50 boules / 12 etoiles;boule_5;37;boule
2023-05-16;2016+ : 50 boules / 12 etoiles;etoile_1;4;etoile
2023-05-16;2016+ : 50 boules / 12 etoiles;etoile_2;11;etoile
2023-05-19;2016+ : 50 boules / 12 etoiles;boule_5;18;boule
2023-05-19;2016+ : 50 boules / 12 etoiles;boule_2;27;boule
2023-05-19;2016+ : 50 boules / 12 etoiles;boule_3;34;boule
2023-05-19;2016+ : 50 boules / 12 etoiles;boule_1;41;boule
2023-05-19;2016+ : 50 boules / 12 etoiles;boule_4;49;boule
2023-05-19;2016+ : 50 boules / 12 etoiles;etoile_1;3;etoile
2023-05-19;2016+ : 50 boules / 12 etoiles;etoile_2;9;etoile
2023-05-23;2016+ : 50 boules / 12 etoiles;boule_2;5;boule
2023-05-23;2016+ : 50 boules / 12 etoiles;boule_4;6;boule
2023-05-23;2016+ : 50 boules / 12 etoiles;boule_3;14;boule
2023-05-23;2016+ : 50 boules / 12 etoiles;boule_5;23;boule
2023-05-23;2016+ : 50 boules / 12 etoiles;boule_1;34;boule
2023-05-23;2016+ : 50 boules / 12 etoiles;etoile_2;2;etoile
2023-05-23;2016+ : 50 boules / 12 etoiles;etoile_1;11;etoile
2023-05-26;2016+ : 50 boules / 12 etoiles;boule_3;15;boule
2023-05-26;2016+ : 50 boules / 12 etoiles;boule_2;25;boule
2023-05-26;2016+ : 50 boules / 12 etoiles;boule_4;37;boule
2023-05-26;2016+ : 50 boules / 12 etoiles;boule_1;38;boule
2023-05-26;2016+ : 50 boules / 12 etoiles;boule_5;41;boule
2023-05-26;2016+ : 50 boules / 12 etoiles;etoile_1;1;etoile
2023-05-26;2016+ : 50 boules / 12 etoiles;etoile_2;7;etoile
2023-05-30;2016+ : 50 boules / 12 etoiles;boule_1;27;boule
2023-05-30;2016+ : 50 boules / 12 etoiles;boule_4;29;boule
2023-05-30;2016+ : 50 boules / 12 etoiles;boule_5;32;boule
2023-05-30;2016+ : 50 boules / 12 etoiles;boule_3;33;boule
2023-05-30;2016+ : 50 boules / 12 etoiles;boule_2;47;boule
2023-05-30;2016+ : 50 boules / 12 etoiles;etoile_2;2;etoile
2023-05-30;2016+ : 50 boules / 12 etoiles;etoile_1;8;etoile
2023-06-02;2016+ : 50 boules / 12 etoiles;boule_2;3;boule
2023-06-02;2016+ : 50 boules / 12 etoiles;boule_5;12;boule
2023-06-02;2016+ : 50 boules / 12 etoiles;boule_3;15;boule
2023-06-02;2016+ : 50 boules / 12 etoiles;boule_1;25;boule
2023-06-02;2016+ : 50 boules / 12 etoiles;boule_4;43;boule
2023-06-02;2016+ : 50 boules / 12 etoiles;etoile_1;10;etoile
2023-06-02;2016+ : 50 boules / 12 etoiles;etoile_2;11;etoile
2023-06-06;2016+ : 50 boules / 12 etoiles;boule_2;13;boule
2023-06-06;2016+ : 50 boules / 12 etoiles;boule_1;21;boule
2023-06-06;2016+ : 50 boules / 12 etoiles;boule_4;32;boule
2023-06-06;2016+ : 50 boules / 12 etoiles;boule_3;39;boule
2023-06-06;2016+ : 50 boules / 12 etoiles;boule_5;50;boule
2023-06-06;2016+ : 50 boules / 12 etoiles;etoile_2;2;etoile
2023-06-06;2016+ : 50 boules / 12 etoiles;etoile_1;10;etoile
2023-06-09;2016+ : 50 boules / 12 etoiles;boule_1;18;boule
2023-06-09;2016+ : 50 boules / 12 etoiles;boule_2;26;boule
2023-06-09;2016+ : 50 boules / 12 etoiles;boule_3;36;boule
2023-06-09;2016+ : 50 boules / 12 etoiles;boule_5;41;boule
2023-06-09;2016+ : 50 boules / 12 etoiles;boule_4;50;boule
2023-06-09;2016+ : 50 boules / 12 etoiles;etoile_1;11;etoile
2023-06-09;2016+ : 50 boules / 12 etoiles;etoile_2;12;etoile
2023-06-13;2016+ : 50 boules / 12 etoiles;boule_1;15;boule
2023-06-13;2016+ : 50 boules / 12 etoiles;boule_2;16;boule
2023-06-13;2016+ : 50 boules / 12 etoiles;boule_3;21;boule
2023-06-13;2016+ : 50 boules / 12 etoiles;boule_5;41;boule
2023-06-13;2016+ : 50 boules / 12 etoiles;boule_4;50;boule
2023-06-13;2016+ : 50 boules / 12 etoiles;etoile_1;5;etoile
2023-06-13;2016+ : 50 boules / 12 etoiles;etoile_2;6;etoile
2023-06-16;2016+ : 50 boules / 12 etoiles;boule_2;7;boule
2023-06-16;2016+ : 50 boules / 12 etoiles;boule_4;26;boule
2023-06-16;2016+ : 50 boules / 12 etoiles;boule_1;34;boule
2023-06-16;2016+ : 50 boules / 12 etoiles;boule_3;41;boule
2023-06-16;2016+ : 50 boules / 12 etoiles;boule_5;44;boule
2023-06-16;2016+ : 50 boules / 12 etoiles;etoile_1;9;etoile
2023-06-16;2016+ : 50 boules / 12 etoiles;etoile_2;11;etoile
2023-06-20;2016+ : 50 boules / 12 etoiles;boule_3;11;boule
2023-06-20;2016+ : 50 boules / 12 etoiles;boule_5;17;boule
2023-06-20;2016+ : 50 boules / 12 etoiles;boule_2;28;boule
2023-06-20;2016+ : 50 boules / 12 etoiles;boule_4;32;boule
2023-06-20;2016+ : 50 boules / 12 etoiles;boule_1;35;boule
2023-06-20;2016+ : 50 boules / 12 etoiles;etoile_2;5;etoile
2023-06-20;2016+ : 50 boules / 12 etoiles;etoile_1;6;etoile
2023-06-23;2016+ : 50 boules / 12 etoiles;boule_5;1;boule
2023-06-23;2016+ : 50 boules / 12 etoiles;boule_2;3;boule
2023-06-23;2016+ : 50 boules / 12 etoiles;boule_1;11;boule
2023-06-23;2016+ : 50 boules / 12 etoiles;boule_3;33;boule
2023-06-23;2016+ : 50 boules / 12 etoiles;boule_4;46;boule
2023-06-23;2016+ : 50 boules / 12 etoiles;etoile_1;10;etoile
2023-06-23;2016+ : 50 boules / 12 etoiles;etoile_2;11;etoile
2023-06-27;2016+ : 50 boules / 12 etoiles;boule_4;17;boule
2023-06-27;2016+ : 50 boules / 12 etoiles;boule_2;22;boule
2023-06-27;2016+ : 50 boules / 12 etoiles;boule_5;23;boule
2023-06-27;2016+ : 50 boules / 12 etoiles;boule_1;27;boule
2023-06-27;2016+ : 50 boules / 12 etoiles;boule_3;44;boule
2023-06-27;2016+ : 50 boules / 12 etoiles;etoile_2;1;etoile
2023-06-27;2016+ : 50 boules / 12 etoiles;etoile_1;7;etoile
2023-06-30;2016+ : 50 boules / 12 etoiles;boule_5;1;boule
2023-06-30;2016+ : 50 boules / 12 etoiles;boule_3;6;boule
2023-06-30;2016+ : 50 boules / 12 etoiles;boule_2;25;boule
2023-06-30;2016+ : 50 boules / 12 etoiles;boule_1;29;boule
2023-06-30;2016+ : 50 boules / 12 etoiles;boule_4;36;boule
2023-06-30;2016+ : 50 boules / 12 etoiles;etoile_2;7;etoile
2023-06-30;2016+ : 50 boules / 12 etoiles;etoile_1;10;etoile
2023-07-04;2016+ : 50 boules / 12 etoiles;boule_5;14;boule
2023-07-04;2016+ : 50 boules / 12 etoiles;boule_4;17;boule
2023-07-04;2016+ : 50 boules / 12 etoiles;boule_1;23;boule
2023-07-04;2016+ : 50 boules / 12 etoiles;boule_2;36;boule
2023-07-04;2016+ : 50 boules / 12 etoiles;boule_3;44;boule
2023-07-04;2016+ : 50 boules / 12 etoiles;etoile_2;2;etoile
2023-07-04;2016+ : 50 boules / 12 etoiles;etoile_1;8;etoile
2023-07-07;2016+ : 50 boules / 12 etoiles;boule_1;2;boule
2023-07-07;2016+ : 50 boules / 12 etoiles;boule_4;11;boule
2023-07-07;2016+ : 50 boules / 12 etoiles;boule_2;12;boule
2023-07-07;2016+ : 50 boules / 12 etoiles;boule_3;19;boule
2023-07-07;2016+ : 50 boules / 12 etoiles;boule_5;38;boule
2023-07-07;2016+ : 50 boules / 12 etoiles;etoile_2;4;etoile
2023-07-07;2016+ : 50 boules / 12 etoiles;etoile_1;8;etoile
2023-07-11;2016+ : 50 boules / 12 etoiles;boule_3;2;boule
2023-07-11;2016+ : 50 boules / 12 etoiles;boule_4;11;boule
2023-07-11;2016+ : 50 boules / 12 etoiles;boule_2;28;boule
2023-07-11;2016+ : 50 boules / 12 etoiles;boule_5;42;boule
2023-07-11;2016+ : 50 boules / 12 etoiles;boule_1;48;boule
2023-07-11;2016+ : 50 boules / 12 etoiles;etoile_1;4;etoile
2023-07-11;2016+ : 50 boules / 12 etoiles;etoile_2;9;etoile
2023-07-14;2016+ : 50 boules / 12 etoiles;boule_1;5;boule
2023-07-14;2016+ : 50 boules / 12 etoiles;boule_4;8;boule
2023-07-14;2016+ : 50 boules / 12 etoiles;boule_2;29;boule
2023-07-14;2016+ : 50 boules / 12 etoiles;boule_5;35;boule
2023-07-14;2016+ : 50 boules / 12 etoiles;boule_3;48;boule
2023-07-14;2016+ : 50 boules / 12 etoiles;etoile_1;5;etoile
2023-07-14;2016+ : 50 boules / 12 etoiles;etoile_2;6;etoile
2023-07-18;2016+ : 50 boules / 12 etoiles;boule_4;4;boule
2023-07-18;2016+ : 50 boules / 12 etoiles;boule_3;12;boule
2023-07-18;2016+ : 50 boules / 12 etoiles;boule_1;34;boule
2023-07-18;2016+ : 50 boules / 12 etoiles;boule_2;35;boule
2023-07-18;2016+ : 50 boules / 12 etoiles;boule_5;45;boule
2023-07-18;2016+ : 50 boules / 12 etoiles;etoile_2;1;etoile
2023-07-18;2016+ : 50 boules / 12 etoiles;etoile_1;9;etoile
2023-07-21;2016+ : 50 boules / 12 etoiles;boule_1;7;boule
2023-07-21;2016+ : 50 boules / 12 etoiles;boule_5;31;boule
2023-07-21;2016+ : 50 boules / 12 etoiles;boule_3;33;boule
2023-07-21;2016+ : 50 boules / 12 etoiles;boule_2;35;boule
2023-07-21;2016+ : 50 boules / 12 etoiles;boule_4;36;boule
2023-07-21;2016+ : 50 boules / 12 etoiles;etoile_2;7;etoile
2023-07-21;2016+ : 50 boules / 12 etoiles;etoile_1;10;etoile
2023-07-25;2016+ : 50 boules / 12 etoiles;boule_4;5;boule
2023-07-25;2016+ : 50 boules / 12 etoiles;boule_2;7;boule
2023-07-25;2016+ : 50 boules / 12 etoiles;boule_1;11;boule
2023-07-25;2016+ : 50 boules / 12 etoiles;boule_3;27;boule
2023-07-25;2016+ : 50 boules / 12 etoiles;boule_5;37;boule
2023-07-25;2016+ : 50 boules / 12 etoiles;etoile_2;6;etoile
2023-07-25;2016+ : 50 boules / 12 etoiles;etoile_1;12;etoile
2023-07-28;2016+ : 50 boules / 12 etoiles;boule_2;7;boule
2023-07-28;2016+ : 50 boules / 12 etoiles;boule_4;32;boule
2023-07-28;2016+ : 50 boules / 12 etoiles;boule_5;33;boule
2023-07-28;2016+ : 50 boules / 12 etoiles;boule_3;34;boule
2023-07-28;2016+ : 50 boules / 12 etoiles;boule_1;38;boule
2023-07-28;2016+ : 50 boules / 12 etoiles;etoile_2;6;etoile
2023-07-28;2016+ : 50 boules / 12 etoiles;etoile_1;9;etoile
2023-08-01;2016+ : 50 boules / 12 etoiles;boule_3;25;boule
2023-08-01;2016+ : 50 boules / 12 etoiles;boule_2;27;boule
2023-08-01;2016+ : 50 boules / 12 etoiles;boule_1;35;boule
2023-08-01;2016+ : 50 boules / 12 etoiles;boule_5;40;boule
2023-08-01;2016+ : 50 boules / 12 etoiles;boule_4;45;boule
2023-08-01;2016+ : 50 boules / 12 etoiles;etoile_1;7;etoile
2023-08-01;2016+ : 50 boules / 12 etoiles;etoile_2;11;etoile
2023-08-04;2016+ : 50 boules / 12 etoiles;boule_1;15;boule
2023-08-04;2016+ : 50 boules / 12 etoiles;boule_4;20;boule
2023-08-04;2016+ : 50 boules / 12 etoiles;boule_2;31;boule
2023-08-04;2016+ : 50 boules / 12 etoiles;boule_5;44;boule
2023-08-04;2016+ : 50 boules / 12 etoiles;boule_3;48;boule
2023-08-04;2016+ : 50 boules / 12 etoiles;etoile_1;1;etoile
2023-08-04;2016+ : 50 boules / 12 etoiles;etoile_2;3;etoile
2023-08-08;2016+ : 50 boules / 12 etoiles;boule_2;8;boule
2023-08-08;2016+ : 50 boules / 12 etoiles;boule_4;9;boule
2023-08-08;2016+ : 50 boules / 12 etoiles;boule_3;33;boule
2023-08-08;2016+ : 50 boules / 12 etoiles;boule_5;35;boule
2023-08-08;2016+ : 50 boules / 12 etoiles;boule_1;40;boule
2023-08-08;2016+ : 50 boules / 12 etoiles;etoile_2;3;etoile
2023-08-08;2016+ : 50 boules / 12 etoiles;etoile_1;6;etoile
2023-08-11;2016+ : 50 boules / 12 etoiles;boule_4;4;boule
2023-08-11;2016+ : 50 boules / 12 etoiles;boule_5;6;boule
2023-08-11;2016+ : 50 boules / 12 etoiles;boule_1;10;boule
2023-08-11;2016+ : 50 boules / 12 etoiles;boule_2;13;boule
2023-08-11;2016+ : 50 boules / 12 etoiles;boule_3;34;boule
2023-08-11;2016+ : 50 boules / 12 etoiles;etoile_1;3;etoile
2023-08-11;2016+ : 50 boules / 12 etoiles;etoile_2;5;etoile
2023-08-15;2016+ : 50 boules / 12 etoiles;boule_1;3;boule
2023-08-15;2016+ : 50 boules / 12 etoiles;boule_3;5;boule
2023-08-15;2016+ : 50 boules / 12 etoiles;boule_5;9;boule
2023-08-15;2016+ : 50 boules / 12 etoiles;boule_2;32;boule
2023-08-15;2016+ : 50 boules / 12 etoiles;boule_4;43;boule
2023-08-15;2016+ : 50 boules / 12 etoiles;etoile_1;6;etoile
2023-08-15;2016+ : 50 boules / 12 etoiles;etoile_2;10;etoile
2023-08-18;2016+ : 50 boules / 12 etoiles;boule_3;23;boule
2023-08-18;2016+ : 50 boules / 12 etoiles;boule_2;25;boule
2023-08-18;2016+ : 50 boules / 12 etoiles;boule_4;30;boule
2023-08-18;2016+ : 50 boules / 12 etoiles;boule_5;44;boule
2023-08-18;2016+ : 50 boules / 12 etoiles;boule_1;47;boule
2023-08-18;2016+ : 50 boules / 12 etoiles;etoile_1;9;etoile
2023-08-18;2016+ : 50 boules / 12 etoiles;etoile_2;12;etoile
2023-08-22;2016+ : 50 boules / 12 etoiles;boule_4;2;boule
2023-08-22;2016+ : 50 boules / 12 etoiles;boule_2;9;boule
2023-08-22;2016+ : 50 boules / 12 etoiles;boule_1;23;boule
2023-08-22;2016+ : 50 boules / 12 etoiles;boule_5;32;boule
2023-08-22;2016+ : 50 boules / 12 etoiles;boule_3;40;boule
2023-08-22;2016+ : 50 boules / 12 etoiles;etoile_1;6;etoile
2023-08-22;2016+ : 50 boules / 12 etoiles;etoile_2;7;etoile
2023-08-25;2016+ : 50 boules / 12 etoiles;boule_3;16;boule
2023-08-25;2016+ : 50 boules / 12 etoiles;boule_5;17;boule
2023-08-25;2016+ : 50 boules / 12 etoiles;boule_4;34;boule
2023-08-25;2016+ : 50 boules / 12 etoiles;boule_2;35;boule
2023-08-25;2016+ : 50 boules / 12 etoiles;boule_1;44;boule
2023-08-25;2016+ : 50 boules / 12 etoiles;etoile_1;5;etoile
2023-08-25;2016+ : 50 boules / 12 etoiles;etoile_2;10;etoile
2023-08-29;2016+ : 50 boules / 12 etoiles;boule_1;21;boule
2023-08-29;2016+ : 50 boules / 12 etoiles;boule_3;23;boule
2023-08-29;2016+ : 50 boules / 12 etoiles;boule_4;32;boule
2023-08-29;2016+ : 50 boules / 12 etoiles;boule_2;40;boule
2023-08-29;2016+ : 50 boules / 12 etoiles;boule_5;49;boule
2023-08-29;2016+ : 50 boules / 12 etoiles;etoile_2;8;etoile
2023-08-29;2016+ : 50 boules / 12 etoiles;etoile_1;11;etoile
2023-09-01;2016+ : 50 boules / 12 etoiles;boule_5;4;boule
2023-09-01;2016+ : 50 boules / 12 etoiles;boule_4;5;boule
2023-09-01;2016+ : 50 boules / 12 etoiles;boule_1;35;boule
2023-09-01;2016+ : 50 boules / 12 etoiles;boule_3;37;boule
2023-09-01;2016+ : 50 boules / 12 etoiles;boule_2;43;boule
2023-09-01;2016+ : 50 boules / 12 etoiles;etoile_1;5;etoile
2023-09-01;2016+ : 50 boules / 12 etoiles;etoile_2;6;etoile
2023-09-05;2016+ : 50 boules / 12 etoiles;boule_4;1;boule
2023-09-05;2016+ : 50 boules / 12 etoiles;boule_3;7;boule
2023-09-05;2016+ : 50 boules / 12 etoiles;boule_5;24;boule
2023-09-05;2016+ : 50 boules / 12 etoiles;boule_1;41;boule
2023-09-05;2016+ : 50 boules / 12 etoiles;boule_2;48;boule
2023-09-05;2016+ : 50 boules / 12 etoiles;etoile_1;10;etoile
2023-09-05;2016+ : 50 boules / 12 etoiles;etoile_2;12;etoile
2023-09-08;2016+ : 50 boules / 12 etoiles;boule_3;10;boule
2023-09-08;2016+ : 50 boules / 12 etoiles;boule_2;20;boule
2023-09-08;2016+ : 50 boules / 12 etoiles;boule_4;21;boule
2023-09-08;2016+ : 50 boules / 12 etoiles;boule_5;26;boule
2023-09-08;2016+ : 50 boules / 12 etoiles;boule_1;33;boule
2023-09-08;2016+ : 50 boules / 12 etoiles;etoile_2;3;etoile
2023-09-08;2016+ : 50 boules / 12 etoiles;etoile_1;4;etoile
2023-09-12;2016+ : 50 boules / 12 etoiles;boule_2;5;boule
2023-09-12;2016+ : 50 boules / 12 etoiles;boule_1;14;boule
2023-09-12;2016+ : 50 boules / 12 etoiles;boule_4;36;boule
2023-09-12;2016+ : 50 boules / 12 etoiles;boule_5;40;boule
2023-09-12;2016+ : 50 boules / 12 etoiles;boule_3;42;boule
2023-09-12;2016+ : 50 boules / 12 etoiles;etoile_2;2;etoile
2023-09-12;2016+ : 50 boules / 12 etoiles;etoile_1;11;etoile
2023-09-15;2016+ : 50 boules / 12 etoiles;boule_3;12;boule
2023-09-15;2016+ : 50 boules / 12 etoiles;boule_5;14;boule
2023-09-15;2016+ : 50 boules / 12 etoiles;boule_1;21;boule
2023-09-15;2016+ : 50 boules / 12 etoiles;boule_2;45;boule
2023-09-15;2016+ : 50 boules / 12 etoiles;boule_4;48;boule
2023-09-15;2016+ : 50 boules / 12 etoiles;etoile_1;8;etoile
2023-09-15;2016+ : 50 boules / 12 etoiles;etoile_2;11;etoile
2023-09-19;2016+ : 50 boules / 12 etoiles;boule_1;10;boule
2023-09-19;2016+ : 50 boules / 12 etoiles;boule_4;15;boule
2023-09-19;2016+ : 50 boules / 12 etoiles;boule_2;31;boule
2023-09-19;2016+ : 50 boules / 12 etoiles;boule_3;41;boule
2023-09-19;2016+ : 50 boules / 12 etoiles;boule_5;42;boule
2023-09-19;2016+ : 50 boules / 12 etoiles;etoile_1;2;etoile
2023-09-19;2016+ : 50 boules / 12 etoiles;etoile_2;5;etoile
2023-09-22;2016+ : 50 boules / 12 etoiles;boule_1;3;boule
2023-09-22;2016+ : 50 boules / 12 etoiles;boule_2;23;boule
2023-09-22;2016+ : 50 boules / 12 etoiles;boule_5;24;boule
2023-09-22;2016+ : 50 boules / 12 etoiles;boule_4;34;boule
2023-09-22;2016+ : 50 boules / 12 etoiles;boule_3;35;boule
2023-09-22;2016+ : 50 boules / 12 etoiles;etoile_2;5;etoile
2023-09-22;2016+ : 50 boules / 12 etoiles;etoile_1;8;etoile
2023-09-26;2016+ : 50 boules / 12 etoiles;boule_4;2;boule
2023-09-26;2016+ : 50 boules / 12 etoiles;boule_2;6;boule
2023-09-26;2016+ : 50 boules / 12 etoiles;boule_1;14;boule
2023-09-26;2016+ : 50 boules / 12 etoiles;boule_5;19;boule
2023-09-26;2016+ : 50 boules / 12 etoiles;boule_3;23;boule
2023-09-26;2016+ : 50 boules / 12 etoiles;etoile_1;5;etoile
2023-09-26;2016+ : 50 boules / 12 etoiles;etoile_2;7;etoile
2023-09-29;2016+ : 50 boules / 12 etoiles;boule_2;9;boule
2023-09-29;2016+ : 50 boules / 12 etoiles;boule_3;11;boule
2023-09-29;2016+ : 50 boules / 12 etoiles;boule_5;13;boule
2023-09-29;2016+ : 50 boules / 12 etoiles;boule_4;21;boule
2023-09-29;2016+ : 50 boules / 12 etoiles;boule_1;32;boule
2023-09-29;2016+ : 50 boules / 12 etoiles;etoile_2;2;etoile
2023-09-29;2016+ : 50 boules / 12 etoiles;etoile_1;7;etoile
2023-10-03;2016+ : 50 boules / 12 etoiles;boule_2;6;boule
2023-10-03;2016+ : 50 boules / 12 etoiles;boule_5;20;boule
2023-10-03;2016+ : 50 boules / 12 etoiles;boule_3;22;boule
2023-10-03;2016+ : 50 boules / 12 etoiles;boule_4;24;boule
2023-10-03;2016+ : 50 boules / 12 etoiles;boule_1;45;boule
2023-10-03;2016+ : 50 boules / 12 etoiles;etoile_2;4;etoile
2023-10-03;2016+ : 50 boules / 12 etoiles;etoile_1;5;etoile
2023-10-06;2016+ : 50 boules / 12 etoiles;boule_3;21;boule
2023-10-06;2016+ : 50 boules / 12 etoiles;boule_4;29;boule
2023-10-06;2016+ : 50 boules / 12 etoiles;boule_1;31;boule
2023-10-06;2016+ : 50 boules / 12 etoiles;boule_5;34;boule
2023-10-06;2016+ : 50 boules / 12 etoiles;boule_2;43;boule
2023-10-06;2016+ : 50 boules / 12 etoiles;etoile_1;2;etoile
2023-10-06;2016+ : 50 boules / 12 etoiles;etoile_2;9;etoile
2023-10-10;2016+ : 50 boules / 12 etoiles;boule_1;18;boule
2023-10-10;2016+ : 50 boules / 12 etoiles;boule_3;20;boule
2023-10-10;2016+ : 50 boules / 12 etoiles;boule_4;22;boule
2023-10-10;2016+ : 50 boules / 12 etoiles;boule_2;33;boule
2023-10-10;2016+ : 50 boules / 12 etoiles;boule_5;43;boule
2023-10-10;2016+ : 50 boules / 12 etoiles;etoile_1;3;etoile
2023-10-10;2016+ : 50 boules / 12 etoiles;etoile_2;9;etoile
2023-10-13;2016+ : 50 boules / 12 etoiles;boule_3;21;boule
2023-10-13;2016+ : 50 boules / 12 etoiles;boule_2;26;boule
2023-10-13;2016+ : 50 boules / 12 etoiles;boule_5;28;boule
2023-10-13;2016+ : 50 boules / 12 etoiles;boule_4;40;boule
2023-10-13;2016+ : 50 boules / 12 etoiles;boule_1;41;boule
2023-10-13;2016+ : 50 boules / 12 etoiles;etoile_2;2;etoile
2023-10-13;2016+ : 50 boules / 12 etoiles;etoile_1;4;etoile
2023-10-17;2016+ : 50 boules / 12 etoiles;boule_3;10;boule
2023-10-17;2016+ : 50 boules / 12 etoiles;boule_5;17;boule
2023-10-17;2016+ : 50 boules / 12 etoiles;boule_2;20;boule
2023-10-17;2016+ : 50 boules / 12 etoiles;boule_4;35;boule
2023-10-17;2016+ : 50 boules / 12 etoiles;boule_1;40;boule
2023-10-17;2016+ : 50 boules / 12 etoiles;etoile_2;3;etoile
2023-10-17;2016+ : 50 boules / 12 etoiles;etoile_1;4;etoile
2023-10-20;2016+ : 50 boules / 12 etoiles;boule_4;2;boule
2023-10-20;2016+ : 50 boules / 12 etoiles;boule_1;20;boule
2023-10-20;2016+ : 50 boules / 12 etoiles;boule_3;28;boule
2023-10-20;2016+ : 50 boules / 12 etoiles;boule_2;40;boule
2023-10-20;2016+ : 50 boules / 12 etoiles;boule_5;45;boule
2023-10-20;2016+ : 50 boules / 12 etoiles;etoile_2;1;etoile
2023-10-20;2016+ : 50 boules / 12 etoiles;etoile_1;5;etoile
2023-10-24;2016+ : 50 boules / 12 etoiles;boule_3;8;boule
2023-10-24;2016+ : 50 boules / 12 etoiles;boule_2;16;boule
2023-10-24;2016+ : 50 boules / 12 etoiles;boule_1;18;boule
2023-10-24;2016+ : 50 boules / 12 etoiles;boule_4;31;boule
2023-10-24;2016+ : 50 boules / 12 etoiles;boule_5;34;boule
2023-10-24;2016+ : 50 boules / 12 etoiles;etoile_1;6;etoile
2023-10-24;2016+ : 50 boules / 12 etoiles;etoile_2;9;etoile
2023-10-27;2016+ : 50 boules / 12 etoiles;boule_1;29;boule
2023-10-27;2016+ : 50 boules / 12 etoiles;boule_3;33;boule
2023-10-27;2016+ : 50 boules / 12 etoiles;boule_5;35;boule
2023-10-27;2016+ : 50 boules / 12 etoiles;boule_2;48;boule
2023-10-27;2016+ : 50 boules / 12 etoiles;boule_4;49;boule
2023-10-27;2016+ : 50 boules / 12 etoiles;etoile_2;3;etoile
2023-10-27;2016+ : 50 boules / 12 etoiles;etoile_1;8;etoile
2023-10-31;2016+ : 50 boules / 12 etoiles;boule_3;5;boule
2023-10-31;2016+ : 50 boules / 12 etoiles;boule_5;7;boule
2023-10-31;2016+ : 50 boules / 12 etoiles;boule_1;20;boule
2023-10-31;2016+ : 50 boules / 12 etoiles;boule_2;40;boule
2023-10-31;2016+ : 50 boules / 12 etoiles;boule_4;50;boule
2023-10-31;2016+ : 50 boules / 12 etoiles;etoile_2;2;etoile
2023-10-31;2016+ : 50 boules / 12 etoiles;etoile_1;10;etoile
2023-11-03;2016+ : 50 boules / 12 etoiles;boule_5;8;boule
2023-11-03;2016+ : 50 boules / 12 etoiles;boule_3;21;boule
2023-11-03;2016+ : 50 boules / 12 etoiles;boule_1;31;boule
2023-11-03;2016+ : 50 boules / 12 etoiles;boule_4;39;boule
2023-11-03;2016+ : 50 boules / 12 etoiles;boule_2;47;boule
2023-11-03;2016+ : 50 boules / 12 etoiles;etoile_2;5;etoile
2023-11-03;2016+ : 50 boules / 12 etoiles;etoile_1;9;etoile
2023-11-07;2016+ : 50 boules / 12 etoiles;boule_1;8;boule
2023-11-07;2016+ : 50 boules / 12 etoiles;boule_2;10;boule
2023-11-07;2016+ : 50 boules / 12 etoiles;boule_3;11;boule
2023-11-07;2016+ : 50 boules / 12 etoiles;boule_5;30;boule
2023-11-07;2016+ : 50 boules / 12 etoiles;boule_4;39;boule
2023-11-07;2016+ : 50 boules / 12 etoiles;etoile_2;4;etoile
2023-11-07;2016+ : 50 boules / 12 etoiles;etoile_1;10;etoile
2023-11-10;2016+ : 50 boules / 12 etoiles;boule_3;10;boule
2023-11-10;2016+ : 50 boules / 12 etoiles;boule_4;21;boule
2023-11-10;2016+ : 50 boules / 12 etoiles;boule_1;30;boule
2023-11-10;2016+ : 50 boules / 12 etoiles;boule_5;38;boule
2023-11-10;2016+ : 50 boules / 12 etoiles;boule_2;42;boule
2023-11-10;2016+ : 50 boules / 12 etoiles;etoile_2;2;etoile
2023-11-10;2016+ : 50 boules / 12 etoiles;etoile_1;12;etoile
2023-11-14;2016+ : 50 boules / 12 etoiles;boule_1;13;boule
2023-11-14;2016+ : 50 boules / 12 etoiles;boule_4;16;boule
2023-11-14;2016+ : 50 boules / 12 etoiles;boule_3;36;boule
2023-11-14;2016+ : 50 boules / 12 etoiles;boule_5;44;boule
2023-11-14;2016+ : 50 boules / 12 etoiles;boule_2;50;boule
2023-11-14;2016+ : 50 boules / 12 etoiles;etoile_1;3;etoile
2023-11-14;2016+ : 50 boules / 12 etoiles;etoile_2;5;etoile
2023-11-17;2016+ : 50 boules / 12 etoiles;boule_4;2;boule
2023-11-17;2016+ : 50 boules / 12 etoiles;boule_3;24;boule
2023-11-17;2016+ : 50 boules / 12 etoiles;boule_1;26;boule
2023-11-17;2016+ : 50 boules / 12 etoiles;boule_5;46;boule
2023-11-17;2016+ : 50 boules / 12 etoiles;boule_2;50;boule
2023-11-17;2016+ : 50 boules / 12 etoiles;etoile_1;2;etoile
2023-11-17;2016+ : 50 boules / 12 etoiles;etoile_2;7;etoile
2023-11-21;2016+ : 50 boules / 12 etoiles;boule_5;19;boule
2023-11-21;2016+ : 50 boules / 12 etoiles;boule_3;29;boule
2023-11-21;2016+ : 50 boules / 12 etoiles;boule_4;34;boule
2023-11-21;2016+ : 50 boules / 12 etoiles;boule_1;46;boule
2023-11-21;2016+ : 50 boules / 12 etoiles;boule_2;47;boule
2023-11-21;2016+ : 50 boules / 12 etoiles;etoile_1;2;etoile
2023-11-21;2016+ : 50 boules / 12 etoiles;etoile_2;3;etoile
2023-11-24;2016+ : 50 boules / 12 etoiles;boule_2;15;boule
2023-11-24;2016+ : 50 boules / 12 etoiles;boule_4;20;boule
2023-11-24;2016+ : 50 boules / 12 etoiles;boule_3;29;boule
2023-11-24;2016+ : 50 boules / 12 etoiles;boule_5;39;boule
2023-11-24;2016+ : 50 boules / 12 etoiles;boule_1;48;boule
2023-11-24;2016+ : 50 boules / 12 etoiles;etoile_2;1;etoile
2023-11-24;2016+ : 50 boules / 12 etoiles;etoile_1;7;etoile
2023-11-28;2016+ : 50 boules / 12 etoiles;boule_3;12;boule
2023-11-28;2016+ : 50 boules / 12 etoiles;boule_5;16;boule
2023-11-28;2016+ : 50 boules / 12 etoiles;boule_1;27;boule
2023-11-28;2016+ : 50 boules / 12 etoiles;boule_4;33;boule
2023-11-28;2016+ : 50 boules / 12 etoiles;boule_2;44;boule
2023-11-28;2016+ : 50 boules / 12 etoiles;etoile_1;7;etoile
2023-11-28;2016+ : 50 boules / 12 etoiles;etoile_2;8;etoile
2023-12-01;2016+ : 50 boules / 12 etoiles;boule_3;4;boule
2023-12-01;2016+ : 50 boules / 12 etoiles;boule_2;10;boule
2023-12-01;2016+ : 50 boules / 12 etoiles;boule_4;14;boule
2023-12-01;2016+ : 50 boules / 12 etoiles;boule_1;38;boule
2023-12-01;2016+ : 50 boules / 12 etoiles;boule_5;50;boule
2023-12-01;2016+ : 50 boules / 12 etoiles;etoile_1;9;etoile
2023-12-01;2016+ : 50 boules / 12 etoiles;etoile_2;12;etoile
2023-12-05;2016+ : 50 boules / 12 etoiles;boule_3;4;boule
2023-12-05;2016+ : 50 boules / 12 etoiles;boule_1;6;boule
2023-12-05;2016+ : 50 boules / 12 etoiles;boule_2;20;boule
2023-12-05;2016+ : 50 boules / 12 etoiles;boule_4;24;boule
2023-12-05;2016+ : 50 boules / 12 etoiles;boule_5;25;boule
2023-12-05;2016+ : 50 boules / 12 etoiles;etoile_1;5;etoile
2023-12-05;2016+ : 50 boules / 12 etoiles;etoile_2;9;etoile
2023-12-08;2016+ : 50 boules / 12 etoiles;boule_5;17;boule
2023-12-08;2016+ : 50 boules / 12 etoiles;boule_2;30;boule
2023-12-08;2016+ : 50 boules / 12 etoiles;boule_4;42;boule
2023-12-08;2016+ : 50 boules / 12 etoiles;boule_1;48;boule
2023-12-08;2016+ : 50 boules / 12 etoiles;boule_3;50;boule
2023-12-08;2016+ : 50 boules / 12 etoiles;etoile_1;4;etoile
2023-12-08;2016+ : 50 boules / 12 etoiles;etoile_2;8;etoile
2023-12-12;2016+ : 50 boules / 12 etoiles;boule_5;6;boule
2023-12-12;2016+ : 50 boules / 12 etoiles;boule_3;28;boule
2023-12-12;2016+ : 50 boules / 12 etoiles;boule_4;37;boule
2023-12-12;2016+ : 50 boules / 12 etoiles;boule_2;39;boule
2023-12-12;2016+ : 50 boules / 12 etoiles;boule_1;43;boule
2023-12-12;2016+ : 50 boules / 12 etoiles;etoile_1;9;etoile
2023-12-12;2016+ : 50 boules / 12 etoiles;etoile_2;12;etoile
2023-12-15;2016+ : 50 boules / 12 etoiles;boule_1;2;boule
2023-12-15;2016+ : 50 boules / 12 etoiles;boule_2;13;boule
2023-12-15;2016+ : 50 boules / 12 etoiles;boule_3;37;boule
2023-12-15;2016+ : 50 boules / 12 etoiles;boule_4;38;boule
2023-12-15;2016+ : 50 boules / 12 etoiles;boule_5;48;boule
2023-12-15;2016+ : 50 boules / 12 etoiles;etoile_2;5;etoile
2023-12-15;2016+ : 50 boules / 12 etoiles;etoile_1;9;etoile
2023-12-19;2016+ : 50 boules / 12 etoiles;boule_5;10;boule
2023-12-19;2016+ : 50 boules / 12 etoiles;boule_1;20;boule
2023-12-19;2016+ : 50 boules / 12 etoiles;boule_3;41;boule
2023-12-19;2016+ : 50 boules / 12 etoiles;boule_2;43;boule
2023-12-19;2016+ : 50 boules / 12 etoiles;boule_4;45;boule
2023-12-19;2016+ : 50 boules / 12 etoiles;etoile_2;2;etoile
2023-12-19;2016+ : 50 boules / 12 etoiles;etoile_1;12;etoile
2023-12-22;2016+ : 50 boules / 12 etoiles;boule_5;6;boule
2023-12-22;2016+ : 50 boules / 12 etoiles;boule_1;14;boule
2023-12-22;2016+ : 50 boules / 12 etoiles;boule_3;34;boule
2023-12-22;2016+ : 50 boules / 12 etoiles;boule_4;44;boule
2023-12-22;2016+ : 50 boules / 12 etoiles;boule_2;49;boule
2023-12-22;2016+ : 50 boules / 12 etoiles;etoile_2;4;etoile
2023-12-22;2016+ : 50 boules / 12 etoiles;etoile_1;12;etoile
2023-12-26;2016+ : 50 boules / 12 etoiles;boule_3;8;boule
2023-12-26;2016+ : 50 boules / 12 etoiles;boule_2;27;boule
2023-12-26;2016+ : 50 boules / 12 etoiles;boule_4;30;boule
2023-12-26;2016+ : 50 boules / 12 etoiles;boule_5;35;boule
2023-12-26;2016+ : 50 boules / 12 etoiles;boule_1;47;boule
2023-12-26;2016+ : 50 boules / 12 etoiles;etoile_1;9;etoile
2023-12-26;2016+ : 50 boules / 12 etoiles;etoile_2;10;etoile
2023-12-29;2016+ : 50 boules / 12 etoiles;boule_1;2;boule
2023-12-29;2016+ : 50 boules / 12 etoiles;boule_5;3;boule
2023-12-29;2016+ : 50 boules / 12 etoiles;boule_3;19;boule
2023-12-29;2016+ : 50 boules / 12 etoiles;boule_2;36;boule
2023-12-29;2016+ : 50 boules / 12 etoiles;boule_4;37;boule
2023-12-29;2016+ : 50 boules / 12 etoiles;etoile_2;6;etoile
2023-12-29;2016+ : 50 boules / 12 etoiles;etoile_1;9;etoile
2024-01-02;2016+ : 50 boules / 12 etoiles;boule_1;7;boule
2024-01-02;2016+ : 50 boules / 12 etoiles;boule_5;15;boule
2024-01-02;2016+ : 50 boules / 12 etoiles;boule_2;18;boule
2024-01-02;2016+ : 50 boules / 12 etoiles;boule_4;46;boule
2024-01-02;2016+ : 50 boules / 12 etoiles;boule_3;49;boule
2024-01-02;2016+ : 50 boules / 12 etoiles;etoile_2;10;etoile
2024-01-02;2016+ : 50 boules / 12 etoiles;etoile_1;12;etoile
2024-01-05;2016+ : 50 boules / 12 etoiles;boule_2;4;boule
2024-01-05;2016+ : 50 boules / 12 etoiles;boule_4;7;boule
2024-01-05;2016+ : 50 boules / 12 etoiles;boule_1;18;boule
2024-01-05;2016+ : 50 boules / 12 etoiles;boule_3;39;boule
2024-01-05;2016+ : 50 boules / 12 etoiles;boule_5;50;boule
2024-01-05;2016+ : 50 boules / 12 etoiles;etoile_2;3;etoile
2024-01-05;2016+ : 50 boules / 12 etoiles;etoile_1;8;etoile
2024-01-09;2016+ : 50 boules / 12 etoiles;boule_3;2;boule
2024-01-09;2016+ : 50 boules / 12 etoiles;boule_2;9;boule
2024-01-09;2016+ : 50 boules / 12 etoiles;boule_1;12;boule
2024-01-09;2016+ : 50 boules / 12 etoiles;boule_4;39;boule
2024-01-09;2016+ : 50 boules / 12 etoiles;boule_5;40;boule
2024-01-09;2016+ : 50 boules / 12 etoiles;etoile_2;1;etoile
2024-01-09;2016+ : 50 boules / 12 etoiles;etoile_1;3;etoile
2024-01-12;2016+ : 50 boules / 12 etoiles;boule_2;16;boule
2024-01-12;2016+ : 50 boules / 12 etoiles;boule_3;17;boule
2024-01-12;2016+ : 50 boules / 12 etoiles;boule_1;18;boule
2024-01-12;2016+ : 50 boules / 12 etoiles;boule_5;45;boule
2024-01-12;2016+ : 50 boules / 12 etoiles;boule_4;49;boule
2024-01-12;2016+ : 50 boules / 12 etoiles;etoile_1;9;etoile
2024-01-12;2016+ : 50 boules / 12 etoiles;etoile_2;12;etoile
2024-01-16;2016+ : 50 boules / 12 etoiles;boule_5;10;boule
2024-01-16;2016+ : 50 boules / 12 etoiles;boule_1;18;boule
2024-01-16;2016+ : 50 boules / 12 etoiles;boule_2;21;boule
2024-01-16;2016+ : 50 boules / 12 etoiles;boule_3;33;boule
2024-01-16;2016+ : 50 boules / 12 etoiles;boule_4;45;boule
2024-01-16;2016+ : 50 boules / 12 etoiles;etoile_2;8;etoile
2024-01-16;2016+ : 50 boules / 12 etoiles;etoile_1;12;etoile
2024-01-19;2016+ : 50 boules / 12 etoiles;boule_2;27;boule
2024-01-19;2016+ : 50 boules / 12 etoiles;boule_3;28;boule
2024-01-19;2016+ : 50 boules / 12 etoiles;boule_5;44;boule
2024-01-19;2016+ : 50 boules / 12 etoiles;boule_4;48;boule
2024-01-19;2016+ : 50 boules / 12 etoiles;boule_1;50;boule
2024-01-19;2016+ : 50 boules / 12 etoiles;etoile_1;7;etoile
2024-01-19;2016+ : 50 boules / 12 etoiles;etoile_2;12;etoile
2024-01-23;2016+ : 50 boules / 12 etoiles;boule_3;14;boule
2024-01-23;2016+ : 50 boules / 12 etoiles;boule_2;23;boule
2024-01-23;2016+ : 50 boules / 12 etoiles;boule_5;39;boule
2024-01-23;2016+ : 50 boules / 12 etoiles;boule_1;48;boule
2024-01-23;2016+ : 50 boules / 12 etoiles;boule_4;50;boule
2024-01-23;2016+ : 50 boules / 12 etoiles;etoile_2;3;etoile
2024-01-23;2016+ : 50 boules / 12 etoiles;etoile_1;12;etoile
2024-01-26;2016+ : 50 boules / 12 etoiles;boule_4;8;boule
2024-01-26;2016+ : 50 boules / 12 etoiles;boule_2;19;boule
2024-01-26;2016+ : 50 boules / 12 etoiles;boule_1;32;boule
2024-01-26;2016+ : 50 boules / 12 etoiles;boule_3;41;boule
2024-01-26;2016+ : 50 boules / 12 etoiles;boule_5;42;boule
2024-01-26;2016+ : 50 boules / 12 etoiles;etoile_2;9;etoile
2024-01-26;2016+ : 50 boules / 12 etoiles;etoile_1;12;etoile
2024-01-30;2016+ : 50 boules / 12 etoiles;boule_3;5;boule
2024-01-30;2016+ : 50 boules / 12 etoiles;boule_1;10;boule
2024-01-30;2016+ : 50 boules / 12 etoiles;boule_5;19;boule
2024-01-30;2016+ : 50 boules / 12 etoiles;boule_2;27;boule
2024-01-30;2016+ : 50 boules / 12 etoiles;boule_4;30;boule
2024-01-30;2016+ : 50 boules / 12 etoiles;etoile_2;5;etoile
2024-01-30;2016+ : 50 boules / 12 etoiles;etoile_1;6;etoile
2024-02-02;2016+ : 50 boules / 12 etoiles;boule_1;13;boule
2024-02-02;2016+ : 50 boules / 12 etoiles;boule_5;20;boule
2024-02-02;2016+ : 50 boules / 12 etoiles;boule_4;23;boule
2024-02-02;2016+ : 50 boules / 12 etoiles;boule_3;27;boule
2024-02-02;2016+ : 50 boules / 12 etoiles;boule_2;42;boule
2024-02-02;2016+ : 50 boules / 12 etoiles;etoile_2;5;etoile
2024-02-02;2016+ : 50 boules / 12 etoiles;etoile_1;9;etoile
2024-02-06;2016+ : 50 boules / 12 etoiles;boule_3;2;boule
2024-02-06;2016+ : 50 boules / 12 etoiles;boule_2;7;boule
2024-02-06;2016+ : 50 boules / 12 etoiles;boule_5;21;boule
2024-02-06;2016+ : 50 boules / 12 etoiles;boule_4;28;boule
2024-02-06;2016+ : 50 boules / 12 etoiles;boule_1;45;boule
2024-02-06;2016+ : 50 boules / 12 etoiles;etoile_2;5;etoile
2024-02-06;2016+ : 50 boules / 12 etoiles;etoile_1;11;etoile
2024-02-09;2016+ : 50 boules / 12 etoiles;boule_5;23;boule
2024-02-09;2016+ : 50 boules / 12 etoiles;boule_4;24;boule
2024-02-09;2016+ : 50 boules / 12 etoiles;boule_2;35;boule
2024-02-09;2016+ : 50 boules / 12 etoiles;boule_1;37;boule
2024-02-09;2016+ : 50 boules / 12 etoiles;boule_3;45;boule
2024-02-09;2016+ : 50 boules / 12 etoiles;etoile_2;9;etoile
2024-02-09;2016+ : 50 boules / 12 etoiles;etoile_1;12;etoile
2024-02-13;2016+ : 50 boules / 12 etoiles;boule_1;13;boule
2024-02-13;2016+ : 50 boules / 12 etoiles;boule_4;17;boule
2024-02-13;2016+ : 50 boules / 12 etoiles;boule_2;18;boule
2024-02-13;2016+ : 50 boules / 12 etoiles;boule_5;20;boule
2024-02-13;2016+ : 50 boules / 12 etoiles;boule_3;46;boule
2024-02-13;2016+ : 50 boules / 12 etoiles;etoile_2;4;etoile
2024-02-13;2016+ : 50 boules / 12 etoiles;etoile_1;9;etoile
2024-02-16;2016+ : 50 boules / 12 etoiles;boule_5;8;boule
2024-02-16;2016+ : 50 boules / 12 etoiles;boule_3;13;boule
2024-02-16;2016+ : 50 boules / 12 etoiles;boule_2;14;boule
2024-02-16;2016+ : 50 boules / 12 etoiles;boule_4;24;boule
2024-02-16;2016+ : 50 boules / 12 etoiles;boule_1;26;boule
2024-02-16;2016+ : 50 boules / 12 etoiles;etoile_1;1;etoile
2024-02-16;2016+ : 50 boules / 12 etoiles;etoile_2;2;etoile
2024-02-20;2016+ : 50 boules / 12 etoiles;boule_5;23;boule
2024-02-20;2016+ : 50 boules / 12 etoiles;boule_2;31;boule
2024-02-20;2016+ : 50 boules / 12 etoiles;boule_3;37;boule
2024-02-20;2016+ : 50 boules / 12 etoiles;boule_1;42;boule
2024-02-20;2016+ : 50 boules / 12 etoiles;boule_4;48;boule
2024-02-20;2016+ : 50 boules / 12 etoiles;etoile_2;3;etoile
2024-02-20;2016+ : 50 boules / 12 etoiles;etoile_1;7;etoile
2024-02-23;2016+ : 50 boules / 12 etoiles;boule_4;24;boule
2024-02-23;2016+ : 50 boules / 12 etoiles;boule_1;27;boule
2024-02-23;2016+ : 50 boules / 12 etoiles;boule_5;28;boule
2024-02-23;2016+ : 50 boules / 12 etoiles;boule_3;30;boule
2024-02-23;2016+ : 50 boules / 12 etoiles;boule_2;49;boule
2024-02-23;2016+ : 50 boules / 12 etoiles;etoile_1;1;etoile
2024-02-23;2016+ : 50 boules / 12 etoiles;etoile_2;12;etoile
2024-02-27;2016+ : 50 boules / 12 etoiles;boule_2;3;boule
2024-02-27;2016+ : 50 boules / 12 etoiles;boule_3;4;boule
2024-02-27;2016+ : 50 boules / 12 etoiles;boule_4;9;boule
2024-02-27;2016+ : 50 boules / 12 etoiles;boule_5;12;boule
2024-02-27;2016+ : 50 boules / 12 etoiles;boule_1;20;boule
2024-02-27;2016+ : 50 boules / 12 etoiles;etoile_1;5;etoile
2024-02-27;2016+ : 50 boules / 12 etoiles;etoile_2;6;etoile
2024-03-01;2016+ : 50 boules / 12 etoiles;boule_3;4;boule
2024-03-01;2016+ : 50 boules / 12 etoiles;boule_5;7;boule
2024-03-01;2016+ : 50 boules / 12 etoiles;boule_4;19;boule
2024-03-01;2016+ : 50 boules / 12 etoiles;boule_2;20;boule
2024-03-01;2016+ : 50 boules / 12 etoiles;boule_1;34;boule
2024-03-01;2016+ : 50 boules / 12 etoiles;etoile_1;2;etoile
2024-03-01;2016+ : 50 boules / 12 etoiles;etoile_2;4;etoile
2024-03-05;2016+ : 50 boules / 12 etoiles;boule_3;2;boule
2024-03-05;2016+ : 50 boules / 12 etoiles;boule_5;15;boule
2024-03-05;2016+ : 50 boules / 12 etoiles;boule_4;17;boule
2024-03-05;2016+ : 50 boules / 12 etoiles;boule_1;23;boule
2024-03-05;2016+ : 50 boules / 12 etoiles;boule_2;36;boule
2024-03-05;2016+ : 50 boules / 12 etoiles;etoile_2;3;etoile
2024-03-05;2016+ : 50 boules / 12 etoiles;etoile_1;8;etoile
2024-03-08;2016+ : 50 boules / 12 etoiles;boule_3;8;boule
2024-03-08;2016+ : 50 boules / 12 etoiles;boule_2;11;boule
2024-03-08;2016+ : 50 boules / 12 etoiles;boule_1;12;boule
2024-03-08;2016+ : 50 boules / 12 etoiles;boule_5;16;boule
2024-03-08;2016+ : 50 boules / 12 etoiles;boule_4;44;boule
2024-03-08;2016+ : 50 boules / 12 etoiles;etoile_1;4;etoile
2024-03-08;2016+ : 50 boules / 12 etoiles;etoile_2;7;etoile
2024-03-12;2016+ : 50 boules / 12 etoiles;boule_4;13;boule
2024-03-12;2016+ : 50 boules / 12 etoiles;boule_3;19;boule
2024-03-12;2016+ : 50 boules / 12 etoiles;boule_1;30;boule
2024-03-12;2016+ : 50 boules / 12 etoiles;boule_2;38;boule
2024-03-12;2016+ : 50 boules / 12 etoiles;boule_5;46;boule
2024-03-12;2016+ : 50 boules / 12 etoiles;etoile_1;4;etoile
2024-03-12;2016+ : 50 boules / 12 etoiles;etoile_2;12;etoile
2024-03-15;2016+ : 50 boules / 12 etoiles;boule_5;1;boule
2024-03-15;2016+ : 50 boules / 12 etoiles;boule_4;4;boule
2024-03-15;2016+ : 50 boules / 12 etoiles;boule_1;31;boule
2024-03-15;2016+ : 50 boules / 12 etoiles;boule_3;34;boule
2024-03-15;2016+ : 50 boules / 12 etoiles;boule_2;40;boule
2024-03-15;2016+ : 50 boules / 12 etoiles;etoile_1;4;etoile
2024-03-15;2016+ : 50 boules / 12 etoiles;etoile_2;5;etoile
2024-03-19;2016+ : 50 boules / 12 etoiles;boule_3;7;boule
2024-03-19;2016+ : 50 boules / 12 etoiles;boule_5;16;boule
2024-03-19;2016+ : 50 boules / 12 etoiles;boule_2;18;boule
2024-03-19;2016+ : 50 boules / 12 etoiles;boule_4;20;boule
2024-03-19;2016+ : 50 boules / 12 etoiles;boule_1;32;boule
2024-03-19;2016+ : 50 boules / 12 etoiles;etoile_1;1;etoile
2024-03-19;2016+ : 50 boules / 12 etoiles;etoile_2;3;etoile
2024-03-22;2016+ : 50 boules / 12 etoiles;boule_2;8;boule
2024-03-22;2016+ : 50 boules / 12 etoiles;boule_4;11;boule
2024-03-22;2016+ : 50 boules / 12 etoiles;boule_5;23;boule
2024-03-22;2016+ : 50 boules / 12 etoiles;boule_1;32;boule
2024-03-22;2016+ : 50 boules / 12 etoiles;boule_3;44;boule
2024-03-22;2016+ : 50 boules / 12 etoiles;etoile_1;9;etoile
2024-03-22;2016+ : 50 boules / 12 etoiles;etoile_2;10;etoile
2024-03-26;2016+ : 50 boules / 12 etoiles;boule_5;2;boule
2024-03-26;2016+ : 50 boules / 12 etoiles;boule_4;13;boule
2024-03-26;2016+ : 50 boules / 12 etoiles;boule_1;14;boule
2024-03-26;2016+ : 50 boules / 12 etoiles;boule_2;26;boule
2024-03-26;2016+ : 50 boules / 12 etoiles;boule_3;29;boule
2024-03-26;2016+ : 50 boules / 12 etoiles;etoile_1;5;etoile
2024-03-26;2016+ : 50 boules / 12 etoiles;etoile_2;6;etoile
2024-03-29;2016+ : 50 boules / 12 etoiles;boule_5;16;boule
2024-03-29;2016+ : 50 boules / 12 etoiles;boule_4;17;boule
2024-03-29;2016+ : 50 boules / 12 etoiles;boule_2;35;boule
2024-03-29;2016+ : 50 boules / 12 etoiles;boule_3;36;boule
2024-03-29;2016+ : 50 boules / 12 etoiles;boule_1;49;boule
2024-03-29;2016+ : 50 boules / 12 etoiles;etoile_2;1;etoile
2024-03-29;2016+ : 50 boules / 12 etoiles;etoile_1;10;etoile
2024-04-02;2016+ : 50 boules / 12 etoiles;boule_2;1;boule
2024-04-02;2016+ : 50 boules / 12 etoiles;boule_4;23;boule
2024-04-02;2016+ : 50 boules / 12 etoiles;boule_5;31;boule
2024-04-02;2016+ : 50 boules / 12 etoiles;boule_1;36;boule
2024-04-02;2016+ : 50 boules / 12 etoiles;boule_3;48;boule
2024-04-02;2016+ : 50 boules / 12 etoiles;etoile_2;5;etoile
2024-04-02;2016+ : 50 boules / 12 etoiles;etoile_1;8;etoile
2024-04-05;2016+ : 50 boules / 12 etoiles;boule_5;13;boule
2024-04-05;2016+ : 50 boules / 12 etoiles;boule_4;18;boule
2024-04-05;2016+ : 50 boules / 12 etoiles;boule_1;26;boule
2024-04-05;2016+ : 50 boules / 12 etoiles;boule_3;35;boule
2024-04-05;2016+ : 50 boules / 12 etoiles;boule_2;37;boule
2024-04-05;2016+ : 50 boules / 12 etoiles;etoile_2;8;etoile
2024-04-05;2016+ : 50 boules / 12 etoiles;etoile_1;11;etoile
2024-04-09;2016+ : 50 boules / 12 etoiles;boule_3;19;boule
2024-04-09;2016+ : 50 boules / 12 etoiles;boule_4;23;boule
2024-04-09;2016+ : 50 boules / 12 etoiles;boule_5;26;boule
2024-04-09;2016+ : 50 boules / 12 etoiles;boule_1;27;boule
2024-04-09;2016+ : 50 boules / 12 etoiles;boule_2;46;boule
2024-04-09;2016+ : 50 boules / 12 etoiles;etoile_1;2;etoile
2024-04-09;2016+ : 50 boules / 12 etoiles;etoile_2;10;etoile
2024-04-12;2016+ : 50 boules / 12 etoiles;boule_4;2;boule
2024-04-12;2016+ : 50 boules / 12 etoiles;boule_5;3;boule
2024-04-12;2016+ : 50 boules / 12 etoiles;boule_3;12;boule
2024-04-12;2016+ : 50 boules / 12 etoiles;boule_2;16;boule
2024-04-12;2016+ : 50 boules / 12 etoiles;boule_1;45;boule
2024-04-12;2016+ : 50 boules / 12 etoiles;etoile_2;2;etoile
2024-04-12;2016+ : 50 boules / 12 etoiles;etoile_1;11;etoile
2024-04-16;2016+ : 50 boules / 12 etoiles;boule_5;22;boule
2024-04-16;2016+ : 50 boules / 12 etoiles;boule_4;29;boule
2024-04-16;2016+ : 50 boules / 12 etoiles;boule_2;31;boule
2024-04-16;2016+ : 50 boules / 12 etoiles;boule_1;39;boule
2024-04-16;2016+ : 50 boules / 12 etoiles;boule_3;46;boule
2024-04-16;2016+ : 50 boules / 12 etoiles;etoile_1;3;etoile
2024-04-16;2016+ : 50 boules / 12 etoiles;etoile_2;7;etoile
2024-04-19;2016+ : 50 boules / 12 etoiles;boule_1;10;boule
2024-04-19;2016+ : 50 boules / 12 etoiles;boule_2;20;boule
2024-04-19;2016+ : 50 boules / 12 etoiles;boule_4;40;boule
2024-04-19;2016+ : 50 boules / 12 etoiles;boule_5;44;boule
2024-04-19;2016+ : 50 boules / 12 etoiles;boule_3;46;boule
2024-04-19;2016+ : 50 boules / 12 etoiles;etoile_1;1;etoile
2024-04-19;2016+ : 50 boules / 12 etoiles;etoile_2;3;etoile
2024-04-23;2016+ : 50 boules / 12 etoiles;boule_4;6;boule
2024-04-23;2016+ : 50 boules / 12 etoiles;boule_1;9;boule
2024-04-23;2016+ : 50 boules / 12 etoiles;boule_3;11;boule
2024-04-23;2016+ : 50 boules / 12 etoiles;boule_5;32;boule
2024-04-23;2016+ : 50 boules / 12 etoiles;boule_2;49;boule
2024-04-23;2016+ : 50 boules / 12 etoiles;etoile_1;2;etoile
2024-04-23;2016+ : 50 boules / 12 etoiles;etoile_2;10;etoile
2024-04-26;2016+ : 50 boules / 12 etoiles;boule_2;2;boule
2024-04-26;2016+ : 50 boules / 12 etoiles;boule_4;20;boule
2024-04-26;2016+ : 50 boules / 12 etoiles;boule_3;39;boule
2024-04-26;2016+ : 50 boules / 12 etoiles;boule_5;40;boule
2024-04-26;2016+ : 50 boules / 12 etoiles;boule_1;47;boule
2024-04-26;2016+ : 50 boules / 12 etoiles;etoile_2;4;etoile
2024-04-26;2016+ : 50 boules / 12 etoiles;etoile_1;8;etoile
2024-04-30;2016+ : 50 boules / 12 etoiles;boule_3;13;boule
2024-04-30;2016+ : 50 boules / 12 etoiles;boule_4;22;boule
2024-04-30;2016+ : 50 boules / 12 etoiles;boule_1;24;boule
2024-04-30;2016+ : 50 boules / 12 etoiles;boule_5;33;boule
2024-04-30;2016+ : 50 boules / 12 etoiles;boule_2;47;boule
2024-04-30;2016+ : 50 boules / 12 etoiles;etoile_2;1;etoile
2024-04-30;2016+ : 50 boules / 12 etoiles;etoile_1;5;etoile
2024-05-03;2016+ : 50 boules / 12 etoiles;boule_1;6;boule
2024-05-03;2016+ : 50 boules / 12 etoiles;boule_3;9;boule
2024-05-03;2016+ : 50 boules / 12 etoiles;boule_5;10;boule
2024-05-03;2016+ : 50 boules / 12 etoiles;boule_4;30;boule
2024-05-03;2016+ : 50 boules / 12 etoiles;boule_2;49;boule
2024-05-03;2016+ : 50 boules / 12 etoiles;etoile_2;3;etoile
2024-05-03;2016+ : 50 boules / 12 etoiles;etoile_1;4;etoile
2024-05-07;2016+ : 50 boules / 12 etoiles;boule_2;35;boule
2024-05-07;2016+ : 50 boules / 12 etoiles;boule_4;36;boule
2024-05-07;2016+ : 50 boules / 12 etoiles;boule_5;41;boule
2024-05-07;2016+ : 50 boules / 12 etoiles;boule_3;42;boule
2024-05-07;2016+ : 50 boules / 12 etoiles;boule_1;45;boule
2024-05-07;2016+ : 50 boules / 12 etoiles;etoile_2;6;etoile
2024-05-07;2016+ : 50 boules / 12 etoiles;etoile_1;11;etoile
2024-05-10;2016+ : 50 boules / 12 etoiles;boule_3;13;boule
2024-05-10;2016+ : 50 boules / 12 etoiles;boule_5;28;boule
2024-05-10;2016+ : 50 boules / 12 etoiles;boule_1;29;boule
2024-05-10;2016+ : 50 boules / 12 etoiles;boule_2;44;boule
2024-05-10;2016+ : 50 boules / 12 etoiles;boule_4;48;boule
2024-05-10;2016+ : 50 boules / 12 etoiles;etoile_2;4;etoile
2024-05-10;2016+ : 50 boules / 12 etoiles;etoile_1;12;etoile
2024-05-14;2016+ : 50 boules / 12 etoiles;boule_2;2;boule
2024-05-14;2016+ : 50 boules / 12 etoiles;boule_3;8;boule
2024-05-14;2016+ : 50 boules / 12 etoiles;boule_5;17;boule
2024-05-14;2016+ : 50 boules / 12 etoiles;boule_4;28;boule
2024-05-14;2016+ : 50 boules / 12 etoiles;boule_1;35;boule
2024-05-14;2016+ : 50 boules / 12 etoiles;etoile_1;7;etoile
2024-05-14;2016+ : 50 boules / 12 etoiles;etoile_2;9;etoile
2024-05-17;2016+ : 50 boules / 12 etoiles;boule_5;18;boule
2024-05-17;2016+ : 50 boules / 12 etoiles;boule_1;31;boule
2024-05-17;2016+ : 50 boules / 12 etoiles;boule_4;32;boule
2024-05-17;2016+ : 50 boules / 12 etoiles;boule_2;41;boule
2024-05-17;2016+ : 50 boules / 12 etoiles;boule_3;46;boule
2024-05-17;2016+ : 50 boules / 12 etoiles;etoile_2;1;etoile
2024-05-17;2016+ : 50 boules / 12 etoiles;etoile_1;10;etoile
2024-05-21;2016+ : 50 boules / 12 etoiles;boule_2;11;boule
2024-05-21;2016+ : 50 boules / 12 etoiles;boule_1;13;boule
2024-05-21;2016+ : 50 boules / 12 etoiles;boule_4;14;boule
2024-05-21;2016+ : 50 boules / 12 etoiles;boule_5;34;boule
2024-05-21;2016+ : 50 boules / 12 etoiles;boule_3;48;boule
2024-05-21;2016+ : 50 boules / 12 etoiles;etoile_2;7;etoile
2024-05-21;2016+ : 50 boules / 12 etoiles;etoile_1;9;etoile
2024-05-24;2016+ : 50 boules / 12 etoiles;boule_2;9;boule
2024-05-24;2016+ : 50 boules / 12 etoiles;boule_1;12;boule
2024-05-24;2016+ : 50 boules / 12 etoiles;boule_4;18;boule
2024-05-24;2016+ : 50 boules / 12 etoiles;boule_3;22;boule
2024-05-24;2016+ : 50 boules / 12 etoiles;boule_5;50;boule
2024-05-24;2016+ : 50 boules / 12 etoiles;etoile_1;1;etoile
2024-05-24;2016+ : 50 boules / 12 etoiles;etoile_2;3;etoile
2024-05-28;2016+ : 50 boules / 12 etoiles;boule_2;16;boule
2024-05-28;2016+ : 50 boules / 12 etoiles;boule_1;18;boule
2024-05-28;2016+ : 50 boules / 12 etoiles;boule_3;35;boule
2024-05-28;2016+ : 50 boules / 12 etoiles;boule_5;36;boule
2024-05-28;2016+ : 50 boules / 12 etoiles;boule_4;41;boule
2024-05-28;2016+ : 50 boules / 12 etoiles;etoile_1;6;etoile
2024-05-28;2016+ : 50 boules / 12 etoiles;etoile_2;7;etoile
2024-05-31;2016+ : 50 boules / 12 etoiles;boule_3;4;boule
2024-05-31;2016+ : 50 boules / 12 etoiles;boule_5;7;boule
2024-05-31;2016+ : 50 boules / 12 etoiles;boule_1;16;boule
2024-05-31;2016+ : 50 boules / 12 etoiles;boule_2;33;boule
2024-05-31;2016+ : 50 boules / 12 etoiles;boule_4;34;boule
2024-05-31;2016+ : 50 boules / 12 etoiles;etoile_2;7;etoile
2024-05-31;2016+ : 50 boules / 12 etoiles;etoile_1;8;etoile
2024-06-04;2016+ : 50 boules / 12 etoiles;boule_3;6;boule
2024-06-04;2016+ : 50 boules / 12 etoiles;boule_2;7;boule
2024-06-04;2016+ : 50 boules / 12 etoiles;boule_4;9;boule
2024-06-04;2016+ : 50 boules / 12 etoiles;boule_5;14;boule
2024-06-04;2016+ : 50 boules / 12 etoiles;boule_1;43;boule
2024-06-04;2016+ : 50 boules / 12 etoiles;etoile_2;3;etoile
2024-06-04;2016+ : 50 boules / 12 etoiles;etoile_1;4;etoile
2024-06-07;2016+ : 50 boules / 12 etoiles;boule_3;15;boule
2024-06-07;2016+ : 50 boules / 12 etoiles;boule_5;16;boule
2024-06-07;2016+ : 50 boules / 12 etoiles;boule_2;26;boule
2024-06-07;2016+ : 50 boules / 12 etoiles;boule_1;30;boule
2024-06-07;2016+ : 50 boules / 12 etoiles;boule_4;37;boule
2024-06-07;2016+ : 50 boules / 12 etoiles;etoile_2;5;etoile
2024-06-07;2016+ : 50 boules / 12 etoiles;etoile_1;8;etoile
2024-06-11;2016+ : 50 boules / 12 etoiles;boule_3;7;boule
2024-06-11;2016+ : 50 boules / 12 etoiles;boule_2;15;boule
2024-06-11;2016+ : 50 boules / 12 etoiles;boule_4;34;boule
2024-06-11;2016+ : 50 boules / 12 etoiles;boule_5;45;boule
2024-06-11;2016+ : 50 boules / 12 etoiles;boule_1;48;boule
2024-06-11;2016+ : 50 boules / 12 etoiles;etoile_1;7;etoile
2024-06-11;2016+ : 50 boules / 12 etoiles;etoile_2;9;etoile
2024-06-14;2016+ : 50 boules / 12 etoiles;boule_2;2;boule
2024-06-14;2016+ : 50 boules / 12 etoiles;boule_1;13;boule
2024-06-14;2016+ : 50 boules / 12 etoiles;boule_3;16;boule
2024-06-14;2016+ : 50 boules / 12 etoiles;boule_4;24;boule
2024-06-14;2016+ : 50 boules / 12 etoiles;boule_5;32;boule
2024-06-14;2016+ : 50 boules / 12 etoiles;etoile_2;1;etoile
2024-06-14;2016+ : 50 boules / 12 etoiles;etoile_1;7;etoile
2024-06-18;2016+ : 50 boules / 12 etoiles;boule_5;3;boule
2024-06-18;2016+ : 50 boules / 12 etoiles;boule_2;11;boule
2024-06-18;2016+ : 50 boules / 12 etoiles;boule_4;33;boule
2024-06-18;2016+ : 50 boules / 12 etoiles;boule_1;34;boule
2024-06-18;2016+ : 50 boules / 12 etoiles;boule_3;36;boule
2024-06-18;2016+ : 50 boules / 12 etoiles;etoile_2;1;etoile
2024-06-18;2016+ : 50 boules / 12 etoiles;etoile_1;12;etoile
2024-06-21;2016+ : 50 boules / 12 etoiles;boule_2;3;boule
2024-06-21;2016+ : 50 boules / 12 etoiles;boule_1;4;boule
2024-06-21;2016+ : 50 boules / 12 etoiles;boule_4;7;boule
2024-06-21;2016+ : 50 boules / 12 etoiles;boule_3;11;boule
2024-06-21;2016+ : 50 boules / 12 etoiles;boule_5;17;boule
2024-06-21;2016+ : 50 boules / 12 etoiles;etoile_2;3;etoile
2024-06-21;2016+ : 50 boules / 12 etoiles;etoile_1;12;etoile
2024-06-25;2016+ : 50 boules / 12 etoiles;boule_1;14;boule
2024-06-25;2016+ : 50 boules / 12 etoiles;boule_2;16;boule
2024-06-25;2016+ : 50 boules / 12 etoiles;boule_5;37;boule
2024-06-25;2016+ : 50 boules / 12 etoiles;boule_4;45;boule
2024-06-25;2016+ : 50 boules / 12 etoiles;boule_3;49;boule
2024-06-25;2016+ : 50 boules / 12 etoiles;etoile_1;5;etoile
2024-06-25;2016+ : 50 boules / 12 etoiles;etoile_2;7;etoile
2024-06-28;2016+ : 50 boules / 12 etoiles;boule_1;10;boule
2024-06-28;2016+ : 50 boules / 12 etoiles;boule_4;16;boule
2024-06-28;2016+ : 50 boules / 12 etoiles;boule_2;18;boule
2024-06-28;2016+ : 50 boules / 12 etoiles;boule_5;22;boule
2024-06-28;2016+ : 50 boules / 12 etoiles;boule_3;35;boule
2024-06-28;2016+ : 50 boules / 12 etoiles;etoile_2;1;etoile
2024-06-28;2016+ : 50 boules / 12 etoiles;etoile_1;10;etoile
2024-07-02;2016+ : 50 boules / 12 etoiles;boule_3;2;boule
2024-07-02;2016+ : 50 boules / 12 etoiles;boule_2;7;boule
2024-07-02;2016+ : 50 boules / 12 etoiles;boule_4;34;boule
2024-07-02;2016+ : 50 boules / 12 etoiles;boule_5;35;boule
2024-07-02;2016+ : 50 boules / 12 etoiles;boule_1;46;boule
2024-07-02;2016+ : 50 boules / 12 etoiles;etoile_1;6;etoile
2024-07-02;2016+ : 50 boules / 12 etoiles;etoile_2;8;etoile
2024-07-05;2016+ : 50 boules / 12 etoiles;boule_5;11;boule
2024-07-05;2016+ : 50 boules / 12 etoiles;boule_4;13;boule
2024-07-05;2016+ : 50 boules / 12 etoiles;boule_1;29;boule
2024-07-05;2016+ : 50 boules / 12 etoiles;boule_3;31;boule
2024-07-05;2016+ : 50 boules / 12 etoiles;boule_2;47;boule
2024-07-05;2016+ : 50 boules / 12 etoiles;etoile_2;1;etoile
2024-07-05;2016+ : 50 boules / 12 etoiles;etoile_1;11;etoile
2024-07-09;2016+ : 50 boules / 12 etoiles;boule_5;6;boule
2024-07-09;2016+ : 50 boules / 12 etoiles;boule_2;15;boule
2024-07-09;2016+ : 50 boules / 12 etoiles;boule_3;19;boule
2024-07-09;2016+ : 50 boules / 12 etoiles;boule_1;28;boule
2024-07-09;2016+ : 50 boules / 12 etoiles;boule_4;39;boule
2024-07-09;2016+ : 50 boules / 12 etoiles;etoile_1;7;etoile
2024-07-09;2016+ : 50 boules / 12 etoiles;etoile_2;11;etoile
2024-07-12;2016+ : 50 boules / 12 etoiles;boule_1;12;boule
2024-07-12;2016+ : 50 boules / 12 etoiles;boule_5;18;boule
2024-07-12;2016+ : 50 boules / 12 etoiles;boule_3;24;boule
2024-07-12;2016+ : 50 boules / 12 etoiles;boule_4;25;boule
2024-07-12;2016+ : 50 boules / 12 etoiles;boule_2;39;boule
2024-07-12;2016+ : 50 boules / 12 etoiles;etoile_2;8;etoile
2024-07-12;2016+ : 50 boules / 12 etoiles;etoile_1;10;etoile
2024-07-16;2016+ : 50 boules / 12 etoiles;boule_3;2;boule
2024-07-16;2016+ : 50 boules / 12 etoiles;boule_5;32;boule
2024-07-16;2016+ : 50 boules / 12 etoiles;boule_2;35;boule
2024-07-16;2016+ : 50 boules / 12 etoiles;boule_4;36;boule
2024-07-16;2016+ : 50 boules / 12 etoiles;boule_1;39;boule
2024-07-16;2016+ : 50 boules / 12 etoiles;etoile_1;7;etoile
2024-07-16;2016+ : 50 boules / 12 etoiles;etoile_2;8;etoile
2024-07-19;2016+ : 50 boules / 12 etoiles;boule_5;15;boule
2024-07-19;2016+ : 50 boules / 12 etoiles;boule_2;22;boule
2024-07-19;2016+ : 50 boules / 12 etoiles;boule_3;35;boule
2024-07-19;2016+ : 50 boules / 12 etoiles;boule_1;44;boule
2024-07-19;2016+ : 50 boules / 12 etoiles;boule_4;48;boule
2024-07-19;2016+ : 50 boules / 12 etoiles;etoile_1;6;etoile
2024-07-19;2016+ : 50 boules / 12 etoiles;etoile_2;7;etoile
2024-07-23;2016+ : 50 boules / 12 etoiles;boule_5;4;boule
2024-07-23;2016+ : 50 boules / 12 etoiles;boule_1;8;boule
2024-07-23;2016+ : 50 boules / 12 etoiles;boule_2;10;boule
2024-07-23;2016+ : 50 boules / 12 etoiles;boule_3;16;boule
2024-07-23;2016+ : 50 boules / 12 etoiles;boule_4;34;boule
2024-07-23;2016+ : 50 boules / 12 etoiles;etoile_2;4;etoile
2024-07-23;2016+ : 50 boules / 12 etoiles;etoile_1;8;etoile
2024-07-26;2016+ : 50 boules / 12 etoiles;boule_5;4;boule
2024-07-26;2016+ : 50 boules / 12 etoiles;boule_4;19;boule
2024-07-26;2016+ : 50 boules / 12 etoiles;boule_3;23;boule
2024-07-26;2016+ : 50 boules / 12 etoiles;boule_1;35;boule
2024-07-26;2016+ : 50 boules / 12 etoiles;boule_2;37;boule
2024-07-26;2016+ : 50 boules / 12 etoiles;etoile_2;4;etoile
2024-07-26;2016+ : 50 boules / 12 etoiles;etoile_1;8;etoile
2024-07-30;2016+ : 50 boules / 12 etoiles;boule_3;9;boule
2024-07-30;2016+ : 50 boules / 12 etoiles;boule_5;25;boule
2024-07-30;2016+ : 50 boules / 12 etoiles;boule_1;28;boule
2024-07-30;2016+ : 50 boules / 12 etoiles;boule_2;37;boule
2024-07-30;2016+ : 50 boules / 12 etoiles;boule_4;38;boule
2024-07-30;2016+ : 50 boules / 12 etoiles;etoile_1;2;etoile
2024-07-30;2016+ : 50 boules / 12 etoiles;etoile_2;8;etoile
2024-08-02;2016+ : 50 boules / 12 etoiles;boule_4;5;boule
2024-08-02;2016+ : 50 boules / 12 etoiles;boule_2;7;boule
2024-08-02;2016+ : 50 boules / 12 etoiles;boule_1;12;boule
2024-08-02;2016+ : 50 boules / 12 etoiles;boule_3;33;boule
2024-08-02;2016+ : 50 boules / 12 etoiles;boule_5;46;boule
2024-08-02;2016+ : 50 boules / 12 etoiles;etoile_1;3;etoile
2024-08-02;2016+ : 50 boules / 12 etoiles;etoile_2;12;etoile
2024-08-06;2016+ : 50 boules / 12 etoiles;boule_4;1;boule
2024-08-06;2016+ : 50 boules / 12 etoiles;boule_5;18;boule
2024-08-06;2016+ : 50 boules / 12 etoiles;boule_2;27;boule
2024-08-06;2016+ : 50 boules / 12 etoiles;boule_1;41;boule
2024-08-06;2016+ : 50 boules / 12 etoiles;boule_3;50;boule
2024-08-06;2016+ : 50 boules / 12 etoiles;etoile_1;2;etoile
2024-08-06;2016+ : 50 boules / 12 etoiles;etoile_2;12;etoile
2024-08-09;2016+ : 50 boules / 12 etoiles;boule_5;21;boule
2024-08-09;2016+ : 50 boules / 12 etoiles;boule_2;23;boule
2024-08-09;2016+ : 50 boules / 12 etoiles;boule_3;25;boule
2024-08-09;2016+ : 50 boules / 12 etoiles;boule_1;33;boule
2024-08-09;2016+ : 50 boules / 12 etoiles;boule_4;44;boule
2024-08-09;2016+ : 50 boules / 12 etoiles;etoile_1;4;etoile
2024-08-09;2016+ : 50 boules / 12 etoiles;etoile_2;10;etoile
2024-08-13;2016+ : 50 boules / 12 etoiles;boule_1;15;boule
2024-08-13;2016+ : 50 boules / 12 etoiles;boule_2;16;boule
2024-08-13;2016+ : 50 boules / 12 etoiles;boule_5;39;boule
2024-08-13;2016+ : 50 boules / 12 etoiles;boule_3;40;boule
2024-08-13;2016+ : 50 boules / 12 etoiles;boule_4;47;boule
2024-08-13;2016+ : 50 boules / 12 etoiles;etoile_1;1;etoile
2024-08-13;2016+ : 50 boules / 12 etoiles;etoile_2;6;etoile
2024-08-16;2016+ : 50 boules / 12 etoiles;boule_3;15;boule
2024-08-16;2016+ : 50 boules / 12 etoiles;boule_5;17;boule
2024-08-16;2016+ : 50 boules / 12 etoiles;boule_4;29;boule
2024-08-16;2016+ : 50 boules / 12 etoiles;boule_2;45;boule
2024-08-16;2016+ : 50 boules / 12 etoiles;boule_1;49;boule
2024-08-16;2016+ : 50 boules / 12 etoiles;etoile_2;1;etoile
2024-08-16;2016+ : 50 boules / 12 etoiles;etoile_1;10;etoile
2024-08-20;2016+ : 50 boules / 12 etoiles;boule_5;7;boule
2024-08-20;2016+ : 50 boules / 12 etoiles;boule_1;10;boule
2024-08-20;2016+ : 50 boules / 12 etoiles;boule_3;13;boule
2024-08-20;2016+ : 50 boules / 12 etoiles;boule_2;18;boule
2024-08-20;2016+ : 50 boules / 12 etoiles;boule_4;26;boule
2024-08-20;2016+ : 50 boules / 12 etoiles;etoile_2;3;etoile
2024-08-20;2016+ : 50 boules / 12 etoiles;etoile_1;12;etoile
2024-08-23;2016+ : 50 boules / 12 etoiles;boule_4;9;boule
2024-08-23;2016+ : 50 boules / 12 etoiles;boule_5;15;boule
2024-08-23;2016+ : 50 boules / 12 etoiles;boule_3;24;boule
2024-08-23;2016+ : 50 boules / 12 etoiles;boule_2;47;boule
2024-08-23;2016+ : 50 boules / 12 etoiles;boule_1;50;boule
2024-08-23;2016+ : 50 boules / 12 etoiles;etoile_1;8;etoile
2024-08-23;2016+ : 50 boules / 12 etoiles;etoile_2;9;etoile
2024-08-27;2016+ : 50 boules / 12 etoiles;boule_1;1;boule
2024-08-27;2016+ : 50 boules / 12 etoiles;boule_4;8;boule
2024-08-27;2016+ : 50 boules / 12 etoiles;boule_5;11;boule
2024-08-27;2016+ : 50 boules / 12 etoiles;boule_3;42;boule
2024-08-27;2016+ : 50 boules / 12 etoiles;boule_2;47;boule
2024-08-27;2016+ : 50 boules / 12 etoiles;etoile_2;4;etoile
2024-08-27;2016+ : 50 boules / 12 etoiles;etoile_1;11;etoile
2024-08-30;2016+ : 50 boules / 12 etoiles;boule_1;3;boule
2024-08-30;2016+ : 50 boules / 12 etoiles;boule_2;24;boule
2024-08-30;2016+ : 50 boules / 12 etoiles;boule_5;27;boule
2024-08-30;2016+ : 50 boules / 12 etoiles;boule_4;33;boule
2024-08-30;2016+ : 50 boules / 12 etoiles;boule_3;42;boule
2024-08-30;2016+ : 50 boules / 12 etoiles;etoile_2;4;etoile
2024-08-30;2016+ : 50 boules / 12 etoiles;etoile_1;6;etoile
2024-09-03;2016+ : 50 boules / 12 etoiles;boule_1;7;boule
2024-09-03;2016+ : 50 boules / 12 etoiles;boule_2;9;boule
2024-09-03;2016+ : 50 boules / 12 etoiles;boule_3;11;boule
2024-09-03;2016+ : 50 boules / 12 etoiles;boule_5;16;boule
2024-09-03;2016+ : 50 boules / 12 etoiles;boule_4;45;boule
2024-09-03;2016+ : 50 boules / 12 etoiles;etoile_2;2;etoile
2024-09-03;2016+ : 50 boules / 12 etoiles;etoile_1;5;etoile
2024-09-06;2016+ : 50 boules / 12 etoiles;boule_4;12;boule
2024-09-06;2016+ : 50 boules / 12 etoiles;boule_3;14;boule
2024-09-06;2016+ : 50 boules / 12 etoiles;boule_1;34;boule
2024-09-06;2016+ : 50 boules / 12 etoiles;boule_5;41;boule
2024-09-06;2016+ : 50 boules / 12 etoiles;boule_2;47;boule
2024-09-06;2016+ : 50 boules / 12 etoiles;etoile_1;3;etoile
2024-09-06;2016+ : 50 boules / 12 etoiles;etoile_2;4;etoile
2024-09-10;2016+ : 50 boules / 12 etoiles;boule_3;6;boule
2024-09-10;2016+ : 50 boules / 12 etoiles;boule_4;29;boule
2024-09-10;2016+ : 50 boules / 12 etoiles;boule_2;46;boule
2024-09-10;2016+ : 50 boules / 12 etoiles;boule_5;47;boule
2024-09-10;2016+ : 50 boules / 12 etoiles;boule_1;48;boule
2024-09-10;2016+ : 50 boules / 12 etoiles;etoile_2;2;etoile
2024-09-10;2016+ : 50 boules / 12 etoiles;etoile_1;9;etoile
2024-09-13;2016+ : 50 boules / 12 etoiles;boule_3;10;boule
2024-09-13;2016+ : 50 boules / 12 etoiles;boule_4;15;boule
2024-09-13;2016+ : 50 boules / 12 etoiles;boule_5;17;boule
2024-09-13;2016+ : 50 boules / 12 etoiles;boule_1;31;boule
2024-09-13;2016+ : 50 boules / 12 etoiles;boule_2;42;boule
2024-09-13;2016+ : 50 boules / 12 etoiles;etoile_1;4;etoile
2024-09-13;2016+ : 50 boules / 12 etoiles;etoile_2;12;etoile
2024-09-17;2016+ : 50 boules / 12 etoiles;boule_3;20;boule
2024-09-17;2016+ : 50 boules / 12 etoiles;boule_1;30;boule
2024-09-17;2016+ : 50 boules / 12 etoiles;boule_2;32;boule
2024-09-17;2016+ : 50 boules / 12 etoiles;boule_4;41;boule
2024-09-17;2016+ : 50 boules / 12 etoiles;boule_5;44;boule
2024-09-17;2016+ : 50 boules / 12 etoiles;etoile_2;1;etoile
2024-09-17;2016+ : 50 boules / 12 etoiles;etoile_1;10;etoile
2024-09-20;2016+ : 50 boules / 12 etoiles;boule_1;16;boule
2024-09-20;2016+ : 50 boules / 12 etoiles;boule_4;25;boule
2024-09-20;2016+ : 50 boules / 12 etoiles;boule_5;29;boule
2024-09-20;2016+ : 50 boules / 12 etoiles;boule_3;34;boule
2024-09-20;2016+ : 50 boules / 12 etoiles;boule_2;37;boule
2024-09-20;2016+ : 50 boules / 12 etoiles;etoile_1;3;etoile
2024-09-20;2016+ : 50 boules / 12 etoiles;etoile_2;7;etoile
2024-09-24;2016+ : 50 boules / 12 etoiles;boule_5;18;boule
2024-09-24;2016+ : 50 boules / 12 etoiles;boule_1;20;boule
2024-09-24;2016+ : 50 boules / 12 etoiles;boule_2;21;boule
2024-09-24;2016+ : 50 boules / 12 etoiles;boule_4;36;boule
2024-09-24;2016+ : 50 boules / 12 etoiles;boule_3;49;boule
2024-09-24;2016+ : 50 boules / 12 etoiles;etoile_2;3;etoile
2024-09-24;2016+ : 50 boules / 12 etoiles;etoile_1;5;etoile
2024-09-27;2016+ : 50 boules / 12 etoiles;boule_1;7;boule
2024-09-27;2016+ : 50 boules / 12 etoiles;boule_4;20;boule
2024-09-27;2016+ : 50 boules / 12 etoiles;boule_2;21;boule
2024-09-27;2016+ : 50 boules / 12 etoiles;boule_5;27;boule
2024-09-27;2016+ : 50 boules / 12 etoiles;boule_3;38;boule
2024-09-27;2016+ : 50 boules / 12 etoiles;etoile_2;5;etoile
2024-09-27;2016+ : 50 boules / 12 etoiles;etoile_1;12;etoile
2024-10-01;2016+ : 50 boules / 12 etoiles;boule_3;8;boule
2024-10-01;2016+ : 50 boules / 12 etoiles;boule_1;22;boule
2024-10-01;2016+ : 50 boules / 12 etoiles;boule_5;29;boule
2024-10-01;2016+ : 50 boules / 12 etoiles;boule_2;41;boule
2024-10-01;2016+ : 50 boules / 12 etoiles;boule_4;42;boule
2024-10-01;2016+ : 50 boules / 12 etoiles;etoile_1;9;etoile
2024-10-01;2016+ : 50 boules / 12 etoiles;etoile_2;11;etoile
2024-10-04;2016+ : 50 boules / 12 etoiles;boule_1;4;boule
2024-10-04;2016+ : 50 boules / 12 etoiles;boule_3;8;boule
2024-10-04;2016+ : 50 boules / 12 etoiles;boule_4;16;boule
2024-10-04;2016+ : 50 boules / 12 etoiles;boule_2;17;boule
2024-10-04;2016+ : 50 boules / 12 etoiles;boule_5;20;boule
2024-10-04;2016+ : 50 boules / 12 etoiles;etoile_2;1;etoile
2024-10-04;2016+ : 50 boules / 12 etoiles;etoile_1;6;etoile
2024-10-08;2016+ : 50 boules / 12 etoiles;boule_1;7;boule
2024-10-08;2016+ : 50 boules / 12 etoiles;boule_4;14;boule
2024-10-08;2016+ : 50 boules / 12 etoiles;boule_2;19;boule
2024-10-08;2016+ : 50 boules / 12 etoiles;boule_3;34;boule
2024-10-08;2016+ : 50 boules / 12 etoiles;boule_5;40;boule
2024-10-08;2016+ : 50 boules / 12 etoiles;etoile_2;6;etoile
2024-10-08;2016+ : 50 boules / 12 etoiles;etoile_1;8;etoile
2024-10-11;2016+ : 50 boules / 12 etoiles;boule_4;16;boule
2024-10-11;2016+ : 50 boules / 12 etoiles;boule_1;23;boule
2024-10-11;2016+ : 50 boules / 12 etoiles;boule_3;32;boule
2024-10-11;2016+ : 50 boules / 12 etoiles;boule_2;46;boule
2024-10-11;2016+ : 50 boules / 12 etoiles;boule_5;49;boule
2024-10-11;2016+ : 50 boules / 12 etoiles;etoile_2;4;etoile
2024-10-11;2016+ : 50 boules / 12 etoiles;etoile_1;5;etoile
2024-10-15;2016+ : 50 boules / 12 etoiles;boule_3;2;boule
2024-10-15;2016+ : 50 boules / 12 etoiles;boule_1;15;boule
2024-10-15;2016+ : 50 boules / 12 etoiles;boule_5;32;boule
2024-10-15;2016+ : 50 boules / 12 etoiles;boule_4;36;boule
2024-10-15;2016+ : 50 boules / 12 etoiles;boule_2;48;boule
2024-10-15;2016+ : 50 boules / 12 etoiles;etoile_1;3;etoile
2024-10-15;2016+ : 50 boules / 12 etoiles;etoile_2;9;etoile
2024-10-18;2016+ : 50 boules / 12 etoiles;boule_3;4;boule
2024-10-18;2016+ : 50 boules / 12 etoiles;boule_4;15;boule
2024-10-18;2016+ : 50 boules / 12 etoiles;boule_1;23;boule
2024-10-18;2016+ : 50 boules / 12 etoiles;boule_5;30;boule
2024-10-18;2016+ : 50 boules / 12 etoiles;boule_2;39;boule
2024-10-18;2016+ : 50 boules / 12 etoiles;etoile_2;1;etoile
2024-10-18;2016+ : 50 boules / 12 etoiles;etoile_1;12;etoile
2024-10-22;2016+ : 50 boules / 12 etoiles;boule_3;3;boule
2024-10-22;2016+ : 50 boules / 12 etoiles;boule_1;13;boule
2024-10-22;2016+ : 50 boules / 12 etoiles;boule_4;27;boule
2024-10-22;2016+ : 50 boules / 12 etoiles;boule_5;30;boule
2024-10-22;2016+ : 50 boules / 12 etoiles;boule_2;46;boule
2024-10-22;2016+ : 50 boules / 12 etoiles;etoile_1;1;etoile
2024-10-22;2016+ : 50 boules / 12 etoiles;etoile_2;2;etoile
2024-10-25;2016+ : 50 boules / 12 etoiles;boule_1;4;boule
2024-10-25;2016+ : 50 boules / 12 etoiles;boule_5;17;boule
2024-10-25;2016+ : 50 boules / 12 etoiles;boule_2;20;boule
2024-10-25;2016+ : 50 boules / 12 etoiles;boule_4;25;boule
2024-10-25;2016+ : 50 boules / 12 etoiles;boule_3;45;boule
2024-10-25;2016+ : 50 boules / 12 etoiles;etoile_2;8;etoile
2024-10-25;2016+ : 50 boules / 12 etoiles;etoile_1;9;etoile
2024-10-29;2016+ : 50 boules / 12 etoiles;boule_4;1;boule
2024-10-29;2016+ : 50 boules / 12 etoiles;boule_5;2;boule
2024-10-29;2016+ : 50 boules / 12 etoiles;boule_3;19;boule
2024-10-29;2016+ : 50 boules / 12 etoiles;boule_2;30;boule
2024-10-29;2016+ : 50 boules / 12 etoiles;boule_1;45;boule
2024-10-29;2016+ : 50 boules / 12 etoiles;etoile_2;10;etoile
2024-10-29;2016+ : 50 boules / 12 etoiles;etoile_1;12;etoile
2024-11-01;2016+ : 50 boules / 12 etoiles;boule_2;7;boule
2024-11-01;2016+ : 50 boules / 12 etoiles;boule_4;33;boule
2024-11-01;2016+ : 50 boules / 12 etoiles;boule_5;38;boule
2024-11-01;2016+ : 50 boules / 12 etoiles;boule_1;44;boule
2024-11-01;2016+ : 50 boules / 12 etoiles;boule_3;50;boule
2024-11-01;2016+ : 50 boules / 12 etoiles;etoile_1;2;etoile
2024-11-01;2016+ : 50 boules / 12 etoiles;etoile_2;7;etoile
2024-11-05;2016+ : 50 boules / 12 etoiles;boule_4;1;boule
2024-11-05;2016+ : 50 boules / 12 etoiles;boule_2;8;boule
2024-11-05;2016+ : 50 boules / 12 etoiles;boule_5;19;boule
2024-11-05;2016+ : 50 boules / 12 etoiles;boule_3;37;boule
2024-11-05;2016+ : 50 boules / 12 etoiles;boule_1;50;boule
2024-11-05;2016+ : 50 boules / 12 etoiles;etoile_2;6;etoile
2024-11-05;2016+ : 50 boules / 12 etoiles;etoile_1;9;etoile
2024-11-08;2016+ : 50 boules / 12 etoiles;boule_2;2;boule
2024-11-08;2016+ : 50 boules / 12 etoiles;boule_4;33;boule
2024-11-08;2016+ : 50 boules / 12 etoiles;boule_3;35;boule
2024-11-08;2016+ : 50 boules / 12 etoiles;boule_5;42;boule
2024-11-08;2016+ : 50 boules / 12 etoiles;boule_1;48;boule
2024-11-08;2016+ : 50 boules / 12 etoiles;etoile_1;1;etoile
2024-11-08;2016+ : 50 boules / 12 etoiles;etoile_2;3;etoile
2024-11-12;2016+ : 50 boules / 12 etoiles;boule_4;10;boule
2024-11-12;2016+ : 50 boules / 12 etoiles;boule_1;11;boule
2024-11-12;2016+ : 50 boules / 12 etoiles;boule_2;12;boule
2024-11-12;2016+ : 50 boules / 12 etoiles;boule_5;22;boule
2024-11-12;2016+ : 50 boules / 12 etoiles;boule_3;50;boule
2024-11-12;2016+ : 50 boules / 12 etoiles;etoile_2;1;etoile
2024-11-12;2016+ : 50 boules / 12 etoiles;etoile_1;10;etoile
2024-11-15;2016+ : 50 boules / 12 etoiles;boule_1;7;boule
2024-11-15;2016+ : 50 boules / 12 etoiles;boule_3;8;boule
2024-11-15;2016+ : 50 boules / 12 etoiles;boule_5;34;boule
2024-11-15;2016+ : 50 boules / 12 etoiles;boule_2;39;boule
2024-11-15;2016+ : 50 boules / 12 etoiles;boule_4;44;boule
2024-11-15;2016+ : 50 boules / 12 etoiles;etoile_1;2;etoile
2024-11-15;2016+ : 50 boules / 12 etoiles;etoile_2;6;etoile
2024-11-19;2016+ : 50 boules / 12 etoiles;boule_5;4;boule
2024-11-19;2016+ : 50 boules / 12 etoiles;boule_4;13;boule
2024-11-19;2016+ : 50 boules / 12 etoiles;boule_2;20;boule
2024-11-19;2016+ : 50 boules / 12 etoiles;boule_1;28;boule
2024-11-19;2016+ : 50 boules / 12 etoiles;boule_3;49;boule
2024-11-19;2016+ : 50 boules / 12 etoiles;etoile_1;7;etoile
2024-11-19;2016+ : 50 boules / 12 etoiles;etoile_2;12;etoile
2024-11-22;2016+ : 50 boules / 12 etoiles;boule_2;10;boule
2024-11-22;2016+ : 50 boules / 12 etoiles;boule_4;11;boule
2024-11-22;2016+ : 50 boules / 12 etoiles;boule_1;12;boule
2024-11-22;2016+ : 50 boules / 12 etoiles;boule_3;29;boule
2024-11-22;2016+ : 50 boules / 12 etoiles;boule_5;31;boule
2024-11-22;2016+ : 50 boules / 12 etoiles;etoile_2;8;etoile
2024-11-22;2016+ : 50 boules / 12 etoiles;etoile_1;11;etoile
2024-11-26;2016+ : 50 boules / 12 etoiles;boule_5;7;boule
2024-11-26;2016+ : 50 boules / 12 etoiles;boule_4;11;boule
2024-11-26;2016+ : 50 boules / 12 etoiles;boule_2;25;boule
2024-11-26;2016+ : 50 boules / 12 etoiles;boule_3;31;boule
2024-11-26;2016+ : 50 boules / 12 etoiles;boule_1;40;boule
2024-11-26;2016+ : 50 boules / 12 etoiles;etoile_2;9;etoile
2024-11-26;2016+ : 50 boules / 12 etoiles;etoile_1;12;etoile
2024-11-29;2016+ : 50 boules / 12 etoiles;boule_1;8;boule
2024-11-29;2016+ : 50 boules / 12 etoiles;boule_4;17;boule
2024-11-29;2016+ : 50 boules / 12 etoiles;boule_2;18;boule
2024-11-29;2016+ : 50 boules / 12 etoiles;boule_5;29;boule
2024-11-29;2016+ : 50 boules / 12 etoiles;boule_3;43;boule
2024-11-29;2016+ : 50 boules / 12 etoiles;etoile_1;5;etoile
2024-11-29;2016+ : 50 boules / 12 etoiles;etoile_2;9;etoile
2024-12-03;2016+ : 50 boules / 12 etoiles;boule_2;23;boule
2024-12-03;2016+ : 50 boules / 12 etoiles;boule_4;25;boule
2024-12-03;2016+ : 50 boules / 12 etoiles;boule_3;34;boule
2024-12-03;2016+ : 50 boules / 12 etoiles;boule_1;46;boule
2024-12-03;2016+ : 50 boules / 12 etoiles;boule_5;47;boule
2024-12-03;2016+ : 50 boules / 12 etoiles;etoile_1;6;etoile
2024-12-03;2016+ : 50 boules / 12 etoiles;etoile_2;8;etoile
2024-12-06;2016+ : 50 boules / 12 etoiles;boule_4;14;boule
2024-12-06;2016+ : 50 boules / 12 etoiles;boule_1;25;boule
2024-12-06;2016+ : 50 boules / 12 etoiles;boule_2;39;boule
2024-12-06;2016+ : 50 boules / 12 etoiles;boule_5;44;boule
2024-12-06;2016+ : 50 boules / 12 etoiles;boule_3;47;boule
2024-12-06;2016+ : 50 boules / 12 etoiles;etoile_1;6;etoile
2024-12-06;2016+ : 50 boules / 12 etoiles;etoile_2;10;etoile
2024-12-10;2016+ : 50 boules / 12 etoiles;boule_3;5;boule
2024-12-10;2016+ : 50 boules / 12 etoiles;boule_5;24;boule
2024-12-10;2016+ : 50 boules / 12 etoiles;boule_2;25;boule
2024-12-10;2016+ : 50 boules / 12 etoiles;boule_1;29;boule
2024-12-10;2016+ : 50 boules / 12 etoiles;boule_4;47;boule
2024-12-10;2016+ : 50 boules / 12 etoiles;etoile_2;5;etoile
2024-12-10;2016+ : 50 boules / 12 etoiles;etoile_1;9;etoile
2024-12-13;2016+ : 50 boules / 12 etoiles;boule_2;1;boule
2024-12-13;2016+ : 50 boules / 12 etoiles;boule_4;15;boule
2024-12-13;2016+ : 50 boules / 12 etoiles;boule_1;25;boule
2024-12-13;2016+ : 50 boules / 12 etoiles;boule_3;42;boule
2024-12-13;2016+ : 50 boules / 12 etoiles;boule_5;50;boule
2024-12-13;2016+ : 50 boules / 12 etoiles;etoile_2;4;etoile
2024-12-13;2016+ : 50 boules / 12 etoiles;etoile_1;10;etoile
2024-12-17;2016+ : 50 boules / 12 etoiles;boule_1;1;boule
2024-12-17;2016+ : 50 boules / 12 etoiles;boule_5;3;boule
2024-12-17;2016+ : 50 boules / 12 etoiles;boule_3;4;boule
2024-12-17;2016+ : 50 boules / 12 etoiles;boule_2;21;boule
2024-12-17;2016+ : 50 boules / 12 etoiles;boule_4;29;boule
2024-12-17;2016+ : 50 boules / 12 etoiles;etoile_2;2;etoile
2024-12-17;2016+ : 50 boules / 12 etoiles;etoile_1;7;etoile
2024-12-20;2016+ : 50 boules / 12 etoiles;boule_2;10;boule
2024-12-20;2016+ : 50 boules / 12 etoiles;boule_1;14;boule
2024-12-20;2016+ : 50 boules / 12 etoiles;boule_5;21;boule
2024-12-20;2016+ : 50 boules / 12 etoiles;boule_4;33;boule
2024-12-20;2016+ : 50 boules / 12 etoiles;boule_3;50;boule
2024-12-20;2016+ : 50 boules / 12 etoiles;etoile_1;6;etoile
2024-12-20;2016+ : 50 boules / 12 etoiles;etoile_2;9;etoile
2024-12-24;2016+ : 50 boules / 12 etoiles;boule_1;6;boule
2024-12-24;2016+ : 50 boules / 12 etoiles;boule_5;10;boule
2024-12-24;2016+ : 50 boules / 12 etoiles;boule_3;16;boule
2024-12-24;2016+ : 50 boules / 12 etoiles;boule_4;23;boule
2024-12-24;2016+ : 50 boules / 12 etoiles;boule_2;24;boule
2024-12-24;2016+ : 50 boules / 12 etoiles;etoile_2;11;etoile
2024-12-24;2016+ : 50 boules / 12 etoiles;etoile_1;12;etoile
2024-12-27;2016+ : 50 boules / 12 etoiles;boule_3;12;boule
2024-12-27;2016+ : 50 boules / 12 etoiles;boule_5;22;boule
2024-12-27;2016+ : 50 boules / 12 etoiles;boule_4;27;boule
2024-12-27;2016+ : 50 boules / 12 etoiles;boule_2;33;boule
2024-12-27;2016+ : 50 boules / 12 etoiles;boule_1;45;boule
2024-12-27;2016+ : 50 boules / 12 etoiles;etoile_1;4;etoile
2024-12-27;2016+ : 50 boules / 12 etoiles;etoile_2;8;etoile
2024-12-31;2016+ : 50 boules / 12 etoiles;boule_3;19;boule
2024-12-31;2016+ : 50 boules / 12 etoiles;boule_2;24;boule
2024-12-31;2016+ : 50 boules / 12 etoiles;boule_4;26;boule
2024-12-31;2016+ : 50 boules / 12 etoiles;boule_5;28;boule
2024-12-31;2016+ : 50 boules / 12 etoiles;boule_1;33;boule
2024-12-31;2016+ : 50 boules / 12 etoiles;etoile_2;8;etoile
2024-12-31;2016+ : 50 boules / 12 etoiles;etoile_1;12;etoile
2025-01-03;2016+ : 50 boules / 12 etoiles;boule_4;3;boule
2025-01-03;2016+ : 50 boules / 12 etoiles;boule_1;19;boule
2025-01-03;2016+ : 50 boules / 12 etoiles;boule_5;29;boule
2025-01-03;2016+ : 50 boules / 12 etoiles;boule_2;35;boule
2025-01-03;2016+ : 50 boules / 12 etoiles;boule_3;37;boule
2025-01-03;2016+ : 50 boules / 12 etoiles;etoile_1;1;etoile
2025-01-03;2016+ : 50 boules / 12 etoiles;etoile_2;9;etoile
2025-01-07;2016+ : 50 boules / 12 etoiles;boule_2;20;boule
2025-01-07;2016+ : 50 boules / 12 etoiles;boule_4;33;boule
2025-01-07;2016+ : 50 boules / 12 etoiles;boule_3;35;boule
2025-01-07;2016+ : 50 boules / 12 etoiles;boule_1;41;boule
2025-01-07;2016+ : 50 boules / 12 etoiles;boule_5;47;boule
2025-01-07;2016+ : 50 boules / 12 etoiles;etoile_1;4;etoile
2025-01-07;2016+ : 50 boules / 12 etoiles;etoile_2;12;etoile
2025-01-10;2016+ : 50 boules / 12 etoiles;boule_5;12;boule
2025-01-10;2016+ : 50 boules / 12 etoiles;boule_3;27;boule
2025-01-10;2016+ : 50 boules / 12 etoiles;boule_1;36;boule
2025-01-10;2016+ : 50 boules / 12 etoiles;boule_2;37;boule
2025-01-10;2016+ : 50 boules / 12 etoiles;boule_4;42;boule
2025-01-10;2016+ : 50 boules / 12 etoiles;etoile_2;6;etoile
2025-01-10;2016+ : 50 boules / 12 etoiles;etoile_1;7;etoile
2025-01-14;2016+ : 50 boules / 12 etoiles;boule_5;18;boule
2025-01-14;2016+ : 50 boules / 12 etoiles;boule_4;20;boule
2025-01-14;2016+ : 50 boules / 12 etoiles;boule_3;29;boule
2025-01-14;2016+ : 50 boules / 12 etoiles;boule_1;41;boule
2025-01-14;2016+ : 50 boules / 12 etoiles;boule_2;48;boule
2025-01-14;2016+ : 50 boules / 12 etoiles;etoile_1;5;etoile
2025-01-14;2016+ : 50 boules / 12 etoiles;etoile_2;9;etoile
2025-01-17;2016+ : 50 boules / 12 etoiles;boule_5;8;boule
2025-01-17;2016+ : 50 boules / 12 etoiles;boule_3;15;boule
2025-01-17;2016+ : 50 boules / 12 etoiles;boule_1;24;boule
2025-01-17;2016+ : 50 boules / 12 etoiles;boule_4;35;boule
2025-01-17;2016+ : 50 boules / 12 etoiles;boule_2;42;boule
2025-01-17;2016+ : 50 boules / 12 etoiles;etoile_2;6;etoile
2025-01-17;2016+ : 50 boules / 12 etoiles;etoile_1;8;etoile
2025-01-21;2016+ : 50 boules / 12 etoiles;boule_2;6;boule
2025-01-21;2016+ : 50 boules / 12 etoiles;boule_1;8;boule
2025-01-21;2016+ : 50 boules / 12 etoiles;boule_3;14;boule
2025-01-21;2016+ : 50 boules / 12 etoiles;boule_4;27;boule
2025-01-21;2016+ : 50 boules / 12 etoiles;boule_5;41;boule
2025-01-21;2016+ : 50 boules / 12 etoiles;etoile_2;4;etoile
2025-01-21;2016+ : 50 boules / 12 etoiles;etoile_1;5;etoile
2025-01-24;2016+ : 50 boules / 12 etoiles;boule_2;2;boule
2025-01-24;2016+ : 50 boules / 12 etoiles;boule_5;11;boule
2025-01-24;2016+ : 50 boules / 12 etoiles;boule_3;19;boule
2025-01-24;2016+ : 50 boules / 12 etoiles;boule_1;30;boule
2025-01-24;2016+ : 50 boules / 12 etoiles;boule_4;49;boule
2025-01-24;2016+ : 50 boules / 12 etoiles;etoile_1;3;etoile
2025-01-24;2016+ : 50 boules / 12 etoiles;etoile_2;8;etoile
2025-01-28;2016+ : 50 boules / 12 etoiles;boule_5;9;boule
2025-01-28;2016+ : 50 boules / 12 etoiles;boule_3;37;boule
2025-01-28;2016+ : 50 boules / 12 etoiles;boule_2;41;boule
2025-01-28;2016+ : 50 boules / 12 etoiles;boule_1;42;boule
2025-01-28;2016+ : 50 boules / 12 etoiles;boule_4;49;boule
2025-01-28;2016+ : 50 boules / 12 etoiles;etoile_2;1;etoile
2025-01-28;2016+ : 50 boules / 12 etoiles;etoile_1;9;etoile
2025-01-31;2016+ : 50 boules / 12 etoiles;boule_5;22;boule
2025-01-31;2016+ : 50 boules / 12 etoiles;boule_1;30;boule
2025-01-31;2016+ : 50 boules / 12 etoiles;boule_2;41;boule
2025-01-31;2016+ : 50 boules / 12 etoiles;boule_4;44;boule
2025-01-31;2016+ : 50 boules / 12 etoiles;boule_3;49;boule
2025-01-31;2016+ : 50 boules / 12 etoiles;etoile_2;2;etoile
2025-01-31;2016+ : 50 boules / 12 etoiles;etoile_1;7;etoile
2025-02-04;2016+ : 50 boules / 12 etoiles;boule_3;3;boule
2025-02-04;2016+ : 50 boules / 12 etoiles;boule_5;4;boule
2025-02-04;2016+ : 50 boules / 12 etoiles;boule_1;29;boule
2025-02-04;2016+ : 50 boules / 12 etoiles;boule_4;39;boule
2025-02-04;2016+ : 50 boules / 12 etoiles;boule_2;43;boule
2025-02-04;2016+ : 50 boules / 12 etoiles;etoile_1;5;etoile
2025-02-04;2016+ : 50 boules / 12 etoiles;etoile_2;10;etoile
2025-02-07;2016+ : 50 boules / 12 etoiles;boule_1;10;boule
2025-02-07;2016+ : 50 boules / 12 etoiles;boule_5;23;boule
2025-02-07;2016+ : 50 boules / 12 etoiles;boule_2;24;boule
2025-02-07;2016+ : 50 boules / 12 etoiles;boule_4;29;boule
2025-02-07;2016+ : 50 boules / 12 etoiles;boule_3;45;boule
2025-02-07;2016+ : 50 boules / 12 etoiles;etoile_1;8;etoile
2025-02-07;2016+ : 50 boules / 12 etoiles;etoile_2;10;etoile
2025-02-11;2016+ : 50 boules / 12 etoiles;boule_2;3;boule
2025-02-11;2016+ : 50 boules / 12 etoiles;boule_1;21;boule
2025-02-11;2016+ : 50 boules / 12 etoiles;boule_4;36;boule
2025-02-11;2016+ : 50 boules / 12 etoiles;boule_5;41;boule
2025-02-11;2016+ : 50 boules / 12 etoiles;boule_3;46;boule
2025-02-11;2016+ : 50 boules / 12 etoiles;etoile_2;1;etoile
2025-02-11;2016+ : 50 boules / 12 etoiles;etoile_1;6;etoile
2025-02-14;2016+ : 50 boules / 12 etoiles;boule_5;4;boule
2025-02-14;2016+ : 50 boules / 12 etoiles;boule_2;14;boule
2025-02-14;2016+ : 50 boules / 12 etoiles;boule_4;31;boule
2025-02-14;2016+ : 50 boules / 12 etoiles;boule_3;36;boule
2025-02-14;2016+ : 50 boules / 12 etoiles;boule_1;38;boule
2025-02-14;2016+ : 50 boules / 12 etoiles;etoile_2;3;etoile
2025-02-14;2016+ : 50 boules / 12 etoiles;etoile_1;10;etoile
2025-02-18;2016+ : 50 boules / 12 etoiles;boule_3;5;boule
2025-02-18;2016+ : 50 boules / 12 etoiles;boule_5;14;boule
2025-02-18;2016+ : 50 boules / 12 etoiles;boule_4;25;boule
2025-02-18;2016+ : 50 boules / 12 etoiles;boule_1;26;boule
2025-02-18;2016+ : 50 boules / 12 etoiles;boule_2;40;boule
2025-02-18;2016+ : 50 boules / 12 etoiles;etoile_1;5;etoile
2025-02-18;2016+ : 50 boules / 12 etoiles;etoile_2;7;etoile
2025-02-21;2016+ : 50 boules / 12 etoiles;boule_1;1;boule
2025-02-21;2016+ : 50 boules / 12 etoiles;boule_3;3;boule
2025-02-21;2016+ : 50 boules / 12 etoiles;boule_5;11;boule
2025-02-21;2016+ : 50 boules / 12 etoiles;boule_4;20;boule
2025-02-21;2016+ : 50 boules / 12 etoiles;boule_2;43;boule
2025-02-21;2016+ : 50 boules / 12 etoiles;etoile_2;2;etoile
2025-02-21;2016+ : 50 boules / 12 etoiles;etoile_1;11;etoile
2025-02-25;2016+ : 50 boules / 12 etoiles;boule_4;17;boule
2025-02-25;2016+ : 50 boules / 12 etoiles;boule_5;22;boule
2025-02-25;2016+ : 50 boules / 12 etoiles;boule_1;23;boule
2025-02-25;2016+ : 50 boules / 12 etoiles;boule_2;24;boule
2025-02-25;2016+ : 50 boules / 12 etoiles;boule_3;44;boule
2025-02-25;2016+ : 50 boules / 12 etoiles;etoile_2;6;etoile
2025-02-25;2016+ : 50 boules / 12 etoiles;etoile_1;11;etoile
2025-02-28;2016+ : 50 boules / 12 etoiles;boule_5;7;boule
2025-02-28;2016+ : 50 boules / 12 etoiles;boule_4;16;boule
2025-02-28;2016+ : 50 boules / 12 etoiles;boule_2;31;boule
2025-02-28;2016+ : 50 boules / 12 etoiles;boule_1;43;boule
2025-02-28;2016+ : 50 boules / 12 etoiles;boule_3;46;boule
2025-02-28;2016+ : 50 boules / 12 etoiles;etoile_2;5;etoile
2025-02-28;2016+ : 50 boules / 12 etoiles;etoile_1;9;etoile
2025-03-04;2016+ : 50 boules / 12 etoiles;boule_3;15;boule
2025-03-04;2016+ : 50 boules / 12 etoiles;boule_4;20;boule
2025-03-04;2016+ : 50 boules / 12 etoiles;boule_1;29;boule
2025-03-04;2016+ : 50 boules / 12 etoiles;boule_5;35;boule
2025-03-04;2016+ : 50 boules / 12 etoiles;boule_2;42;boule
2025-03-04;2016+ : 50 boules / 12 etoiles;etoile_2;2;etoile
2025-03-04;2016+ : 50 boules / 12 etoiles;etoile_1;9;etoile
2025-03-07;2016+ : 50 boules / 12 etoiles;boule_2;6;boule
2025-03-07;2016+ : 50 boules / 12 etoiles;boule_5;10;boule
2025-03-07;2016+ : 50 boules / 12 etoiles;boule_4;27;boule
2025-03-07;2016+ : 50 boules / 12 etoiles;boule_1;32;boule
2025-03-07;2016+ : 50 boules / 12 etoiles;boule_3;48;boule
2025-03-07;2016+ : 50 boules / 12 etoiles;etoile_2;3;etoile
2025-03-07;2016+ : 50 boules / 12 etoiles;etoile_1;8;etoile
2025-03-11;2016+ : 50 boules / 12 etoiles;boule_5;13;boule
2025-03-11;2016+ : 50 boules / 12 etoiles;boule_1;36;boule
2025-03-11;2016+ : 50 boules / 12 etoiles;boule_2;37;boule
2025-03-11;2016+ : 50 boules / 12 etoiles;boule_3;42;boule
2025-03-11;2016+ : 50 boules / 12 etoiles;boule_4;47;boule
2025-03-11;2016+ : 50 boules / 12 etoiles;etoile_2;7;etoile
2025-03-11;2016+ : 50 boules / 12 etoiles;etoile_1;11;etoile
2025-03-14;2016+ : 50 boules / 12 etoiles;boule_1;8;boule
2025-03-14;2016+ : 50 boules / 12 etoiles;boule_5;10;boule
2025-03-14;2016+ : 50 boules / 12 etoiles;boule_2;33;boule
2025-03-14;2016+ : 50 boules / 12 etoiles;boule_4;35;boule
2025-03-14;2016+ : 50 boules / 12 etoiles;boule_3;49;boule
2025-03-14;2016+ : 50 boules / 12 etoiles;etoile_1;2;etoile
2025-03-14;2016+ : 50 boules / 12 etoiles;etoile_2;9;etoile
2025-03-18;2016+ : 50 boules / 12 etoiles;boule_4;4;boule
2025-03-18;2016+ : 50 boules / 12 etoiles;boule_2;9;boule
2025-03-18;2016+ : 50 boules / 12 etoiles;boule_3;35;boule
2025-03-18;2016+ : 50 boules / 12 etoiles;boule_1;46;boule
2025-03-18;2016+ : 50 boules / 12 etoiles;boule_5;50;boule
2025-03-18;2016+ : 50 boules / 12 etoiles;etoile_1;8;etoile
2025-03-18;2016+ : 50 boules / 12 etoiles;etoile_2;11;etoile
2025-03-21;2016+ : 50 boules / 12 etoiles;boule_1;9;boule
2025-03-21;2016+ : 50 boules / 12 etoiles;boule_2;17;boule
2025-03-21;2016+ : 50 boules / 12 etoiles;boule_3;18;boule
2025-03-21;2016+ : 50 boules / 12 etoiles;boule_4;21;boule
2025-03-21;2016+ : 50 boules / 12 etoiles;boule_5;50;boule
2025-03-21;2016+ : 50 boules / 12 etoiles;etoile_2;5;etoile
2025-03-21;2016+ : 50 boules / 12 etoiles;etoile_1;12;etoile
2025-03-25;2016+ : 50 boules / 12 etoiles;boule_5;1;boule
2025-03-25;2016+ : 50 boules / 12 etoiles;boule_2;3;boule
2025-03-25;2016+ : 50 boules / 12 etoiles;boule_3;18;boule
2025-03-25;2016+ : 50 boules / 12 etoiles;boule_4;33;boule
2025-03-25;2016+ : 50 boules / 12 etoiles;boule_1;36;boule
2025-03-25;2016+ : 50 boules / 12 etoiles;etoile_2;2;etoile
2025-03-25;2016+ : 50 boules / 12 etoiles;etoile_1;6;etoile
2025-03-28;2016+ : 50 boules / 12 etoiles;boule_1;10;boule
2025-03-28;2016+ : 50 boules / 12 etoiles;boule_2;21;boule
2025-03-28;2016+ : 50 boules / 12 etoiles;boule_3;30;boule
2025-03-28;2016+ : 50 boules / 12 etoiles;boule_5;42;boule
2025-03-28;2016+ : 50 boules / 12 etoiles;boule_4;45;boule
2025-03-28;2016+ : 50 boules / 12 etoiles;etoile_1;1;etoile
2025-03-28;2016+ : 50 boules / 12 etoiles;etoile_2;9;etoile
2025-04-01;2016+ : 50 boules / 12 etoiles;boule_4;9;boule
2025-04-01;2016+ : 50 boules / 12 etoiles;boule_5;24;boule
2025-04-01;2016+ : 50 boules / 12 etoiles;boule_1;30;boule
2025-04-01;2016+ : 50 boules / 12 etoiles;boule_3;46;boule
2025-04-01;2016+ : 50 boules / 12 etoiles;boule_2;49;boule
2025-04-01;2016+ : 50 boules / 12 etoiles;etoile_1;4;etoile
2025-04-01;2016+ : 50 boules / 12 etoiles;etoile_2;12;etoile
2025-04-04;2016+ : 50 boules / 12 etoiles;boule_2;27;boule
2025-04-04;2016+ : 50 boules / 12 etoiles;boule_3;39;boule
2025-04-04;2016+ : 50 boules / 12 etoiles;boule_5;41;boule
2025-04-04;2016+ : 50 boules / 12 etoiles;boule_4;45;boule
2025-04-04;2016+ : 50 boules / 12 etoiles;boule_1;50;boule
2025-04-04;2016+ : 50 boules / 12 etoiles;etoile_2;5;etoile
2025-04-04;2016+ : 50 boules / 12 etoiles;etoile_1;7;etoile
2025-04-08;2016+ : 50 boules / 12 etoiles;boule_2;3;boule
2025-04-08;2016+ : 50 boules / 12 etoiles;boule_4;14;boule
2025-04-08;2016+ : 50 boules / 12 etoiles;boule_1;15;boule
2025-04-08;2016+ : 50 boules / 12 etoiles;boule_3;48;boule
2025-04-08;2016+ : 50 boules / 12 etoiles;boule_5;49;boule
2025-04-08;2016+ : 50 boules / 12 etoiles;etoile_1;1;etoile
2025-04-08;2016+ : 50 boules / 12 etoiles;etoile_2;7;etoile
2025-04-11;2016+ : 50 boules / 12 etoiles;boule_1;14;boule
2025-04-11;2016+ : 50 boules / 12 etoiles;boule_5;28;boule
2025-04-11;2016+ : 50 boules / 12 etoiles;boule_2;34;boule
2025-04-11;2016+ : 50 boules / 12 etoiles;boule_3;46;boule
2025-04-11;2016+ : 50 boules / 12 etoiles;boule_4;49;boule
2025-04-11;2016+ : 50 boules / 12 etoiles;etoile_1;3;etoile
2025-04-11;2016+ : 50 boules / 12 etoiles;etoile_2;8;etoile
2025-04-15;2016+ : 50 boules / 12 etoiles;boule_1;3;boule
2025-04-15;2016+ : 50 boules / 12 etoiles;boule_2;31;boule
2025-04-15;2016+ : 50 boules / 12 etoiles;boule_5;33;boule
2025-04-15;2016+ : 50 boules / 12 etoiles;boule_3;38;boule
2025-04-15;2016+ : 50 boules / 12 etoiles;boule_4;44;boule
2025-04-15;2016+ : 50 boules / 12 etoiles;etoile_2;6;etoile
2025-04-15;2016+ : 50 boules / 12 etoiles;etoile_1;12;etoile
2025-04-18;2016+ : 50 boules / 12 etoiles;boule_1;20;boule
2025-04-18;2016+ : 50 boules / 12 etoiles;boule_5;27;boule
2025-04-18;2016+ : 50 boules / 12 etoiles;boule_4;35;boule
2025-04-18;2016+ : 50 boules / 12 etoiles;boule_3;39;boule
2025-04-18;2016+ : 50 boules / 12 etoiles;boule_2;48;boule
2025-04-18;2016+ : 50 boules / 12 etoiles;etoile_1;3;etoile
2025-04-18;2016+ : 50 boules / 12 etoiles;etoile_2;8;etoile
2025-04-22;2016+ : 50 boules / 12 etoiles;boule_4;7;boule
2025-04-22;2016+ : 50 boules / 12 etoiles;boule_5;28;boule
2025-04-22;2016+ : 50 boules / 12 etoiles;boule_3;33;boule
2025-04-22;2016+ : 50 boules / 12 etoiles;boule_1;37;boule
2025-04-22;2016+ : 50 boules / 12 etoiles;boule_2;47;boule
2025-04-22;2016+ : 50 boules / 12 etoiles;etoile_1;9;etoile
2025-04-22;2016+ : 50 boules / 12 etoiles;etoile_2;12;etoile
2025-04-25;2016+ : 50 boules / 12 etoiles;boule_1;13;boule
2025-04-25;2016+ : 50 boules / 12 etoiles;boule_5;22;boule
2025-04-25;2016+ : 50 boules / 12 etoiles;boule_2;32;boule
2025-04-25;2016+ : 50 boules / 12 etoiles;boule_3;39;boule
2025-04-25;2016+ : 50 boules / 12 etoiles;boule_4;41;boule
2025-04-25;2016+ : 50 boules / 12 etoiles;etoile_1;1;etoile
2025-04-25;2016+ : 50 boules / 12 etoiles;etoile_2;12;etoile
2025-04-29;2016+ : 50 boules / 12 etoiles;boule_4;2;boule
2025-04-29;2016+ : 50 boules / 12 etoiles;boule_5;9;boule
2025-04-29;2016+ : 50 boules / 12 etoiles;boule_1;24;boule
2025-04-29;2016+ : 50 boules / 12 etoiles;boule_2;30;boule
2025-04-29;2016+ : 50 boules / 12 etoiles;boule_3;41;boule
2025-04-29;2016+ : 50 boules / 12 etoiles;etoile_2;1;etoile
2025-04-29;2016+ : 50 boules / 12 etoiles;etoile_1;11;etoile
2025-05-02;2016+ : 50 boules / 12 etoiles;boule_4;3;boule
2025-05-02;2016+ : 50 boules / 12 etoiles;boule_3;5;boule
2025-05-02;2016+ : 50 boules / 12 etoiles;boule_5;19;boule
2025-05-02;2016+ : 50 boules / 12 etoiles;boule_1;21;boule
2025-05-02;2016+ : 50 boules / 12 etoiles;boule_2;49;boule
2025-05-02;2016+ : 50 boules / 12 etoiles;etoile_1;1;etoile
2025-05-02;2016+ : 50 boules / 12 etoiles;etoile_2;10;etoile
2025-05-06;2016+ : 50 boules / 12 etoiles;boule_5;8;boule
2025-05-06;2016+ : 50 boules / 12 etoiles;boule_1;23;boule
2025-05-06;2016+ : 50 boules / 12 etoiles;boule_2;24;boule
2025-05-06;2016+ : 50 boules / 12 etoiles;boule_3;47;boule
2025-05-06;2016+ : 50 boules / 12 etoiles;boule_4;48;boule
2025-05-06;2016+ : 50 boules / 12 etoiles;etoile_1;4;etoile
2025-05-06;2016+ : 50 boules / 12 etoiles;etoile_2;9;etoile
2025-05-09;2016+ : 50 boules / 12 etoiles;boule_1;15;boule
2025-05-09;2016+ : 50 boules / 12 etoiles;boule_2;18;boule
2025-05-09;2016+ : 50 boules / 12 etoiles;boule_3;25;boule
2025-05-09;2016+ : 50 boules / 12 etoiles;boule_5;29;boule
2025-05-09;2016+ : 50 boules / 12 etoiles;boule_4;47;boule
2025-05-09;2016+ : 50 boules / 12 etoiles;etoile_2;5;etoile
2025-05-09;2016+ : 50 boules / 12 etoiles;etoile_1;9;etoile
2025-05-13;2016+ : 50 boules / 12 etoiles;boule_2;9;boule
2025-05-13;2016+ : 50 boules / 12 etoiles;boule_1;19;boule
2025-05-13;2016+ : 50 boules / 12 etoiles;boule_3;44;boule
2025-05-13;2016+ : 50 boules / 12 etoiles;boule_4;47;boule
2025-05-13;2016+ : 50 boules / 12 etoiles;boule_5;50;boule
2025-05-13;2016+ : 50 boules / 12 etoiles;etoile_1;2;etoile
2025-05-13;2016+ : 50 boules / 12 etoiles;etoile_2;9;etoile
2025-05-16;2016+ : 50 boules / 12 etoiles;boule_5;6;boule
2025-05-16;2016+ : 50 boules / 12 etoiles;boule_2;9;boule
2025-05-16;2016+ : 50 boules / 12 etoiles;boule_1;25;boule
2025-05-16;2016+ : 50 boules / 12 etoiles;boule_3;37;boule
2025-05-16;2016+ : 50 boules / 12 etoiles;boule_4;46;boule
2025-05-16;2016+ : 50 boules / 12 etoiles;etoile_1;6;etoile
2025-05-16;2016+ : 50 boules / 12 etoiles;etoile_2;12;etoile
2025-05-20;2016+ : 50 boules / 12 etoiles;boule_2;1;boule
2025-05-20;2016+ : 50 boules / 12 etoiles;boule_4;8;boule
2025-05-20;2016+ : 50 boules / 12 etoiles;boule_5;13;boule
2025-05-20;2016+ : 50 boules / 12 etoiles;boule_3;29;boule
2025-05-20;2016+ : 50 boules / 12 etoiles;boule_1;47;boule
2025-05-20;2016+ : 50 boules / 12 etoiles;etoile_1;5;etoile
2025-05-20;2016+ : 50 boules / 12 etoiles;etoile_2;6;etoile
2025-05-23;2016+ : 50 boules / 12 etoiles;boule_5;10;boule
2025-05-23;2016+ : 50 boules / 12 etoiles;boule_3;29;boule
2025-05-23;2016+ : 50 boules / 12 etoiles;boule_2;43;boule
2025-05-23;2016+ : 50 boules / 12 etoiles;boule_4;46;boule
2025-05-23;2016+ : 50 boules / 12 etoiles;boule_1;49;boule
2025-05-23;2016+ : 50 boules / 12 etoiles;etoile_2;7;etoile
2025-05-23;2016+ : 50 boules / 12 etoiles;etoile_1;12;etoile
2025-05-27;2016+ : 50 boules / 12 etoiles;boule_4;12;boule
2025-05-27;2016+ : 50 boules / 12 etoiles;boule_1;30;boule
2025-05-27;2016+ : 50 boules / 12 etoiles;boule_3;38;boule
2025-05-27;2016+ : 50 boules / 12 etoiles;boule_5;40;boule
2025-05-27;2016+ : 50 boules / 12 etoiles;boule_2;41;boule
2025-05-27;2016+ : 50 boules / 12 etoiles;etoile_1;4;etoile
2025-05-27;2016+ : 50 boules / 12 etoiles;etoile_2;12;etoile
2025-05-30;2016+ : 50 boules / 12 etoiles;boule_4;4;boule
2025-05-30;2016+ : 50 boules / 12 etoiles;boule_2;7;boule
2025-05-30;2016+ : 50 boules / 12 etoiles;boule_3;14;boule
2025-05-30;2016+ : 50 boules / 12 etoiles;boule_5;33;boule
2025-05-30;2016+ : 50 boules / 12 etoiles;boule_1;36;boule
2025-05-30;2016+ : 50 boules / 12 etoiles;etoile_1;1;etoile
2025-05-30;2016+ : 50 boules / 12 etoiles;etoile_2;5;etoile
2025-06-03;2016+ : 50 boules / 12 etoiles;boule_2;12;boule
2025-06-03;2016+ : 50 boules / 12 etoiles;boule_3;15;boule
2025-06-03;2016+ : 50 boules / 12 etoiles;boule_4;38;boule
2025-06-03;2016+ : 50 boules / 12 etoiles;boule_1;47;boule
2025-06-03;2016+ : 50 boules / 12 etoiles;boule_5;48;boule
2025-06-03;2016+ : 50 boules / 12 etoiles;etoile_2;5;etoile
2025-06-03;2016+ : 50 boules / 12 etoiles;etoile_1;7;etoile
2025-06-06;2016+ : 50 boules / 12 etoiles;boule_4;20;boule
2025-06-06;2016+ : 50 boules / 12 etoiles;boule_3;21;boule
2025-06-06;2016+ : 50 boules / 12 etoiles;boule_2;29;boule
2025-06-06;2016+ : 50 boules / 12 etoiles;boule_1;30;boule
2025-06-06;2016+ : 50 boules / 12 etoiles;boule_5;35;boule
2025-06-06;2016+ : 50 boules / 12 etoiles;etoile_1;2;etoile
2025-06-06;2016+ : 50 boules / 12 etoiles;etoile_2;12;etoile
2025-06-10;2016+ : 50 boules / 12 etoiles;boule_5;19;boule
2025-06-10;2016+ : 50 boules / 12 etoiles;boule_1;36;boule
2025-06-10;2016+ : 50 boules / 12 etoiles;boule_4;39;boule
2025-06-10;2016+ : 50 boules / 12 etoiles;boule_2;40;boule
2025-06-10;2016+ : 50 boules / 12 etoiles;boule_3;45;boule
2025-06-10;2016+ : 50 boules / 12 etoiles;etoile_1;5;etoile
2025-06-10;2016+ : 50 boules / 12 etoiles;etoile_2;6;etoile
2025-06-13;2016+ : 50 boules / 12 etoiles;boule_4;2;boule
2025-06-13;2016+ : 50 boules / 12 etoiles;boule_5;28;boule
2025-06-13;2016+ : 50 boules / 12 etoiles;boule_2;40;boule
2025-06-13;2016+ : 50 boules / 12 etoiles;boule_1;43;boule
2025-06-13;2016+ : 50 boules / 12 etoiles;boule_3;45;boule
2025-06-13;2016+ : 50 boules / 12 etoiles;etoile_1;3;etoile
2025-06-13;2016+ : 50 boules / 12 etoiles;etoile_2;7;etoile
2025-06-17;2016+ : 50 boules / 12 etoiles;boule_5;13;boule
2025-06-17;2016+ : 50 boules / 12 etoiles;boule_1;22;boule
2025-06-17;2016+ : 50 boules / 12 etoiles;boule_4;23;boule
2025-06-17;2016+ : 50 boules / 12 etoiles;boule_2;44;boule
2025-06-17;2016+ : 50 boules / 12 etoiles;boule_3;49;boule
2025-06-17;2016+ : 50 boules / 12 etoiles;etoile_1;3;etoile
2025-06-17;2016+ : 50 boules / 12 etoiles;etoile_2;5;etoile
2025-06-20;2016+ : 50 boules / 12 etoiles;boule_4;5;boule
2025-06-20;2016+ : 50 boules / 12 etoiles;boule_5;8;boule
2025-06-20;2016+ : 50 boules / 12 etoiles;boule_2;24;boule
2025-06-20;2016+ : 50 boules / 12 etoiles;boule_1;37;boule
2025-06-20;2016+ : 50 boules / 12 etoiles;boule_3;47;boule
2025-06-20;2016+ : 50 boules / 12 etoiles;etoile_2;3;etoile
2025-06-20;2016+ : 50 boules / 12 etoiles;etoile_1;9;etoile
2025-06-24;2016+ : 50 boules / 12 etoiles;boule_4;7;boule
2025-06-24;2016+ : 50 boules / 12 etoiles;boule_1;16;boule
2025-06-24;2016+ : 50 boules / 12 etoiles;boule_2;21;boule
2025-06-24;2016+ : 50 boules / 12 etoiles;boule_5;23;boule
2025-06-24;2016+ : 50 boules / 12 etoiles;boule_3;39;boule
2025-06-24;2016+ : 50 boules / 12 etoiles;etoile_2;7;etoile
2025-06-24;2016+ : 50 boules / 12 etoiles;etoile_1;11;etoile
2025-06-27;2016+ : 50 boules / 12 etoiles;boule_3;19;boule
2025-06-27;2016+ : 50 boules / 12 etoiles;boule_1;27;boule
2025-06-27;2016+ : 50 boules / 12 etoiles;boule_4;36;boule
2025-06-27;2016+ : 50 boules / 12 etoiles;boule_2;45;boule
2025-06-27;2016+ : 50 boules / 12 etoiles;boule_5;49;boule
2025-06-27;2016+ : 50 boules / 12 etoiles;etoile_1;7;etoile
2025-06-27;2016+ : 50 boules / 12 etoiles;etoile_2;10;etoile
2025-07-01;2016+ : 50 boules / 12 etoiles;boule_3;1;boule
2025-07-01;2016+ : 50 boules / 12 etoiles;boule_2;17;boule
2025-07-01;2016+ : 50 boules / 12 etoiles;boule_4;28;boule
2025-07-01;2016+ : 50 boules / 12 etoiles;boule_5;32;boule
2025-07-01;2016+ : 50 boules / 12 etoiles;boule_1;34;boule
2025-07-01;2016+ : 50 boules / 12 etoiles;etoile_1;7;etoile
2025-07-01;2016+ : 50 boules / 12 etoiles;etoile_2;8;etoile
2025-07-04;2016+ : 50 boules / 12 etoiles;boule_2;19;boule
2025-07-04;2016+ : 50 boules / 12 etoiles;boule_4;29;boule
2025-07-04;2016+ : 50 boules / 12 etoiles;boule_5;42;boule
2025-07-04;2016+ : 50 boules / 12 etoiles;boule_1;45;boule
2025-07-04;2016+ : 50 boules / 12 etoiles;boule_3;48;boule
2025-07-04;2016+ : 50 boules / 12 etoiles;etoile_1;5;etoile
2025-07-04;2016+ : 50 boules / 12 etoiles;etoile_2;7;etoile
2025-07-08;2016+ : 50 boules / 12 etoiles;boule_4;1;boule
2025-07-08;2016+ : 50 boules / 12 etoiles;boule_5;8;boule
2025-07-08;2016+ : 50 boules / 12 etoiles;boule_3;9;boule
2025-07-08;2016+ : 50 boules / 12 etoiles;boule_2;18;boule
2025-07-08;2016+ : 50 boules / 12 etoiles;boule_1;50;boule
2025-07-08;2016+ : 50 boules / 12 etoiles;etoile_2;1;etoile
2025-07-08;2016+ : 50 boules / 12 etoiles;etoile_1;5;etoile
2025-07-11;2016+ : 50 boules / 12 etoiles;boule_1;8;boule
2025-07-11;2016+ : 50 boules / 12 etoiles;boule_4;23;boule
2025-07-11;2016+ : 50 boules / 12 etoiles;boule_2;24;boule
2025-07-11;2016+ : 50 boules / 12 etoiles;boule_3;45;boule
2025-07-11;2016+ : 50 boules / 12 etoiles;boule_5;49;boule
2025-07-11;2016+ : 50 boules / 12 etoiles;etoile_1;2;etoile
2025-07-11;2016+ : 50 boules / 12 etoiles;etoile_2;10;etoile
2025-07-15;2016+ : 50 boules / 12 etoiles;boule_3;24;boule
2025-07-15;2016+ : 50 boules / 12 etoiles;boule_5;38;boule
2025-07-15;2016+ : 50 boules / 12 etoiles;boule_1;41;boule
2025-07-15;2016+ : 50 boules / 12 etoiles;boule_2;45;boule
2025-07-15;2016+ : 50 boules / 12 etoiles;boule_4;49;boule
2025-07-15;2016+ : 50 boules / 12 etoiles;etoile_1;1;etoile
2025-07-15;2016+ : 50 boules / 12 etoiles;etoile_2;6;etoile
2025-07-18;2016+ : 50 boules / 12 etoiles;boule_5;13;boule
2025-07-18;2016+ : 50 boules / 12 etoiles;boule_2;19;boule
2025-07-18;2016+ : 50 boules / 12 etoiles;boule_1;25;boule
2025-07-18;2016+ : 50 boules / 12 etoiles;boule_3;42;boule
2025-07-18;2016+ : 50 boules / 12 etoiles;boule_4;45;boule
2025-07-18;2016+ : 50 boules / 12 etoiles;etoile_2;2;etoile
2025-07-18;2016+ : 50 boules / 12 etoiles;etoile_1;9;etoile
2025-07-22;2016+ : 50 boules / 12 etoiles;boule_1;8;boule
2025-07-22;2016+ : 50 boules / 12 etoiles;boule_5;15;boule
2025-07-22;2016+ : 50 boules / 12 etoiles;boule_4;26;boule
2025-07-22;2016+ : 50 boules / 12 etoiles;boule_3;33;boule
2025-07-22;2016+ : 50 boules / 12 etoiles;boule_2;41;boule
2025-07-22;2016+ : 50 boules / 12 etoiles;etoile_1;9;etoile
2025-07-22;2016+ : 50 boules / 12 etoiles;etoile_2;10;etoile
2025-07-25;2016+ : 50 boules / 12 etoiles;boule_4;6;boule
2025-07-25;2016+ : 50 boules / 12 etoiles;boule_5;7;boule
2025-07-25;2016+ : 50 boules / 12 etoiles;boule_3;23;boule
2025-07-25;2016+ : 50 boules / 12 etoiles;boule_1;32;boule
2025-07-25;2016+ : 50 boules / 12 etoiles;boule_2;36;boule
2025-07-25;2016+ : 50 boules / 12 etoiles;etoile_1;11;etoile
2025-07-25;2016+ : 50 boules / 12 etoiles;etoile_2;12;etoile
2025-07-29;2016+ : 50 boules / 12 etoiles;boule_1;5;boule
2025-07-29;2016+ : 50 boules / 12 etoiles;boule_4;6;boule
2025-07-29;2016+ : 50 boules / 12 etoiles;boule_5;42;boule
2025-07-29;2016+ : 50 boules / 12 etoiles;boule_3;44;boule
2025-07-29;2016+ : 50 boules / 12 etoiles;boule_2;46;boule
2025-07-29;2016+ : 50 boules / 12 etoiles;etoile_1;4;etoile
2025-07-29;2016+ : 50 boules / 12 etoiles;etoile_2;8;etoile
2025-08-01;2016+ : 50 boules / 12 etoiles;boule_2;4;boule
2025-08-01;2016+ : 50 boules / 12 etoiles;boule_4;16;boule
2025-08-01;2016+ : 50 boules / 12 etoiles;boule_3;25;boule
2025-08-01;2016+ : 50 boules / 12 etoiles;boule_1;29;boule
2025-08-01;2016+ : 50 boules / 12 etoiles;boule_5;30;boule
2025-08-01;2016+ : 50 boules / 12 etoiles;etoile_2;2;etoile
2025-08-01;2016+ : 50 boules / 12 etoiles;etoile_1;10;etoile
2025-08-05;2016+ : 50 boules / 12 etoiles;boule_1;1;boule
2025-08-05;2016+ : 50 boules / 12 etoiles;boule_2;3;boule
2025-08-05;2016+ : 50 boules / 12 etoiles;boule_3;5;boule
2025-08-05;2016+ : 50 boules / 12 etoiles;boule_4;42;boule
2025-08-05;2016+ : 50 boules / 12 etoiles;boule_5;47;boule
2025-08-05;2016+ : 50 boules / 12 etoiles;etoile_1;5;etoile
2025-08-05;2016+ : 50 boules / 12 etoiles;etoile_2;10;etoile
2025-08-08;2016+ : 50 boules / 12 etoiles;boule_1;2;boule
2025-08-08;2016+ : 50 boules / 12 etoiles;boule_4;12;boule
2025-08-08;2016+ : 50 boules / 12 etoiles;boule_3;19;boule
2025-08-08;2016+ : 50 boules / 12 etoiles;boule_2;34;boule
2025-08-08;2016+ : 50 boules / 12 etoiles;boule_5;44;boule
2025-08-08;2016+ : 50 boules / 12 etoiles;etoile_2;6;etoile
2025-08-08;2016+ : 50 boules / 12 etoiles;etoile_1;10;etoile
2025-08-12;2016+ : 50 boules / 12 etoiles;boule_4;18;boule
2025-08-12;2016+ : 50 boules / 12 etoiles;boule_3;28;boule
2025-08-12;2016+ : 50 boules / 12 etoiles;boule_5;42;boule
2025-08-12;2016+ : 50 boules / 12 etoiles;boule_1;46;boule
2025-08-12;2016+ : 50 boules / 12 etoiles;boule_2;48;boule
2025-08-12;2016+ : 50 boules / 12 etoiles;etoile_1;3;etoile
2025-08-12;2016+ : 50 boules / 12 etoiles;etoile_2;9;etoile
2025-08-15;2016+ : 50 boules / 12 etoiles;boule_5;13;boule
2025-08-15;2016+ : 50 boules / 12 etoiles;boule_4;30;boule
2025-08-15;2016+ : 50 boules / 12 etoiles;boule_3;35;boule
2025-08-15;2016+ : 50 boules / 12 etoiles;boule_1;36;boule
2025-08-15;2016+ : 50 boules / 12 etoiles;boule_2;40;boule
2025-08-15;2016+ : 50 boules / 12 etoiles;etoile_2;2;etoile
2025-08-15;2016+ : 50 boules / 12 etoiles;etoile_1;6;etoile
2025-08-19;2016+ : 50 boules / 12 etoiles;boule_1;24;boule
2025-08-19;2016+ : 50 boules / 12 etoiles;boule_5;31;boule
2025-08-19;2016+ : 50 boules / 12 etoiles;boule_4;34;boule
2025-08-19;2016+ : 50 boules / 12 etoiles;boule_3;41;boule
2025-08-19;2016+ : 50 boules / 12 etoiles;boule_2;43;boule
2025-08-19;2016+ : 50 boules / 12 etoiles;etoile_2;6;etoile
2025-08-19;2016+ : 50 boules / 12 etoiles;etoile_1;8;etoile
2025-08-22;2016+ : 50 boules / 12 etoiles;boule_5;6;boule
2025-08-22;2016+ : 50 boules / 12 etoiles;boule_3;9;boule
2025-08-22;2016+ : 50 boules / 12 etoiles;boule_4;12;boule
2025-08-22;2016+ : 50 boules / 12 etoiles;boule_2;30;boule
2025-08-22;2016+ : 50 boules / 12 etoiles;boule_1;39;boule
2025-08-22;2016+ : 50 boules / 12 etoiles;etoile_2;4;etoile
2025-08-22;2016+ : 50 boules / 12 etoiles;etoile_1;10;etoile
2025-08-26;2016+ : 50 boules / 12 etoiles;boule_1;2;boule
2025-08-26;2016+ : 50 boules / 12 etoiles;boule_4;14;boule
2025-08-26;2016+ : 50 boules / 12 etoiles;boule_3;38;boule
2025-08-26;2016+ : 50 boules / 12 etoiles;boule_2;42;boule
2025-08-26;2016+ : 50 boules / 12 etoiles;boule_5;45;boule
2025-08-26;2016+ : 50 boules / 12 etoiles;etoile_2;10;etoile
2025-08-26;2016+ : 50 boules / 12 etoiles;etoile_1;11;etoile
2025-08-29;2016+ : 50 boules / 12 etoiles;boule_1;6;boule
2025-08-29;2016+ : 50 boules / 12 etoiles;boule_5;9;boule
2025-08-29;2016+ : 50 boules / 12 etoiles;boule_4;10;boule
2025-08-29;2016+ : 50 boules / 12 etoiles;boule_2;13;boule
2025-08-29;2016+ : 50 boules / 12 etoiles;boule_3;37;boule
2025-08-29;2016+ : 50 boules / 12 etoiles;etoile_1;1;etoile
2025-08-29;2016+ : 50 boules / 12 etoiles;etoile_2;7;etoile
2025-09-02;2016+ : 50 boules / 12 etoiles;boule_4;13;boule
2025-09-02;2016+ : 50 boules / 12 etoiles;boule_5;30;boule
2025-09-02;2016+ : 50 boules / 12 etoiles;boule_1;31;boule
2025-09-02;2016+ : 50 boules / 12 etoiles;boule_2;32;boule
2025-09-02;2016+ : 50 boules / 12 etoiles;boule_3;36;boule
2025-09-02;2016+ : 50 boules / 12 etoiles;etoile_2;1;etoile
2025-09-02;2016+ : 50 boules / 12 etoiles;etoile_1;12;etoile
2025-09-05;2016+ : 50 boules / 12 etoiles;boule_2;27;boule
2025-09-05;2016+ : 50 boules / 12 etoiles;boule_1;30;boule
2025-09-05;2016+ : 50 boules / 12 etoiles;boule_4;31;boule
2025-09-05;2016+ : 50 boules / 12 etoiles;boule_3;41;boule
2025-09-05;2016+ : 50 boules / 12 etoiles;boule_5;43;boule
2025-09-05;2016+ : 50 boules / 12 etoiles;etoile_1;5;etoile
2025-09-05;2016+ : 50 boules / 12 etoiles;etoile_2;8;etoile
2025-09-09;2016+ : 50 boules / 12 etoiles;boule_1;3;boule
2025-09-09;2016+ : 50 boules / 12 etoiles;boule_3;13;boule
2025-09-09;2016+ : 50 boules / 12 etoiles;boule_2;24;boule
2025-09-09;2016+ : 50 boules / 12 etoiles;boule_4;39;boule
2025-09-09;2016+ : 50 boules / 12 etoiles;boule_5;40;boule
2025-09-09;2016+ : 50 boules / 12 etoiles;etoile_2;2;etoile
2025-09-09;2016+ : 50 boules / 12 etoiles;etoile_1;8;etoile
2025-09-12;2016+ : 50 boules / 12 etoiles;boule_4;5;boule
2025-09-12;2016+ : 50 boules / 12 etoiles;boule_1;10;boule
2025-09-12;2016+ : 50 boules / 12 etoiles;boule_5;23;boule
2025-09-12;2016+ : 50 boules / 12 etoiles;boule_3;31;boule
2025-09-12;2016+ : 50 boules / 12 etoiles;boule_2;37;boule
2025-09-12;2016+ : 50 boules / 12 etoiles;etoile_1;3;etoile
2025-09-12;2016+ : 50 boules / 12 etoiles;etoile_2;11;etoile
2025-09-16;2016+ : 50 boules / 12 etoiles;boule_4;1;boule
2025-09-16;2016+ : 50 boules / 12 etoiles;boule_2;9;boule
2025-09-16;2016+ : 50 boules / 12 etoiles;boule_3;13;boule
2025-09-16;2016+ : 50 boules / 12 etoiles;boule_1;35;boule
2025-09-16;2016+ : 50 boules / 12 etoiles;boule_5;40;boule
2025-09-16;2016+ : 50 boules / 12 etoiles;etoile_2;5;etoile
2025-09-16;2016+ : 50 boules / 12 etoiles;etoile_1;6;etoile
2025-09-19;2016+ : 50 boules / 12 etoiles;boule_4;8;boule
2025-09-19;2016+ : 50 boules / 12 etoiles;boule_5;10;boule
2025-09-19;2016+ : 50 boules / 12 etoiles;boule_1;26;boule
2025-09-19;2016+ : 50 boules / 12 etoiles;boule_2;32;boule
2025-09-19;2016+ : 50 boules / 12 etoiles;boule_3;42;boule
2025-09-19;2016+ : 50 boules / 12 etoiles;etoile_1;9;etoile
2025-09-19;2016+ : 50 boules / 12 etoiles;etoile_2;12;etoile
2025-09-23;2016+ : 50 boules / 12 etoiles;boule_4;11;boule
2025-09-23;2016+ : 50 boules / 12 etoiles;boule_1;13;boule
2025-09-23;2016+ : 50 boules / 12 etoiles;boule_5;24;boule
2025-09-23;2016+ : 50 boules / 12 etoiles;boule_2;29;boule
2025-09-23;2016+ : 50 boules / 12 etoiles;boule_3;33;boule
2025-09-23;2016+ : 50 boules / 12 etoiles;etoile_2;2;etoile
2025-09-23;2016+ : 50 boules / 12 etoiles;etoile_1;5;etoile
2025-09-26;2016+ : 50 boules / 12 etoiles;boule_3;4;boule
2025-09-26;2016+ : 50 boules / 12 etoiles;boule_2;17;boule
2025-09-26;2016+ : 50 boules / 12 etoiles;boule_1;25;boule
2025-09-26;2016+ : 50 boules / 12 etoiles;boule_5;28;boule
2025-09-26;2016+ : 50 boules / 12 etoiles;boule_4;44;boule
2025-09-26;2016+ : 50 boules / 12 etoiles;etoile_2;5;etoile
2025-09-26;2016+ : 50 boules / 12 etoiles;etoile_1;11;etoile
2025-09-30;2016+ : 50 boules / 12 etoiles;boule_4;3;boule
2025-09-30;2016+ : 50 boules / 12 etoiles;boule_3;8;boule
2025-09-30;2016+ : 50 boules / 12 etoiles;boule_2;15;boule
2025-09-30;2016+ : 50 boules / 12 etoiles;boule_5;17;boule
2025-09-30;2016+ : 50 boules / 12 etoiles;boule_1;48;boule
2025-09-30;2016+ : 50 boules / 12 etoiles;etoile_1;2;etoile
2025-09-30;2016+ : 50 boules / 12 etoiles;etoile_2;8;etoile
2025-10-03;2016+ : 50 boules / 12 etoiles;boule_3;6;boule
2025-10-03;2016+ : 50 boules / 12 etoiles;boule_4;12;boule
2025-10-03;2016+ : 50 boules / 12 etoiles;boule_5;18;boule
2025-10-03;2016+ : 50 boules / 12 etoiles;boule_1;25;boule
2025-10-03;2016+ : 50 boules / 12 etoiles;boule_2;41;boule
2025-10-03;2016+ : 50 boules / 12 etoiles;etoile_1;2;etoile
2025-10-03;2016+ : 50 boules / 12 etoiles;etoile_2;6;etoile
2025-10-07;2016+ : 50 boules / 12 etoiles;boule_1;24;boule
2025-10-07;2016+ : 50 boules / 12 etoiles;boule_2;39;boule
2025-10-07;2016+ : 50 boules / 12 etoiles;boule_5;42;boule
2025-10-07;2016+ : 50 boules / 12 etoiles;boule_4;43;boule
2025-10-07;2016+ : 50 boules / 12 etoiles;boule_3;48;boule
2025-10-07;2016+ : 50 boules / 12 etoiles;etoile_1;5;etoile
2025-10-07;2016+ : 50 boules / 12 etoiles;etoile_2;8;etoile
2025-10-10;2016+ : 50 boules / 12 etoiles;boule_5;6;boule
2025-10-10;2016+ : 50 boules / 12 etoiles;boule_1;7;boule
2025-10-10;2016+ : 50 boules / 12 etoiles;boule_4;17;boule
2025-10-10;2016+ : 50 boules / 12 etoiles;boule_3;20;boule
2025-10-10;2016+ : 50 boules / 12 etoiles;boule_2;21;boule
2025-10-10;2016+ : 50 boules / 12 etoiles;etoile_2;1;etoile
2025-10-10;2016+ : 50 boules / 12 etoiles;etoile_1;10;etoile
2025-10-14;2016+ : 50 boules / 12 etoiles;boule_2;5;boule
2025-10-14;2016+ : 50 boules / 12 etoiles;boule_1;8;boule
2025-10-14;2016+ : 50 boules / 12 etoiles;boule_5;14;boule
2025-10-14;2016+ : 50 boules / 12 etoiles;boule_4;16;boule
2025-10-14;2016+ : 50 boules / 12 etoiles;boule_3;18;boule
2025-10-14;2016+ : 50 boules / 12 etoiles;etoile_2;3;etoile
2025-10-14;2016+ : 50 boules / 12 etoiles;etoile_1;10;etoile
2025-10-17;2016+ : 50 boules / 12 etoiles;boule_5;13;boule
2025-10-17;2016+ : 50 boules / 12 etoiles;boule_3;35;boule
2025-10-17;2016+ : 50 boules / 12 etoiles;boule_1;39;boule
2025-10-17;2016+ : 50 boules / 12 etoiles;boule_2;44;boule
2025-10-17;2016+ : 50 boules / 12 etoiles;boule_4;47;boule
2025-10-17;2016+ : 50 boules / 12 etoiles;etoile_1;3;etoile
2025-10-17;2016+ : 50 boules / 12 etoiles;etoile_2;5;etoile
2025-10-21;2016+ : 50 boules / 12 etoiles;boule_1;5;boule
2025-10-21;2016+ : 50 boules / 12 etoiles;boule_4;24;boule
2025-10-21;2016+ : 50 boules / 12 etoiles;boule_2;29;boule
2025-10-21;2016+ : 50 boules / 12 etoiles;boule_3;40;boule
2025-10-21;2016+ : 50 boules / 12 etoiles;boule_5;42;boule
2025-10-21;2016+ : 50 boules / 12 etoiles;etoile_1;6;etoile
2025-10-21;2016+ : 50 boules / 12 etoiles;etoile_2;12;etoile
2025-10-24;2016+ : 50 boules / 12 etoiles;boule_4;7;boule
2025-10-24;2016+ : 50 boules / 12 etoiles;boule_2;8;boule
2025-10-24;2016+ : 50 boules / 12 etoiles;boule_1;25;boule
2025-10-24;2016+ : 50 boules / 12 etoiles;boule_5;31;boule
2025-10-24;2016+ : 50 boules / 12 etoiles;boule_3;45;boule
2025-10-24;2016+ : 50 boules / 12 etoiles;etoile_2;7;etoile
2025-10-24;2016+ : 50 boules / 12 etoiles;etoile_1;12;etoile
2025-10-28;2016+ : 50 boules / 12 etoiles;boule_4;7;boule
2025-10-28;2016+ : 50 boules / 12 etoiles;boule_5;8;boule
2025-10-28;2016+ : 50 boules / 12 etoiles;boule_3;24;boule
2025-10-28;2016+ : 50 boules / 12 etoiles;boule_1;35;boule
2025-10-28;2016+ : 50 boules / 12 etoiles;boule_2;49;boule
2025-10-28;2016+ : 50 boules / 12 etoiles;etoile_1;2;etoile
2025-10-28;2016+ : 50 boules / 12 etoiles;etoile_2;12;etoile
2025-10-31;2016+ : 50 boules / 12 etoiles;boule_3;5;boule
2025-10-31;2016+ : 50 boules / 12 etoiles;boule_5;14;boule
2025-10-31;2016+ : 50 boules / 12 etoiles;boule_2;38;boule
2025-10-31;2016+ : 50 boules / 12 etoiles;boule_1;43;boule
2025-10-31;2016+ : 50 boules / 12 etoiles;boule_4;45;boule
2025-10-31;2016+ : 50 boules / 12 etoiles;etoile_1;7;etoile
2025-10-31;2016+ : 50 boules / 12 etoiles;etoile_2;11;etoile
2025-11-04;2016+ : 50 boules / 12 etoiles;boule_5;6;boule
2025-11-04;2016+ : 50 boules / 12 etoiles;boule_4;9;boule
2025-11-04;2016+ : 50 boules / 12 etoiles;boule_1;25;boule
2025-11-04;2016+ : 50 boules / 12 etoiles;boule_2;28;boule
2025-11-04;2016+ : 50 boules / 12 etoiles;boule_3;45;boule
2025-11-04;2016+ : 50 boules / 12 etoiles;etoile_1;1;etoile
2025-11-04;2016+ : 50 boules / 12 etoiles;etoile_2;4;etoile
2025-11-07;2016+ : 50 boules / 12 etoiles;boule_4;11;boule
2025-11-07;2016+ : 50 boules / 12 etoiles;boule_2;21;boule
2025-11-07;2016+ : 50 boules / 12 etoiles;boule_5;39;boule
2025-11-07;2016+ : 50 boules / 12 etoiles;boule_1;40;boule
2025-11-07;2016+ : 50 boules / 12 etoiles;boule_3;43;boule
2025-11-07;2016+ : 50 boules / 12 etoiles;etoile_2;2;etoile
2025-11-07;2016+ : 50 boules / 12 etoiles;etoile_1;8;etoile
2025-11-11;2016+ : 50 boules / 12 etoiles;boule_5;4;boule
2025-11-11;2016+ : 50 boules / 12 etoiles;boule_2;22;boule
2025-11-11;2016+ : 50 boules / 12 etoiles;boule_3;32;boule
2025-11-11;2016+ : 50 boules / 12 etoiles;boule_4;36;boule
2025-11-11;2016+ : 50 boules / 12 etoiles;boule_1;47;boule
2025-11-11;2016+ : 50 boules / 12 etoiles;etoile_1;2;etoile
2025-11-11;2016+ : 50 boules / 12 etoiles;etoile_2;10;etoile
2025-11-14;2016+ : 50 boules / 12 etoiles;boule_1;9;boule
2025-11-14;2016+ : 50 boules / 12 etoiles;boule_3;26;boule
2025-11-14;2016+ : 50 boules / 12 etoiles;boule_5;27;boule
2025-11-14;2016+ : 50 boules / 12 etoiles;boule_2;45;boule
2025-11-14;2016+ : 50 boules / 12 etoiles;boule_4;48;boule
2025-11-14;2016+ : 50 boules / 12 etoiles;etoile_2;8;etoile
2025-11-14;2016+ : 50 boules / 12 etoiles;etoile_1;9;etoile
2025-11-18;2016+ : 50 boules / 12 etoiles;boule_3;2;boule
2025-11-18;2016+ : 50 boules / 12 etoiles;boule_2;4;boule
2025-11-18;2016+ : 50 boules / 12 etoiles;boule_5;15;boule
2025-11-18;2016+ : 50 boules / 12 etoiles;boule_4;21;boule
2025-11-18;2016+ : 50 boules / 12 etoiles;boule_1;48;boule
2025-11-18;2016+ : 50 boules / 12 etoiles;etoile_2;6;etoile
2025-11-18;2016+ : 50 boules / 12 etoiles;etoile_1;12;etoile
2025-11-21;2016+ : 50 boules / 12 etoiles;boule_2;17;boule
2025-11-21;2016+ : 50 boules / 12 etoiles;boule_5;19;boule
2025-11-21;2016+ : 50 boules / 12 etoiles;boule_4;29;boule
2025-11-21;2016+ : 50 boules / 12 etoiles;boule_1;35;boule
2025-11-21;2016+ : 50 boules / 12 etoiles;boule_3;48;boule
2025-11-21;2016+ : 50 boules / 12 etoiles;etoile_2;5;etoile
2025-11-21;2016+ : 50 boules / 12 etoiles;etoile_1;9;etoile
2025-11-25;2016+ : 50 boules / 12 etoiles;boule_5;6;boule
2025-11-25;2016+ : 50 boules / 12 etoiles;boule_1;11;boule
2025-11-25;2016+ : 50 boules / 12 etoiles;boule_4;17;boule
2025-11-25;2016+ : 50 boules / 12 etoiles;boule_2;35;boule
2025-11-25;2016+ : 50 boules / 12 etoiles;boule_3;44;boule
2025-11-25;2016+ : 50 boules / 12 etoiles;etoile_2;3;etoile
2025-11-25;2016+ : 50 boules / 12 etoiles;etoile_1;7;etoile
2025-11-28;2016+ : 50 boules / 12 etoiles;boule_1;5;boule
2025-11-28;2016+ : 50 boules / 12 etoiles;boule_4;29;boule
2025-11-28;2016+ : 50 boules / 12 etoiles;boule_2;33;boule
2025-11-28;2016+ : 50 boules / 12 etoiles;boule_5;39;boule
2025-11-28;2016+ : 50 boules / 12 etoiles;boule_3;42;boule
2025-11-28;2016+ : 50 boules / 12 etoiles;etoile_1;3;etoile
2025-11-28;2016+ : 50 boules / 12 etoiles;etoile_2;9;etoile
2025-12-02;2016+ : 50 boules / 12 etoiles;boule_2;4;boule
2025-12-02;2016+ : 50 boules / 12 etoiles;boule_4;13;boule
2025-12-02;2016+ : 50 boules / 12 etoiles;boule_1;14;boule
2025-12-02;2016+ : 50 boules / 12 etoiles;boule_5;20;boule
2025-12-02;2016+ : 50 boules / 12 etoiles;boule_3;41;boule
2025-12-02;2016+ : 50 boules / 12 etoiles;etoile_1;6;etoile
2025-12-02;2016+ : 50 boules / 12 etoiles;etoile_2;12;etoile
2025-12-05;2016+ : 50 boules / 12 etoiles;boule_5;9;boule
2025-12-05;2016+ : 50 boules / 12 etoiles;boule_3;15;boule
2025-12-05;2016+ : 50 boules / 12 etoiles;boule_2;25;boule
2025-12-05;2016+ : 50 boules / 12 etoiles;boule_1;34;boule
2025-12-05;2016+ : 50 boules / 12 etoiles;boule_4;46;boule
2025-12-05;2016+ : 50 boules / 12 etoiles;etoile_1;8;etoile
2025-12-05;2016+ : 50 boules / 12 etoiles;etoile_2;12;etoile
2025-12-09;2016+ : 50 boules / 12 etoiles;boule_3;2;boule
2025-12-09;2016+ : 50 boules / 12 etoiles;boule_5;8;boule
2025-12-09;2016+ : 50 boules / 12 etoiles;boule_1;13;boule
2025-12-09;2016+ : 50 boules / 12 etoiles;boule_4;29;boule
2025-12-09;2016+ : 50 boules / 12 etoiles;boule_2;49;boule
2025-12-09;2016+ : 50 boules / 12 etoiles;etoile_1;2;etoile
2025-12-09;2016+ : 50 boules / 12 etoiles;etoile_2;11;etoile
2025-12-12;2016+ : 50 boules / 12 etoiles;boule_2;7;boule
2025-12-12;2016+ : 50 boules / 12 etoiles;boule_3;25;boule
2025-12-12;2016+ : 50 boules / 12 etoiles;boule_1;30;boule
2025-12-12;2016+ : 50 boules / 12 etoiles;boule_5;37;boule
2025-12-12;2016+ : 50 boules / 12 etoiles;boule_4;41;boule
2025-12-12;2016+ : 50 boules / 12 etoiles;etoile_2;5;etoile
2025-12-12;2016+ : 50 boules / 12 etoiles;etoile_1;11;etoile
2025-12-16;2016+ : 50 boules / 12 etoiles;boule_2;14;boule
2025-12-16;2016+ : 50 boules / 12 etoiles;boule_3;16;boule
2025-12-16;2016+ : 50 boules / 12 etoiles;boule_5;40;boule
2025-12-16;2016+ : 50 boules / 12 etoiles;boule_1;41;boule
2025-12-16;2016+ : 50 boules / 12 etoiles;boule_4;44;boule
2025-12-16;2016+ : 50 boules / 12 etoiles;etoile_1;2;etoile
2025-12-16;2016+ : 50 boules / 12 etoiles;etoile_2;10;etoile
2025-12-19;2016+ : 50 boules / 12 etoiles;boule_5;17;boule
2025-12-19;2016+ : 50 boules / 12 etoiles;boule_4;21;boule
2025-12-19;2016+ : 50 boules / 12 etoiles;boule_1;39;boule
2025-12-19;2016+ : 50 boules / 12 etoiles;boule_2;43;boule
2025-12-19;2016+ : 50 boules / 12 etoiles;boule_3;44;boule
2025-12-19;2016+ : 50 boules / 12 etoiles;etoile_1;1;etoile
2025-12-19;2016+ : 50 boules / 12 etoiles;etoile_2;11;etoile
2025-12-23;2016+ : 50 boules / 12 etoiles;boule_4;8;boule
2025-12-23;2016+ : 50 boules / 12 etoiles;boule_1;26;boule
2025-12-23;2016+ : 50 boules / 12 etoiles;boule_5;27;boule
2025-12-23;2016+ : 50 boules / 12 etoiles;boule_2;29;boule
2025-12-23;2016+ : 50 boules / 12 etoiles;boule_3;44;boule
2025-12-23;2016+ : 50 boules / 12 etoiles;etoile_1;11;etoile
2025-12-23;2016+ : 50 boules / 12 etoiles;etoile_2;12;etoile
2025-12-26;2016+ : 50 boules / 12 etoiles;boule_4;12;boule
2025-12-26;2016+ : 50 boules / 12 etoiles;boule_1;22;boule
2025-12-26;2016+ : 50 boules / 12 etoiles;boule_2;32;boule
2025-12-26;2016+ : 50 boules / 12 etoiles;boule_5;36;boule
2025-12-26;2016+ : 50 boules / 12 etoiles;boule_3;48;boule
2025-12-26;2016+ : 50 boules / 12 etoiles;etoile_1;3;etoile
2025-12-26;2016+ : 50 boules / 12 etoiles;etoile_2;4;etoile
2025-12-30;2016+ : 50 boules / 12 etoiles;boule_4;11;boule
2025-12-30;2016+ : 50 boules / 12 etoiles;boule_3;26;boule
2025-12-30;2016+ : 50 boules / 12 etoiles;boule_1;29;boule
2025-12-30;2016+ : 50 boules / 12 etoiles;boule_5;34;boule
2025-12-30;2016+ : 50 boules / 12 etoiles;boule_2;44;boule
2025-12-30;2016+ : 50 boules / 12 etoiles;etoile_2;1;etoile
2025-12-30;2016+ : 50 boules / 12 etoiles;etoile_1;10;etoile
2026-01-02;2016+ : 50 boules / 12 etoiles;boule_5;8;boule
2026-01-02;2016+ : 50 boules / 12 etoiles;boule_3;27;boule
2026-01-02;2016+ : 50 boules / 12 etoiles;boule_2;42;boule
2026-01-02;2016+ : 50 boules / 12 etoiles;boule_4;44;boule
2026-01-02;2016+ : 50 boules / 12 etoiles;boule_1;46;boule
2026-01-02;2016+ : 50 boules / 12 etoiles;etoile_2;1;etoile
2026-01-02;2016+ : 50 boules / 12 etoiles;etoile_1;10;etoile
2026-01-06;2016+ : 50 boules / 12 etoiles;boule_1;5;boule
2026-01-06;2016+ : 50 boules / 12 etoiles;boule_4;14;boule
2026-01-06;2016+ : 50 boules / 12 etoiles;boule_2;17;boule
2026-01-06;2016+ : 50 boules / 12 etoiles;boule_3;18;boule
2026-01-06;2016+ : 50 boules / 12 etoiles;boule_5;31;boule
2026-01-06;2016+ : 50 boules / 12 etoiles;etoile_2;10;etoile
2026-01-06;2016+ : 50 boules / 12 etoiles;etoile_1;12;etoile
2026-01-09;2016+ : 50 boules / 12 etoiles;boule_5;1;boule
2026-01-09;2016+ : 50 boules / 12 etoiles;boule_4;7;boule
2026-01-09;2016+ : 50 boules / 12 etoiles;boule_1;10;boule
2026-01-09;2016+ : 50 boules / 12 etoiles;boule_3;26;boule
2026-01-09;2016+ : 50 boules / 12 etoiles;boule_2;34;boule
2026-01-09;2016+ : 50 boules / 12 etoiles;etoile_1;2;etoile
2026-01-09;2016+ : 50 boules / 12 etoiles;etoile_2;4;etoile
2026-01-13;2016+ : 50 boules / 12 etoiles;boule_2;6;boule
2026-01-13;2016+ : 50 boules / 12 etoiles;boule_4;10;boule
2026-01-13;2016+ : 50 boules / 12 etoiles;boule_5;18;boule
2026-01-13;2016+ : 50 boules / 12 etoiles;boule_3;44;boule
2026-01-13;2016+ : 50 boules / 12 etoiles;boule_1;47;boule
2026-01-13;2016+ : 50 boules / 12 etoiles;etoile_2;2;etoile
2026-01-13;2016+ : 50 boules / 12 etoiles;etoile_1;10;etoile
2026-01-16;2016+ : 50 boules / 12 etoiles;boule_1;5;boule
2026-01-16;2016+ : 50 boules / 12 etoiles;boule_3;17;boule
2026-01-16;2016+ : 50 boules / 12 etoiles;boule_2;24;boule
2026-01-16;2016+ : 50 boules / 12 etoiles;boule_5;29;boule
2026-01-16;2016+ : 50 boules / 12 etoiles;boule_4;50;boule
2026-01-16;2016+ : 50 boules / 12 etoiles;etoile_2;5;etoile
2026-01-16;2016+ : 50 boules / 12 etoiles;etoile_1;10;etoile
2026-01-20;2016+ : 50 boules / 12 etoiles;boule_5;11;boule
2026-01-20;2016+ : 50 boules / 12 etoiles;boule_2;18;boule
2026-01-20;2016+ : 50 boules / 12 etoiles;boule_3;19;boule
2026-01-20;2016+ : 50 boules / 12 etoiles;boule_1;22;boule
2026-01-20;2016+ : 50 boules / 12 etoiles;boule_4;50;boule
2026-01-20;2016+ : 50 boules / 12 etoiles;etoile_1;1;etoile
2026-01-20;2016+ : 50 boules / 12 etoiles;etoile_2;11;etoile
2026-01-23;2016+ : 50 boules / 12 etoiles;boule_1;4;boule
2026-01-23;2016+ : 50 boules / 12 etoiles;boule_3;5;boule
2026-01-23;2016+ : 50 boules / 12 etoiles;boule_4;13;boule
2026-01-23;2016+ : 50 boules / 12 etoiles;boule_5;21;boule
2026-01-23;2016+ : 50 boules / 12 etoiles;boule_2;42;boule
2026-01-23;2016+ : 50 boules / 12 etoiles;etoile_1;3;etoile
2026-01-23;2016+ : 50 boules / 12 etoiles;etoile_2;10;etoile
2026-01-27;2016+ : 50 boules / 12 etoiles;boule_5;4;boule
2026-01-27;2016+ : 50 boules / 12 etoiles;boule_3;23;boule
2026-01-27;2016+ : 50 boules / 12 etoiles;boule_2;42;boule
2026-01-27;2016+ : 50 boules / 12 etoiles;boule_4;43;boule
2026-01-27;2016+ : 50 boules / 12 etoiles;boule_1;47;boule
2026-01-27;2016+ : 50 boules / 12 etoiles;etoile_2;3;etoile
2026-01-27;2016+ : 50 boules / 12 etoiles;etoile_1;9;etoile
2026-01-30;2016+ : 50 boules / 12 etoiles;boule_1;14;boule
2026-01-30;2016+ : 50 boules / 12 etoiles;boule_2;18;boule
2026-01-30;2016+ : 50 boules / 12 etoiles;boule_3;31;boule
2026-01-30;2016+ : 50 boules / 12 etoiles;boule_4;35;boule
2026-01-30;2016+ : 50 boules / 12 etoiles;boule_5;46;boule
2026-01-30;2016+ : 50 boules / 12 etoiles;etoile_1;7;etoile
2026-01-30;2016+ : 50 boules / 12 etoiles;etoile_2;11;etoile
2026-02-03;2016+ : 50 boules / 12 etoiles;boule_5;26;boule
2026-02-03;2016+ : 50 boules / 12 etoiles;boule_1;27;boule
2026-02-03;2016+ : 50 boules / 12 etoiles;boule_2;28;boule
2026-02-03;2016+ : 50 boules / 12 etoiles;boule_4;34;boule
2026-02-03;2016+ : 50 boules / 12 etoiles;boule_3;37;boule
2026-02-03;2016+ : 50 boules / 12 etoiles;etoile_1;4;etoile
2026-02-03;2016+ : 50 boules / 12 etoiles;etoile_2;9;etoile
2026-02-06;2016+ : 50 boules / 12 etoiles;boule_2;10;boule
2026-02-06;2016+ : 50 boules / 12 etoiles;boule_4;13;boule
2026-02-06;2016+ : 50 boules / 12 etoiles;boule_1;20;boule
2026-02-06;2016+ : 50 boules / 12 etoiles;boule_5;23;boule
2026-02-06;2016+ : 50 boules / 12 etoiles;boule_3;24;boule
2026-02-06;2016+ : 50 boules / 12 etoiles;etoile_1;6;etoile
2026-02-06;2016+ : 50 boules / 12 etoiles;etoile_2;11;etoile
2026-02-10;2016+ : 50 boules / 12 etoiles;boule_1;1;boule
2026-02-10;2016+ : 50 boules / 12 etoiles;boule_4;17;boule
2026-02-10;2016+ : 50 boules / 12 etoiles;boule_2;19;boule
2026-02-10;2016+ : 50 boules / 12 etoiles;boule_5;34;boule
2026-02-10;2016+ : 50 boules / 12 etoiles;boule_3;42;boule
2026-02-10;2016+ : 50 boules / 12 etoiles;etoile_2;5;etoile
2026-02-10;2016+ : 50 boules / 12 etoiles;etoile_1;8;etoile
2026-02-13;2016+ : 50 boules / 12 etoiles;boule_5;9;boule
2026-02-13;2016+ : 50 boules / 12 etoiles;boule_3;13;boule
2026-02-13;2016+ : 50 boules / 12 etoiles;boule_4;31;boule
2026-02-13;2016+ : 50 boules / 12 etoiles;boule_1;37;boule
2026-02-13;2016+ : 50 boules / 12 etoiles;boule_2;40;boule
2026-02-13;2016+ : 50 boules / 12 etoiles;etoile_1;6;etoile
2026-02-13;2016+ : 50 boules / 12 etoiles;etoile_2;9;etoile
2026-02-17;2016+ : 50 boules / 12 etoiles;boule_3;1;boule
2026-02-17;2016+ : 50 boules / 12 etoiles;boule_5;4;boule
2026-02-17;2016+ : 50 boules / 12 etoiles;boule_1;6;boule
2026-02-17;2016+ : 50 boules / 12 etoiles;boule_4;10;boule
2026-02-17;2016+ : 50 boules / 12 etoiles;boule_2;41;boule
2026-02-17;2016+ : 50 boules / 12 etoiles;etoile_2;5;etoile
2026-02-17;2016+ : 50 boules / 12 etoiles;etoile_1;12;etoile
2026-02-20;2016+ : 50 boules / 12 etoiles;boule_5;13;boule
2026-02-20;2016+ : 50 boules / 12 etoiles;boule_1;24;boule
2026-02-20;2016+ : 50 boules / 12 etoiles;boule_3;28;boule
2026-02-20;2016+ : 50 boules / 12 etoiles;boule_2;33;boule
2026-02-20;2016+ : 50 boules / 12 etoiles;boule_4;35;boule
2026-02-20;2016+ : 50 boules / 12 etoiles;etoile_1;5;etoile
2026-02-20;2016+ : 50 boules / 12 etoiles;etoile_2;9;etoile
2026-02-24;2016+ : 50 boules / 12 etoiles;boule_1;10;boule
2026-02-24;2016+ : 50 boules / 12 etoiles;boule_5;27;boule
2026-02-24;2016+ : 50 boules / 12 etoiles;boule_4;40;boule
2026-02-24;2016+ : 50 boules / 12 etoiles;boule_2;43;boule
2026-02-24;2016+ : 50 boules / 12 etoiles;boule_3;47;boule
2026-02-24;2016+ : 50 boules / 12 etoiles;etoile_2;6;etoile
2026-02-24;2016+ : 50 boules / 12 etoiles;etoile_1;10;etoile
2026-02-27;2016+ : 50 boules / 12 etoiles;boule_5;14;boule
2026-02-27;2016+ : 50 boules / 12 etoiles;boule_2;24;boule
2026-02-27;2016+ : 50 boules / 12 etoiles;boule_1;27;boule
2026-02-27;2016+ : 50 boules / 12 etoiles;boule_3;39;boule
2026-02-27;2016+ : 50 boules / 12 etoiles;boule_4;42;boule
2026-02-27;2016+ : 50 boules / 12 etoiles;etoile_2;6;etoile
2026-02-27;2016+ : 50 boules / 12 etoiles;etoile_1;10;etoile
2026-03-03;2016+ : 50 boules / 12 etoiles;boule_3;6;boule
2026-03-03;2016+ : 50 boules / 12 etoiles;boule_5;7;boule
2026-03-03;2016+ : 50 boules / 12 etoiles;boule_2;24;boule
2026-03-03;2016+ : 50 boules / 12 etoiles;boule_4;34;boule
2026-03-03;2016+ : 50 boules / 12 etoiles;boule_1;50;boule
2026-03-03;2016+ : 50 boules / 12 etoiles;etoile_1;5;etoile
2026-03-03;2016+ : 50 boules / 12 etoiles;etoile_2;7;etoile
2026-03-06;2016+ : 50 boules / 12 etoiles;boule_3;15;boule
2026-03-06;2016+ : 50 boules / 12 etoiles;boule_1;16;boule
2026-03-06;2016+ : 50 boules / 12 etoiles;boule_2;19;boule
2026-03-06;2016+ : 50 boules / 12 etoiles;boule_4;28;boule
2026-03-06;2016+ : 50 boules / 12 etoiles;boule_5;37;boule
2026-03-06;2016+ : 50 boules / 12 etoiles;etoile_2;6;etoile
2026-03-06;2016+ : 50 boules / 12 etoiles;etoile_1;9;etoile
2026-03-10;2016+ : 50 boules / 12 etoiles;boule_2;12;boule
2026-03-10;2016+ : 50 boules / 12 etoiles;boule_4;14;boule
2026-03-10;2016+ : 50 boules / 12 etoiles;boule_1;27;boule
2026-03-10;2016+ : 50 boules / 12 etoiles;boule_5;44;boule
2026-03-10;2016+ : 50 boules / 12 etoiles;boule_3;50;boule
2026-03-10;2016+ : 50 boules / 12 etoiles;etoile_1;4;etoile
2026-03-10;2016+ : 50 boules / 12 etoiles;etoile_2;12;etoile
2026-03-13;2016+ : 50 boules / 12 etoiles;boule_5;13;boule
2026-03-13;2016+ : 50 boules / 12 etoiles;boule_2;17;boule
2026-03-13;2016+ : 50 boules / 12 etoiles;boule_1;26;boule
2026-03-13;2016+ : 50 boules / 12 etoiles;boule_4;41;boule
2026-03-13;2016+ : 50 boules / 12 etoiles;boule_3;48;boule
2026-03-13;2016+ : 50 boules / 12 etoiles;etoile_2;4;etoile
2026-03-13;2016+ : 50 boules / 12 etoiles;etoile_1;10;etoile
2026-03-17;2016+ : 50 boules / 12 etoiles;boule_5;5;boule
2026-03-17;2016+ : 50 boules / 12 etoiles;boule_4;17;boule
2026-03-17;2016+ : 50 boules / 12 etoiles;boule_1;28;boule
2026-03-17;2016+ : 50 boules / 12 etoiles;boule_2;33;boule
2026-03-17;2016+ : 50 boules / 12 etoiles;boule_3;41;boule
2026-03-17;2016+ : 50 boules / 12 etoiles;etoile_2;3;etoile
2026-03-17;2016+ : 50 boules / 12 etoiles;etoile_1;9;etoile
2026-03-20;2016+ : 50 boules / 12 etoiles;boule_3;5;boule
2026-03-20;2016+ : 50 boules / 12 etoiles;boule_2;12;boule
2026-03-20;2016+ : 50 boules / 12 etoiles;boule_1;16;boule
2026-03-20;2016+ : 50 boules / 12 etoiles;boule_4;37;boule
2026-03-20;2016+ : 50 boules / 12 etoiles;boule_5;46;boule
2026-03-20;2016+ : 50 boules / 12 etoiles;etoile_1;8;etoile
2026-03-20;2016+ : 50 boules / 12 etoiles;etoile_2;10;etoile
2026-03-24;2016+ : 50 boules / 12 etoiles;boule_4;12;boule
2026-03-24;2016+ : 50 boules / 12 etoiles;boule_3;16;boule
2026-03-24;2016+ : 50 boules / 12 etoiles;boule_5;17;boule
2026-03-24;2016+ : 50 boules / 12 etoiles;boule_1;18;boule
2026-03-24;2016+ : 50 boules / 12 etoiles;boule_2;27;boule
2026-03-24;2016+ : 50 boules / 12 etoiles;etoile_2;1;etoile
2026-03-24;2016+ : 50 boules / 12 etoiles;etoile_1;3;etoile
2026-03-27;2016+ : 50 boules / 12 etoiles;boule_2;4;boule
2026-03-27;2016+ : 50 boules / 12 etoiles;boule_4;10;boule
2026-03-27;2016+ : 50 boules / 12 etoiles;boule_3;43;boule
2026-03-27;2016+ : 50 boules / 12 etoiles;boule_1;44;boule
2026-03-27;2016+ : 50 boules / 12 etoiles;boule_5;48;boule
2026-03-27;2016+ : 50 boules / 12 etoiles;etoile_2;2;etoile
2026-03-27;2016+ : 50 boules / 12 etoiles;etoile_1;4;etoile
2026-03-31;2016+ : 50 boules / 12 etoiles;boule_4;5;boule
2026-03-31;2016+ : 50 boules / 12 etoiles;boule_1;8;boule
2026-03-31;2016+ : 50 boules / 12 etoiles;boule_3;10;boule
2026-03-31;2016+ : 50 boules / 12 etoiles;boule_5;33;boule
2026-03-31;2016+ : 50 boules / 12 etoiles;boule_2;38;boule
2026-03-31;2016+ : 50 boules / 12 etoiles;etoile_1;2;etoile
2026-03-31;2016+ : 50 boules / 12 etoiles;etoile_2;7;etoile
2026-04-03;2016+ : 50 boules / 12 etoiles;boule_3;8;boule
2026-04-03;2016+ : 50 boules / 12 etoiles;boule_1;27;boule
2026-04-03;2016+ : 50 boules / 12 etoiles;boule_5;29;boule
2026-04-03;2016+ : 50 boules / 12 etoiles;boule_2;46;boule
2026-04-03;2016+ : 50 boules / 12 etoiles;boule_4;49;boule
2026-04-03;2016+ : 50 boules / 12 etoiles;etoile_2;2;etoile
2026-04-03;2016+ : 50 boules / 12 etoiles;etoile_1;10;etoile
2026-04-07;2016+ : 50 boules / 12 etoiles;boule_3;11;boule
2026-04-07;2016+ : 50 boules / 12 etoiles;boule_1;14;boule
2026-04-07;2016+ : 50 boules / 12 etoiles;boule_4;19;boule
2026-04-07;2016+ : 50 boules / 12 etoiles;boule_5;36;boule
2026-04-07;2016+ : 50 boules / 12 etoiles;boule_2;49;boule
2026-04-07;2016+ : 50 boules / 12 etoiles;etoile_2;6;etoile
2026-04-07;2016+ : 50 boules / 12 etoiles;etoile_1;7;etoile
2026-04-10;2016+ : 50 boules / 12 etoiles;boule_1;10;boule
2026-04-10;2016+ : 50 boules / 12 etoiles;boule_2;13;boule
2026-04-10;2016+ : 50 boules / 12 etoiles;boule_5;14;boule
2026-04-10;2016+ : 50 boules / 12 etoiles;boule_4;38;boule
2026-04-10;2016+ : 50 boules / 12 etoiles;boule_3;41;boule
2026-04-10;2016+ : 50 boules / 12 etoiles;etoile_1;6;etoile
2026-04-10;2016+ : 50 boules / 12 etoiles;etoile_2;9;etoile
2026-04-14;2016+ : 50 boules / 12 etoiles;boule_1;1;boule
2026-04-14;2016+ : 50 boules / 12 etoiles;boule_2;2;boule
2026-04-14;2016+ : 50 boules / 12 etoiles;boule_3;4;boule
2026-04-14;2016+ : 50 boules / 12 etoiles;boule_5;28;boule
2026-04-14;2016+ : 50 boules / 12 etoiles;boule_4;44;boule
2026-04-14;2016+ : 50 boules / 12 etoiles;etoile_2;5;etoile
2026-04-14;2016+ : 50 boules / 12 etoiles;etoile_1;12;etoile
2026-04-17;2016+ : 50 boules / 12 etoiles;boule_1;22;boule
2026-04-17;2016+ : 50 boules / 12 etoiles;boule_2;23;boule
2026-04-17;2016+ : 50 boules / 12 etoiles;boule_4;28;boule
2026-04-17;2016+ : 50 boules / 12 etoiles;boule_5;41;boule
2026-04-17;2016+ : 50 boules / 12 etoiles;boule_3;47;boule
2026-04-17;2016+ : 50 boules / 12 etoiles;etoile_1;6;etoile
2026-04-17;2016+ : 50 boules / 12 etoiles;etoile_2;8;etoile
2026-04-21;2016+ : 50 boules / 12 etoiles;boule_4;13;boule
2026-04-21;2016+ : 50 boules / 12 etoiles;boule_3;16;boule
2026-04-21;2016+ : 50 boules / 12 etoiles;boule_1;29;boule
2026-04-21;2016+ : 50 boules / 12 etoiles;boule_5;40;boule
2026-04-21;2016+ : 50 boules / 12 etoiles;boule_2;47;boule
2026-04-21;2016+ : 50 boules / 12 etoiles;etoile_2;3;etoile
2026-04-21;2016+ : 50 boules / 12 etoiles;etoile_1;4;etoile
2026-04-24;2016+ : 50 boules / 12 etoiles;boule_5;25;boule
2026-04-24;2016+ : 50 boules / 12 etoiles;boule_4;26;boule
2026-04-24;2016+ : 50 boules / 12 etoiles;boule_2;30;boule
2026-04-24;2016+ : 50 boules / 12 etoiles;boule_1;40;boule
2026-04-24;2016+ : 50 boules / 12 etoiles;boule_3;45;boule
2026-04-24;2016+ : 50 boules / 12 etoiles;etoile_2;1;etoile
2026-04-24;2016+ : 50 boules / 12 etoiles;etoile_1;5;etoile
2026-04-28;2016+ : 50 boules / 12 etoiles;boule_4;26;boule
2026-04-28;2016+ : 50 boules / 12 etoiles;boule_3;29;boule
2026-04-28;2016+ : 50 boules / 12 etoiles;boule_5;41;boule
2026-04-28;2016+ : 50 boules / 12 etoiles;boule_1;46;boule
2026-04-28;2016+ : 50 boules / 12 etoiles;boule_2;47;boule
2026-04-28;2016+ : 50 boules / 12 etoiles;etoile_2;8;etoile
2026-04-28;2016+ : 50 boules / 12 etoiles;etoile_1;9;etoile
2026-05-01;2016+ : 50 boules / 12 etoiles;boule_4;3;boule
2026-05-01;2016+ : 50 boules / 12 etoiles;boule_5;9;boule
2026-05-01;2016+ : 50 boules / 12 etoiles;boule_1;42;boule
2026-05-01;2016+ : 50 boules / 12 etoiles;boule_3;46;boule
2026-05-01;2016+ : 50 boules / 12 etoiles;boule_2;47;boule
2026-05-01;2016+ : 50 boules / 12 etoiles;etoile_2;1;etoile
2026-05-01;2016+ : 50 boules / 12 etoiles;etoile_1;11;etoile
2026-05-05;2016+ : 50 boules / 12 etoiles;boule_3;3;boule
2026-05-05;2016+ : 50 boules / 12 etoiles;boule_1;4;boule
2026-05-05;2016+ : 50 boules / 12 etoiles;boule_2;8;boule
2026-05-05;2016+ : 50 boules / 12 etoiles;boule_5;20;boule
2026-05-05;2016+ : 50 boules / 12 etoiles;boule_4;31;boule
2026-05-05;2016+ : 50 boules / 12 etoiles;etoile_1;6;etoile
2026-05-05;2016+ : 50 boules / 12 etoiles;etoile_2;8;etoile
2026-05-08;2016+ : 50 boules / 12 etoiles;boule_5;2;boule
2026-05-08;2016+ : 50 boules / 12 etoiles;boule_2;17;boule
2026-05-08;2016+ : 50 boules / 12 etoiles;boule_1;19;boule
2026-05-08;2016+ : 50 boules / 12 etoiles;boule_4;34;boule
2026-05-08;2016+ : 50 boules / 12 etoiles;boule_3;37;boule
2026-05-08;2016+ : 50 boules / 12 etoiles;etoile_2;8;etoile
2026-05-08;2016+ : 50 boules / 12 etoiles;etoile_1;11;etoile
2026-05-12;2016+ : 50 boules / 12 etoiles;boule_5;4;boule
2026-05-12;2016+ : 50 boules / 12 etoiles;boule_1;26;boule
2026-05-12;2016+ : 50 boules / 12 etoiles;boule_3;32;boule
2026-05-12;2016+ : 50 boules / 12 etoiles;boule_2;35;boule
2026-05-12;2016+ : 50 boules / 12 etoiles;boule_4;36;boule
2026-05-12;2016+ : 50 boules / 12 etoiles;etoile_2;5;etoile
2026-05-12;2016+ : 50 boules / 12 etoiles;etoile_1;7;etoile
2026-05-15;2016+ : 50 boules / 12 etoiles;boule_5;3;boule
2026-05-15;2016+ : 50 boules / 12 etoiles;boule_1;10;boule
2026-05-15;2016+ : 50 boules / 12 etoiles;boule_2;38;boule
2026-05-15;2016+ : 50 boules / 12 etoiles;boule_4;41;boule
2026-05-15;2016+ : 50 boules / 12 etoiles;boule_3;43;boule
2026-05-15;2016+ : 50 boules / 12 etoiles;etoile_1;2;etoile
2026-05-15;2016+ : 50 boules / 12 etoiles;etoile_2;9;etoile
2026-05-19;2016+ : 50 boules / 12 etoiles;boule_5;2;boule
2026-05-19;2016+ : 50 boules / 12 etoiles;boule_1;12;boule
2026-05-19;2016+ : 50 boules / 12 etoiles;boule_2;20;boule
2026-05-19;2016+ : 50 boules / 12 etoiles;boule_4;38;boule
2026-05-19;2016+ : 50 boules / 12 etoiles;boule_3;45;boule
2026-05-19;2016+ : 50 boules / 12 etoiles;etoile_2;2;etoile
2026-05-19;2016+ : 50 boules / 12 etoiles;etoile_1;5;etoile
2026-05-22;2016+ : 50 boules / 12 etoiles;boule_1;6;boule
2026-05-22;2016+ : 50 boules / 12 etoiles;boule_4;22;boule
2026-05-22;2016+ : 50 boules / 12 etoiles;boule_5;26;boule
2026-05-22;2016+ : 50 boules / 12 etoiles;boule_2;31;boule
2026-05-22;2016+ : 50 boules / 12 etoiles;boule_3;37;boule
2026-05-22;2016+ : 50 boules / 12 etoiles;etoile_1;5;etoile
2026-05-22;2016+ : 50 boules / 12 etoiles;etoile_2;8;etoile
2026-05-26;2016+ : 50 boules / 12 etoiles;boule_3;6;boule
2026-05-26;2016+ : 50 boules / 12 etoiles;boule_1;23;boule
2026-05-26;2016+ : 50 boules / 12 etoiles;boule_5;25;boule
2026-05-26;2016+ : 50 boules / 12 etoiles;boule_4;35;boule
2026-05-26;2016+ : 50 boules / 12 etoiles;boule_2;37;boule
2026-05-26;2016+ : 50 boules / 12 etoiles;etoile_2;6;etoile
2026-05-26;2016+ : 50 boules / 12 etoiles;etoile_1;12;etoile
2026-05-29;2016+ : 50 boules / 12 etoiles;boule_1;5;boule
2026-05-29;2016+ : 50 boules / 12 etoiles;boule_2;14;boule
2026-05-29;2016+ : 50 boules / 12 etoiles;boule_5;18;boule
2026-05-29;2016+ : 50 boules / 12 etoiles;boule_4;31;boule
2026-05-29;2016+ : 50 boules / 12 etoiles;boule_3;35;boule
2026-05-29;2016+ : 50 boules / 12 etoiles;etoile_2;2;etoile
2026-05-29;2016+ : 50 boules / 12 etoiles;etoile_1;12;etoile
2026-06-02;2016+ : 50 boules / 12 etoiles;boule_5;6;boule
2026-06-02;2016+ : 50 boules / 12 etoiles;boule_2;9;boule
2026-06-02;2016+ : 50 boules / 12 etoiles;boule_3;17;boule
2026-06-02;2016+ : 50 boules / 12 etoiles;boule_1;18;boule
2026-06-02;2016+ : 50 boules / 12 etoiles;boule_4;42;boule
2026-06-02;2016+ : 50 boules / 12 etoiles;etoile_1;7;etoile
2026-06-02;2016+ : 50 boules / 12 etoiles;etoile_2;9;etoile
2026-06-05;2016+ : 50 boules / 12 etoiles;boule_1;5;boule
2026-06-05;2016+ : 50 boules / 12 etoiles;boule_2;6;boule
2026-06-05;2016+ : 50 boules / 12 etoiles;boule_3;16;boule
2026-06-05;2016+ : 50 boules / 12 etoiles;boule_4;17;boule
2026-06-05;2016+ : 50 boules / 12 etoiles;boule_5;49;boule
2026-06-05;2016+ : 50 boules / 12 etoiles;etoile_1;2;etoile
2026-06-05;2016+ : 50 boules / 12 etoiles;etoile_2;12;etoile
2026-06-09;2016+ : 50 boules / 12 etoiles;boule_2;2;boule
2026-06-09;2016+ : 50 boules / 12 etoiles;boule_5;7;boule
2026-06-09;2016+ : 50 boules / 12 etoiles;boule_3;23;boule
2026-06-09;2016+ : 50 boules / 12 etoiles;boule_1;44;boule
2026-06-09;2016+ : 50 boules / 12 etoiles;boule_4;46;boule
2026-06-09;2016+ : 50 boules / 12 etoiles;etoile_2;3;etoile
2026-06-09;2016+ : 50 boules / 12 etoiles;etoile_1;5;etoile
2026-06-12;2016+ : 50 boules / 12 etoiles;boule_4;4;boule
2026-06-12;2016+ : 50 boules / 12 etoiles;boule_2;7;boule
2026-06-12;2016+ : 50 boules / 12 etoiles;boule_1;14;boule
2026-06-12;2016+ : 50 boules / 12 etoiles;boule_3;22;boule
2026-06-12;2016+ : 50 boules / 12 etoiles;boule_5;23;boule
2026-06-12;2016+ : 50 boules / 12 etoiles;etoile_2;1;etoile
2026-06-12;2016+ : 50 boules / 12 etoiles;etoile_1;7;etoile
2026-06-16;2016+ : 50 boules / 12 etoiles;boule_1;18;boule
2026-06-16;2016+ : 50 boules / 12 etoiles;boule_2;25;boule
2026-06-16;2016+ : 50 boules / 12 etoiles;boule_4;31;boule
2026-06-16;2016+ : 50 boules / 12 etoiles;boule_3;37;boule
2026-06-16;2016+ : 50 boules / 12 etoiles;boule_5;45;boule
2026-06-16;2016+ : 50 boules / 12 etoiles;etoile_1;4;etoile
2026-06-16;2016+ : 50 boules / 12 etoiles;etoile_2;9;etoile
2026-06-19;2016+ : 50 boules / 12 etoiles;boule_4;8;boule
2026-06-19;2016+ : 50 boules / 12 etoiles;boule_5;34;boule
2026-06-19;2016+ : 50 boules / 12 etoiles;boule_1;39;boule
2026-06-19;2016+ : 50 boules / 12 etoiles;boule_2;41;boule
2026-06-19;2016+ : 50 boules / 12 etoiles;boule_3;42;boule
2026-06-19;2016+ : 50 boules / 12 etoiles;etoile_1;2;etoile
2026-06-19;2016+ : 50 boules / 12 etoiles;etoile_2;7;etoile
2026-06-23;2016+ : 50 boules / 12 etoiles;boule_4;3;boule
2026-06-23;2016+ : 50 boules / 12 etoiles;boule_3;33;boule
2026-06-23;2016+ : 50 boules / 12 etoiles;boule_2;36;boule
2026-06-23;2016+ : 50 boules / 12 etoiles;boule_1;45;boule
2026-06-23;2016+ : 50 boules / 12 etoiles;boule_5;46;boule
2026-06-23;2016+ : 50 boules / 12 etoiles;etoile_1;5;etoile
2026-06-23;2016+ : 50 boules / 12 etoiles;etoile_2;6;etoile
2026-06-26;2016+ : 50 boules / 12 etoiles;boule_1;6;boule
2026-06-26;2016+ : 50 boules / 12 etoiles;boule_3;16;boule
2026-06-26;2016+ : 50 boules / 12 etoiles;boule_4;26;boule
2026-06-26;2016+ : 50 boules / 12 etoiles;boule_5;34;boule
2026-06-26;2016+ : 50 boules / 12 etoiles;boule_2;35;boule
2026-06-26;2016+ : 50 boules / 12 etoiles;etoile_1;11;etoile
2026-06-26;2016+ : 50 boules / 12 etoiles;etoile_2;12;etoile
2026-06-30;2016+ : 50 boules / 12 etoiles;boule_4;1;boule
2026-06-30;2016+ : 50 boules / 12 etoiles;boule_5;8;boule
2026-06-30;2016+ : 50 boules / 12 etoiles;boule_1;37;boule
2026-06-30;2016+ : 50 boules / 12 etoiles;boule_3;44;boule
2026-06-30;2016+ : 50 boules / 12 etoiles;boule_2;48;boule
2026-06-30;2016+ : 50 boules / 12 etoiles;etoile_2;2;etoile
2026-06-30;2016+ : 50 boules / 12 etoiles;etoile_1;6;etoile
2026-07-03;2016+ : 50 boules / 12 etoiles;boule_2;2;boule
2026-07-03;2016+ : 50 boules / 12 etoiles;boule_1;12;boule
2026-07-03;2016+ : 50 boules / 12 etoiles;boule_5;17;boule
2026-07-03;2016+ : 50 boules / 12 etoiles;boule_3;25;boule
2026-07-03;2016+ : 50 boules / 12 etoiles;boule_4;39;boule
2026-07-03;2016+ : 50 boules / 12 etoiles;etoile_2;1;etoile
2026-07-03;2016+ : 50 boules / 12 etoiles;etoile_1;2;etoile
2026-07-07;2016+ : 50 boules / 12 etoiles;boule_2;5;boule
2026-07-07;2016+ : 50 boules / 12 etoiles;boule_4;29;boule
2026-07-07;2016+ : 50 boules / 12 etoiles;boule_3;33;boule
2026-07-07;2016+ : 50 boules / 12 etoiles;boule_1;45;boule
2026-07-07;2016+ : 50 boules / 12 etoiles;boule_5;47;boule
2026-07-07;2016+ : 50 boules / 12 etoiles;etoile_2;5;etoile
2026-07-07;2016+ : 50 boules / 12 etoiles;etoile_1;8;etoile
2026-07-10;2016+ : 50 boules / 12 etoiles;boule_1;2;boule
2026-07-10;2016+ : 50 boules / 12 etoiles;boule_3;14;boule
2026-07-10;2016+ : 50 boules / 12 etoiles;boule_2;28;boule
2026-07-10;2016+ : 50 boules / 12 etoiles;boule_4;33;boule
2026-07-10;2016+ : 50 boules / 12 etoiles;boule_5;48;boule
2026-07-10;2016+ : 50 boules / 12 etoiles;etoile_1;8;etoile
2026-07-10;2016+ : 50 boules / 12 etoiles;etoile_2;10;etoile
2026-07-14;2016+ : 50 boules / 12 etoiles;boule_2;10;boule
2026-07-14;2016+ : 50 boules / 12 etoiles;boule_3;19;boule
2026-07-14;2016+ : 50 boules / 12 etoiles;boule_4;37;boule
2026-07-14;2016+ : 50 boules / 12 etoiles;boule_1;42;boule
2026-07-14;2016+ : 50 boules / 12 etoiles;boule_5;47;boule
2026-07-14;2016+ : 50 boules / 12 etoiles;etoile_1;9;etoile
2026-07-14;2016+ : 50 boules / 12 etoiles;etoile_2;12;etoile
2026-07-17;2016+ : 50 boules / 12 etoiles;boule_4;12;boule
2026-07-17;2016+ : 50 boules / 12 etoiles;boule_2;21;boule
2026-07-17;2016+ : 50 boules / 12 etoiles;boule_5;23;boule
2026-07-17;2016+ : 50 boules / 12 etoiles;boule_1;34;boule
2026-07-17;2016+ : 50 boules / 12 etoiles;boule_3;40;boule
2026-07-17;2016+ : 50 boules / 12 etoiles;etoile_2;9;etoile
2026-07-17;2016+ : 50 boules / 12 etoiles;etoile_1;10;etoile
2026-07-21;2016+ : 50 boules / 12 etoiles;boule_4;2;boule
2026-07-21;2016+ : 50 boules / 12 etoiles;boule_5;3;boule
2026-07-21;2016+ : 50 boules / 12 etoiles;boule_2;8;boule
2026-07-21;2016+ : 50 boules / 12 etoiles;boule_3;28;boule
2026-07-21;2016+ : 50 boules / 12 etoiles;boule_1;39;boule
2026-07-21;2016+ : 50 boules / 12 etoiles;etoile_2;2;etoile
2026-07-21;2016+ : 50 boules / 12 etoiles;etoile_1;11;etoile
2026-07-24;2016+ : 50 boules / 12 etoiles;boule_5;8;boule
2026-07-24;2016+ : 50 boules / 12 etoiles;boule_3;10;boule
2026-07-24;2016+ : 50 boules / 12 etoiles;boule_2;30;boule
2026-07-24;2016+ : 50 boules / 12 etoiles;boule_4;36;boule
2026-07-24;2016+ : 50 boules / 12 etoiles;boule_1;47;boule
2026-07-24;2016+ : 50 boules / 12 etoiles;etoile_1;1;etoile
2026-07-24;2016+ : 50 boules / 12 etoiles;etoile_2;4;etoile
2026-07-28;2016+ : 50 boules / 12 etoiles;boule_2;5;boule
2026-07-28;2016+ : 50 boules / 12 etoiles;boule_1;7;boule
2026-07-28;2016+ : 50 boules / 12 etoiles;boule_4;24;boule
2026-07-28;2016+ : 50 boules / 12 etoiles;boule_5;30;boule
2026-07-28;2016+ : 50 boules / 12 etoiles;boule_3;49;boule
2026-07-28;2016+ : 50 boules / 12 etoiles;etoile_2;10;etoile
2026-07-28;2016+ : 50 boules / 12 etoiles;etoile_1;11;etoile
2026-07-31;2016+ : 50 boules / 12 etoiles;boule_1;10;boule
2026-07-31;2016+ : 50 boules / 12 etoiles;boule_4;24;boule
2026-07-31;2016+ : 50 boules / 12 etoiles;boule_2;25;boule
2026-07-31;2016+ : 50 boules / 12 etoiles;boule_3;31;boule
2026-07-31;2016+ : 50 boules / 12 etoiles;boule_5;45;boule
2026-07-31;2016+ : 50 boules / 12 etoiles;etoile_2;4;etoile
2026-07-31;2016+ : 50 boules / 12 etoiles;etoile_1;5;etoile
2026-08-04;2016+ : 50 boules / 12 etoiles;boule_1;25;boule
2026-08-04;2016+ : 50 boules / 12 etoiles;boule_5;30;boule
2026-08-04;2016+ : 50 boules / 12 etoiles;boule_3;34;boule
2026-08-04;2016+ : 50 boules / 12 etoiles;boule_4;46;boule
2026-08-04;2016+ : 50 boules / 12 etoiles;boule_2;50;boule
2026-08-04;2016+ : 50 boules / 12 etoiles;etoile_1;1;etoile
2026-08-04;2016+ : 50 boules / 12 etoiles;etoile_2;12;etoile
2026-08-07;2016+ : 50 boules / 12 etoiles;boule_2;26;boule
2026-08-07;2016+ : 50 boules / 12 etoiles;boule_3;29;boule
2026-08-07;2016+ : 50 boules / 12 etoiles;boule_1;35;boule
2026-08-07;2016+ : 50 boules / 12 etoiles;boule_5;38;boule
2026-08-07;2016+ : 50 boules / 12 etoiles;boule_4;47;boule
2026-08-07;2016+ : 50 boules / 12 etoiles;etoile_1;1;etoile
2026-08-07;2016+ : 50 boules / 12 etoiles;etoile_2;2;etoile
2026-08-11;2016+ : 50 boules / 12 etoiles;boule_4;3;boule
2026-08-11;2016+ : 50 boules / 12 etoiles;boule_3;11;boule
2026-08-11;2016+ : 50 boules / 12 etoiles;boule_2;17;boule
2026-08-11;2016+ : 50 boules / 12 etoiles;boule_5;46;boule
2026-08-11;2016+ : 50 boules / 12 etoiles;boule_1;48;boule
2026-08-11;2016+ : 50 boules / 12 etoiles;etoile_2;1;etoile
2026-08-11;2016+ : 50 boules / 12 etoiles;etoile_1;2;etoile
2026-08-14;2016+ : 50 boules / 12 etoiles;boule_2;5;boule
2026-08-14;2016+ : 50 boules / 12 etoiles;boule_1;29;boule
2026-08-14;2016+ : 50 boules / 12 etoiles;boule_3;39;boule
2026-08-14;2016+ : 50 boules / 12 etoiles;boule_5;48;boule
2026-08-14;2016+ : 50 boules / 12 etoiles;boule_4;49;boule
2026-08-14;2016+ : 50 boules / 12 etoiles;etoile_1;4;etoile
2026-08-14;2016+ : 50 boules / 12 etoiles;etoile_2;8;etoile
2026-08-18;2016+ : 50 boules / 12 etoiles;boule_4;3;boule
2026-08-18;2016+ : 50 boules / 12 etoiles;boule_5;9;boule
2026-08-18;2016+ : 50 boules / 12 etoiles;boule_1;38;boule
2026-08-18;2016+ : 50 boules / 12 etoiles;boule_2;40;boule
2026-08-18;2016+ : 50 boules / 12 etoiles;boule_3;50;boule
2026-08-18;2016+ : 50 boules / 12 etoiles;etoile_1;6;etoile
2026-08-18;2016+ : 50 boules / 12 etoiles;etoile_2;10;etoile
2026-08-21;2016+ : 50 boules / 12 etoiles;boule_2;10;boule
2026-08-21;2016+ : 50 boules / 12 etoiles;boule_3;14;boule
2026-08-21;2016+ : 50 boules / 12 etoiles;boule_5;15;boule
2026-08-21;2016+ : 50 boules / 12 etoiles;boule_1;19;boule
2026-08-21;2016+ : 50 boules / 12 etoiles;boule_4;45;boule
2026-08-21;2016+ : 50 boules / 12 etoiles;etoile_1;4;etoile
2026-08-21;2016+ : 50 boules / 12 etoiles;etoile_2;12;etoile
2026-08-25;2016+ : 50 boules / 12 etoiles;boule_4;8;boule
2026-08-25;2016+ : 50 boules / 12 etoiles;boule_3;16;boule
2026-08-25;2016+ : 50 boules / 12 etoiles;boule_2;30;boule
2026-08-25;2016+ : 50 boules / 12 etoiles;boule_5;47;boule
2026-08-25;2016+ : 50 boules / 12 etoiles;boule_1;48;boule
2026-08-25;2016+ : 50 boules / 12 etoiles;etoile_1;4;etoile
2026-08-25;2016+ : 50 boules / 12 etoiles;etoile_2;9;etoile
2026-08-28;2016+ : 50 boules / 12 etoiles;boule_3;7;boule
2026-08-28;2016+ : 50 boules / 12 etoiles;boule_4;14;boule
2026-08-28;2016+ : 50 boules / 12 etoiles;boule_5;28;boule
2026-08-28;2016+ : 50 boules / 12 etoiles;boule_2;42;boule
2026-08-28;2016+ : 50 boules / 12 etoiles;boule_1;45;boule
2026-08-28;2016+ : 50 boules / 12 etoiles;etoile_1;6;etoile
2026-08-28;2016+ : 50 boules / 12 etoiles;etoile_2;9;etoile
2026-09-01;2016+ : 50 boules / 12 etoiles;boule_5;2;boule
2026-09-01;2016+ : 50 boules / 12 etoiles;boule_4;10;boule
2026-09-01;2016+ : 50 boules / 12 etoiles;boule_1;23;boule
2026-09-01;2016+ : 50 boules / 12 etoiles;boule_3;37;boule
2026-09-01;2016+ : 50 boules / 12 etoiles;boule_2;47;boule
2026-09-01;2016+ : 50 boules / 12 etoiles;etoile_1;3;etoile
2026-09-01;2016+ : 50 boules / 12 etoiles;etoile_2;5;etoile
2026-09-04;2016+ : 50 boules / 12 etoiles;boule_5;11;boule
2026-09-04;2016+ : 50 boules / 12 etoiles;boule_3;12;boule
2026-09-04;2016+ : 50 boules / 12 etoiles;boule_4;19;boule
2026-09-04;2016+ : 50 boules / 12 etoiles;boule_2;27;boule
2026-09-04;2016+ : 50 boules / 12 etoiles;boule_1;46;boule
2026-09-04;2016+ : 50 boules / 12 etoiles;etoile_1;4;etoile
2026-09-04;2016+ : 50 boules / 12 etoiles;etoile_2;12;etoile
2026-09-08;2016+ : 50 boules / 12 etoiles;boule_1;13;boule
2026-09-08;2016+ : 50 boules / 12 etoiles;boule_2;17;boule
2026-09-08;2016+ : 50 boules / 12 etoiles;boule_3;33;boule
2026-09-08;2016+ : 50 boules / 12 etoiles;boule_4;35;boule
2026-09-08;2016+ : 50 boules / 12 etoiles;boule_5;39;boule
2026-09-08;2016+ : 50 boules / 12 etoiles;etoile_1;7;etoile
2026-09-08;2016+ : 50 boules / 12 etoiles;etoile_2;12;etoile
2026-09-11;2016+ : 50 boules / 12 etoiles;boule_4;1;boule
2026-09-11;2016+ : 50 boules / 12 etoiles;boule_3;7;boule
2026-09-11;2016+ : 50 boules / 12 etoiles;boule_2;15;boule
2026-09-11;2016+ : 50 boules / 12 etoiles;boule_1;39;boule
2026-09-11;2016+ : 50 boules / 12 etoiles;boule_5;50;boule
2026-09-11;2016+ : 50 boules / 12 etoiles;etoile_1;1;etoile
2026-09-11;2016+ : 50 boules / 12 etoiles;etoile_2;11;etoile
2026-09-15;2016+ : 50 boules / 12 etoiles;boule_3;10;boule
2026-09-15;2016+ : 50 boules / 12 etoiles;boule_5;16;boule
2026-09-15;2016+ : 50 boules / 12 etoiles;boule_4;18;boule
2026-09-15;2016+ : 50 boules / 12 etoiles;boule_1;22;boule
2026-09-15;2016+ : 50 boules / 12 etoiles;boule_2;28;boule
2026-09-15;2016+ : 50 boules / 12 etoiles;etoile_2;6;etoile
2026-09-15;2016+ : 50 boules / 12 etoiles;etoile_1;10;etoile
